file_name;Operands;UniqueOperands;Operators;UniqueOperators;Other;UniqueOther;num_operators;num_operands;num_unique_operators;num_unique_operands;total_volume;potential_volume;level
../010_raw_documents/OECD.txt;76466;1977;31124;498;103395;29031124;76466;498;1977;107590;1979.0;0.0183939027791
file_name;Operands;UniqueOperands;Operators;UniqueOperators;Other;UniqueOther;num_operators;num_operands;num_unique_operators;num_unique_operands;total_volume;potential_volume;level
../010_raw_documents/OECD_DisputeSettlement-Sections.txt;8106;1042;3337;319;11160;2213337;8106;319;1042;11443;1044.0;0.0912348160447
file_name;Operands;UniqueOperands;Operators;UniqueOperators;Other;UniqueOther;num_operators;num_operands;num_unique_operators;num_unique_operands;total_volume;potential_volume;level
../010_raw_documents/OECD_NoGlossary.txt;75589;1977;30823;498;102276;28930823;75589;498;1977;106412;1979.0;0.0185975265947
file_name;Operands;UniqueOperands;Operators;UniqueOperators;Other;UniqueOther;num_operators;num_operands;num_unique_operators;num_unique_operands;total_volume;potential_volume;level
../010_raw_documents/OECD_ProfitSplit-Sections.txt;2299;608;969;197;2896;164969;2299;197;608;3268;610.0;0.186658506732
file_name;Operands;UniqueOperands;Operators;UniqueOperators;Other;UniqueOther;num_operators;num_operands;num_unique_operators;num_unique_operands;total_volume;potential_volume;level
../010_raw_documents/Pillar1.txt;40762;1956;18191;480;54505;32818191;40762;480;1956;58953;1958.0;0.0332128984106
file_name;Operands;UniqueOperands;Operators;UniqueOperators;Other;UniqueOther;num_operators;num_operands;num_unique_operators;num_unique_operands;total_volume;potential_volume;level
../010_raw_documents/Pillar1_DisputeSettlement-Sections.txt;6872;736;2928;242;9380;1702928;6872;242;736;9800;738.0;0.075306122449
file_name;Operands;UniqueOperands;Operators;UniqueOperators;Other;UniqueOther;num_operators;num_operands;num_unique_operators;num_unique_operands;total_volume;potential_volume;level
../010_raw_documents/Pillar1_ProfitSplit-Sections.txt;10704;1453;4307;391;12403;2834307;10704;391;1453;15011;1455.0;0.0969289187929
file_name;Operands;UniqueOperands;Operators;UniqueOperators;Other;UniqueOther;num_operators;num_operands;num_unique_operators;num_unique_operands;total_volume;potential_volume;level
../010_raw_documents/Pillar2.txt;40392;1663;18790;460;61217;31718790;40392;460;1663;59182;1665.0;0.0281335541212
file_name;Attributes;UniqueAttributes;EconomicOperands;UniqueEconomicOperands;FunctionWords;UniqueFunctionWorsd;LegalReferences;UniqueLegalReferences;LogicalConnectors;UniqueLogicalConnectors;Other;UniqueOther;RegulatoryOperators;UniqueRegulatoryOperators;num_operators;num_operands;num_unique_operators;num_unique_operands;total_volume;potential_volume;level
../010_raw_documents/UN.txt;1131;24;18974;372;74546;181;143;7;16140;82;601;25;2569;52;12974;9218709;33222;134;495;51931;497.0;0.009570391481
file_name;Operands;UniqueOperands;Operators;UniqueOperators;Other;UniqueOther;num_operators;num_operands;num_unique_operators;num_unique_operands;total_volume;potential_volume;level
../010_raw_documents/UN_NoGlossary.txt;68982;2038;27676;483;94115;38427676;68982;483;2038;96658;2040.0;0.0211053404788
file_name;Operands;UniqueOperands;Operators;UniqueOperators;Other;UniqueOther;num_operators;num_operands;num_unique_operators;num_unique_operands;total_volume;potential_volume;level
../010_raw_documents/UN_NoGlossary_NoCountry.txt;57527;1977;23197;472;79380;38123197;57527;472;1977;80724;1979.0;0.0245156335167
file_name;Operands;UniqueOperands;Operators;UniqueOperators;Other;UniqueOther;num_operators;num_operands;num_unique_operators;num_unique_operands;total_volume;potential_volume;level
../010_raw_documents/UN_ProfitSplit-Sections.txt;1293;429;492;131;1466;211492;1293;131;429;1785;431.0;0.241456582633
