LENGTHS;1
DELAY;2
EFFORT;2
€100;4
LAST;3
POWER;2
SAFEHARBOUR;8
SUBJECTS;1
FULLTIME;1
UNDERLIE;1
REPRESENTATION;1
ENDS;1
“FINANCIAL;1
SUPPLY;6
𝐴𝑑𝑗𝑢𝑠𝑡𝑒𝑑;3
CORRELATIVE;1
“BASEERODING;1
GO;7
AUTOMATIC;3
𝟐𝟎𝟎;3
VALUED;1
WEALTH;18
RECIPROCAL;1
MONEY;5
“PARENT;1
299;1
AGRICULTURE;5
HIGHLEVEL;3
ACCORD;3
NORMAL;5
INVESTING;4
𝟕𝟓;4
VOLUME;2
EXHIBIT;2
TIERED;4
COMPANY’S;12
MINIMIZE;2
CERTIFIES;1
𝐽𝑢𝑟𝑖𝑠𝑑𝑖𝑐𝑡𝑖𝑜𝑛;1
10A;1
RESTATEMENT;1
SECURITY;10
RECIPIENT;6
NONCHARITABLE;2
EXEMPTS;4
PAYEE’S;1
PEOPLE’S;3
TRANSFERRING;2
𝟑𝟎𝟎;2
“STATELESS”;1
109;1
“PERMANENT;1
FALLING;5
KNOWLEDGEBASED;1
CONDITIONALLY;1
NON;4
INTRODUCES;2
TRAFFIC;3
MATCHED;1
COMMONALITY;2
SIMULTANEOUSLY;3
PERMITS;5
SIZED;2
VEHICLES2;1
BOOSTING;1
𝟔𝟔;4
PROMOTION;1
ARMSLENGTH;1
NONECONOMIC;1
TASK;1
RETURNING;1
EXTRACTIONS;1
EXPIRES;2
AKIN;1
EXPIRED;2
COMPATIBILITY;7
ENACTED;1
DISTURB;2
PUSHES;4
PACKAGE;2
PUBLISH;1
SUMMARY;4
MARKUPS;1
PUSHED;2
UNIT”;2
WHOLLYOWNED;10
EXPENSED;2
95;2
AMELIORATES;1
DISTORT;3
RESIDENT8;1
𝑖𝑛𝑐𝑜𝑚𝑒;2
UNILATERALLY;1
NECESSARY11;1
“ALL;1
OWED;1
RISKASSESSMENT;1
CALLS;1
SUBSTANCEBASED;8
CURRENTLY;10
FOREGOING;1
SAUDI;5
PERSIST;1
ASSURANCE;1
DESIRE;2
SUPPLEMENTED;2
𝟓𝟖;2
RESTRICTED;8
NEUTRALISING;1
MINORITIES;5
UNDERPINNING;2
“MATERIAL;1
RELATED”;3
MINIMIS;18
INTERGOVERNMENTAL;1
HEAD;16
FOOTING;1
PAYMENTS”;1
PROFILE;4
DEPRIVED;1
CFC;43
STRADDLE;2
A”;2
AGREEMENTS;1
DOWNWARD;1
AWAY;5
NONPOLITICAL;1
REVISION;1
LEGISLATIVE;1
UNUSUAL;1
GENERIC;1
JUSTIFIES;1
RECORDING;2
CONTAIN;8
SPINSOFF;1
EVIDENTIAL;1
OCTOBER;1
TAXPAYERS”;2
COMMERCE;1
3RD;3
OVERTAXED;2
1379;1
TRANSFORMATION;1
CONDITION;9
RENDERED;5
FELT;1
GROUP12;1
COMPULSORY;1
NONCURRENT;3
GROUP17;1
DECONSOLIDATED;1
JV’S;3
1C;2
STRUCTURING;7
STATUTORY;7
“THE;1
INVENTORIABLE;1
ORDINARY;9
MOTIVE;1
COUNTERPARTY;3
RECORDS20;1
BENEFITTED;2
INDIVIDUALS;6
PENSION;37
STRAIGHTFORWARD;8
ENVISIONED;1
𝟏𝟎𝟎𝟎;2
COMMUNICATE;1
“SALVAGE”;1
ARRANGEMENTS11;1
ROOTED;1
A’S;4
PAYS;21
“COVERED;1
𝑜𝑓;9
LIEU;13
ANCILLARY;3
LEASING;5
FIXTURES;1
39B;1
PARTTIME;2
SUPPLEMENTING;1
PLACED;3
BASE4;1
100000;1
“LOWRISK”;1
SCHEDULAR;1
LEGITIMATE;1
“DIRECT;1
FRAGMENTATION;4
CONTROL?;1
STRUCTURES”;2
PROPORTIONS;2
HABITUALLY;2
ORGANISATION’S;1
𝐿𝑜𝑤;2
;1
MUTUAL;6
VENTURER;2
UNECONOMIC;3
	INCOME;1
CONSTITUENT;639
EXPLANATIONS;1
HAPPENS;1
DISALLOWING;1
OVERPAYMENTS;1
OFFENSE;1
WORKED;2
“COST;1
“TOPUP;2
INTERLOCKING;1
TWENTY;1
DEPRECIABLE;12
“PERIOD;1
“OPERATING;2
SPEED;1
PUSHING;3
INTERPRETATION;6
EFFECTIVE;63
RESTS;1
NOTAX;1
CARVE;7
“DETERMINED;1
CONSOLIDATION”;1
TEMPORARY;36
RECOVERY;3
POW;2
INTERACT;3
NEVER;4
DON’T;1
CAME;2
CONSUMPTION;5
LEASED;5
CAPPED;3
“EXEMPT;2
LEASES;2
SMES;6
GROUND;1
ARTICLES;6
‘OTHER;2
ELIGIBILITY;1
INVERSIONS;3
AMOUNT13;1
PROCEDURAL;1
PRICE16;1
DEPARTS;3
ISSUANCE;3
RECOVERABLE;2
RATIOBASED;1
PROPERTY8;1
FUNDED;4
LINEBYLINE;14
PRESERVES;4
APPLIES?;1
BRIEF;2
COVERS;8
EXTENDS;3
AGRICULTURAL;3
MAAC;3
DEVIATION;1
MODEL”;1
PARTIAL;3
𝟑𝟑;6
RULES2;2
RULES5;1
RULES6;1
𝟑𝟒;2
STANDARDIZED;1
TENTATIVE;1
UNDERTAXED;48
DEPARTURE;2
COMPLEMENTS;3
REPRESENTING;3
TWOCOMPLIANT;1
CODIFIED;5
MULTINATIONAL;3
STARTED;1
SIMULTANEOUS;6
COOPERATIVE;2
CAPITALISATION;5
NUMEROUS;2
RESPOND;1
CHRONOLOGICAL;3
LOWERTIER;1
PROCUREMENT;7
STAGGER;1
ACTIVELY;1
HALF;1
COLLECTS;2
INDEFINITE;1
FORGIVENESS;1
GLOBE’S;2
TONS;1
CONCEPTS;3
ALONE;2
CONSTRUCTED;3
STRONGLY;2
“FINANCE;2
SPIKE;2
GROSSUP;1
EXPAND;1
ENTAILED;2
FRINGE;2
SME’S;2
CONVENTIONS;10
DEPART;1
“SHOULD;1
ATTRIBUTING;1
C’S;2
	SCOPE;1
70000;1
OF”;6
EQUIPMENT;37
CREDIT”;8
DIMINISHING;1
CONFORMING;2
CONTEMPLATE;1
NOTIONAL;3
PAYERS;1
APPEAL;1
OBVIOUS3;1
ELEMENTS;18
FAVOURING;1
CULTURAL;1
ELECTION;2
𝑒𝑥𝑝𝑒𝑛𝑑𝑖𝑡𝑢𝑟𝑒;2
RECEIPT;3
RENTAL;3
MOTIVATED;1
HOLDER’S;1
UNDULY;3
CORRECTED;2
RECORD;2
CRAFTED;1
ANSWERS;3
4M;2
ASSISTING;1
𝐿𝑇𝐶𝐸;4
CAPITALISED;2
CARRIES;3
SUBSTITUTION;3
CIRCUMVENT;2
ISSUERS;3
RETIREMENT;7
BII;1
“STEPPEDUP”;1
COMMISSION;2
INDICATION;3
𝑝𝑎𝑟𝑡𝑦;1
FRANCHISE;5
YEARBYYEAR;1
MATERIALISES;2
UNCERTAIN;3
PARENT’S1;1
“NET;1
UPES;2
EQUIVALENTS;3
5B;1
AUTHORISING;2
EXTRACTIVES;1
ENHANCING;1
DEMANDS;1
COLLECTIVE;8
KEEP;1
𝐼𝑛𝑐𝑜𝑚𝑒;1
MECHANICAL;9
WIDER;2
100+100;2
EXPLORES;1
LEAVING;2
REASSESSMENT;1
CLAUSE”;2
SOUGHT;1
ACCOMMODATES;1
CONTINUITY;1
NONINCOME;2
SURE;1
DEALERS;3
ASSIGNMENT;17
FACTINTENSIVE;1
AIFMD;1
CONTEMPLATED;4
R’S;1
STRIPPING;1
PAYER’S;4
LOWMARGIN;1
RESIDENTS;14
RESPECTS;4
SCHEMES;1
OBLIGED;9
OBLIGES;2
BILATERAL;16
SCHEME?;1
OPERATES17;1
HARBOURS;3
ADAPTING;3
INCORPORATES;2
FRANCHISOR;1
ENTITYIN;1
LOWTAXED;83
FILED;11
REMOVED;3
REVALUATION;28
COMMISSIONAIRE;1
3510;1
MANAGERS;1
AMOUNTED;3
CAUSED;2
APPORTIONING;1
BELONGS;4
AFFILIATE;1
FOCUSSES;1
PREPARES;6
HORIZONTAL;4
BACK”;1
AUTOMATICALLY;3
TEN;1
PREVENTS;3
COUNTRY’S;4
FORMATTING;1
APPLES;2
BASIS7;1
UNEXPECTED;1
CORP;78
RENT;4
250+200;2
PAYMENT11;1
𝑇𝑎𝑥𝑝𝑎𝑦𝑒𝑟𝑠;2
ENTERPRISE’S;1
GOING;1
PREPAYMENTS;1
RATE1;1
REIMBURSES;1
NEUTRALISE;6
VIABLE;1
DEACTIVATES;1
HO;2
DUTY;1
CUSTOMISATION;1
“PUSH;1
MEDICAL;2
CHARACTER;9
HELPS;3
BACKGROUND;1
𝑎𝑓𝑡𝑒𝑟;1
RECORDKEEPING;1
UTPR30;1
DIVIDING;8
D?;2
PROBLEMATIC;1
MAXIMISING;1
PROFESSIONAL;2
COURSE;6
PARADIGM;1
DIRECTLYOWNED;1
SUFFERS;1
HINDERS;1
OFFENSES;1
DISCOUNTING;1
NEGOTIATION;1
𝐷𝑖𝑟𝑒𝑐𝑡;1
CONNECTEDPERSON;1
PERSON’S;3
CONCLUDES;1
SPITE;1
YEARS1;1
CORPORATIONS”;1
91;1
SUPPLEMENT;2
CREDITS”;2
FIRMS;3
HAPPEN;1
DIRECTION;1
NONGROUP;1
PRECEDING;16
“PRODUCTS;1
KEY34;1
STAYS;1
810;2
JURISDICTION’;1
CONSISTING;2
TRIGGERING;1
“IFRS”;1
PASSED;1
SENTENCE;5
DILUTED;1
DISPARITY;1
GOVERN;2
VAT;2
DEBTOR;2
PURPOSES6;1
PURPOSES4;1
COMPLYING;3
EVENLY;1
PARITY;1
DOUBLECOUNTED;1
43M;1
ACCRETION;1
ESTABLISHMENT”;1
SHIPPING;11
SORTS;1
INSTRUCTIONS;2
HIDE;1
CIVIC;1
REASSESSES;1
P19;1
MODIFIES;1
FREQUENT;3
SUBGROUPS;2
BRIGHTLINE;2
FLAW;1
𝑡ℎ𝑒;2
AUTHORITY’S;1
NEGOTIATIONS;5
PENSION’S;1
“SPLITOWNERSHIP;2
INSURES;2
LESSEE;8
THRESHOLD3;1
THRESHOLD2;1
FACILITATED;2
CO’S;8
TEND;3
LESSER;3
INSURED;3
“GLOBE;1
SOCIAL;11
UNFAIRNESS;1
FACILITATES;3
REMAINDER;5
ENTITY31;1
ORIP;2
ERROR;4
ANALOGY;1
WELLESTABLISHED;1
𝐹𝑜𝑟𝑒𝑖𝑔𝑛;2
BRANCHES;1
YEAR’S;4
CIRCUMSTANCES?;3
𝟕𝟓𝟎;4
EXECUTIVE;1
TANTAMOUNT;2
EXPLOIT;2
INTANGIBLERELATED;3
PATTERN;7
CUSTODIANS;1
BORNE;5
EMERGING;2
AFFILIATES10;1
F;5
DECEMBER;5
WORKABLE;2
550;6
CONTENT;5
PROFITSHIFTING;2
IMPLICATION;1
COLUMNS;2
UPPER;2
AMORTIZE;1
JOIN;1
DATABASE;1
PERSONAL;4
SERVICES”;1
DISTORTIONS”;1
SLIGHTLY;1
ONEANOTHER;1
COMPOSED;1
REACHING;1
ARRANGEMENT’S;1
DESCRIBE;5
BAD;4
EXCHANGE2;1
SETTLED;2
BLUEPRINT;8
LEGITIMATELY;2
STAKEHOLDER;1
GOVERNING;4
REASSESSING;1
FORGIVABLE;1
SURCHARGES;1
GOVERNMENT”;1
LEVIES;3
𝒙;11
REMITTED;1
ALMOST;6
CORPORATION’S;9
SMOOTHOUT;2
EURVALUE;5
MANIPULATE;1
FUND”;3
LEAGUE;2
AROSE;5
HANDS;13
CONSENSUSBASED;1
VATS;1
D’S;11
COMPUTERS;1
PARENTED;3
FORTIORI;1
ROUTING;1
FILE;6
CORPORATIONS;13
NONSAUDIS;1
MISSTATEMENTS;1
ACCOUNTING”;1
RARE;3
UNDERPINS;2
𝟒𝟓𝟎;1
UPE’S;6
PAYMENTS24;1
“EXCLUDED;2
CONFORMITY;3
YEARAFTERYEAR;3
DISTORTING;3
CHOICES;3
PROPOSES;1
CONVERTED;1
SCOPED;1
	UNDERTAXED;1
DISPROPORTIONATELY;1
JURISDICTION18;1
CAUSE;4
RETURN13;1
STEPPEDUP;6
ENTITY?;1
“ORPHAN”;2
ENTITY1;1
JOINTLY;2
𝑙𝑜𝑤;1
OWNER’S;19
51A;1
𝟗𝟑;1
DEBTS;4
COMPUTED?;2
5/20;1
BRIBE;4
EARTHQUAKE;1
MARCH;1
AMENDED;3
ROUNDING;2
BASIS26;1
AGREEMENT”;1
INFORMATION12;1
OFFERS;2
EIGHT;1
COMPETENT;3
CLARITY;1
𝐴𝑙𝑙;1
ADMINISTRATIVELY;3
GUIDED;2
EQUIPPED;1
TAXES”;1
INTENSIVE;2
BONUSES;2
REFINE;2
𝑇𝑜𝑝;2
€80;1
OWNING;2
EXPANSIVE;1
“SANTIAGO;1
ASSESSMENTS;2
PROXIES;1
𝑥;3
DRAWS;2
1A;19
TREATIES;30
UNOECD;1
1B;9
DRAWN;1
1M;3
MERE;2
ENJOY;3
COLUMN;3
𝑍;2
PAYROLL;51
AGENT;7
OUTBREAK;1
GRACE;6
NONQUALIFIED;2
EDUCATIONAL;1
IMF;3
SOMEWHAT;1
OBLIGATION;27
PROGRAMMES;1
GUARANTEES;1
16;10
TORNADO;1
INTERACTS;1
PERSON”;1
LIST;19
SUPPOSITION;1
DEFERRAL;9
€40;6
DISCUSS;1
STANDARDS”5;1
“IN;8
“IF;1
UNDERWITHHOLDING;1
CONTACT;1
LEGISLATED;1
MOVEABLE;6
PUSHDOWN;7
IRRELEVANT;2
𝟏𝟐;4
SEEKING;3
INVEST;6
DEPOSITS;2
BOTH”;1
LABOURRELATED;1
VIOLATIONS;1
“TOPDOWN;1
ZAKAT;24
MLI;7
TIMES;2
TENDS;1
SERIOUS;1
DEDICATE;1
SELLER’S;6
201511;3
EUROPEAN;3
REMEDIES;1
INDEPENDENTLY;3
VOLUNTARY;1
EXTEND;9
RIGHTOFUSE;12
EXEMPTED;2
DISTORTION;11
THOUGHT;1
“CONSTITUENT;6
CONTEMPLATION;2
INCREASES/DECREASES;4
INFORMS;1
FRAME;1
EXPANSIONS;1
INTERPLAY;1
RIG;1
𝑟𝑒𝑙𝑎𝑡𝑒𝑑;1
H;1
NATIONAL;6
COORDINATING;3
FLOWCHART;1
𝑓𝑟𝑜𝑚;2
SUMMARISES;4
“DEEMED;1
MICRO;1
GATHER;1
SURPLUSES;2
GOES;1
HORTICULTURAL;1
𝑔𝑟𝑜𝑢𝑝;1
TFDE;1
GRAPHIC;1
DECREASES;12
HUNDREDS;1
AUDITOR;6
“MINOR;1
INVESTS;1
STANDARDS’;2
DEPENDENT;2
ESTIMATING;1
MODEL17;1
KEY10;1
BYCOUNTRY;1
FUND’S;1
FUND;66
𝑃𝑎𝑟𝑒𝑛𝑡;1
AFFECTING;2
CROSSJURISDICTIONAL;1
𝟖𝟖;4
CERTIFICATE;3
FEE”6;1
SURFACE;2
ALLUDES;1
DEDUCTIBILITY;4
EXANTE;3
TAX25;1
BELOWMARKET;1
ASSOCIATES;14
LOWTAX;153
CONTRACTUAL;3
KINGDOM;3
TRACKING;6
IMMATERIAL;1
FINALITY”;1
𝑇𝑎𝑥;4
ATTRACTIVE;1
UNCONNECTED;4
OCCURS;1
NONDEDUCTIBILITY;1
50M;1
PREDOMINATELY;1
FULFILS;1
TAXPAYER’S;15
COMMITMENT;3
RECOVERIES;1
“BIOLOGICAL;1
“SUM;1
𝐴;4
GROW;1
SELFASSESSMENT;9
6A;3
6B;2
RUN;1
YEARENDS;1
ALIGNING;2
6M;1
PE3;1
RELATEDPARTY;1
ENTITY12;1
REPAYMENT;5
ELABORATED;1
REJECTING;1
ENTITY19;1
AIM;4
VIRTUE;4
FEES;13
COSTLY;1
HOLDERS;17
DIP;1
MEANT;1
SUBSTITUTES;3
RECORDED;11
INCREASINGLY;1
CLIENT;4
PROCESS’;1
FUNCTIONING;1
“NOTWITHSTANDING;1
LIMBS;1
ACCEPTS;4
EMPIRICAL;1
PROGRAMME;7
NONCOVERED;1
DISCRIMINATE;2
MINDFUL;1
COVERING;3
ADVISERS;1
IIR/UTPR;1
2F;6
BASE14;1
FELL;1
PROFESSIONALS;3
PARA;1
STOCKBASED;26
“SUBSTANTIALLY;1
𝑁𝑒𝑡;1
“RECYCLED”;1
HIGHTAX;7
𝑢𝑝;2
SHIELD;2
“CONSOLIDATION;1
GRANT;6
ENVISAGED;4
DISCOVERED;2
VALOREM;1
COUNTERING;1
RULES”;1
SHOWS;1
𝟏𝟓𝟗;1
TREATY;112
𝟏𝟓𝟎;1
CONSTRAINED;1
DEMINIMIS;1
FAVOURABLE;2
UNALLOCATED11;1
STAND;3
FINE;6
LEVERAGES;2
AUDITING;3
POPULATIONS;1
𝑡𝑎𝑥;1
ROUTED;1
SERVICE/INTANGIBLE;1
“ADJUSTED;3
RULES”12;1
INCLUDIBLE;1
VOTES;1
SUBHOLDING;2
ACTIVITIES”;1
HINGE;1
IMMOVABLE;1
𝑃𝑒𝑟𝑐𝑒𝑛𝑡𝑎𝑔𝑒;2
SUSTAINABLE;1
ATTENDANT;1
MERGERS;2
USUAL;2
OFFERED;3
MEANTIME;1
DRILLING;1
SWITCHOVER;10
INURE;1
“INTERMEDIATE”;2
PAIRS;1
ENTITY’S;95
BRIGHT;2
𝑖𝑛;1
ISSUER;1
IDENTIFIABLE;2
“FRANCHISE;1
IMPLICIT;1
MASTER;2
2003/;1
LEAKAGE;2
INSERTING;1
SERIES;2
CAPACITIES;2
LOSES;1
	SIMPLIFICATION;1
CONSTRUCTION;1
ERODING;8
STRUCTURAL;3
1027;1
LED;3
SOAK;1
5/4;1
FLEXIBILITY;1
CONTRACTORS;5
ADDITIONS;1
STAFFING;1
STRENGTHENED;1
SORTING;1
DEFERRING;1
ADDRESSED?;1
EUROS;1
RUNS;1
VISàVIS;1
CORP’S;2
PURPOSEBASED;1
SUPPLIES;1
SUFFERED;4
REINVESTMENTS;1
SUCCESSOR;2
FIRM;1
“PARENT”;2
CONTINUING;2
DISCOURAGE;1
DISPLACE;2
“ENTITY;1
𝑇𝑎𝑥𝑝𝑎𝑦𝑒𝑟;2
RECEIVED;34
LAYER;5
OCCASIONALLY;1
“LOWTAX;2
JURISDICTIONBYJURISDICTION;1
MECHANIC;4
TENTH;1
SECTORAL;2
SPUNOUT;1
QUANTITIES;1
DIFFERENCE5;1
CONSISTS;5
DISTORTS;1
FORCE;3
IMPACTS;3
FINALIZED;1
THINGS;3
GROUP”;7
ARTIFICIALLY;1
CONFLICTED;1
PRIMA;6
CFC’S;1
DISGORGE;1
OBSTACLES;2
€20;2
SUBSTANTIVELY;1
RECAPTURED;3
FRANCHISEE;1
SUBSTITUTE;2
INSURANCE/REINSURANCE;1
DETERMINATIVE;2
LOOK;1
DELAYED;1
“UPE”;1
ARRANGEMENT”;1
X’S;5
GETTING;3
IMPOSING;8
KICKBACKS;2
INDEMNITY;1
MEETS;13
DELINEATION;1
ACCELERATION;1
PROMULGATED;2
CRITICALLY;1
VARIED;1
RESTRICTING;1
UTPR’S;2
COMPRISED;5
CAVEAT;1
PARTIALLYOWNED;1
𝟖;2
TARGETS;5
𝟓;2
RETROACTIVELY;1
DRIVEN;5
DELETERIOUS;1
PROTECTION;4
CONSEQUENCES;6
MINIMISES;4
INSTRUCT;1
DRAFTING;4
VALUEADDED;1
JURISDICTION21;1
HOLDER;7
PROJECTS;1
ENGINEER;1
850;2
KNOWS;1
INCOMPATIBLE;1
PREVENTED;6
“USE;1
UNREQUITED;2
CONTRACTED;2
ELECTIVE;1
COMMITTED;3
ORDERLY;1
CHAPTERBY;1
BASIS15;1
ANTICONTRACT;1
PROFITSIZE;1
SPIN;1
PUTS;3
COUPLED;1
SHELTER;6
OUTPUTS;1
	SUBJECT;1
JURISDICTION”;4
OWNEROCCUPIED;1
INCENTIVISED;1
PREREQUISITE;1
“REFRESH”;1
NOVEL;1
UNDISTRIBUTED;2
CERTIFY;6
DAILY;2
PERIOD4;1
RIGOROUS;2
ENHANCE;3
BYLINE;2
EXPORTS15;1
INITIATE;1
LENDER;2
ORGANISE;2
PREPARING;5
“PUSHEDDOWN”;1
PREPAYMENT;1
UNDERTAKING;2
COLLECTIVELY;2
LAYERED;1
SYSTEMATIC;3
“ASSOCIATE”;1
PUBLISHING;1
RUNNING;1
CODIFYING;2
UNTAXED;4
BROKERAGE;6
COUNTERPARTY’S;1
“ONE;1
ORGANICALLY;1
1300;8
MIN;4
INCENTIVE;5
CHANNELS;1
MIX;1
UNDERTAXATION;1
STATEMENTS?;1
50000;3
GUARDS;1
27;1
CAPTIVE;1
DEMONSTRATES;2
OFFICIAL;1
28;2
STRIKES;1
RESPECTIVELY1;1
ADVERSELY;1
SYMBOL;1
DEEMING;2
ADOPTS;3
GOVERNMENT’S;2
EXCLUDED1;1
ORDINATION;1
ATHLETIC;1
𝟓𝟎;2
2D;10
2E;4
MAINTAINED;8
2G;6
2A;7
2B;4
2C;4
2M;2
2H;2
2I;2
2J;2
JURISDICTION’S;37
ACTS;2
DISPOSED;2
𝑝𝑎𝑦𝑚𝑒𝑛𝑡𝑠;2
BOOKS;4
THEREAFTER2;1
PECONSTITUENT;3
INTERPRET;1
“PURCHASE;1
CONTESTED;1
EXPLOITS;1
GOVERNMENT;72
MULTITIER;1
PASSAGE;1
200815;1
INVESTEE’S;1
BLUSH;1
ERODED;1
CONTAINING;2
CHAIN;23
DISTINGUISHING;1
PRACTISE;1
423424;1
BECOMING;3
MONEY’S;1
NARROWING;1
CLARIFIED;1
IMPORTANTLY;3
APPROACH”;1
NONCONTROLLED;1
CLARIFIES;1
GONE;1
COURT;1
REVERSEHYBRID;14
CONFIGURED;1
FORMED;1
201810;2
YEARS21;1
“PARAGRAPH;1
ENTITY”;8
ENTITY–;1
JURISDICTION1;1
“RESULTS;2
JURISDICTION3;1
PROCESS7;1
X8;1
FACIE;6
ADMINISTRATION’S;2
PUSH;3
CENTRALLY;1
X6;1
QUANTITY;1
INTERNATIONALLY;10
PROGRESSED;1
INVESTEES;1
XX;1
CONVERTING;1
𝐺𝑙𝑜𝐵𝐸;3
VESTING;1
RESIDENTS”;1
IMPOSITION;15
	IMPLEMENTATION;1
HIGHLYMOBILE;1
2020;5
DISALLOWANCE;1
DEPRECIATIONBASED;1
EFFICIENTLY;1
SPECIFY;2
…”;1
INFRASTRUCTURE;3
PERSON9;1
DISTORTIVE;1
BUILTIN;1
PAYMENTSBASED;3
ASCERTAINABLE;2
EMPLOYMENT;9
PROCEEDS;2
RESIDENT’S;1
BARRELS;1
PICTURE;2
RESOURCE;8
PREFERENTIAL;8
EXPOSED;11
7M;2
MOVED;1
IMMEDIATE;13
2’S;1
TAXED”;2
MENTIONED;5
“CONFORMITY;1
DISQUALIFY;1
CALLED;2
PROSPECTIVELY;3
BEAT;2
“NEARLY;1
“ALLOCABLE;1
PE’S;2
RULE”;1
LITIGATED;1
	EXECUTIVE;1
FRANCHISEE’S;1
WAGES;4
CAVEOUT;1
𝑙𝑖𝑚𝑖𝑡𝑎𝑡𝑖𝑜𝑛;1
ROYALTIES7;1
CONSENSUS;1
ENTREPRENEURIAL;1
VIRTUALLY;1
PERFECTLY;1
SITUS;1
BEHALF;7
PRECISE;6
DISCONTINUING;1
DEALER;1
CORRESPONDINGLY;1
OF7;1
SHAREHOLDER’S;10
UNDERPIN;3
BOTTOMUP;1
DIRECTIVE;1
𝐸𝑛𝑡𝑖𝑡𝑦;3
ARM’SLENGTH;1
UNNECESSARY;1
ELIMINATES;10
ASSIGNED;65
CERTIFYING;1
TAXPAYING;2
MAINTAINS;2
𝑑𝑖𝑟𝑒𝑐𝑡;1
RESTATING;1
QUASIGOVERNMENTAL;2
AWARE;1
CHARITABLE;3
NEUTRAL;5
“SAVING;2
SHORT;1
WELLBEING;1
TIED;1
NONLISTED;1
PARENT’S;30
REPLICATED;1
RESTRUCTURE;1
AGGREGATING;1
DISPOSITIONS;4
NOTIFICATION;1
SERVE;9
ADMINISTRATIONS’;1
PREDICTABILITY;1
FRAGMENTING;1
SURVEY;1
HIGHLYTAXED;1
PURPOSES11;1
HARMS;1
CO‑OPERATING;1
“LOWRISK;1
	“FOREIGN;1
“CONNECTED;1
IMPOSES;6
EMPLOYEES’;1
DISPERSED;1
COUNTRIES’;1
REQUESTED;1
YES;1
SAUDI’S;1
SATISFIED;4
COMPREHENSIVELY;2
ATTRIBUTES;5
CONTRASTED;1
PROVISION;18
OFFICE;18
FURTHERING;2
𝑖𝑛𝑡𝑟𝑎𝑔𝑟𝑜𝑢𝑝;5
WARRANTS;1
“NONQUALIFIED;2
ADMINISTRATORS;1
PAYEE;44
RESIDENCY;3
ENTITLE;2
RESOLVES;1
CE’S;1
SEGREGATE;1
PACKAGE”;1
	CALCULATING;1
CONDUCTS;4
“CLOSELY;3
IMPUTATION;7
RECALCULATIONS;1
NONCOMMERCIAL;1
000M;1
REVALUES;1
OPTS;1
DEFINITIVE;3
NOTEWORTHY;2
TARGETED;11
“ASSOCIATED;1
ADAPTATIONS;2
“PRIOR;2
𝑎𝑙𝑙;5
EXPEDITIOUS;1
SMES12;1
AMENDMENTS;2
RISKBASED;1
TURNING;1
GOAL;2
NONCIT;2
MULTITIERED;1
PREFERRED;8
EVENTS;2
BELOW1;1
SAVED;1
COMPILATION;1
20151;2
AGENCY;8
20157;8
ENTERTAINMENT;1
DIVERGENCE;1
INVERSION;1
TERRITORIAL;1
INDICATIVE;2
KINGDOM’S;1
ETRS;2
BOLD;1
FILTER;3
STABILISING;1
THREETIERED;1
EQUALLED;1
PRIVILEGES;2
BUYS;1
IIRS;4
TEMPLATES;2
LEVY;5
GOOD;7
SHORTLY;1
STAMP;2
NATIONS;2
IIR?;8
IMPAIRED;6
JURIDICAL;2
SHELTERED;1
BLENDED;3
MONTHS;2
LINE–;1
YEAR”;2
DOCUMENTS;2
“INCLUDED;2
CHARGES;6
NONEMPLOYEES;2
RETURN”;1
TWO9;1
STATEMENTS”;1
NONPROFIT;16
CHARGED;2
OPENING;1
READ;1
RESTORATIONRELATED;1
DERIVES;8
BIAC;1
IDEALLY;4
UNDERSTATING;1
PREDOMINANTLY;1
TRIGGER;18
𝟏𝟑𝟎𝟎;3
CREDITABLE;3
REMOVING;1
ASSIGN;2
READS;2
UNADJUSTED;2
VARYING;2
LIMITATION”;1
ADMINISTRATIONS11;1
BENEFICIAL;9
CONTINGENT;7
OFUSE;2
CHAMBER;1
INTRAGROUP3;1
CONVERGED;1
CIRCUMSTANCES”;1
”OPERATING;1
TREATING;5
ERRORS”;2
CHARACTERISED;7
NATIONALS;2
ACKNOWLEDGED;2
LOOKED;1
RECOVERED;1
INACCURACIES;1
TONNAGE;5
ACKNOWLEDGES;1
PERMISSIVE;1
BOUNCE;1
“TAX;1
RULES17;1
ABUSE1;1
INHERITED;1
RECEIPTS;4
SPLITOWNERSHIP;37
MIXTURE;1
LOWRETURN;13
NFE”;1
	REDUCES;1
MATERIALISE;1
“RECOGNISED;3
TRACTS;4
𝐶𝑜𝑛𝑠𝑡𝑖𝑡𝑢𝑒𝑛𝑡;3
STTR1;1
“A;1
COMPETE;1
ENTITY18;2
THRESHOLD14;1
“S;1
NONDEPRECIABLE;3
‘THE;1
COMMENTARIES;2
LTCE”;2
BILATERALLY;2
DENOMINATOR;7
GUARANTEED;1
SITUATION?;2
CONVENTION”;1
LABOUR;6
OMISSIONS;1
PRETAX;7
LAWS;39
ENTITIES’;2
SCIENTIFIC;1
ENTITIES”;8
LEASES”;5
TREATY2;1
REGULATOR;2
BORROWS;1
LAW4;1
GDP;1
RECOMPUTE;5
ACCOUNTS9;1
TRUNCATED;1
ENTERPRISE”;1
𝑆𝑢𝑚;1
“LOCAL;1
PUTTING;2
ARTISTIC;1
CATEGORIZED;1
PROHIBITIVELY;2
FURNITURE;1
OPERATION13;1
COMBAT;2
DIGITALISING;2
EXEMPTING;2
“SIMILAR;1
“CONSERVATIVELYLOW”;1
DIVIDENDS”;1
MECHANICALLY;1
THOUSANDS;1
ASSISTANCE;14
OWNERS’;2
BENEFICIARIES;2
EXPENSES”;1
STATUS;9
UNINTENDED;4
AD;1
20149;1
CONFIDENT;1
INVESTED;2
Z”;2
ASKED;1
STANDARD18;1
BUILDING;6
SEVEN;1
RECIPIENT’S;3
X200;1
SUPER;1
SEVER;2
ENHANCES;1
“CLIFFEDGE”;1
ACCRUE;4
“BUSINESS;2
PROFITS29;1
INVESTOR’S;1
COMPLICATE;2
ADDRESSES;13
DISTRIBUTIONBASED;5
CUMULATIVE;5
RESTRUCTURING;3
ATTRACT;1
UPDATED;1
IT’S;1
PREFERENCE;3
EXPOST;9
PROCEDURE;3
RECOGNISES;20
AVOIDING;10
“PORTFOLIO;1
𝟐𝟕𝟓;7
STRESSED;2
CODE;1
PERTINENT;1
COMPLEMENTED;3
DRIVERS;1
MEMORANDUM;5
MAXIMISE;3
UNIFORM;1
2829;1
VERSA;2
COLLOQUIALLY;1
3F;3
3D;10
LATTER;10
STATES’;2
HYPOTHETICAL;2
IMPLICATE;1
COMMENT;1
MISMATCH;3
“CONNECTED”;1
FTE;1
MAINTENANCE;3
TARGETING;7
SITUATED;5
INSTRUMENTALITY;1
BREADTH;1
3?;2
SCENARIO?;4
TRUCKING;1
◦;39
SECONDARY;2
CREDIBLE;1
TRACKED;4
RECIPIENTS;1
SWITCHINGOFF;2
SCENARIOS;4
KNOW;4
COOPERATION;1
SME;2
EMPLOYER;8
MEETING;1
REFORMING;1
CORRELATED;1
NONRESIDENTS;5
TOPUPTAX;1
SOLUTIONS;2
DISPOSITION;14
EXTRACT;3
BOND;4
THEREWITH;1
ANNUALISED;5
LAUNDERING;1
APPARENT;1
SITE;1
HOST;1
MACHINERY;3
LARGEST;1
CONSECUTIVE;1
REVERSING;2
INITIATED;5
ASSETINTENSIVE;1
COMMUNICATION;1
TOPDOWN;34
LOSE;2
ENTITYBYENTITY;4
ENSHRINE;2
STRUCTURE;20
“RIGHTOFUSE”;1
CONCLUDED;2
LINEDRAWING;1
COEXIST;2
𝟏𝟎𝟎;4
SIFTING;1
FORMS;10
PRIMACY;1
ENTITLEMENT;10
€5;4
OVERLOOK;1
DEPRIVING;3
TAX”;1
SUBGROUP;1
ARISES;15
PROJECT;1
“FOREIGN;1
EMPLOYEE’S;6
ARABIA;4
STOCKS;1
ANTICONDUIT;1
BANK;4
CREATES;11
CERTIFICATIONS;7
INDICATED;1
INNOVATIONS;2
TOOLS;2
GUARANTEE;7
ONEROUS;2
LEGALISTIC;4
201914;1
201913;1
BUY/SELL;1
PRIVATISATIONS;1
SHORTCOMINGS;1
OFFSETTING;2
𝟖𝟓𝟎;4
“PERSONS”;1
MANIPULATED;1
IMPERATIVE;1
2018;2
2015;1
“EXCESS;3
DEDUCT;6
GROUP’S;48
NONRESIDENT;11
TRADERS;3
NONDISCRIMINATION;2
INCOME”;3
SERVES;11
BRIBERY;3
DELIBERATELY;1
APPLICABILITY;3
PREVENTION;6
OCI;10
TRANSPORTATION;1
	CARRYFORWARDS;1
OBLIGATES;2
88;6
ABC;2
EFFORTS;1
81;2
MINERALS;1
20195;4
20194;4
20193;1
COMPLETING;1
MANAGER;4
MANAGES;1
CONVERGENCE;1
DISCHARGE;2
FUNGIBILITY;1
UNUSED;3
“MNE;4
OVERTAXATION;15
“FISCAL;2
ASSETS”;1
REFUNDABLE;55
INURING;2
UNDERMINE;10
PRINCIPLES”;1
STRIKING;1
SHOCK;2
COMPLICATIONS;1
WORKS;1
“ORPHAN;4
ISSUER’S;3
WORD;2
𝑛𝑒𝑡;1
ORDERING;5
PREEXISTING;3
EXECUTING;1
LIABILITIES”;1
IMAGINE;3
ARRANGE;2
LESSOR;6
CAPTURES;1
INHERIT;1
PERMANENTLY;1
REVISITED;1
AROSE3;1
HEADQUARTERED;9
ITC;5
PREDICTABLE;1
COSTS”;2
NARROW;3
DISPROPORTIONATE;8
B’S;10
𝟐𝟓𝟎;1
EXTENSION;5
STATED;2
DESTINATION;1
2011/61/EU;1
ENTERPRISES1;1
DEADLINE;1
€120;2
DURATION;6
PATH;1
IIR	TAX	PAID;1
INCOME4;1
LONGSTANDING;3
INCOME3;2
OUTCOMES7;1
RETROSPECTIVELY;1
DENIABILITY;1
WELFARE;2
POOR;3
REFUNDS;8
HEADED;1
CHOOSES;1
MULTIMILLION;1
FINALITY;2
HOLD;88
CEILING;3
COMPENSATED;1
GROUP32;1
𝑈𝑇𝑃𝑅;4
“FOREIGN”;1
MEANING;4
“UTPR;2
INEQUITY;2
UNAVAILABLE;1
CORRECTIVE;5
FORMAT;5
ACCRUES;7
EXACERBATED;1
PROPRIETARY;1
“FIT”;1
SIMILARITIES;3
“ACTIVE;1
PREVENTING;1
CONTRACTING;26
DUALRESIDENCE;1
PICK;1
PARTNERSHIP’S;3
BASEEROSION;1
993;1
20166;2
SAVINGS;2
PRIORITISES;1
COMPUTATIONAL;1
ASSIGNMENTS;1
“QUALIFIED;8
UNSTABLE;1
DISTORTED;1
ENCOURAGES;2
PERSONS”;1
“ENTERPRISE”;2
	A;1
AUTHORISATION;1
PERCENTAGE”;2
AGEING;1
ADJUSTING;8
LARGER;8
CROSSALLOCATION;1
OECD’S;1
CLOSELY;5
PE;37
ANALYTICAL;1
ESCAPING;1
INCENTIVISE;2
MAAC14;1
EXCLUDES;13
SUBSIDIARY’S;6
CUSTOMARY;1
PRESENTLY;1
TRACE;1
TRACK;1
𝟐𝟒𝟐;2
UNDERMINED;3
JURISDICTIONS15;1
EXPENSING;9
ANTIMONEY;1
STRIKE;1
AVOIDED;2
PAGES;1
STAFF;2
ACUTE;1
MISMATCHES;2
PERTAINING;1
ACCELERATED;12
GAAP”;1
FUNCTIONALLY;1
DENIES;1
EUR120;1
ENTERS;2
REFORM;2
EXPLORATIONRELATED;1
MOTOR;1
PROMOTE;1
EXPLAINS;5
“BLUEPRINT”;1
DEDUCTIVE;1
1ST;1
2ND;1
202016;1
EASEMENTS;1
STATISTICS;1
FLOODING;1
UNREGULATED;1
CARVEOUTS;4
TEMPLATE;4
PROHIBITS;1
SCOPES;1
750M;2
YEAREND;4
+100;1
MIRROR;2
“PARENTS”;1
OECD/G20;2
AMENDMENT;1
ORDINATED;1
GAS;3
JUDGEMENT;1
SOR;11
SUSCEPTIBLE;5
COMMERCIALLY;3
WORTH;1
PROPORTIONATELY;4
ALIGNS;3
EXISTENCE;3
ASSIGNING;7
PERMITTING;3
JURISDICTION14;1
BI;1
SUBMITTED;1
SUBSIDY;2
USEFULNESS;1
FUNDAMENTAL;1
RETURN14;1
TIE;1
FACTO;18
“ESTABLISHED;1
INTERVENTIONS;1
BENEFICIALLY;11
OMIT;1
JURISDICTIONS’;1
201117;1
JURISDICTIONS”;1
TICKETS;2
MINING;1
BUILT;1
EXPRESSLY;4
REDUCTION;26
DOWN”;1
BUILD;5
“ALLIN”;1
ESCAPE;5
DOUBLECOUNTING;2
PARTNER’S;1
BINARY;2
ADDITIVE;1
CODIFY;2
ASSET’S;1
CREDITED;1
CHART;11
CHARITIES;1
GLOBE?;1
SOON;1
‘MULTILATERAL;1
CONSIDERABLY;1
UPSET;1
HEADQUARTERS;2
CEDED;1
BORROWER;3
TIEBREAKER;2
UNDERPAYMENTS;1
CONSOLIDATE;15
KIND;1
MIRRORS;3
NOTIFIED;1
WITHHOLD;3
	SPECIAL;1
DEFAULTS;2
SOURCEBASED;1
“MAAC”;1
“ROUTINE;1
RULES”8;1
RESOLVE;1
𝑈𝑙𝑡𝑖𝑚𝑎𝑡𝑒;1
SETUP;1
DIVERGING;2
DEALS;3
DEALT;1
PROPORTIONAL;3
RESPONSE;4
NONMOBILE;1
NATURALLY;1
MNE2’S;3
PAYOR;2
REFUNDABILITY;4
LESSEE’S;10
DISSOLUTION;1
“ULTIMATE;1
APPLY19;1
INCREMENTAL;13
REVALUED;3
TRACED;6
APPLE;1
BASEERODING;4
BROKER;3
HOLDERS’;1
CROSSED;5
“CARRYING;1
MNE’S;63
TRIGGERED;7
FEE”;1
INTERESTBEARING;1
𝟐𝟐;1
𝟐𝟓;3
OPERATIVE;1
JANUARY;3
𝑟𝑒𝑣𝑒𝑛𝑢𝑒;2
MIND;1
–;83
OFFICES;1
ARM’S;13
—;2
FORMAT33;1
COMPATIBLE;5
INSTANCE16;1
“CROSSJURISDICTIONAL”;1
DISTINCTIONS;2
“GROUP”;4
SECURE;3
INVOKE;1
VERIFYING;1
INTEGRAL;1
𝑡𝑜;2
MULTICOMPONENT;1
MNE1;6
POSTACQUISITION;1
WRITTEN;1
DOUBT;1
CO;473
“INVESTMENT;2
800M;1
TRIGGERS;2
OBSERVES;1
DEBTFINANCED;1
ORGANISED;6
NEUTRALISES;3
PLAY;2
RULE8;1
PROCEED;1
CARVEOUT7;1
•;44
…;1
BUYING;1
4A;1
BEGINS;2
BELONGING;5
CONSULTATIONS;4
INCREASED;11
“REFUNDABLE”;4
QUALIFYING;1
SELF;1
REVIEWING;2
1361;1
GROUP?;1
