Operators;BE;120
Operators;RATIO;1
Operators;INTENDED;4
Operators;MAY;23
Operators;THAT;69
Operators;ESTIMATES;1
Operators;OVER;3
Operators;EXCLUDING;2
Operators;RESIDUAL;43
Operators;CONSEQUENCE;1
Operators;PART;3
Operators;COMBINE;1
Operators;HAVE;22
Operators;DURING;2
Operators;WITH;16
Operators;BY;33
Operators;MUST;4
Operators;AMONG;2
Operators;HAS;2
Operators;ALSO;9
Operators;MEASURED;2
Operators;LESS;4
Operators;DERIVED;1
Operators;HOWEVER;6
Operators;GENERAL;7
Operators;0;2
Operators;DETERMINED;14
Operators;PLUS;1
Operators;4;10
Operators;DETERMINE;7
Operators;ASSUMING;2
Operators;THEMSELVES;1
Operators;BEFORE;13
Operators;FACTOR;2
Operators;ADDED;1
Operators;CIRCUMSTANCES;18
Operators;COMPARABLE;9
Operators;FULL;2
Operators;FLOOR;2
Operators;COULD;9
Operators;DEDUCTED;1
Operators;RELATIVE;12
Operators;WHICH;13
Operators;EXCLUDE;1
Operators;X;2
Operators;THE;455
Operators;UNIQUE;4
Operators;WHERE;20
Operators;FIRST;2
Operators;ON;64
Operators;BECAUSE;5
Operators;ESPECIALLY;1
Operators;ADDITION;5
Operators;OF;255
Operators;DIFFERENCES;4
Operators;REFLECTED;1
Operators;WILL;7
Operators;THIS;19
Operators;ONLY;6
Operators;NONUNIQUE;2
Operators;INCLUDING;5
Operators;EITHER;2
Operators;UNLESS;1
Operators;RESPECT;2
Operators;RECALCULATE;1
Operators;OR;32
Operators;THOSE;7
Operators;PARTIALLY;3
Operators;COMPARABLES;6
Operators;MOST;6
Operators;CONTAINS;1
Operators;RETURN;19
Operators;CIRCUMSTANCE;1
Operators;RELATE;2
Operators;UPON;2
Operators;6+17;1
Operators;50;2
Operators;30/70;3
Operators;SPECIFICALLY;1
Operators;FOLLOWING;6
Operators;SUCH;23
Operators;ACCEPTED;1
Operators;THEREIN;1
Operators;CALCULATE;2
Operators;WHAT;3
Operators;MADE;3
Operators;EXISTS;2
Operators;NEEDED;1
Operators;ASSUME;4
Operators;VERIFY;2
Operators;DEDUCTING;1
Operators;QUANTIFY;1
Operators;ACCORDING;2
Operators;DIFFERING;1
Operators;BUT;3
Operators;THAN;4
Operators;3;6
Operators;MINIMUM;1
Operators;COMBINED;26
Operators;RESPECTIVELY;1
Operators;INDICATORS;1
Operators;IDENTIFICATION;1
Operators;EQUIVALENT;1
Operators;NEITHER;1
Operators;APPLIED;9
Operators;LIMITATIONS;2
Operators;IMPOSED;2
Operators;DIVIDE;2
Operators;FOR;47
Operators;PAST;1
Operators;FULLY;3
Operators;EG;9
Operators;RESPECTIVE;6
Operators;IT;36
Operators;CONTAINED;1
Operators;WITHOUT;4
Operators;EX;5
Operators;UNDER;2
Operators;POST;1
Operators;ATTRIBUTABLE;5
Operators;MANDATED;2
Operators;AND;115
Operators;SELECTION;1
Operators;FOLLOWS;1
Operators;THEIR;9
Operators;GIVING;1
Operators;ATTRIBUTE;2
Operators;&;2
Operators;BELOW;3
Operators;APPROXIMATION;1
Operators;CHOOSING;1
Operators;CONNECTION;1
Operators;ASSUMPTIONS;3
Operators;DETERMINATION;12
Operators;AIMED;1
Operators;EXCLUDED;3
Operators;MANY;1
Operators;NOT;28
Operators;SATISFIES;1
Operators;SUBTRACTS;1
Operators;ANY;5
Operators;THEREFORE;4
Operators;THEN;4
Operators;THEM;1
Operators;*;8
Operators;THESE;11
Operators;EVALUATE;4
Operators;FURTHERMORE;1
Operators;40/70;3
Operators;ABOUT;2
Operators;EVALUATED;1
Operators;APPLICABLE;1
Operators;ETC;3
Operators;WHILE;2
Operators;REFERENCES;1
Operators;ALLOCABLE;1
Operators;THEY;8
Operators;NET;15
Operators;MIGHT;7
Operators;APPROXIMATED;1
Operators;OTHERWISE;1
Operators;CASE;21
Operators;EQUALLY;1
Operators;SET;4
Operators;ATTRIBUTION;3
Operators;COMPARED;2
Operators;LACKING;1
Operators;NO;3
Operators;RATHER;2
Operators;SO;4
Operators;SIMILARLY;2
Operators;IDENTIFYING;1
Operators;IDENTIFIED;1
Operators;RELATED;4
Operators;ALLOCATED;20
Operators;INDICATE;1
Operators;2;8
Operators;CONTRARY;1
Operators;WERE;4
Operators;RESULTED;1
Operators;APPLY;3
Operators;IDENTIFIES;1
Operators;INDIFFERENT;1
Operators;WHY;1
Operators;OUT;2
Operators;SATISFY;1
Operators;DIFFERENT;7
Operators;IMPLIES;1
Operators;FACTORS;12
Operators;SOME;8
Operators;DIVIDED;1
Operators;SINCE;4
Operators;THUS;2
Operators;MAXIMUM;1
Operators;SIMILAR;6
Operators;SECOND;1
Operators;CANNOT;1
Operators;VARIOUS;2
Operators;ABOVE;6
Operators;BETWEEN;11
Operators;NEED;5
Operators;FROM;17
Operators;DIFFERENCE;1
Operators;PRESCRIBING;2
Operators;CASES;11
Operators;OUTCOME;2
Operators;10;21
Operators;ALL;4
Operators;CORRESPONDING;2
Operators;THROUGH;1
Operators;ACCORDANCE;1
Operators;CERTAIN;4
Operators;PROPORTION;6
Operators;THEREOF;1
Operators;SHOULD;29
Operators;ASSUMPTION;2
Operators;ENSURE;1
Operators;15/25=;1
Operators;EACH;13
Operators;MAKING;1
Operators;ITS;10
Operators;REFLECTS;1
Operators;MORE;1
Operators;GIVEN;5
Operators;SIMPLIFIES;1
Operators;PARTICULARLY;1
Operators;RELATIONSHIP;1
Operators;DEPENDING;2
Operators;WHETHER;7
Operators;TWO;3
Operators;AGGREGATION;1
Operators;WILLING;1
Operators;CAN;19
Operators;100;5
Operators;RELATING;1
Operators;APPROVED;2
Operators;15/25;1
Operators;BOTH;6
Operators;LITTLE;1
Operators;DEPEND;2
Operators;MEANS;2
Operators;INDICATIONS;1
Operators;TESTING;1
Operators;WHEN;7
Operators;SPLITTING;4
Operators;TOGETHER;1
Operators;ONE;7
Operators;1;3
Operators;TO;208
Operators;EXTRACTED;2
Operators;ALLOCATE;1
Operators;ANOTHER;2
Operators;AGGREGATE;2
Operators;FURTHER;3
Operators;REFER;2
Operators;ESTABLISH;1
Operators;ASSESSING;1
Operators;A;122
Operators;DIVISION;10
Operators;REGARDING;3
Operators;10/25=;1
Operators;EVALUATING;1
Operators;WOULD;38
Operators;EXCLUSIVE;1
Operators;ASSUMED;8
Operators;INTO;13
Operators;THERE;1
Operators;GENERALLY;2
Operators;APPROXIMATES;1
Operators;AN;28
Operators;HOW;5
Operators;AS;38
Operators;OTHER;17
Operators;RELATION;1
Operators;AT;17
Operators;IN;144
Operators;ESTIMATE;2
Operators;IE;4
Operators;CORRESPOND;2
Operators;ASSUMES;1
Operators;IF;5
Operators;ASSESS;1
Operators;CONJUNCTION;1
Operators;APPLYING;8
Operators;ANNEX;4
Operators;ALWAYS;1
Operators;MAKE;2
Operators;=;4
Operators;SAME;8
Operators;AFTER;8
Operators;ARE;29
Operators;SUBJECT;2
Operators;+;14
Operands;LIFE;2
Operands;ILLUSTRATING;2
Operands;SIMPLE;3
Operands;FLOW;1
Operands;EXPLAIN;1
Operands;MEASURES;3
Operands;ACCOUNTS;2
Operands;FOCUSING;1
Operands;USEFUL;1
Operands;RESEARCH;2
Operands;TWOSIDED;2
Operands;INVOLVED;1
Operands;TAX;8
Operands;ANTICIPATED;1
Operands;CRITICAL;1
Operands;ADVANCED;1
Operands;ACTION;4
Operands;EVALUATION;4
Operands;ACCURACY;1
Operands;RELEVANT;9
Operands;TRANSACTIONS;30
Operands;FORMULATION;1
Operands;MAJOR;1
Operands;HAND;3
Operands;CURRENT;3
Operands;BUSINESSES;1
Operands;REALISE;1
Operands;RELEVANCE;1
Operands;ASSETS;7
Operands;TECHNICALLY;1
Operands;CONVENIENT;1
Operands;GUIDANCE;9
Operands;133;1
Operands;SELLERS;1
Operands;PERSON;1
Operands;VALUES;2
Operands;PROPERTY;5
Operands;REALIZE;2
Operands;VIEW;1
Operands;ESTABLISHED;3
Operands;USED;26
Operands;SOPHISTICATION;1
Operands;TNMM;1
Operands;FIGURES;3
Operands;INNOVATIVE;2
Operands;ELECTRONICS;1
Operands;MARKET;2
Operands;RELIES;2
Operands;ORIGINALLY;1
Operands;CONTRACT;2
Operands;EXPLOITATION;1
Operands;APPROPRIATE;17
Operands;PRODUCTS;2
Operands;RELIED;1
Operands;CLEARLY;1
Operands;NECESSARILY;1
Operands;CAPABLE;1
Operands;GENERATION;1
Operands;AGREED;3
Operands;CONTRIBUTE;1
Operands;ACCURATELY;1
Operands;PARAGRAPH;9
Operands;RESULT;2
Operands;ACCOUNTING;4
Operands;INVESTMENT;1
Operands;104;1
Operands;COMPLETION;1
Operands;SAID;2
Operands;REGARDED;1
Operands;30;5
Operands;35;1
Operands;ENTERPRISES;26
Operands;INTRODUCED;1
Operands;EXAMPLES;2
Operands;GROSS;6
Operands;TRANSACTIONAL;43
Operands;APPLICATION;18
Operands;COST;12
Operands;IDENTIFY;4
Operands;DOCUMENTED;1
Operands;LIMITATIONS;2
Operands;METHODS;14
Operands;SALARIES;1
Operands;INVOLVING;1
Operands;COMMITTEE;2
Operands;6;15
Operands;KNOWN;4
Operands;PERIOD;1
Operands;GOODS;6
Operands;ACKNOWLEDGE;1
Operands;DETERMINING;8
Operands;EXPENSES;28
Operands;REWARDS;1
Operands;8;1
Operands;OBJECTIVE;2
Operands;94;2
Operands;ACHIEVE;3
Operands;LOSS;3
Operands;ULTIMATELY;1
Operands;ADVANTAGE;1
Operands;RIGHTS;6
Operands;EXERCISED;2
Operands;CHEMICAL;1
Operands;CONSISTENTLY;3
Operands;EXPENDITURE;25
Operands;TECHNOLOGICALLY;1
Operands;DEVELOPED;6
Operands;ACCUMULATED;1
Operands;OPERATIONS;2
Operands;CONTROLLED;19
Operands;PUBLICATION;2
Operands;REMUNERATION;1
Operands;IMPORTANCE;2
Operands;MATERIAL;1
Operands;LINES;1
Operands;STEP;4
Operands;DATE;1
Operands;DATA;16
Operands;INNOVATION;1
Operands;230;3
Operands;NATURE;1
Operands;FLOWS;1
Operands;AMOUNT;2
Operands;PERFORMS;1
Operands;BECOME;1
Operands;147;1
Operands;145;1
Operands;EXAMINES;1
Operands;KEYS;10
Operands;GUIDELINES;8
Operands;REST;1
Operands;149;1
Operands;EXAMINED;2
Operands;ANTE;4
Operands;LIFETIME;1
Operands;COMPARABILITY;4
Operands;PRODUCT;4
Operands;ALREADY;3
Operands;MANUFACTURERS;1
Operands;SALES;7
Operands;ESTABLISHING;1
Operands;PRODUCE;1
Operands;CALL;1
Operands;LICENSING;1
Operands;CONTRIBUTION;8
Operands;FUNCTIONS;9
Operands;TRANSACTION;26
Operands;ATTEMPT;1
Operands;ECONOMIES;1
Operands;ALLOCATION;23
Operands;132;3
Operands;APPROACHES;3
Operands;VALID;1
Operands;LIMIT;1
Operands;135;1
Operands;134;1
Operands;JUSTIFIED;1
Operands;ADEQUATELY;2
Operands;24;1
Operands;25;3
Operands;RELY;1
Operands;20;5
Operands;22;2
Operands;OFFER;1
Operands;FORESEEABLE;1
Operands;DISCREPANCY;1
Operands;130;3
Operands;LICENCE;1
Operands;400;3
Operands;ANSWER;1
Operands;INSUFFICIENT;1
Operands;2016;1
Operands;CONDITIONS;10
Operands;2010;1
Operands;MANUFACTURED;1
Operands;AVOID;1
Operands;9;7
Operands;RETURNS;6
Operands;BASE;1
Operands;ISSUE;1
Operands;MANUFACTURES;1
Operands;ILLUSTRATE;2
Operands;UNDETERMINED;1
Operands;ARBITRARINESS;1
Operands;WISH;1
Operands;DECISION;1
Operands;ORDINARILY;1
Operands;INTERPRETED;1
Operands;PRICING;6
Operands;SIGNIFICANT;4
Operands;ENTERPRISE;4
Operands;MARGIN;6
Operands;REVIEW;2
Operands;SCALE;1
Operands;BASED;11
Operands;BUSINESS;1
Operands;CONCERNED;1
Operands;SOMETIMES;4
Operands;PRINCIPLES;7
Operands;CLARIFYING;1
Operands;89;1
Operands;COMMENTS;1
Operands;CONTEXT;4
Operands;NECESSARY;4
Operands;INDIRECT;1
Operands;FORESEEN;1
Operands;86;1
Operands;RELATIVELY;1
Operands;BEGIN;1
Operands;STRENGTHS;2
Operands;PRICES;1
Operands;PROFIT;129
Operands;SHARE;5
Operands;R&D;10
Operands;REMAINS;2
Operands;EFFICIENCIES;1
Operands;OVERHEAD;11
Operands;MEASUREMENT;1
Operands;SOLD;6
Operands;CONSIDERATION;1
Operands;LICENSOR;1
Operands;SPECIAL;1
Operands;CLASSIFICATION;1
Operands;PURCHASES;3
Operands;POSSIBLE;4
Operands;PARTICIPATING;2
Operands;EXPECT;2
Operands;COMPOUND;1
Operands;APPROPRIATENESS;1
Operands;REWARD;1
Operands;ASPECTS;2
Operands;LEAD;1
Operands;COMPONENT;2
Operands;AGREEMENT;1
Operands;LICENSOR/TRANSFEROR;2
Operands;TIME;5
Operands;EMPLOYEES;1
Operands;EARNING;3
Operands;DESCRIBED;1
Operands;WORKING;1
Operands;SECTION;8
Operands;WEAKNESSES;2
Operands;PRACTICAL;1
Operands;IMPROBABLE;1
Operands;POTENTIALLY;1
Operands;FOUND;4
Operands;FREQUENTLY;1
Operands;JULY;2
Operands;STRONG;1
Operands;ARRIVED;1
Operands;170;8
Operands;SPLITS;2
Operands;AREA;2
Operands;WORK;6
Operands;SERVERS;1
Operands;APPLICATIONS;1
Operands;187;1
Operands;SPECULATIVE;1
Operands;IMPLEMENTED;1
Operands;AFFAIRS;2
Operands;INITIAL;15
Operands;SUCCESS;1
Operands;ACKNOWLEDGEMENT;1
Operands;JURISDICTIONS;1
Operands;PROJECTED;3
Operands;DIRECT;1
Operands;UNDERLYING;1
Operands;MANNER;2
Operands;DEMONSTRATE;2
Operands;EXPENSE;1
Operands;CARE;1
Operands;11;1
Operands;10;21
Operands;13;1
Operands;TASKS;1
Operands;15;7
Operands;17;6
Operands;OVERLOOKED;1
Operands;REVISED;3
Operands;TRADING;1
Operands;KEY;7
Operands;PARTIES;19
Operands;ADEQUATE;1
Operands;ANALYSING;1
Operands;PROCESSES;1
Operands;DEGREE;1
Operands;BASIS;10
Operands;RECOGNISING;1
Operands;CREATION;1
Operands;BARGAIN;1
Operands;FINISHED;1
Operands;INTANGIBLES;20
Operands;BASIC;1
Operands;LABORATORY;1
Operands;PRESENCE;1
Operands;ONESIDED;2
Operands;ENHANCEMENTS;1
Operands;RELIABLE;7
Operands;LOSSES;1
Operands;ADMINISTRATION;5
Operands;NOTED;1
Operands;CONTRIBUTING;2
Operands;PARTICIPANTS;3
Operands;RELIABLY;2
Operands;AGGREGATE;2
Operands;TRANSFERS;2
Operands;THIRDPARTY;1
Operands;VERY;1
Operands;HINDSIGHT;1
Operands;BEAR;1
Operands;INTANGIBLE;25
Operands;71;3
Operands;70;3
Operands;UNCONTROLLED;6
Operands;POOL;1
Operands;REALIZED;1
Operands;PENALIZE;1
Operands;CONSIDERED;4
Operands;ENGAGED;1
Operands;UTILISED;2
Operands;COMPANY;5
Operands;FACT;1
Operands;PAY;1
Operands;LICENSEE;1
Operands;LICENSED;1
Operands;LIKELY;1
Operands;ASSET;16
Operands;EXTENT;1
Operands;ACCRUED;1
Operands;REVEALED;1
Operands;AVAILABILITY;2
Operands;DISCUSSION;5
Operands;IMPORTANT;4
Operands;ACTIVITY;1
Operands;EMPLOYED;1
Operands;METHOD;53
Operands;ACTIVITIES;5
Operands;RISK;3
Operands;LEVEL;1
Operands;RISE;1
Operands;SPENT;1
Operands;120;1
Operands;SELLING;1
Operands;X;2
Operands;INDEPENDENT;16
Operands;ACTUAL;9
Operands;EXPERIENCE;3
Operands;REFLECT;3
Operands;JOINT;1
Operands;PROPERLY;1
Operands;YIELDS;1
Operands;INCOME;7
Operands;BUYER;1
Operands;GROUP;1
Operands;VARIETY;1
Operands;ROUTINE;1
Operands;MECHANISMS;1
Operands;TRANSFERRED;2
Operands;RATE;2
Operands;DESIGN;1
Operands;ENTERED;1
Operands;SEEKS;2
Operands;MARKUP;1
Operands;3;6
Operands;BLOCKBUSTER;1
Operands;APPROACH;7
Operands;CONSISTENT;5
Operands;FACED;1
Operands;AVAILABLE;4
Operands;RESPONSIBLE;1
Operands;RECOGNISE;1
Operands;ITEMS;2
Operands;CONTRIBUTED;1
Operands;PRIOR;2
Operands;ASSETBASED;2
Operands;DISTRIBUTION;1
Operands;CATEGORY;2
Operands;FINANCIAL;2
Operands;REFINEMENT;1
Operands;SITUATIONS;2
Operands;23;3
Operands;EXTREME;1
Operands;SYSTEMS;1
Operands;RESOLVED;1
Operands;ASSOCIATED;23
Operands;LEVELS;3
Operands;GLOBAL;2
Operands;153;1
Operands;60;5
Operands;SENSITIVE;1
Operands;62;3
Operands;ARRANGEMENTS;4
Operands;ELIMINATE;1
Operands;66;1
Operands;ELECTRONIC;1
Operands;CHARACTERISTICS;1
Operands;CASH;2
Operands;RISKINESS;1
Operands;SIMPLICITY;1
Operands;DISTRIBUTED;1
Operands;VALUABLE;4
Operands;STANDARD;1
Operands;OBSERVED;1
Operands;ABSENCE;1
Operands;WAY;1
Operands;PROVIDING;1
Operands;EXAMPLE;15
Operands;EARN;2
Operands;TOTAL;12
Operands;APPEAR;1
Operands;SECTIONS;2
Operands;IGNORE;1
Operands;INTERNAL;5
Operands;DEPRECIATION;1
Operands;TYPE;2
Operands;SUGGESTED;1
Operands;WEIGHTED;1
Operands;ASPECT;2
Operands;FINDINGS;1
Operands;ACQUIRED;1
Operands;STORAGE;2
Operands;REALISTIC;1
Operands;PARTICULAR;13
Operands;ASSERTED;1
Operands;TYPICALLY;1
Operands;DIFFICULT;1
Operands;EXEMPLIFY;1
Operands;OWN;4
Operands;BENEFITS;1
Operands;CALCULATION;1
Operands;MARKETS;1
Operands;COUNCIL;2
Operands;ARISE;1
Operands;POLICY;1
Operands;RETAIL;2
Operands;CARRIED;1
Operands;VI;1
Operands;AMORTISATION;1
Operands;EFFECT;4
Operands;CAPITAL;3
Operands;FISCAL;2
Operands;REVENUES;1
Operands;EARNS;1
Operands;TRANSFER;17
Operands;ATTENTION;2
Operands;YEARS;3
Operands;OPERATING;21
Operands;CRITERIA;5
Operands;RECOGNITION;1
Operands;DESIGNED;1
Operands;QUESTION;3
Operands;CONSISTENCY;1
Operands;ORDER;3
Operands;HEADCOUNTS;1
Operands;STRENGTH;1
Operands;TERMS;1
Operands;BEPS;2
Operands;SUPPORTED;3
Operands;RELIANCE;2
Operands;SPECIFIC;6
Operands;RELIABILITY;5
Operands;4;10
Operands;FACTS;8
Operands;VALUATION;2
Operands;EASIEST;1
Operands;TYPES;3
Operands;SHOWN;1
Operands;LIMITED;1
Operands;PROVIDE;2
Operands;ILLUSTRATION;2
Operands;ENGAGING;3
Operands;COSTBASED;4
Operands;RENEGOTIATION;1
Operands;PARTY;5
Operands;BALANCE;1
Operands;TRANSFEROR;1
Operands;CONSIDERABLE;1
Operands;APPROPRIATELY;2
Operands;DESIGNS;1
Operands;EXPERIENCED;1
Operands;ILLUSTRATES;1
Operands;57;9
Operands;ILLUSTRATED;1
Operands;MATTERS;1
Operands;LENGTH;16
Operands;FUTURE;2
Operands;AMORTISE;1
Operands;MAIN;1
Operands;ADVANCE;2
Operands;CAREFUL;1
Operands;SUPPORT;1
Operands;PRACTICE;2
Operands;DISCUSSED;4
Operands;ACCEPT;1
Operands;CONDUCTED;1
Operands;ONGOING;2
Operands;PRINCIPLE;3
Operands;113;1
Operands;REPORT;3
Operands;REWARDED;1
Operands;SELLER;1
Operands;SUCCESSFUL;1
Operands;PERFORMED;5
Operands;MEASURE;2
Operands;MANUFACTURING;21
Operands;INTEGRATED;1
Operands;STAGE;3
Operands;INFORMATION;4
Operands;SHEET;1
Operands;300;3
Operands;FUNCTIONAL;10
Operands;ARRANGEMENT;3
Operands;TECHNOLOGICAL;2
Operands;FOLLOW;1
Operands;INCLUDE;4
Operands;LINKED;1
Operands;ILLUSTRATIVE;2
Operands;BUYERS;1
Operands;TAXPAYER;7
Operands;INSTRUMENTS;1
Operands;ADJUSTMENTS;6
Operands;CONSIDERS;1
Operands;CAUTION;2
Operands;PROJECTIONS;4
Operands;EMPLOYS;1
Operands;SENSE;2
Operands;CHAINS;1
Operands;SPLIT;83
Operands;ACCOUNT;13
Operands;HELPFUL;1
Operands;SERVICE;1
Operands;PURPOSES;5
Operands;PREPARED;1
Operands;PERMANENT;3
Operands;RATES;1
Operands;ILLUSTRATIONS;1
Operands;NEW;1
Operands;OPEN;1
Operands;ISSUES;1
Operands;INDUSTRIES;2
Operands;PHARMACEUTICAL;1
Operands;SALE;1
Operands;ESTABLISHMENTS;2
Operands;RESALE;1
Operands;CONCERNS;2
Operands;ADMINISTRATIONS;1
Operands;CONTRIBUTIONS;16
Operands;OUTLINED;1
Operands;DRAW;2
Operands;COUNTRIES;2
Operands;ASSIST;1
Operands;HIGHLY;1
Operands;EXPECTED;6
Operands;COSTS;13
Operands;RISKS;10
Operands;SAFEGUARDS;1
Operands;SOLUTION;1
Operands;ANALYSIS;26
Operands;USING;5
Operands;ECONOMICALLY;2
Operands;REALISED;1
Operands;151;1
Operands;150;1
Operands;USE;6
Operands;155;3
Operands;154;1
Operands;JUNE;2
Operands;NUMBER;1
Operands;LICENSEE/TRANSFEREE;4
Operands;RESULTING;1
Operands;CASEBYCASE;1
Operands;DIRECTLY;1
Operands;SEEK;4
Operands;80;3
Operands;INCURRED;1
Operands;OFTEN;2
Operands;REASONABLY;5
Operands;CONCLUSIONS;3
Operands;WELL;4
Operands;43;9
Operands;40;7
Operands;IGNORING;1
Operands;POINTS;2
Operands;5;10
Operands;REASONABLE;2
Operands;UNDERTAKEN;2
Operands;85;7
Operands;ANNEXES;1
Operands;STRICTEST;2
Operands;SUGGEST;1
Operands;SUFFICIENT;1
Operands;VALUE;15
Operands;TRADITIONAL;2
Operands;POTENTIAL;1
Operands;PLAN;2
Operands;CORRELATION;1
Operands;TIMING;1
Operands;ELEMENT;3
Operands;ESSENTIAL;2
Operands;PROFITS;49
Operands;DEVELOPMENT;6
Operands;PRICE;7
Operands;SYSTEM;1
Operands;NOTE;1
Operands;ULTIMATE;1
Operands;RATIONALE;1
Operands;2008;2
Operands;HIGHEST;1
