Operators;WHOSE;15
Operators;RATIO;8
Operators;LATER;6
Operators;RESIDUAL;7
Operators;ADOPTED;49
Operators;ADDITIONALLY;2
Operators;AMONG;25
Operators;ADDITIONAL;45
Operators;IMPLEMENTATION;30
Operators;MANY;39
Operators;APPLICABLE;61
Operators;0;84
Operators;MUCH;4
Operators;CASES;92
Operators;DEDUCTIBLE;64
Operators;INVOLVES;3
Operators;CIRCUMSTANCES;29
Operators;FULL;19
Operators;LEAST;13
Operators;ASSESS;4
Operators;CRITERION;2
Operators;ASSESSED;6
Operators;SIMILAR;57
Operators;MAY;332
Operators;DIFFERENCES;93
Operators;WILL;379
Operators;INSTANCE;22
Operators;ONLY;134
Operators;ELIMINATION;23
Operators;THRESHOLDS;3
Operators;UPON;17
Operators;PREVENT;30
Operators;WHAT;29
Operators;COMPARED;8
Operators;ASSUME;18
Operators;+;17
Operators;BELONG;2
Operators;DIFFERING;1
Operators;COMBINED;17
Operators;NOTWITHSTANDING;3
Operators;SO;40
Operators;OVEROR;1
Operators;DISTINGUISHABLE;1
Operators;INCORPORATING;1
Operators;DEFINES;4
Operators;AND/OR;9
Operators;FULLY;9
Operators;SOLE;1
Operators;EQUALS;5
Operators;DENIAL;15
Operators;UNDER;663
Operators;COVERED;261
Operators;100;98
Operators;ATTRIBUTABLE;38
Operators;SATISFY;5
Operators;BRIEFLY;1
Operators;GIVING;16
Operators;APPROXIMATION;4
Operators;ASSUMPTIONS;7
Operators;DETERMINATION;33
Operators;AIMED;3
Operators;MINIMISE;17
Operators;NOT;792
Operators;QUANTITATIVE;1
Operators;NOR;7
Operators;VERSUS;1
Operators;ALBEIT;1
Operators;RAISE;9
Operators;AGGREGATES;1
Operators;LOWER;32
Operators;EXCEPTIONS;2
Operators;PORTION;46
Operators;RECOMMENDATION;1
Operators;GENERAL;53
Operators;AGGREGATED;10
Operators;LIMITATIONS;6
Operators;KEPT;6
Operators;&;2
Operators;CONVERSELY;1
Operators;WHO;6
Operators;AMONGST;7
Operators;REGULATED;6
Operators;SETS;15
Operators;WHY;1
Operators;OUT;100
Operators;DIFFERENT;93
Operators;AVERAGE;10
Operators;ASSUMING;8
Operators;THUS;44
Operators;CANNOT;30
Operators;VARIOUS;13
Operators;ABOVE;135
Operators;COMPLY;6
Operators;EVEN;45
Operators;ALL;196
Operators;CORRESPONDING;18
Operators;LIKE;6
Operators;WHENEVER;3
Operators;FORMING;2
Operators;SEPARATELY;21
Operators;ENSURE;72
Operators;MAKING;17
Operators;DEFINE;6
Operators;REFLECTS;2
Operators;CAN;146
Operators;EXCEPTION;17
Operators;RELATIONSHIP;3
Operators;TOP;29
Operators;CAP;35
Operators;SINGLE;40
Operators;WILLING;1
Operators;REMOVE;3
Operators;RELATING;9
Operators;INCIDENTAL;2
Operators;ESTIMATES;2
Operators;TOGETHER;19
Operators;ONE;120
Operators;1;132
Operators;COMPUTATION;86
Operators;FURTHER;141
Operators;ESTIMATED;3
Operators;A;3000
Operators;COMPUTED;82
Operators;WOULD;581
Operators;ASSUMED;22
Operators;AGAINST;29
Operators;ESPECIALLY;3
Operators;FINALLY;13
Operators;OTHER;287
Operators;ANTI;1
Operators;ASSUMES;2
Operators;PAST;3
Operators;COMPARE;1
Operators;ASSOCIATE;22
Operators;MAKE;34
Operators;OVERALL;31
Operators;NEGATIVE;3
Operators;SAME;244
Operators;SETTING;7
Operators;SUBJECT;300
Operators;DISREGARDING;3
Operators;MULTIPLE;20
Operators;INTENDED;45
Operators;CONSIST;2
Operators;SEPARATE;64
Operators;FOLLOWS;33
Operators;SEEMS;1
Operators;ITSELF;23
Operators;COMBINE;2
Operators;ALTHOUGH;24
Operators;DURING;27
Operators;GAP;1
Operators;WITH;622
Operators;PRE;1
Operators;EQUALITY;1
Operators;MEASURED;1
Operators;EXCEPT;26
Operators;WHOLLY;14
Operators;SAY;2
Operators;DETERMINED;68
Operators;EVERY;20
Operators;DENYING;7
Operators;DEMONSTRATED;2
Operators;RESTRICTIONS;2
Operators;EXEMPTION;59
Operators;ELIMINATING;4
Operators;SIMILARLY;24
Operators;REVERSED;1
Operators;UNACCEPTABLE;1
Operators;SHIFTING;18
Operators;HENCE;3
Operators;FIRST;119
Operators;BECAUSE;190
Operators;COMBINATION;10
Operators;ADDITION;32
Operators;IMPOSE;21
Operators;POSED;4
Operators;EITHER;43
Operators;COMPRISE;1
Operators;APART;1
Operators;CIRCUMSTANCE;2
Operators;SOME;84
Operators;FOUR;2
Operators;FOLLOWING;44
Operators;SEVERAL;24
Operators;OBLIGATED;1
Operators;TESTS;2
Operators;MADE;168
Operators;STRICTLY;2
Operators;REQUIRED;214
Operators;WHEREVER;1
Operators;NEAR;4
Operators;FALLS;7
Operators;MINIMUM;251
Operators;REQUIRES;36
Operators;APPLIED;91
Operators;UNLESS;19
Operators;AROUND;2
Operators;EG;27
Operators;MITIGATE;9
Operators;ACCORDING;5
Operators;WITHOUT;49
Operators;EX;1
Operators;APPLIES;124
Operators;POST;2
Operators;BEYOND;5
Operators;TREATED;126
Operators;THEREIN;4
Operators;GRANTING;5
Operators;COMPUTES;3
Operators;STIPULATE;1
Operators;THROUGH;86
Operators;EVALUATING;6
Operators;WHEREBY;6
Operators;ALTERNATIVELY;7
Operators;TREATMENT;76
Operators;DEDUCTING;1
Operators;MIGHT;19
Operators;OTHERWISE;43
Operators;PRESCRIBED;2
Operators;REQUIREMENT;20
Operators;SET;88
Operators;RULE;472
Operators;INCREASE;50
Operators;INDICATE;3
Operators;SWITCH;2
Operators;2;126
Operators;LOOKS;3
Operators;DIFFERS;3
Operators;STILL;17
Operators;ONCE;8
Operators;PLUS;1
Operators;EXCEED;18
Operators;ENTAIL;2
Operators;OPPOSITE;1
Operators;THOUGH;5
Operators;NUMERATOR;25
Operators;SINCE;16
Operators;RAISES;7
Operators;REVERSAL;4
Operators;DIFFERENCE;63
Operators;PREVIOUS;10
Operators;10;73
Operators;TOWARDS;1
Operators;SPECIFICALLY;29
Operators;EXEMPT;36
Operators;ITS;362
Operators;DEEMED;45
Operators;PARTICULARLY;15
Operators;DEPENDING;12
Operators;GRANTED;8
Operators;IMPLEMENTING;2
Operators;OUTSIDE;19
Operators;EXCEEDED;8
Operators;OPTIONS;13
Operators;SHIFTED;5
Operators;BOTH;95
Operators;DEPEND;4
Operators;REQUIRING;18
Operators;TESTING;1
Operators;ALLOCATE;7
Operators;PERMIT;8
Operators;AGGREGATE;24
Operators;ESTABLISH;11
Operators;REGARDING;3
Operators;EXCLUDING;19
Operators;NONETHELESS;7
Operators;INTO;160
Operators;INCLUDES;59
Operators;THEIR;155
Operators;REFLECTING;1
Operators;RELATION;46
Operators;RECOMMENDATIONS;2
Operators;INCLUDED;100
Operators;LASTLY;1
Operators;APPLYING;92
Operators;CALCULATING;25
Operators;ANNEX;33
Operators;ENOUGH;3
Operators;TEST;86
Operators;PERMITTED;21
Operators;ALLOCABLE;18
Operators;CONSEQUENCE;1
Operators;WANT;1
Operators;DEFINITIONS;18
Operators;CONFIRMS;1
Operators;MUST;48
Operators;OUTCOME;19
Operators;LIMITS;10
Operators;LESS;33
Operators;HOWEVER;198
Operators;NEXT;12
Operators;DETERMINE;57
Operators;ALLOWED;31
Operators;ALLOCATED;194
Operators;CONSEQUENTLY;6
Operators;ADJUSTED;83
Operators;OFF;4
Operators;REPRESENT;10
Operators;COULD;251
Operators;APPROXIMATE;1
Operators;RELATIVE;5
Operators;ENSURING;17
Operators;DIFFERENTLY;3
Operators;X;86
Operators;THE;10340
Operators;HAS;207
Operators;WHERE;325
Operators;REPRESENTS;8
Operators;THIS;605
Operators;CONFORMS;2
Operators;AFTER;64
Operators;ALLOWS;20
Operators;REFLECTED;9
Operators;PROHIBITIVE;1
Operators;ACTUALLY;13
Operators;INCLUDING;100
Operators;RECALCULATE;2
Operators;COMPLIANCES;1
Operators;YET;4
Operators;EXEMPTIONS;10
Operators;COMPARABLES;1
Operators;ENSURES;26
Operators;RETURN;57
Operators;REVERSE;12
Operators;PREVIOUSLY;16
Operators;REQUIRE;49
Operators;DERIVING;4
Operators;DECREASE;21
Operators;THEREOF;6
Operators;CONSTITUTES;1
Operators;EXCESS;83
Operators;SUCH;344
Operators;CHANGES;21
Operators;NONE;3
Operators;INCLUSION;161
Operators;DISTINCT;2
Operators;BUT;116
Operators;THAN;140
Operators;NOTABLY;2
Operators;3;66
Operators;FRACTION;13
Operators;RESPECTIVELY;12
Operators;INDICATORS;1
Operators;MEET;26
Operators;SUBSEQUENTLY;5
Operators;INCREASING;1
Operators;DEFINING;4
Operators;SUBJECTING;3
Operators;CONSIDERING;6
Operators;IMPOSED;77
Operators;DIVIDE;1
Operators;FOR;1434
Operators;EQUIVALENT;33
Operators;EACH;166
Operators;DETERMINES;5
Operators;IMPLEMENT;5
Operators;WHOLE;10
Operators;UNTIL;7
Operators;AND;2040
Operators;CONFORM;9
Operators;SHALL;11
Operators;INITIALLY;5
Operators;POSITIVE;5
Operators;CONNECTION;35
Operators;EXCLUDED;105
Operators;FACTOR;2
Operators;ALONG;6
Operators;ANY;220
Operators;REFERRED;18
Operators;THEN;106
Operators;THEM;30
Operators;MINIMISING;5
Operators;FURTHERMORE;28
Operators;PER;5
Operators;CORRESPOND;2
Operators;ETC;1
Operators;DEDUCTED;4
Operators;THEY;139
Operators;SEPARATING;1
Operators;MAKES;19
Operators;ALLOCATING;11
Operators;CASE;83
Operators;RESPECTIVE;6
Operators;INCLUSIVE;87
Operators;RATHER;48
Operators;PERFORMING;1
Operators;IDENTIFIED;24
Operators;RELATED;80
Operators;REDUCTIONS;3
Operators;WERE;53
Operators;DISTINGUISH;3
Operators;APPLY;380
Operators;IDENTIFIES;6
Operators;ACROSS;20
Operators;CLOSER;1
Operators;NEEDS;9
Operators;COUNTING;1
Operators;FACTORS;18
Operators;TOO;2
Operators;CONCERNING;3
Operators;COVER;9
Operators;EQUAL;39
Operators;SECOND;82
Operators;BETWEEN;162
Operators;DECREASED;5
Operators;MOREOVER;14
Operators;WAS;85
Operators;ENFORCE;1
Operators;INCORPORATE;11
Operators;CERTAIN;116
Operators;PRESCRIBE;2
Operators;NEVERTHELESS;7
Operators;ASSUMPTION;3
Operators;DESPITE;2
Operators;ENTIRELY;2
Operators;MORE;125
Operators;GIVEN;62
Operators;SIMPLIFIES;1
Operators;UNDO;1
Operators;NEITHER;5
Operators;GIVES;11
Operators;ABSENT;16
Operators;LITTLE;2
Operators;THEREBY;11
Operators;MEANS;35
Operators;APPROVED;2
Operators;ANOTHER;92
Operators;EXCLUDE;28
Operators;SUITABLE;1
Operators;MEAN;17
Operators;EXISTS;3
Operators;EXCLUSIVE;2
Operators;I;16
Operators;WHEREAS;9
Operators;FAILING;1
Operators;IT;471
Operators;DEDUCTION;66
Operators;EXTRACTED;4
Operators;BELOW;167
Operators;ALLOW;43
Operators;IN;3137
Operators;ESTIMATE;3
Operators;IE;60
Operators;IF;276
Operators;REQUIREMENTS;28
Operators;ALWAYS;6
Operators;SHIFTS;2
Operators;ADOPTION;2
Operators;ARE;862
Operators;HAVING;12
Operators;BE;1227
Operators;RENDER;2
Operators;THAT;1786
Operators;OVER;67
Operators;WITHIN;84
Operators;THREE;15
Operators;CONSTITUTE;3
Operators;PART;87
Operators;TREAT;14
Operators;HAVE;197
Operators;ELIMINATED;8
Operators;BY;707
Operators;DIFFER;2
Operators;CLOSEST;1
Operators;TO;3488
Operators;COMPUTATIONS;5
Operators;DERIVED;14
Operators;CONDITIONED;2
Operators;THESE;289
Operators;4;59
Operators;THRESHOLD;101
Operators;THEMSELVES;11
Operators;REFER;1
Operators;ONTO;1
Operators;DISTINGUISHES;1
Operators;MULTIPLIED;6
Operators;COMPARABLE;8
Operators;ASSESSING;1
Operators;COMPUTE;44
Operators;INDEED;2
Operators;REDUCES;16
Operators;ADOPT;8
Operators;REQUEST;2
Operators;ACCORDINGLY;34
Operators;VIA;6
Operators;WHICH;353
Operators;BENEATH;1
Operators;UNIQUE;4
Operators;REDUCED;20
Operators;BEFORE;85
Operators;ON;978
Operators;DERIVE;4
Operators;TREATS;12
Operators;OF;4822
Operators;APPORTIONED;1
Operators;50;33
Operators;LIMITING;9
Operators;NEEDED;18
Operators;DOUBLE;56
Operators;RESPECT;237
Operators;ALTERNATIVE;24
Operators;OR;1035
Operators;THOSE;146
Operators;PARTIALLY;99
Operators;ABOUT;16
Operators;CONTAINS;5
Operators;RELATE;5
Operators;KEEPING;1
Operators;CORRESPONDS;1
Operators;DOWN;23
Operators;ALLOWING;16
Operators;ADDING;5
Operators;ADDED;7
Operators;ALONGSIDE;4
Operators;WHOM;1
Operators;SOMETHING;1
Operators;IRRESPECTIVE;10
Operators;APPEARS;1
Operators;CALCULATE;6
Operators;CONFIRM;1
Operators;SPECIFIED;8
Operators;LIMITATION;23
Operators;PROPORTIONALLY;3
Operators;CONTAINED;6
Operators;INSTEAD;14
Operators;PRESUMED;1
Operators;SUBTRACTED;1
Operators;MOST;54
Operators;ATTRIBUTE;1
Operators;COMPUTING;43
Operators;REMOVES;3
Operators;UP;57
Operators;US;9
Operators;INTRA;7
Operators;THEREFORE;158
Operators;EVALUATE;1
Operators;SUM;14
Operators;STOP;2
Operators;EVALUATED;1
Operators;WHILST;6
Operators;WHILE;64
Operators;REFERENCES;1
Operators;RECOGNIZED;1
Operators;NET;142
Operators;EQUALLY;8
Operators;NO;108
Operators;CALCULATED;22
Operators;ALLOCATES;15
Operators;DEPENDS;7
Operators;CONTRARY;6
Operators;PROXY;5
Operators;RESULTED;3
Operators;SOLELY;14
Operators;CALCULATES;1
Operators;DISALLOWED;6
Operators;IMPLIES;2
Operators;DENIED;4
Operators;MAXIMUM;9
Operators;FEW;1
Operators;ADD;4
Operators;OTHERS;4
Operators;NEED;74
Operators;FROM;444
Operators;REDUCING;8
Operators;RESTRICT;1
Operators;GREATER;13
Operators;ACCORDANCE;78
Operators;PROPORTION;53
Operators;SUBMIT;1
Operators;SHOULD;181
Operators;CREDITS;62
Operators;ADJUST;2
Operators;IDENTIFICATION;7
Operators;EXCLUSION;54
Operators;IDENTIFYING;3
Operators;WHETHER;108
Operators;LIKEWISE;3
Operators;TWO;116
Operators;EXCEEDS;18
Operators;SEEM;6
Operators;MINIMAL;1
Operators;ENTIRE;9
Operators;ACCEPTED;10
Operators;WHEN;129
Operators;SPLITTING;3
Operators;ALSO;197
Operators;BEHIND;4
Operators;ALIKE;1
Operators;ADOPTING;6
Operators;DIVIDED;1
Operators;EVENTUALLY;4
Operators;REGARDLESS;17
Operators;THERE;107
Operators;GENERALLY;125
Operators;DENY;1
Operators;AN;838
Operators;HOW;39
Operators;AS;902
Operators;MULTIPLYING;3
Operators;AT;202
Operators;UNLIKE;4
Operators;=;59
Operators;INCREASES;18
Operators;DEEMS;2
Operators;BALANCING;7
Operators;TAKE;29
Operators;COMBINING;2
Operands;LIFE;23
Operands;POSITIONS;3
Operands;UNCERTAINTY;4
Operands;MODIFICATIONS;6
Operands;EFFICIENCY;2
Operands;DEMAND;1
Operands;ACQUIRING;8
Operands;ENGAGE;2
Operands;PREMISED;2
Operands;PRODUCING;4
Operands;MULTIYEAR;1
Operands;MOVEMENTS;2
Operands;NATURE;11
Operands;POIP;8
Operands;TAXES;479
Operands;HAND;11
Operands;CURRENT;38
Operands;TAXED;29
Operands;BREAKER;1
Operands;NAME;1
Operands;MAP;2
Operands;ASSETS;152
Operands;GUIDANCE;25
Operands;ANNUAL;26
Operands;PRIMARY;8
Operands;SUFFICIENTLY;5
Operands;VALUES;3
Operands;PROPERTY;74
Operands;275;16
Operands;COMPLIANCE;83
Operands;BEHAVIOUR;1
Operands;COMMON;33
Operands;UNDERTAKE;8
Operands;STANDARDISED;16
Operands;PROPOSAL;12
Operands;CLEARLY;1
Operands;ADDRESSING;17
Operands;REINSURANCE;10
Operands;SOLD;17
Operands;APPEALING;1
Operands;SYSTEMS;13
Operands;ACTIVE;1
Operands;ACCOUNTING;321
Operands;CARRYFORWARD;112
Operands;PREPARATION;12
Operands;CONTROLS;11
Operands;PUBLIC;31
Operands;FORMATION;1
Operands;SELLS;2
Operands;INTRODUCED;17
Operands;DETAILED;16
Operands;LEADING;3
Operands;NOMINAL;67
Operands;INTERMEDIARIES;1
Operands;METHODS;2
Operands;MEMBER;20
Operands;INVOLVING;8
Operands;TAXABLE;56
Operands;TABLE;2
Operands;GOODS;14
Operands;VARY;7
Operands;ELEMENT;13
Operands;UNPREDICTABLE;1
Operands;UNITS;6
Operands;90;4
Operands;HARSHER;2
Operands;NONFINANCIAL;3
Operands;TIMBER;4
Operands;JUDICIAL;2
Operands;ORGANIZED;3
Operands;EXPENDITURE;79
Operands;WIDELY;7
Operands;NOTICE;1
Operands;PERIODICALLY;2
Operands;FINES;16
Operands;IIR;518
Operands;INCIDENTAL;2
Operands;COMPETITION;3
Operands;PARTS;4
Operands;MAINTAIN;2
Operands;REACHED;3
Operands;LOANS;1
Operands;PROTOCOL;1
Operands;FORM;30
Operands;DIGITALISED;1
Operands;CREDITING;2
Operands;RESERVES;3
Operands;INHERENTLY;1
Operands;ANTE;1
Operands;LIFETIME;1
Operands;REFERS;4
Operands;PASSIVE;6
Operands;COUNTERINTUITIVE;1
Operands;ELECT;2
Operands;EXPENSERELATED;1
Operands;UNLIMITED;4
Operands;SALES;20
Operands;INSTANCES;13
Operands;CALL;1
Operands;CONTRIBUTION;1
Operands;FUNCTIONS;13
Operands;UNILATERAL;1
Operands;CHALLENGES;16
Operands;LIMIT;21
Operands;JUSTIFIED;3
Operands;SUFFER;3
Operands;ECONOMY;6
Operands;PARTNERS;1
Operands;RELY;8
Operands;GAAP;8
Operands;SOURCED;2
Operands;INFLUENCE;4
Operands;SOURCE;92
Operands;400;2
Operands;CONDITIONS;38
Operands;SYNERGIES;4
Operands;BALANCES;3
Operands;HIGH;23
Operands;ISSUE;10
Operands;PROPERTIES;2
Operands;CLAIM;9
Operands;EXPENDITURES;33
Operands;AUSTRALIA;2
Operands;PARTY;55
Operands;OBJECTIVES;19
Operands;ATTACHED;1
Operands;INTERPRETED;1
Operands;CLARIFY;3
Operands;PRICING;29
Operands;ADDRESS;45
Operands;PROGRESS;1
Operands;MARGIN;8
Operands;CIRCULAR;1
Operands;BUYSELL;1
Operands;BASED;196
Operands;CORPORATION;48
Operands;REDUCE;59
Operands;OPERATIONAL;4
Operands;DEFENCE;1
Operands;INDIRECT;10
Operands;OBTAINED;4
Operands;RECONCILIATION;2
Operands;BURDENS;21
Operands;LONGER;4
Operands;DEVELOPING;7
Operands;PROFIT;162
Operands;INCIDENCE;1
Operands;SHARE;83
Operands;MEASUREMENT;3
Operands;SPECIAL;36
Operands;ARTICULATED;1
Operands;CLASSIFICATION;1
Operands;COUNTRYBYCOUNTRY;8
Operands;POSSIBLE;18
Operands;POSSIBLY;4
Operands;COMPILING;1
Operands;DETAILS;6
Operands;242;3
Operands;TIMELY;1
Operands;MOBILE;9
Operands;CONTINUE;6
Operands;TIME;45
Operands;JAPAN;2
Operands;VIEW;6
Operands;DESCRIBED;97
Operands;WORKING;8
Operands;SECTION;190
Operands;DESCRIBES;12
Operands;TREATMENT;76
Operands;175;2
Operands;LAND;43
Operands;LEVERAGE;3
Operands;OUTSTANDING;12
Operands;VENTURES;14
Operands;SIMPLIFICATIONS;8
Operands;TRADE;11
Operands;RATIFICATION;1
Operands;MODELS;2
Operands;ANTIFRAGMENTATION;2
Operands;REPORTED;27
Operands;PRINCIPALLY;1
Operands;EARNS;11
Operands;NEWLY;2
Operands;EUR;57
Operands;REPRESENT;10
Operands;ELIGIBLE;36
Operands;LENDING;2
Operands;MAJORITY;14
Operands;TRADING;5
Operands;SAFEGUARD;2
Operands;IMPROVE;3
Operands;DEGREE;3
Operands;PURSUED;1
Operands;PROTECT;14
Operands;FOCUS;14
Operands;FINISHED;1
Operands;INTANGIBLES;10
Operands;CORPORATE;67
Operands;ACQUISITION;23
Operands;EXPLAINED;11
Operands;PRIVATE;7
Operands;ANTIAVOIDANCE;4
Operands;PARTICIPANTS;1
Operands;COMPONENTS;15
Operands;INDIRECTLY;57
Operands;LEGAL;12
Operands;DETRIMENT;1
Operands;ALTER;2
Operands;UNDERPAYMENT;1
Operands;POOLED;1
Operands;FACE;1
Operands;INCURRING;1
Operands;ALIGNED;1
Operands;DECISIONS;3
Operands;EASIER;2
Operands;FACT;43
Operands;MINORITY;45
Operands;PAY;24
Operands;TAXPAYERS;98
Operands;UNDERSTOOD;2
Operands;LEGACY;1
Operands;NONTAXABLE;3
Operands;CHANGING;2
Operands;EFFECTIVENESS;4
Operands;LOOKBACK;5
Operands;INVOLVE;2
Operands;DISCUSSIONS;1
Operands;MOVE;2
Operands;PRESSURE;2
Operands;METHODOLOGY;15
Operands;X;86
Operands;PARALLEL;2
Operands;OIL;4
Operands;SIMPLIFY;5
Operands;SHARES;42
Operands;FREQUENCY;1
Operands;POLICIES;3
Operands;CAPTURE;11
Operands;VARIETY;3
Operands;PERSONNEL;1
Operands;MECHANISMS;26
Operands;LARGE;17
Operands;SEEKS;10
Operands;LEAVES;3
Operands;SWITCHEDOFF;2
Operands;POSSIBILITY;5
Operands;OWNERSHIP;101
Operands;STAKEHOLDERS;4
Operands;DETERMINATIONS;3
Operands;MNES;46
Operands;CONTROLLEDFOREIGNCORPORATION;1
Operands;EXTERNAL;2
Operands;INPUT;3
Operands;INTERVENING;1
Operands;PROVIDED;71
Operands;FINANCIAL;348
Operands;SITUATIONS;30
Operands;SUPPLEMENTARY;3
Operands;PROVIDES;43
Operands;PROVIDER;4
Operands;REVENUES;8
Operands;IMMUNITY;2
Operands;ETR;306
Operands;COMMERCIAL;7
Operands;DETERIORATING;2
Operands;ARRANGEMENTS;49
Operands;COLLECTED;9
Operands;253;1
Operands;250;6
Operands;ABILITY;13
Operands;ACCRUAL;8
Operands;OVERLAPPING;2
Operands;CLAIMED;2
Operands;ARRIVE;8
Operands;EXTREMELY;3
Operands;EXERCISE;7
Operands;ENTITLED;12
Operands;SIMPLICITY;3
Operands;STRAIGHTLINE;4
Operands;PROFITABILITY;3
Operands;ZERO;9
Operands;160;1
Operands;REMAINING;47
Operands;APPEAR;2
Operands;PERSPECTIVE;28
Operands;VOTING;5
Operands;EVENT;7
Operands;INCENTIVES;15
Operands;APPLICATIONS;2
Operands;LOW;100
Operands;SHAREHOLDINGS;1
Operands;CREATE;24
Operands;INFORM;2
Operands;PAYMENTS;356
Operands;ASSESSMENT;11
Operands;REALISATION;1
Operands;CARRIED;24
Operands;INAPPROPRIATE;2
Operands;RESIDENT;82
Operands;EFFECT;73
Operands;MEANINGFUL;4
Operands;NOW;5
Operands;GROSSBASIS;1
Operands;INEFFICIENT;1
Operands;DETAIL;9
Operands;ACCESS;7
Operands;SIGNIFICANCE;1
Operands;TRUST;2
Operands;RECOGNITION;21
Operands;PRESERVE;9
Operands;SUPPORTING;2
Operands;FAMILIAR;3
Operands;PRESERVING;3
Operands;REVIEWED;1
Operands;TESTED;3
Operands;STEPS;4
Operands;PROPER;2
Operands;VEHICLES;17
Operands;SPECIFIC;47
Operands;DEMONSTRATING;1
Operands;SECTIONS;8
Operands;PROVISIONS;63
Operands;PURCHASE;17
Operands;PROVIDE;67
Operands;OVERVIEW;13
Operands;REQUEST;2
Operands;FEATURE;10
Operands;PENALTY;6
Operands;EXPLORED;2
Operands;BALANCE;32
Operands;58;6
Operands;59;3
Operands;CHALLENGING;2
Operands;VIEWS;4
Operands;55;4
Operands;53;1
Operands;52;2
Operands;OBSTACLE;1
Operands;AUTHORITIES;13
Operands;RECOUP;2
Operands;200;31
Operands;SUPPORT;8
Operands;PAID;192
Operands;ONGOING;3
Operands;PRINCIPLE;25
Operands;HEADCOUNT;2
Operands;DIVERGENT;2
Operands;CANADA;3
Operands;IMPEDES;1
Operands;MARKETING;6
Operands;SUGGESTS;1
Operands;REGULATION;1
Operands;PRODUCTION;9
Operands;CONNECT;2
Operands;MNE;490
Operands;INFORMATION;85
Operands;ADVERSE;4
Operands;TECHNOLOGICAL;2
Operands;ILLUSTRATIVE;1
Operands;SIZE;15
Operands;INCORPORATED;19
Operands;SENSE;9
Operands;CHAINS;4
Operands;SERVICE;11
Operands;PROBLEMS;1
Operands;MECHANISM;62
Operands;PREPARED;15
Operands;BANKING;1
Operands;RATES;31
Operands;AVOIDANCE;5
Operands;INDUSTRIES;8
Operands;CONTRACTS;1
Operands;ACCOUNTINGTAX;1
Operands;HARBOUR;3
Operands;RESTORATION;1
Operands;PRIMARILY;13
Operands;ADMINISTRATIONS;42
Operands;CORE;2
Operands;LOSSMAKING;3
Operands;DEPLETION;23
Operands;PROBLEM;5
Operands;FAR;5
Operands;GOODWILL;2
Operands;WAYS;2
Operands;SOLUTION;7
Operands;SUBMIT;1
Operands;CBCR;64
Operands;SPINOFF;3
Operands;IMPAIRMENTS;4
Operands;150;9
Operands;POSTIMPAIRMENT;4
Operands;JUNE;1
Operands;NUMBER;63
Operands;CASEBYCASE;1
Operands;LOGIC;3
Operands;MARKETS;1
Operands;RESTORING;2
Operands;REGIMES;40
Operands;CONDUIT;3
Operands;JUSTIFICATION;3
Operands;OFTEN;19
Operands;SUBSEQUENT;41
Operands;REASONABLY;6
Operands;PREMIUMS;7
Operands;REASONABLE;13
Operands;INTERVENTION;1
Operands;TRADED;7
Operands;LEVERAGING;2
Operands;CYCLE;4
Operands;SHOW;2
Operands;SUGGEST;1
Operands;COMMITMENTS;1
Operands;VALUE;91
Operands;SUBSTANTIVE;20
Operands;TRADITIONAL;1
Operands;POTENTIAL;31
Operands;CORRELATION;1
Operands;EXPENSES;53
Operands;SIGNIFICANTLY;13
Operands;FAVOUR;1
Operands;ULTIMATE;121
Operands;DEMPE;4
Operands;DEVELOP;15
Operands;SIMPLE;6
Operands;TEXT;2
Operands;OBTAIN;4
Operands;APPRECIATION;1
Operands;BOOKTOTAX;1
Operands;SIMPLY;15
Operands;FOCUSING;2
Operands;INDUCED;1
Operands;DEFER;2
Operands;INVOLVED;6
Operands;COMMONALITIES;1
Operands;DISADVANTAGE;2
Operands;ACCURACY;1
Operands;AUDIT;3
Operands;AFTERTAX;3
Operands;EXTENDED;3
Operands;AFFECTED;7
Operands;FIT;1
Operands;MEASURES;26
Operands;COMPARABILITY;1
Operands;VERSION;2
Operands;BUSINESSES;26
Operands;REALISE;1
Operands;LEASE;10
Operands;BRIBES;13
Operands;PROCESS;49
Operands;REVIEW;44
Operands;EXPEDITIOUSLY;1
Operands;CLAIMS;4
Operands;ESTABLISHED;48
Operands;LARGELY;3
Operands;ADVICE;1
Operands;LICENSES;2
Operands;UNRELATED;10
Operands;RELIES;8
Operands;SMALLER;7
Operands;PARENT;366
Operands;COMPANY;71
Operands;MODIFIED;4
Operands;EXPLOITATION;2
Operands;RELIEF;10
Operands;OWNS;60
Operands;COMMODITY;1
Operands;CONSISTENT;60
Operands;INDIVIDUAL;7
Operands;RESULT;127
Operands;GENERATE;19
Operands;INSURER;1
Operands;REGARDED;5
Operands;ACQUIRE;2
Operands;ENTERPRISES;16
Operands;STARTS;2
Operands;REAL;2
Operands;DISASTER;1
Operands;FORWARDS;6
Operands;TRANSACTIONAL;1
Operands;HOLDS;29
Operands;COST;63
Operands;PERFORMANCE;1
Operands;REWARDED;1
Operands;LIMITATIONS;6
Operands;DEFINITION;164
Operands;REMAIN;6
Operands;COMPETITIVE;22
Operands;BODIES;6
Operands;PRESENCE;2
Operands;TRACING;2
Operands;DOMESTIC;105
Operands;OUTCOMES;64
Operands;ULTIMATELY;6
Operands;ADMINISTRATIVE;41
Operands;COHERENT;1
Operands;EXERCISED;2
Operands;CHOOSE;5
Operands;DEVELOPED;25
Operands;PUT;2
Operands;BOOKTOBOOK;1
Operands;REMUNERATION;2
Operands;IMPORTANCE;2
Operands;MATERIAL;34
Operands;DEDUCTIONS;14
Operands;DEALING;5
Operands;FLOWS;2
Operands;PERFORMS;2
Operands;COMMENSURATE;1
Operands;140;2
Operands;REST;2
Operands;DIGITAL;8
Operands;PRICES;1
Operands;ALREADY;42
Operands;PUBLICLY;6
Operands;COMPREHENSIVE;11
Operands;COMPLEXITY;25
Operands;SPENT;1
Operands;DIFFICULTY;2
Operands;APPROACHES;17
Operands;ROUTINE;1
Operands;ENTERED;4
Operands;ALLOWANCE;3
Operands;WORLDWIDE;6
Operands;CUSTOMERS;8
Operands;OFFER;4
Operands;OPTIONALITY;1
Operands;SOCALLED;1
Operands;SCO;2
Operands;PROPOSED;2
Operands;AMOUNTS;38
Operands;AVOID;47
Operands;BASE;294
Operands;OPPORTUNITIES;1
Operands;REORGANISATIONS;1
Operands;DISPUTING;1
Operands;INVESTOR;12
Operands;PROFITABLE;7
Operands;RETAINED;12
Operands;EMERGENCY;5
Operands;TWICE;1
Operands;WISH;1
Operands;TRANSPARENCY;13
Operands;CONSIDERS;6
Operands;UPWARDS;1
Operands;COUNTRY;119
Operands;SOMETIMES;4
Operands;SAFEGUARDS;2
Operands;INTERACTION;21
Operands;NEW;19
Operands;FINAL;21
Operands;RELATIVELY;15
Operands;KEYS;17
Operands;TRANSPARENT;50
Operands;FUNCTION;10
Operands;END;15
Operands;G;1
Operands;DOCUMENTATION;5
Operands;PARTICIPATING;5
Operands;EXAMPLES;15
Operands;LEAD;14
Operands;SUBNATIONAL;2
Operands;COMPONENT;33
Operands;AGREEMENT;23
Operands;STRICT;5
Operands;INTEGRITY;7
Operands;1000;22
Operands;REGIONAL;1
Operands;ADMINISTRABLE;4
Operands;FOUND;3
Operands;INSCOPE;3
Operands;POSSESSES;4
Operands;MECHANICS;14
Operands;FINANCE;2
Operands;CARRYOVER;3
Operands;EARNINGS;23
Operands;PERMISSIBLE;1
Operands;CONSOLIDATED;149
Operands;WORLD;3
Operands;PRESENT;22
Operands;HIGHER;20
Operands;RAISED;6
Operands;CLARIFICATION;1
Operands;AFFECTS;3
Operands;ACCURATE;4
Operands;BUILDINGS;6
Operands;LOOKING;1
Operands;SPECIFICITIES;2
Operands;11;36
Operands;10;73
Operands;13;25
Operands;12;35
Operands;15;8
Operands;14;10
Operands;17;4
Operands;19;5
Operands;18;12
Operands;REVISED;5
Operands;INTERMEDIATE;124
Operands;CHINA;5
Operands;BRANCH;10
Operands;UNWINDING;1
Operands;BASIS;121
Operands;SHIFT;11
Operands;BASIC;3
Operands;LOSSES;68
Operands;QUESTION;47
Operands;NOTED;8
Operands;ORIGINAL;4
Operands;PAYING;11
Operands;THIRDPARTY;2
Operands;COPE;1
Operands;FIXED;20
Operands;CONCEPT;4
Operands;VICE;2
Operands;HYBRID;18
Operands;FILING;10
Operands;SUBSIDIARIES;30
Operands;PREFERABLE;2
Operands;EXTENT;48
Operands;AVAILABILITY;2
Operands;CONSTRAINTS;2
Operands;IMPACTED;3
Operands;PENALTIES;14
Operands;COMPENSATION;40
Operands;IMPORTANT;14
Operands;CERTIFICATES;3
Operands;NORMALLY;2
Operands;ACTIVITIES;50
Operands;RISK;89
Operands;PRACTITIONERS;1
Operands;LEVEL;79
Operands;RISE;49
Operands;ARRANGING;2
Operands;ENTER;4
Operands;EXCHANGING;2
Operands;OPERATE;35
Operands;ALLOCATION;163
Operands;ACTUAL;21
Operands;RENTS;3
Operands;PROPERLY;7
Operands;AGENTS;1
Operands;HELP;6
Operands;INTEREST5;1
Operands;NOTES;18
Operands;PURSUANT;15
Operands;TRANSFERRED;11
Operands;COVID19;2
Operands;EXISTING;40
Operands;HELD;73
Operands;COMPLEX;8
Operands;DESIGN;99
Operands;BOARD;1
Operands;COORDINATED;20
Operands;PROCEDURES;5
Operands;COMPOSITION;1
Operands;PARTICIPATION;9
Operands;MET;18
Operands;PRESENTED;1
Operands;COMMONLY;19
Operands;RECORDS;4
Operands;3;66
Operands;INTRAGROUP;194
Operands;SUBSECTION;1
Operands;CARRY;22
Operands;COSTPLUS;2
Operands;24;20
Operands;EXAMINATIONS;5
Operands;MINERAL;5
Operands;CARRIEDFORWARD;2
Operands;PUBLISHED;1
Operands;AMELIORATE;1
Operands;INTERESTS;102
Operands;UNITED;9
Operands;MERITS;1
Operands;INDEFINITELY;1
Operands;S;22
Operands;DISINCENTIVES;1
Operands;LIABLE;12
Operands;CONCEPTUAL;1
Operands;PARTNER;4
Operands;NOMINALLY;1
Operands;ASSOCIATED;40
Operands;HARD;2
Operands;CONVERGE;3
Operands;60;34
Operands;64;1
Operands;PHRASE;1
Operands;DISTINGUISHED;1
Operands;RECENT;2
Operands;REORGANIZATION;2
Operands;STANDALONE;23
Operands;CASH;11
Operands;PROFILES;1
Operands;BETTER;6
Operands;NONREFUNDABLE;4
Operands;TRANSITIONRELATED;1
Operands;500;4
Operands;PARTNERSHIPS;1
Operands;CONSIDERATIONS;17
Operands;FAIR;20
Operands;OVERLAY;1
Operands;MERELY;3
Operands;FIELD;9
Operands;ABSENCE;9
Operands;SUPRANATIONAL;2
Operands;WAY;53
Operands;FAIL;2
Operands;FOCUSES;11
Operands;GULF;1
Operands;OWNED;146
Operands;ANNUALLY;5
Operands;PERSONS;81
Operands;VOLATILE;2
Operands;ENHANCEMENT;1
Operands;STATISTICAL;2
Operands;DEPRECIATION;96
Operands;OWNER;24
Operands;EXAMINATION;5
Operands;TYPE;13
Operands;ACQUIRED;14
Operands;PARTICULAR;72
Operands;ACQUIRES;1
Operands;CONTROL;76
Operands;INFORMED;7
Operands;INTRODUCE;6
Operands;NONDEDUCTIBLE;3
Operands;SUBSTANTIAL;3
Operands;REPUBLIC;9
Operands;ARISE;31
Operands;POLICY;101
Operands;CONFLICT;5
Operands;SOFTWARE;2
Operands;IP;18
Operands;ACCEPTABLE;16
Operands;CAPITAL;18
Operands;FACILITATING;3
Operands;CRITERIA;21
Operands;BOX;9
Operands;LEGISLATION;23
Operands;SOVEREIGN;18
Operands;EXPRESSED;4
Operands;IASB;9
Operands;REGULATORS;5
Operands;REGULATORY;7
Operands;INVESTMENTS;13
Operands;CONSOLIDATION;26
Operands;RELIANCE;5
Operands;COROLLARY;2
Operands;POINTS;1
Operands;4;59
Operands;SHOWN;4
Operands;SAFE;6
Operands;ILLUSTRATION;10
Operands;OBVIOUS;4
Operands;DESIGNED;67
Operands;TRANSACTIONS;58
Operands;PES;3
Operands;EROSION;15
Operands;DESIGNS;1
Operands;ILLUSTRATES;11
Operands;PILLAR;68
Operands;AUDITORS;2
Operands;ILLUSTRATED;28
Operands;CREDIT;176
Operands;COMPENSATE;3
Operands;SHAREHOLDER;47
Operands;CONVERTIBLE;1
Operands;DECISION;11
Operands;DERIVATIVES;1
Operands;QUALITATIVE;2
Operands;PRACTICE;18
Operands;FAVOURABLY;2
Operands;GROUPWIDE;2
Operands;SALARY;4
Operands;BUILDS;1
Operands;SELLER;11
Operands;SUBDIVISIONS;2
Operands;KEYSTONE;1
Operands;MEDIUM;3
Operands;SHEET;7
Operands;JUST;3
Operands;ARRANGEMENT;57
Operands;ACCOUNTED;20
Operands;PLACE;22
Operands;PREJUDICES;1
Operands;OFFSET;10
Operands;TAXPAYER;139
Operands;REVENUE;75
Operands;INSTRUMENTS;4
Operands;ENGAGEMENT;1
Operands;EFFECTIVELY;19
Operands;CONTROLLING;28
Operands;LTCE;2
Operands;SPLIT;12
Operands;SUBDIVISION;4
Operands;ISSUED;3
Operands;PROVEN;1
Operands;COEXISTENCE;4
Operands;PERMANENT;121
Operands;DISTORTIONS;17
Operands;ISSUES;22
Operands;PURCHASER;7
Operands;PURCHASES;1
Operands;NA;3
Operands;COMMUNITY;1
Operands;UNABLE;2
Operands;PURCHASED;1
Operands;IMPAIRMENT;29
Operands;RECAPTURE;6
Operands;NONRECURRING;1
Operands;750;20
Operands;COUNTRIES;22
Operands;ISOLATION;4
Operands;SHELTERING;1
Operands;COSTS;71
Operands;TERRITORY;2
Operands;NONGOVERNMENTAL;1
Operands;EXERCISING;4
Operands;INTENSITY;1
Operands;BROADER;9
Operands;FLUCTUATE;1
Operands;REALISED;6
Operands;SECTOR;5
Operands;USE;111
Operands;EFFICIENT;5
Operands;POLITICAL;8
Operands;COMPLETELY;1
Operands;ASPECT;1
Operands;BACKSTOP;25
Operands;ALLOWANCES;2
Operands;SEEK;11
Operands;ABUSE;2
Operands;COMPLETED;1
Operands;5;125
Operands;OVERRIDE;1
Operands;UNDERTAKEN;17
Operands;FACILITATE;8
Operands;CALCULATIONS;9
Operands;450;4
Operands;HIGHLIGHTED;1
Operands;START;6
Operands;REMEDY;3
Operands;IMPOSSIBLE;2
Operands;PROFITS;102
Operands;PRICE;10
Operands;SINGAPORE;2
Operands;STATE;80
Operands;UNDERMINING;1
Operands;SUMMARISED;3
Operands;RECEIVES;4
Operands;ILLUSTRATING;2
Operands;SIT;1
Operands;GUARANTOR;6
Operands;GAIN;30
Operands;CUSTOMER;2
Operands;PROVIDING;27
Operands;BONDS;1
Operands;EXPANDING;1
Operands;TAX;2492
Operands;ANTICIPATED;2
Operands;ACTION;34
Operands;BODY;2
Operands;STABLE;2
Operands;OCCURRED;6
Operands;REGULARLY;2
Operands;TANGIBLE;41
Operands;ACCOMMODATE;7
Operands;CHARGE;25
Operands;ACCOUNTS;95
Operands;CONCERN;4
Operands;USED;149
Operands;CURRENCY;6
Operands;USES;13
Operands;REORGANISATION;4
Operands;MARKET;10
Operands;UNRELIEVED;1
Operands;CONTRACT;3
Operands;VARIES;2
Operands;POSITION;12
Operands;5000;1
Operands;CAPABLE;1
Operands;GENERATION;1
Operands;LOAN;7
Operands;VEHICLE;11
Operands;AGREE;7
Operands;244;3
Operands;REDEEMS;1
Operands;DELIVER;4
Operands;AVOIDS;10
Operands;CROSSBORDER;8
Operands;VEST;1
Operands;ORPHAN;38
Operands;CARRYING;50
Operands;EXPLORATION;10
Operands;RECOMMENDATION;1
Operands;CAPACITY;5
Operands;CRITICAL;3
Operands;6;29
Operands;KNOWN;2
Operands;LEFT;3
Operands;FEDERAL;1
Operands;DETERMINING;56
Operands;BALLOON;1
Operands;ACHIEVE;14
Operands;MISALLOCATION;1
Operands;ADVANTAGE;16
Operands;SAFEHARBOURS;1
Operands;CONTROLLED;62
Operands;SCRUTINY;1
Operands;STEP;12
Operands;ACQUISITIONS;3
Operands;ASSERTED;1
Operands;DATE;7
Operands;DATA;12
Operands;CORRECT;3
Operands;AMOUNT;263
Operands;RESPONSIBILITY;3
Operands;DIFFICULT;13
Operands;STAKE;8
Operands;CREATING;6
Operands;CONTROVERSY;1
Operands;SOLVE;4
Operands;CORRECTLY;2
Operands;BENEFITS;40
Operands;ADMINISTERING;1
Operands;PRODUCT;7
Operands;ANTIABUSE;7
Operands;PRODUCE;18
Operands;PERIODS;13
Operands;EXCLUSIONS;8
Operands;TRADEMARK;1
Operands;ENTITY;868
Operands;PRACTICES;1
Operands;BLENDING;55
Operands;ARGUED;1
Operands;LINE;37
Operands;SUCCEEDING;1
Operands;POSTFILING;14
Operands;AVAILABLE;27
Operands;25;23
Operands;26;3
Operands;20;54
Operands;21;2
Operands;22;7
Operands;23;17
Operands;29;1
Operands;LONG;10
Operands;PRIORITY;34
Operands;TOTAL;83
Operands;OPPORTUNITY;1
Operands;CARVEOUT;106
Operands;PERSON;50
Operands;BROAD;8
Operands;COLLECTION;5
Operands;IMPROVEMENTS;1
Operands;ACKNOWLEDGING;1
Operands;IMPLICATIONS;3
Operands;REGULATIONS;1
Operands;SIGNIFICANT;56
Operands;INDUSTRY;8
Operands;PRINCIPLES;39
Operands;LOCATED;140
Operands;INEFFECTIVE;2
Operands;UNLIKELY;6
Operands;TRANSLATE;1
Operands;DISCOVERY;1
Operands;SEPARABLE;1
Operands;LIABILITIES;41
Operands;HOLDINGS;1
Operands;REPORTING;38
Operands;BROUGHT;7
Operands;7;18
Operands;R&D;3
Operands;CONSIDERATION;43
Operands;REDETERMINATION;1
Operands;THIRD;29
Operands;POSE;1
Operands;SHAREHOLDERS;45
Operands;NEUTRALITY;13
Operands;EU;3
Operands;LEGALLY;5
Operands;ASPECTS;6
Operands;AREA;4
Operands;DISPERSION;1
Operands;ACTING;7
Operands;INSURERS;1
Operands;EARNING;4
Operands;CONTINUOUS;1
Operands;SMALL;10
Operands;FREQUENTLY;2
Operands;CATEGORIES;21
Operands;EASILY;2
Operands;REASONS;25
Operands;AIMS;5
Operands;GOVERNMENTAL;18
Operands;ASSETS/LIABILITIES;1
Operands;IMPLEMENTED;22
Operands;CENTRAL;2
Operands;JURISDICTIONS;276
Operands;MANNER;5
Operands;UNALLOCATED;3
Operands;DEMONSTRATE;2
Operands;BEARING;6
Operands;EXAMINE;1
Operands;INCORPORATION;4
Operands;RECOGNISE;8
Operands;DIVIDENDS;50
Operands;DISTRIBUTION;72
Operands;READILY;2
Operands;DATES;1
Operands;CREATION;4
Operands;GROUNDS;7
Operands;IMPACT;27
Operands;EARLIER;1
Operands;REACH;1
Operands;UNDERSTANDING;1
Operands;QUESTIONS;21
Operands;TRANSFERS;5
Operands;VERY;4
Operands;BEAR;4
Operands;75;15
Operands;INTANGIBLE;20
Operands;INCONSISTENT;7
Operands;71;1
Operands;70;5
Operands;LOWVALUE;2
Operands;QUALIFIES;2
Operands;SIMPLIFICATION;52
Operands;ENGAGED;1
Operands;QUALIFIED;8
Operands;ROLE;3
Operands;ENGAGES;1
Operands;DISCLOSED;1
Operands;COLLECTING;2
Operands;JV;15
Operands;PARENTS;39
Operands;ASSET;98
Operands;BRINGING;3
Operands;IWG;1
Operands;LICENSE;2
Operands;DISCUSSION;12
Operands;MILLION;15
Operands;DESIRABLE;1
Operands;EXTRACTION;1
Operands;EMPLOYEE;12
Operands;EMPLOYED;4
Operands;METHOD;60
Operands;CREATED;20
Operands;OPERATES;38
Operands;COMPILE;2
Operands;PRACTICABLE;1
Operands;GUIDING;1
Operands;OPERATED;9
Operands;SUBMISSIONS;5
Operands;IAS;26
Operands;KNOWHOW;1
Operands;EXPERIENCE;1
Operands;DEFERRED;34
Operands;INCOME;1169
Operands;BUYER;7
Operands;FINANCING;12
Operands;GROUP;447
Operands;BRINGS;1
Operands;INTERLINKED;2
Operands;MANAGE;2
Operands;TIER;2
Operands;KOREA;3
Operands;TRANSITIONAL;4
Operands;MARKUP;7
Operands;PLAYING;9
Operands;FRAMEWORK;93
Operands;DIFFICULTIES;1
Operands;EMPLOYEES;37
Operands;GOVERNMENTS;7
Operands;FUNDING;3
Operands;KEY;113
Operands;DIGITALISATION;3
Operands;PRIOR;36
Operands;CLIFFEDGE;1
Operands;SCRUTINISED;1
Operands;MINOR;6
Operands;UNREALISED;1
Operands;ATTRIBUTED;3
Operands;EXPLORE;13
Operands;PURPOSE;83
Operands;FIVE;1
Operands;RESOLVED;1
Operands;RESIDENCE;92
Operands;SUBJECTED;1
Operands;GLOBAL;10
Operands;BENEFICIARY;1
Operands;ELIMINATE;11
Operands;SUBSIDIARY;83
Operands;CHARACTERISTICS;3
Operands;DISTRIBUTING;8
Operands;YEARTOYEAR;1
Operands;VALUABLE;4
Operands;FAIRNESS;1
Operands;GILTI;16
Operands;EXAMPLE;288
Operands;VOLATILITY;4
Operands;EARN;3
Operands;INTERCOMPANY;8
Operands;MANUAL;2
Operands;RESULTS;28
Operands;STRATEGY;1
Operands;33;3
Operands;INTERNAL;4
Operands;INNOVATION;1
Operands;CONTRAST;4
Operands;TURNOVER;5
Operands;DELINEATE;1
Operands;NONOPERATING;1
Operands;RCO;2
Operands;SIMPLIFIED;33
Operands;SITUATION;23
Operands;CARRYFORWARDS;39
Operands;ACTIVATING;1
Operands;SECTORSPECIFIC;1
Operands;TERM;26
Operands;OWN;31
Operands;OBLIGATIONS;11
Operands;ARISING;57
Operands;FORMULAIC;16
Operands;STEMMING;1
Operands;BROKERS;1
Operands;INTEREST;94
Operands;9;16
Operands;RETAIN;5
Operands;COUNTERPARTIES;3
Operands;DISTRIBUTE;4
Operands;OCCASIONS;1
Operands;CONDUCT;2
Operands;AMORTIZATION;3
Operands;COORDINATION;40
Operands;IIR5;1
Operands;FISCAL;10
Operands;PLANT;34
Operands;PLANS;4
Operands;SCENARIO;7
Operands;POINTED;2
Operands;CONSULTATION;5
Operands;OPERATING;31
Operands;PURE;1
Operands;IMPROVING;1
Operands;COMMENTARY;23
Operands;CONFIRMED;1
Operands;RELIEVING;1
Operands;CONSUMERS;1
Operands;STATELESS;35
Operands;ADMINISTRATION;43
Operands;OPPOSED;1
Operands;INTERNATIONAL;48
Operands;ORDER;96
Operands;TERMS;17
Operands;GAINS;34
Operands;TURN;7
Operands;NOTING;1
Operands;VALUATION;1
Operands;TYPES;17
Operands;GROWTH;1
Operands;YEAR;345
Operands;APPROPRIATELY;7
Operands;COLLECT;12
Operands;CERTIFICATION;13
Operands;AUTHORITY;10
Operands;FUTURE;23
Operands;FLUCTUATIONS;1
Operands;MAIN;4
Operands;FREEDOMS;1
Operands;VARIATIONS;1
Operands;PERFORMED;16
Operands;RELIGIOUS;1
Operands;JURISDICTIONAL;130
Operands;TECHNICALLY;2
Operands;IRREGULAR;1
Operands;300;10
Operands;AFFILIATES;1
Operands;SUBJECTIVE;1
Operands;COMPETITORS;1
Operands;THREESTEP;1
Operands;FOLLOW;8
Operands;LINKED;10
Operands;OVERSTATED;2
Operands;SELFCONSTRUCTED;6
Operands;ADJUSTMENTS;92
Operands;72;1
Operands;CHOICE;2
Operands;SUBSTANCE;11
Operands;PREPARE;22
Operands;INTERACTIONS;2
Operands;TECHNICAL;38
Operands;REFUNDED;4
Operands;SUFFICE;1
Operands;RECHARGING;1
Operands;ACT;5
Operands;SERVICES;55
Operands;AFFECT;12
Operands;OPEN;1
Operands;PROLIFERATION;1
Operands;EASE;2
Operands;PARTNERSHIP;39
Operands;SALE;28
Operands;ESTABLISHMENTS;19
Operands;EASY;3
Operands;OUTLINED;3
Operands;EXCLUSIVELY;17
Operands;HIGHLY;3
Operands;RISKS;43
Operands;STATEMENT;14
Operands;TYPICAL;1
Operands;PAYABLE;15
Operands;BOOK;5
Operands;OFFSHORE;5
Operands;SUBSTANTIALLY;5
Operands;EVIDENCE;2
Operands;RESULTING;18
Operands;INCURRED;30
Operands;MERGER;3
Operands;WELL;31
Operands;DISREGARDED;25
Operands;IGNORING;1
Operands;ROYALTY;19
Operands;ADVANCES;1
Operands;OPERATION;61
Operands;SUFFICIENT;15
Operands;BACKTOBACK;2
Operands;STANDARDS;64
Operands;INVESTEE;1
Operands;TIMING;62
Operands;DIVIDEND;25
Operands;ESSENTIAL;1
Operands;DEVELOPMENT;23
Operands;LANGUAGE;2
Operands;NOTE;5
Operands;RATIONALE;22
Operands;2008;1
Operands;MAINTAINING;3
Operands;SIMPLER;8
Operands;PERFORM;3
Operands;FINALISATION;3
Operands;DUAL;2
Operands;FALL;18
Operands;RESEARCH;2
Operands;VIEWED;2
Operands;ADDRESSED;9
Operands;IMPROVES;3
Operands;RELEVANT;111
Operands;MEASURE;37
Operands;PERIOD;115
Operands;ECONOMIC;39
Operands;PREMIUM;4
Operands;EXPLANATION;2
Operands;STRUCTURED;5
Operands;RECOGNISED;50
Operands;SIMPLEST;1
Operands;LAW;62
Operands;STRUCTURES;37
Operands;AREAS;9
Operands;FOREIGN;106
Operands;NONCONTROLLING;2
Operands;DEFINED;28
Operands;MATERIALLY;11
Operands;EXPLICIT;1
Operands;MATERIALITY;25
Operands;FEASIBLE;2
Operands;APPROPRIATE;44
Operands;PRODUCTS;2
Operands;LOCATION;5
Operands;STARTING;21
Operands;ESSENTIALLY;4
Operands;NECESSARILY;3
Operands;NONGAAP;1
Operands;AGREED;88
Operands;RESPONSIBLE;3
Operands;ACCURATELY;3
Operands;PARAGRAPH;60
Operands;INTENT;3
Operands;IMMEDIATELY;7
Operands;TECHNOLOGY;2
Operands;INVESTMENT;108
Operands;CBC;18
Operands;39;3
Operands;DEACTIVATE;2
Operands;32;1
Operands;31;1
Operands;30;11
Operands;37;1
Operands;36;4
Operands;35;1
Operands;34;6
Operands;GROSS;22
Operands;FEATURES;17
Operands;BINDING;3
Operands;APPLICATION;146
Operands;LEVELS;7
Operands;IDENTIFY;20
Operands;PUBLICATION;1
Operands;POINT;26
Operands;SALARIES;2
Operands;WORDS;11
Operands;CONSULT;3
Operands;EXPECTED;46
Operands;ACKNOWLEDGE;1
Operands;ALIGN;11
Operands;REGARD;13
Operands;FULFILMENT;2
Operands;8;17
Operands;PORTFOLIO;5
Operands;OBJECTIVE;4
Operands;CALENDAR;2
Operands;EURO;1
Operands;LOSS;166
Operands;RIGHTS;30
Operands;SECURITIES;24
Operands;CONSISTENTLY;12
Operands;LEVEL3;1
Operands;COORDINATE;4
Operands;ACCUMULATED;7
Operands;CENTRALISED;1
Operands;PAGE;2
Operands;OPERATIONS;26
Operands;750000;1
Operands;LINES;4
Operands;HOLDING;10
Operands;TRYING;1
Operands;BREAKDOWN;2
Operands;CHOSEN;1
Operands;UTPRS;3
Operands;BECOME;7
Operands;STATUTE;3
Operands;NECESSARY;57
Operands;REMAINS;9
Operands;GUIDELINES;5
Operands;MULTILATERAL;39
Operands;CIRCUMVENTED;1
Operands;SHAREHOLDING;3
Operands;GENERATES;3
Operands;LOWERTIERED;1
Operands;ESTABLISHING;2
Operands;GENERATED;7
Operands;DUPLICATIVE;1
Operands;WIDESPREAD;1
Operands;CYCLES;3
Operands;REFUND;23
Operands;TRANSACTION;26
Operands;TAXING;44
Operands;CERTAINTY;19
Operands;ECONOMIES;1
Operands;137;2
Operands;EQUIVALENCY;2
Operands;USUALLY;8
Operands;ADEQUATELY;3
Operands;FORESEEABLE;1
Operands;ORGANISATIONS;22
Operands;DISCREPANCY;1
Operands;UNPAID;1
Operands;2019;7
Operands;GOALS;1
Operands;COMPARATIVE;1
Operands;2017;6
Operands;2010;1
Operands;FOUNDATION;4
Operands;EXEMPTION;59
Operands;COMPANIES;25
Operands;REALLOCATE;2
Operands;RETURNS;29
Operands;BURDEN;34
Operands;ROBUST;2
Operands;TICKET;1
Operands;BEPS;101
Operands;STOCK;45
Operands;LONGTERM;3
Operands;ORDINARILY;3
Operands;EXIST;5
Operands;EFFECTS;9
Operands;ENTERPRISE;10
Operands;BUSINESS;98
Operands;PRODUCES;3
Operands;PRODUCED;3
Operands;ACCOUNTABLE;4
Operands;CONTEXT;40
Operands;IFRS;67
Operands;80;19
Operands;85;1
Operands;WEBSITE;2
Operands;MANAGED;7
Operands;JOINT;40
Operands;NEXUS;5
Operands;BECOMES;7
Operands;FLOW;14
Operands;EFFICIENCIES;1
Operands;EXCISE;3
Operands;RANGE;17
Operands;EXPECT;2
Operands;QUARTERLY;1
Operands;WITHHOLDING;71
Operands;LABOURINTENSIVE;1
Operands;DEDUCIBLE;1
Operands;BENCHMARKING;1
Operands;CHARACTERISATION;1
Operands;FOCUSED;9
Operands;TAXATION;135
Operands;LEVIED;26
Operands;PRACTICAL;4
Operands;POTENTIALLY;12
Operands;DECIDE;3
Operands;STRONG;6
Operands;ESTABLISHMENT;64
Operands;DIRECTED;1
Operands;MANAGEMENT;15
Operands;ODDS;1
Operands;WORK;76
Operands;SPREAD;2
Operands;MASS;1
Operands;BEGINNING;11
Operands;AFFAIRS;1
Operands;EXCEED;18
Operands;CHANGED;2
Operands;PROGRESSIVE;1
Operands;DUE;34
Operands;UNDERLYING;48
Operands;ADAPT;1
Operands;EXPENSE;62
Operands;SELLING;2
Operands;TARGET;37
Operands;DISPOSAL;3
Operands;MATTER;13
Operands;PARTIES;26
Operands;ADVISORY;1
Operands;PROCESSES;6
Operands;STATEMENTS;62
Operands;NETWORK;1
Operands;RECOGNISING;6
Operands;DRAW;1
Operands;STATES;12
Operands;CUT;1
Operands;SEVERED;1
Operands;INVESTORS;20
Operands;MANAGING;6
Operands;RELIABLE;10
Operands;ENTITIES;477
Operands;MITIGATED;1
Operands;RELIABLY;5
Operands;AGGREGATE;24
Operands;TWOSTEP;3
Operands;LEGISLATURE;1
Operands;QUOTED;1
Operands;JURISDICTION;967
Operands;QUALIFICATION;1
Operands;FORWARD;24
Operands;POOL;6
Operands;RIGHT;36
Operands;CONSIDERED;67
Operands;INDICATOR;2
Operands;ACHIEVED;3
Operands;LICENSEE;1
Operands;LICENSED;1
Operands;ACHIEVES;2
Operands;LIKELY;44
Operands;WIDE;3
Operands;ACCRUED;39
Operands;BEST;6
Operands;STAGGERED;1
Operands;GLOBE;715
Operands;ACTIVITY;13
Operands;RETAINING;1
Operands;WORDING;1
Operands;NATURAL;21
Operands;HISTORICAL;7
Operands;SECTORS;4
Operands;TREATYBASED;1
Operands;120;5
Operands;125;1
Operands;DEBT;3
Operands;INDEPENDENT;19
Operands;ACTIONS;4
Operands;REFLECT;10
Operands;ITEM;21
Operands;EXEMPTIONS;10
Operands;ENSURES;26
Operands;LIGHT;8
Operands;INITIAL;3
Operands;MODIFY;1
Operands;DIRECT;52
Operands;LEAVE;5
Operands;RATE;400
Operands;FORMULA;10
Operands;MEASURING;2
Operands;ERRORS;1
Operands;RECOVERING;1
Operands;INTRODUCTION;2
Operands;LIABILITY;141
Operands;JUSTIFY;3
Operands;APPROACH;163
Operands;INCURS;3
Operands;ITEMS;45
Operands;REASON;4
Operands;DISPUTES;6
Operands;UNIT;28
Operands;DISPUTE;8
Operands;CATEGORY;11
Operands;OBTAINING;4
Operands;PURCHASING;2
Operands;PERHAPS;6
Operands;SMOOTH;2
Operands;EVALUATION;5
Operands;DISTINCTION;3
Operands;CUMBERSOME;1
Operands;REALLOCATING;1
Operands;QUANTUM;2
Operands;PREREGIME;2
Operands;EXCHANGE;21
Operands;DISTRIBUTED;16
Operands;FREE;3
Operands;STANDARD;85
Operands;ANSWER;40
Operands;MODEST;1
Operands;INVENTORY;9
Operands;DISTRIBUTES;3
Operands;PERCENTAGE;65
Operands;BENEFIT;49
Operands;LEADS;1
Operands;OECD;78
Operands;BURDENSOME;6
Operands;MEMBERS;55
Operands;STRATEGIES;2
Operands;ROYALTIES;11
Operands;PRESUMPTION;2
Operands;DIRECTLY;85
Operands;AGENCIES;2
Operands;WORKIN;1
Operands;TYPICALLY;28
Operands;RECHARGE;5
Operands;UNDUE;7
Operands;CONCEPTUALLY;4
Operands;LOWRISK;4
Operands;CALCULATION;55
Operands;INDIA;3
Operands;QUALIFY;11
Operands;COUNCIL;1
Operands;PERFECT;4
Operands;INPUTS;2
Operands;INSURANCE;29
Operands;AMORTISATION;1
Operands;RINGFENCE;1
Operands;INABILITY;1
Operands;MTC;6
Operands;FIND;4
Operands;EARNED;28
Operands;TRANSFER;38
Operands;49;1
Operands;NUANCES;2
Operands;YEARS;64
Operands;INSTRUMENT;6
Operands;CONTINUED;1
Operands;INTERMEDIARY;12
Operands;USEFUL;13
Operands;CONCLUSION;2
Operands;WARRANTY;2
Operands;GROUNDUP;1
Operands;DEAL;10
Operands;TOOL;8
Operands;CONSISTENCY;9
Operands;INTRODUCING;4
Operands;SUPPORTED;1
Operands;FACTS;73
Operands;ILLUSTRATE;1
Operands;EASIEST;1
Operands;PROVE;1
Operands;CLEAR;7
Operands;ENGAGING;1
Operands;SUPPLIER;4
Operands;PLANNING;7
Operands;POOLS;2
Operands;SCOPE;85
Operands;RECEIVING;7
Operands;TRANSFEROR;1
Operands;RESOURCES;28
Operands;LIMITED;40
Operands;ROLLEDUP;1
Operands;CITIZENS;1
Operands;LATE;1
Operands;MATTERS;6
Operands;LENGTH;13
Operands;EXPERIENCES;1
Operands;MODIFICATION;12
Operands;ADVANCE;1
Operands;CONTRIBUTIONS;13
Operands;INTERIM;4
Operands;CHALLENGE;1
Operands;DISCUSSED;40
Operands;ACCEPT;1
Operands;ADMINISTER;6
Operands;ENTITYLEVEL;4
Operands;REPORT;47
Operands;DISCUSSES;6
Operands;BROADLY;8
Operands;CONTRACTOR;1
Operands;CONVENTION;41
Operands;MANUFACTURING;5
Operands;STAGE;1
Operands;NONCONSTITUENT;5
Operands;SOURCES;9
Operands;INCLUDE;88
Operands;US;9
Operands;OCCUR;5
Operands;UN;11
Operands;LISTED;12
Operands;UK;1
Operands;ACCOUNT;111
Operands;OPTION;19
Operands;DEFAULT;1
Operands;PURPOSES;260
Operands;REPORTS;6
Operands;BROKEN;2
Operands;VENTURE;8
Operands;EVASION;1
Operands;INEQUITIES;2
Operands;DIAGRAM;2
Operands;CONCERNS;18
Operands;SCHEME;1
Operands;AGAIN;2
Operands;FEE;16
Operands;RECEIVE;5
Operands;ADVANTAGES;10
Operands;DESIGNING;3
Operands;SPURS;1
Operands;REALLOCATION;3
Operands;TRANSITION;3
Operands;ABLE;17
Operands;ANALYSIS;57
Operands;FAILURE;4
Operands;INCUR;2
Operands;USING;52
Operands;DISCLOSURE;1
Operands;HALLMARKS;2
Operands;SYSTEM;22
Operands;GROUPS;66
Operands;CIT;19
Operands;COUNTED;1
Operands;CHANGE;21
Operands;EXCESSIVE;4
Operands;48;1
Operands;BRING;20
Operands;RULES;718
Operands;EXPERIENCING;1
Operands;40;38
Operands;41;4
Operands;ELECTS;1
Operands;EQUITY;182
Operands;RESOLUTION;7
Operands;ILLEGAL;2
Operands;RULE5;1
Operands;PLAN;1
Operands;MIXED;1
Operands;LOCAL;197
Operands;RESELL;1
Operands;SELL;1
Operands;UTPR;486
Operands;ENCOURAGE;3
Operands;PERIODIC;4
Operands;PRINCIPAL;8
