Operators;THEN;4
Operators;REQUIRE;1
Operators;SEEMS;1
Operators;WHILE;1
Operators;SAME;1
Operators;ALTHOUGH;2
Operators;ADDITION;2
Operators;MITIGATE;1
Operators;SET;2
Operators;DETERMINES;4
Operators;ADDITIONAL;2
Operators;REQUIRED;1
Operators;HOWEVER;4
Operators;BUT;1
Operators;ALSO;3
Operators;DETERMINED;3
Operators;DETERMINE;4
Operators;AGGREGATE;1
Operators;APPLY;3
Operators;SUBSEQUENTLY;3
Operators;IF;8
Operators;INVOLVES;2
Operators;APPLIED;6
Operators;SECONDLY;1
Operators;REGARDLESS;1
Operators;DIVIDE;1
Operators;FOR;36
Operators;FACTORS;1
Operators;ASSUMED;2
Operators;SINCE;2
Operators;THUS;1
Operators;INCLUDES;1
Operators;HOW;3
Operators;AS;18
Operators;BECAUSE;4
Operators;THEREFORE;2
Operators;FURTHER;1
Operators;INCLUDING;2
Operators;SIMILAR;7
Operators;REDUCED;1
Operators;PRESUMED;1
Operators;FIRST;5
Operators;AND;67
Operators;STILL;1
Operators;REQUIREMENTS;1
Operators;ESPECIALLY;1
Operators;CALCULATING;1
Operators;MAY;15
Operators;AFTER;3
Operators;SECOND;4
Operators;SPECIFICALLY;1
Operators;INSTANCE;1
Operators;SETTING;1
Operators;SO;3
Operators;DESPITE;1
Operators;NOT;20
Operators;RESPECT;2
Operators;OR;21
Operands;MODIFICATIONS;1
Operands;TRANSACTION;14
Operands;DEAL;1
Operands;PERFORM;1
Operands;TAXATION;1
Operands;ECONOMIES;1
Operands;ALLOCATION;8
Operands;TESTED;3
Operands;PRACTICES;3
Operands;EXTENT;1
Operands;PARTY;1
Operands;ORDER;1
Operands;AVAILABLE;3
Operands;GROUP;1
Operands;ENGAGE;1
Operands;20;1
Operands;STARTS;1
Operands;TAX;8
Operands;SPECIFIC;2
Operands;COMPENSATION;3
Operands;4;1
Operands;CONDITIONS;1
Operands;METHOD;47
Operands;ACTIVITIES;3
Operands;GLOBAL;1
Operands;TRANSACTIONS;23
Operands;PROVIDE;3
Operands;WEAKNESS;1
Operands;MEASURE;3
Operands;COMPANIES;4
Operands;DESIGNS;1
Operands;COLLECTION;1
Operands;COMPARABILITY;2
Operands;ENGAGING;1
Operands;RETURNS;3
Operands;IMPROVEMENTS;1
Operands;YEAR;3
Operands;X;3
Operands;PROPERTIES;2
Operands;INDEPENDENT;8
Operands;EXPENDITURES;4
Operands;ASSETS;6
Operands;EFFICIENCY;1
Operands;KNOWHOW;1
Operands;ACTIONS;2
Operands;REFLECT;4
Operands;JOINT;2
Operands;EXPERIENCES;1
Operands;ENTERPRISE;8
Operands;MARGIN;1
Operands;USED;15
Operands;BASED;15
Operands;BUSINESS;6
Operands;COUNTRY;5
Operands;CAPITALIZED;2
Operands;FOREIGN;2
Operands;OWNED;2
Operands;FINAL;1
Operands;PROFIT;43
Operands;MARKETING;5
Operands;COMPANY;22
Operands;RESEARCH;4
Operands;APPROPRIATE;5
Operands;PRODUCTS;5
Operands;MEASUREMENT;2
Operands;APPROACH;10
Operands;COMMODITY;3
Operands;CONSISTENT;1
Operands;RELY;1
Operands;PARAGRAPH;1
Operands;RESULT;3
Operands;INCLUDE;3
Operands;TIMELY;1
Operands;FINANCIAL;2
Operands;DISADVANTAGES;4
Operands;UN;1
Operands;TIME;2
Operands;AVOIDS;1
Operands;EXTERNAL;6
Operands;GROSS;1
Operands;REFERENCED;2
Operands;ASSOCIATED;25
Operands;TITLE;2
Operands;DEFAULT;1
Operands;SECTION;5
Operands;WEAKNESSES;2
Operands;PRACTICAL;5
Operands;APPLICATION;8
Operands;IDENTIFY;1
Operands;ELIMINATE;1
Operands;VENTURE;2
Operands;SERVICES;2
Operands;FREQUENTLY;1
Operands;ELECTRONIC;4
Operands;RECENT;1
Operands;METHODS;10
Operands;EASE;1
Operands;REMAIN;1
Operands;TRADE;1
Operands;WORDS;1
Operands;ADMINISTRATIONS;2
Operands;SAFE;2
Operands;FAIR;1
Operands;DETERMINING;2
Operands;JURISDICTIONS;1
Operands;DOMESTIC;2
Operands;DIRECT;2
Operands;EXAMPLES;1
Operands;COSTS;2
Operands;STUDIES;1
Operands;RISKS;1
Operands;LIMITED;1
Operands;ARGENTINA;1
Operands;INVOLVED;2
Operands;ANALYSIS;16
Operands;TRADING;1
Operands;PARTIES;2
Operands;USING;5
Operands;DISTRIBUTION;1
Operands;OPERATIONS;1
Operands;USE;4
Operands;CONTROLLED;17
Operands;MARKETS;1
Operands;INTANGIBLES;4
Operands;DIRECTLY;2
Operands;BASIC;8
Operands;DATA;7
Operands;INCURRED;1
Operands;TERM;1
Operands;BENEFITS;2
Operands;RULES;2
Operands;ARISING;1
Operands;NATURE;1
Operands;WELL;1
Operands;ASIA;3
Operands;UNDERSTANDING;1
Operands;AMOUNT;3
Operands;REASONABLE;1
Operands;AGGREGATE;1
Operands;OPERATION;1
Operands;COMMODITIES;3
Operands;DEFENCE;2
Operands;NECESSARY;3
Operands;KEYS;1
Operands;STUDY;1
Operands;POTENTIAL;1
Operands;AMORTIZATION;1
Operands;EXPENSES;9
Operands;PROFITS;22
Operands;PUBLICLY;1
Operands;EARNED;2
Operands;PRICE;10
Operands;ENGAGED;1
Operands;YEARS;1
Operands;DEFINED;2
Operands;OPERATING;6
Operands;CONTRIBUTION;9
