Operators;REQUIRED;52
Operators;RENDER;1
Operators;THOUGH;8
Operators;APPROXIMATE;1
Operators;COMBINE;5
Operators;TREAT;2
Operators;ALTHOUGH;4
Operators;PRE;3
Operators;OUTCOME;3
Operators;DETERMINES;2
Operators;ADDITIONAL;18
Operators;DERIVED;20
Operators;HOWEVER;27
Operators;NEXT;12
Operators;DETERMINED;22
Operators;DETERMINE;32
Operators;EVALUATE;1
Operators;FIRST;8
Operators;CONSEQUENTLY;4
Operators;SUM;2
Operators;INVOLVES;2
Operators;MULTIPLIED;3
Operators;EXEMPTION;34
Operators;REPRESENT;2
Operators;ACCORDINGLY;3
Operators;DERIVE;2
Operators;SHIFTING;1
Operators;MEET;9
Operators;HENCE;19
Operators;ASSESSED;2
Operators;SIMILAR;5
Operators;REDUCED;6
Operators;BEFORE;12
Operators;SETTING;2
Operators;BECAUSE;19
Operators;ESPECIALLY;4
Operators;MAY;74
Operators;DEFINING;4
Operators;CONTAINS;1
Operators;PORTION;15
Operators;LIMITING;2
Operators;INSTANCE;5
Operators;INCLUDING;46
Operators;EITHER;12
Operators;ELIMINATION;11
Operators;RESPECT;1
Operators;OR;212
Operators;COMPRISE;1
Operators;APPLIED;18
Operators;ENSURES;2
Operators;AFTER;11
Operators;PREVIOUSLY;1
Operators;REQUIRE;24
Operators;RESTRICT;1
Operators;DECREASE;2
Operators;ALLOWING;3
Operators;EXCESS;13
Operators;ACTUALLY;1
Operators;CHANGES;14
Operators;PREVENT;9
Operators;TESTS;4
Operators;COMPARED;2
Operators;DISTINCT;2
Operators;IRRESPECTIVE;1
Operators;BELONG;3
Operators;BUT;32
Operators;FALLS;15
Operators;NOTABLY;2
Operators;NOTWITHSTANDING;1
Operators;ENSURE;20
Operators;SUBSEQUENTLY;2
Operators;REQUIRES;7
Operators;CONSIDERING;5
Operators;AND/OR;3
Operators;FOR;343
Operators;ADDITION;10
Operators;DESPITE;1
Operators;INSTEAD;7
Operators;ALLOCATING;3
Operators;TREATED;5
Operators;AND;536
Operators;CONVERSELY;1
Operators;SHALL;1
Operators;INITIALLY;2
Operators;INCLUSIVE;34
Operators;FINALLY;4
Operators;YET;3
Operators;EXEMPTIONS;6
Operators;NOT;135
Operators;NOR;5
Operators;THEN;19
Operators;[X];6
Operators;ALTERNATIVELY;5
Operators;FURTHERMORE;1
Operators;DEEMED;5
Operators;ETC;1
Operators;WHILE;4
Operators;TREATMENT;10
Operators;GREATER;5
Operators;OTHERWISE;5
Operators;LIMITATIONS;8
Operators;SET;6
Operators;COMPUTING;17
Operators;RATHER;8
Operators;WHOLE;8
Operators;SIMILARLY;7
Operators;CONTRARY;2
Operators;WERE;9
Operators;EXCEPTIONS;3
Operators;APPLY;46
Operators;STILL;10
Operators;SOLELY;2
Operators;WHY;2
Operators;EXCEED;8
Operators;ENTAIL;2
Operators;FACTORS;7
Operators;AVERAGE;4
Operators;THUS;11
Operators;SECOND;6
Operators;REDUCING;2
Operators;WAS;4
Operators;PREVIOUS;3
Operators;RESTRICTIONS;8
Operators;LIKE;3
Operators;PRESCRIBE;3
Operators;SUBMIT;1
Operators;NEVERTHELESS;2
Operators;SO;10
Operators;EXEMPT;1
Operators;SPECIFICALLY;6
Operators;EXCEPTION;2
Operators;PARTICULARLY;10
Operators;EXCLUSION;8
Operators;IMPLEMENTING;1
Operators;SEEM;5
Operators;OPTIONS;4
Operators;THEREBY;1
Operators;TESTING;1
Operators;ALSO;54
Operators;COMPUTATION;12
Operators;PERMIT;1
Operators;AGGREGATE;1
Operators;FURTHER;40
Operators;ESTABLISH;4
Operators;REGARDING;1
Operators;COMPUTED;10
Operators;ASSUMED;4
Operators;WHEREAS;2
Operators;INCLUDES;11
Operators;HOW;6
Operators;AS;186
Operators;THEREFORE;25
Operators;IF;39
Operators;IMPOSE;1
Operators;REQUIREMENTS;6
Operators;CALCULATING;5
Operators;ANNEX;9
Operators;=;17
Operators;OVERALL;4
Operators;SAME;21
Operators;ENSURING;8
Operators;PERMITTED;4
Operands;SIMPLE;4
Operands;UNCERTAINTY;3
Operands;OBTAIN;1
Operands;EFFICIENCY;2
Operands;CUSTOMER;2
Operands;INVOLVED;1
Operands;TAX;220
Operands;PERFORM;4
Operands;AUDIT;1
Operands;AFFECTED;3
Operands;FIT;1
Operands;TRANSACTIONS;20
Operands;STAKE;2
Operands;PERIOD;31
Operands;BUSINESSES;43
Operands;REGULARLY;1
Operands;COMPENSATE;1
Operands;ASSETS;4
Operands;GUIDANCE;3
Operands;ANNUAL;1
Operands;CHARGE;1
Operands;SIMPLEST;3
Operands;USED;17
Operands;195;1
Operands;197;1
Operands;191;1
Operands;FOREIGN;5
Operands;273;1
Operands;275;1
Operands;DEFINED;5
Operands;COMPANY;1
Operands;COMPLIANCE;25
Operands;MATERIALITY;2
Operands;APPROPRIATE;17
Operands;PRODUCTS;7
Operands;ADDRESSING;3
Operands;CONSISTENT;23
Operands;RESPONSIBLE;1
Operands;ACCURATELY;3
Operands;PARAGRAPH;5
Operands;RESULT;19
Operands;TECHNOLOGY;1
Operands;INVESTMENT;9
Operands;105;3
Operands;CARRYFORWARD;42
Operands;DELIVER;4
Operands;OUTOFSCOPE;28
Operands;INTRODUCED;6
Operands;PENALTIES;1
Operands;EXPECT;1
Operands;GROSS;4
Operands;APPLICATION;14
Operands;IDENTIFY;12
Operands;LIMITATIONS;8
Operands;DEFINITION;21
Operands;METHODS;2
Operands;MEMBER;1
Operands;GOODS;5
Operands;DETERMINING;12
Operands;DOMESTIC;19
Operands;EXPENSES;30
Operands;UNPREDICTABLE;1
Operands;OBJECTIVE;4
Operands;SHAREHOLDERS;1
Operands;RIGHTS;25
Operands;SECURITIES;1
Operands;OPERATIONS;2
Operands;CONTROLLED;1
Operands;REMUNERATION;2
Operands;DEBT;3
Operands;238;1
Operands;DATA;9
Operands;231;1
Operands;ACQUISITIONS;1
Operands;MEANINGFUL;1
Operands;NATURE;10
Operands;AMOUNT;449
Operands;BREAKDOWN;2
Operands;SEGMENTATION;63
Operands;145;1
Operands;NECESSARY;23
Operands;140;1
Operands;KEYS;6
Operands;148;1
Operands;149;1
Operands;BENEFITS;2
Operands;ELECT;3
Operands;PUBLICLY;1
Operands;PRODUCE;10
Operands;LICENSING;1
Operands;DUPLICATIVE;3
Operands;CONTRIBUTION;1
Operands;GEOGRAPHIC;2
Operands;EXCLUSIONS;1
Operands;ENTITY;43
Operands;ALLOCATION;88
Operands;135;2
Operands;EQUIVALENCY;1
Operands;ARGUED;3
Operands;ECONOMY;1
Operands;AVAILABLE;10
Operands;RELY;3
Operands;GAAP;23
Operands;20;17
Operands;SIGNIFICANCE;1
Operands;29;1
Operands;OPTIONALITY;1
Operands;PERCENTAGE;29
Operands;TOTAL;37
Operands;CONDITIONS;2
Operands;TAXATION;50
Operands;PAYMENTS;3
Operands;EXEMPTION;34
Operands;AMOUNTS;4
Operands;AVOID;6
Operands;COMPANIES;1
Operands;HIGH;4
Operands;RETURNS;3
Operands;REPORTS;2
Operands;CONDUCTING;2
Operands;AUSTRALIA;2
Operands;OBJECTIVES;7
Operands;EFFECTS;1
Operands;MARGIN;32
Operands;BASED;50
Operands;BUSINESS;108
Operands;147;2
Operands;COUNTRY;1
Operands;SOMETIMES;1
Operands;REDUCE;19
Operands;LOCATED;1
Operands;IFRS;12
Operands;83;2
Operands;INDIRECT;2
Operands;FINAL;1
Operands;BEGIN;1
Operands;BLENDING;1
Operands;MANAGED;1
Operands;SINGAPORE;2
Operands;PROFIT;279
Operands;BECOMES;2
Operands;REPORTING;14
Operands;BROUGHT;2
Operands;171;1
Operands;MEASUREMENT;1
Operands;CONSIDERATION;17
Operands;CLASSIFICATION;7
Operands;DOCUMENTATION;1
Operands;EXAMPLES;5
Operands;MECHANISM;41
Operands;STRICT;1
Operands;CONTINUE;7
Operands;TIME;25
Operands;JAPAN;2
Operands;INSURANCE;1
Operands;621;3
Operands;624;3
Operands;SECTION;41
Operands;454;1
Operands;PRACTICAL;7
Operands;TREATMENT;10
Operands;178;2
Operands;FREQUENTLY;1
Operands;CATEGORIES;1
Operands;MANAGEMENT;1
Operands;TRADE;6
Operands;187;1
Operands;650;6
Operands;LIGHT;1
Operands;RAISED;2
Operands;APPORTIONMENT;1
Operands;MODELS;8
Operands;ACCURATE;1
Operands;JURISDICTIONS;114
Operands;UNALLOCATED;3
Operands;EXPENSE;4
Operands;REPRESENT;2
Operands;13;1
Operands;12;1
Operands;14;4
Operands;CHINA;4
Operands;DETERMINATIONS;2
Operands;PARTIES;6
Operands;DISTRIBUTION;55
Operands;READILY;1
Operands;CREATION;1
Operands;EXCEED;8
Operands;INTANGIBLES;9
Operands;BASIC;1
Operands;ARISING;9
Operands;LOSSES;109
Operands;REACH;1
Operands;ENTITIES;19
Operands;260;1
Operands;AGGREGATE;1
Operands;CLASS;1
Operands;205;1
Operands;VERY;2
Operands;CARRYBACK;2
Operands;JURISDICTION;176
Operands;75;1
Operands;INCONSISTENT;7
Operands;ALTER;3
Operands;78;1
Operands;RIGHT;10
Operands;SIMPLIFICATION;2
Operands;ENGAGED;1
Operands;208;1
Operands;ALIGNED;1
Operands;FACT;5
Operands;216;1
Operands;PAY;11
Operands;LICENSED;1
Operands;ASSET;1
Operands;EXTENT;6
Operands;LICENSES;1
Operands;MATERIALLY;5
Operands;AVAILABILITY;1
Operands;CONSTRAINTS;4
Operands;692;2
Operands;EFFECTIVENESS;2
Operands;STARTS;1
Operands;GLOBE;4
Operands;INVOLVE;3
Operands;REMAIN;7
Operands;ACTIVITY;18
Operands;DISCUSSIONS;2
Operands;METHOD;14
Operands;ACTIVITIES;79
Operands;RISK;9
Operands;SECTORS;5
Operands;123;3
Operands;OPERATED;1
Operands;X;17
Operands;OPERATE;11
Operands;INDEPENDENT;2
Operands;MONITORING;5
Operands;KNOWHOW;1
Operands;SHARES;7
Operands;REFLECT;4
Operands;JOINT;12
Operands;EXEMPTIONS;6
Operands;CAPTURE;1
Operands;ENSURES;2
Operands;GROUP;203
Operands;CONSOLIDATED;47
Operands;INITIAL;4
Operands;DIRECT;1
Operands;EXISTING;81
Operands;ANALYSIS;5
Operands;FORMULA;42
Operands;PROCEDURES;1
Operands;PARTICIPATION;3
Operands;MEASURING;2
Operands;KOREA;2
Operands;INVESTMENTS;6
Operands;FRAMEWORK;58
Operands;OWNERSHIP;4
Operands;TRADING;3
Operands;APPROACH;79
Operands;RISKTAKING;1
Operands;FUNDING;1
Operands;BRANCH;2
Operands;DIGITALISATION;3
Operands;26;4
Operands;PRIOR;6
Operands;S;6
Operands;DISPUTES;2
Operands;EXTERNAL;2
Operands;INPUT;1
Operands;PROVIDED;7
Operands;FINANCIAL;57
Operands;UNREALISED;3
Operands;PROVIDES;3
Operands;REVENUES;11
Operands;SYSTEMS;2
Operands;ASSOCIATED;12
Operands;RESIDENCE;5
Operands;GLOBAL;13
Operands;COMMERCIAL;2
Operands;ELIMINATE;31
Operands;66;1
Operands;68;1
Operands;DISTINCTION;2
Operands;255;1
Operands;ABILITY;5
Operands;STANDALONE;3
Operands;PROFILES;1
Operands;AGREE;1
Operands;CONSIDERATIONS;9
Operands;FAIR;1
Operands;OVERLAY;2
Operands;FIELD;4
Operands;MODEST;1
Operands;INVENTORY;1
Operands;164;1
Operands;RESULTS;10
Operands;STRATEGIES;1
Operands;PUBLIC;5
Operands;CONTRAST;8
Operands;TURNOVER;1
Operands;DELINEATE;1
Operands;INCENTIVES;3
Operands;LOW;3
Operands;CONTROL;1
Operands;TERM;3
Operands;LOWRISK;1
Operands;CALCULATION;26
Operands;CORPORATE;4
Operands;INDIA;2
Operands;PLATFORM;2
Operands;QUALIFY;1
Operands;INCURRED;15
Operands;POLICY;12
Operands;ASSESSMENT;6
Operands;REALISATION;1
Operands;RESIDENT;9
Operands;LEADING;1
Operands;ACCEPTABLE;3
Operands;CAPITAL;3
Operands;COORDINATION;2
Operands;EARNS;3
Operands;SECRETARIAT;3
Operands;EARNED;4
Operands;YEARS;21
Operands;EXPLORED;2
Operands;OPERATING;23
Operands;CRITERIA;1
Operands;PRESERVE;2
Operands;EXPLAINED;1
Operands;212;1
Operands;DEAL;12
Operands;42;7
Operands;MOVE;1
Operands;TESTED;3
Operands;PARTY;7
Operands;REGULATORY;3
Operands;ORDER;5
Operands;CONSOLIDATION;6
Operands;SPECIFIC;29
Operands;TURN;2
Operands;4;29
Operands;281;1
Operands;283;4
Operands;SECTIONS;1
Operands;TYPES;8
Operands;PROVISIONS;1
Operands;APPROPRIATELY;1
Operands;PROVIDE;9
Operands;OVERVIEW;3
Operands;SAFE;73
Operands;GROWTH;1
Operands;YEAR;13
Operands;INTERNATIONAL;9
Operands;RECEIVING;1
Operands;58;2
Operands;LIMITED;11
Operands;CHALLENGING;5
Operands;PILLAR;22
Operands;ILLUSTRATED;4
Operands;CREDIT;2
Operands;534;1
Operands;MERITS;1
Operands;65;3
Operands;ACCEPT;4
Operands;ADMINISTER;4
Operands;252;1
Operands;CONDUCTED;6
Operands;ONGOING;6
Operands;REPORT;1
Operands;CANADA;2
Operands;MARKETING;51
Operands;RESEARCH;1
Operands;SUGGESTS;3
Operands;PRODUCTION;1
Operands;CONNECT;1
Operands;MEASURE;25
Operands;MNE;114
Operands;SHEET;1
Operands;PERFORMANCE;6
Operands;INCLUDE;35
Operands;INSTRUMENTS;2
Operands;ADJUSTMENTS;29
Operands;US;1
Operands;INFORM;2
Operands;CONTROLLING;1
Operands;IMPROVE;2
Operands;OPTION;5
Operands;DEFAULT;2
Operands;OPPORTUNITIES;3
Operands;BANKING;1
Operands;PERMANENT;5
Operands;VENTURE;6
Operands;ACT;1
Operands;SERVICES;16
Operands;NEW;19
Operands;AVOIDANCE;4
Operands;PROLIFERATION;1
Operands;EASE;10
Operands;CONCERNS;2
Operands;CLOSE;2
Operands;ADMINISTRATIONS;9
Operands;DRAW;1
Operands;750;7
Operands;COSTS;46
Operands;RISKS;2
Operands;DESIGNING;4
Operands;227;1
Operands;224;1
Operands;223;1
Operands;GOODWILL;1
Operands;TRANSITION;4
Operands;SUBMIT;1
Operands;USING;25
Operands;REALISED;2
Operands;150;1
Operands;USE;21
Operands;152;1
Operands;155;2
Operands;NUMBER;33
Operands;DIRECTLY;2
Operands;CIT;11
Operands;MARKETS;12
Operands;CHANGE;1
Operands;REGIMES;6
Operands;EXCESSIVE;1
Operands;USERS;1
Operands;49;2
Operands;RULES;99
Operands;SUBSEQUENT;7
Operands;EXCHANGE;3
Operands;WELL;6
Operands;40;1
Operands;41;1
Operands;POINTS;1
Operands;REASONABLE;1
Operands;EQUITY;7
Operands;RECEIVES;1
Operands;ILLEGAL;1
Operands;LIABILITIES;1
Operands;POTENTIAL;20
Operands;DIVIDEND;5
Operands;FEE;1
Operands;ELEMENT;1
Operands;LOCAL;19
Operands;PROFITS;114
Operands;SELL;1
Operands;SIGNIFICANTLY;3
Operands;NOTE;6
Operands;NEXUS;16
Operands;CALCULATIONS;2
Operands;PRINCIPAL;4
