Operators;THEN;4
Operators;AFTER;8
Operators;PARTICULARLY;1
Operators;EVALUATE;4
Operators;FURTHERMORE;1
Operators;HOWEVER;6
Operators;ETC;3
Operators;WHILE;2
Operators;COMBINE;1
Operators;SPECIFICALLY;1
Operators;OTHERWISE;1
Operators;LIMITATIONS;2
Operators;EQUALLY;1
Operators;SET;4
Operators;RATHER;2
Operators;SO;4
Operators;SIMILARLY;2
Operators;TESTING;1
Operators;DERIVED;1
Operators;SPLITTING;4
Operators;BUT;3
Operators;ALSO;9
Operators;DETERMINED;14
Operators;CONTRARY;1
Operators;DETERMINE;7
Operators;WERE;4
Operators;AGGREGATE;2
Operators;APPLY;3
Operators;IDENTIFIES;1
Operators;FIRST;2
Operators;ESTABLISH;1
Operators;WHY;1
Operators;APPLIED;9
Operators;REGARDING;3
Operators;UNLESS;1
Operators;DIVIDE;2
Operators;FOR;47
Operators;FACTORS;12
Operators;ASSUMED;8
Operators;SINCE;4
Operators;THUS;2
Operators;RESULTED;1
Operators;HOW;5
Operators;AS;38
Operators;COMPARED;2
Operators;THEREFORE;4
Operators;=;4
Operators;FURTHER;3
Operators;BEFORE;13
Operators;OUTCOME;2
Operators;SIMILAR;6
Operators;IF;5
Operators;AND;115
Operators;BECAUSE;5
Operators;ESPECIALLY;1
Operators;ANNEX;4
Operators;MAY;23
Operators;ENSURE;1
Operators;CONTAINS;1
Operators;SECOND;1
Operators;SAME;8
Operators;ADDITION;5
Operators;INCLUDING;5
Operators;EITHER;2
Operators;NOT;28
Operators;RESPECT;2
Operators;OR;32
Operands;SYSTEMS;1
Operands;TRANSACTION;26
Operands;212;1
Operands;SIMPLE;3
Operands;PAY;1
Operands;ECONOMIES;1
Operands;LICENSED;1
Operands;ALLOCATION;23
Operands;ASSET;16
Operands;EXTENT;1
Operands;X;2
Operands;RESEARCH;2
Operands;ORDER;3
Operands;AVAILABLE;4
Operands;GROUP;1
Operands;20;7
Operands;INVOLVED;1
Operands;TAX;8
Operands;ANTICIPATED;1
Operands;SPECIFIC;6
Operands;CRITICAL;1
Operands;4;7
Operands;ACTIVITY;1
Operands;ACTION;4
Operands;TOTAL;12
Operands;CONDITIONS;10
Operands;METHOD;53
Operands;TYPES;3
Operands;ACTIVITIES;5
Operands;WEAKNESSES;2
Operands;COUNCIL;2
Operands;TRANSACTIONS;30
Operands;PROVIDE;2
Operands;AVOID;1
Operands;MEASUREMENT;1
Operands;PERIOD;1
Operands;COMPARABILITY;4
Operands;ENGAGING;3
Operands;POLICY;1
Operands;RETURNS;6
Operands;BUSINESSES;1
Operands;PARTY;5
Operands;NATURE;1
Operands;BEPS;2
Operands;INDEPENDENT;16
Operands;DESIGNS;1
Operands;ASSETS;7
Operands;GUIDANCE;9
Operands;INTERPRETED;1
Operands;REFLECT;3
Operands;JOINT;1
Operands;ENTERPRISE;4
Operands;RATES;1
Operands;MAIN;1
Operands;MARGIN;6
Operands;65;5
Operands;ADVANCE;2
Operands;USED;26
Operands;BASED;11
Operands;BUSINESS;1
Operands;SOMETIMES;4
Operands;DIRECT;1
Operands;ACCEPT;1
Operands;CONDUCTED;1
Operands;26;2
Operands;ONGOING;2
Operands;NEW;1
Operands;REPORT;3
Operands;INDIRECT;1
Operands;ILLUSTRATED;1
Operands;BEGIN;1
Operands;PROFIT;129
Operands;COMPANY;5
Operands;SELLER;1
Operands;VERY;1
Operands;APPROPRIATE;17
Operands;PRODUCTS;2
Operands;MEASURE;2
Operands;CONSIDERATION;1
Operands;APPROACH;7
Operands;RESPONSIBLE;1
Operands;SHEET;1
Operands;CLASSIFICATION;1
Operands;CONSISTENT;5
Operands;DEPRECIATION;1
Operands;AVAILABILITY;2
Operands;RELY;1
Operands;ACCURATELY;1
Operands;PRIOR;2
Operands;PARAGRAPH;9
Operands;EXPECT;2
Operands;INCLUDE;4
Operands;INVESTMENT;1
Operands;ILLUSTRATIVE;2
Operands;CATEGORY;2
Operands;FINANCIAL;2
Operands;INSTRUMENTS;1
Operands;GOODS;6
Operands;ADJUSTMENTS;6
Operands;TIME;5
Operands;REVENUES;1
Operands;RESULT;2
Operands;GROSS;6
Operands;ASSOCIATED;23
Operands;SECTION;8
Operands;GLOBAL;2
Operands;PRACTICAL;1
Operands;APPLICATION;18
Operands;PERMANENT;3
Operands;IDENTIFY;4
Operands;ELIMINATE;1
Operands;66;1
Operands;APPROPRIATELY;2
Operands;FREQUENTLY;1
Operands;REWARDED;1
Operands;STRONG;1
Operands;ELECTRONIC;1
Operands;LIMITATIONS;2
Operands;ASSETBASED;2
Operands;METHODS;14
Operands;ACQUIRED;1
Operands;CONCERNS;2
Operands;187;1
Operands;COMMITTEE;2
Operands;ADMINISTRATIONS;1
Operands;ADEQUATELY;2
Operands;SECTIONS;2
Operands;DRAW;2
Operands;INITIAL;15
Operands;DETERMINING;8
Operands;JURISDICTIONS;1
Operands;EXPENSES;28
Operands;EXAMPLES;2
Operands;COSTS;13
Operands;RISKS;10
Operands;LIMITED;1
Operands;OBJECTIVE;2
Operands;EXPENSE;1
Operands;94;2
Operands;SELLING;1
Operands;RIGHTS;6
Operands;EVALUATION;4
Operands;ANALYSIS;26
Operands;TRADING;1
Operands;PARTIES;19
Operands;USING;5
Operands;ADEQUATE;1
Operands;REALISED;1
Operands;OPERATIONS;2
Operands;USE;6
Operands;CONTROLLED;19
Operands;REMUNERATION;1
Operands;IMPORTANCE;2
Operands;CREATION;1
Operands;NUMBER;1
Operands;APPLICATIONS;1
Operands;INTANGIBLES;20
Operands;DIRECTLY;1
Operands;BASIC;1
Operands;DATE;1
Operands;DATA;16
Operands;INCURRED;1
Operands;RISK;3
Operands;BENEFITS;1
Operands;CALCULATION;1
Operands;MARKETS;1
Operands;LOSSES;1
Operands;WELL;4
Operands;40;7
Operands;AMOUNT;2
Operands;POINTS;2
Operands;REASONABLE;2
Operands;AGGREGATE;2
Operands;155;2
Operands;RETAIL;2
Operands;NECESSARY;4
Operands;KEYS;10
Operands;POTENTIAL;1
Operands;SUCCESSFUL;1
Operands;PLAN;2
Operands;CAPITAL;3
Operands;LIFETIME;1
Operands;ELEMENT;3
Operands;2008;2
Operands;PROFITS;49
Operands;INTRODUCED;1
Operands;EARNS;1
Operands;PRICE;7
Operands;ENGAGED;1
Operands;DISTRIBUTION;1
Operands;YEARS;3
Operands;NOTE;1
Operands;PRODUCE;1
Operands;OPERATING;21
Operands;LICENSING;1
Operands;CRITERIA;5
Operands;CONTRIBUTION;8
Operands;FACT;1
