;443
LENGTHY;1
FUNDAMENTALLY;2
LATER;1
REMODELLING;1
LIFE;1
ADOPTED;6
ENVIRONMENT;1
RATIO;5
OCCURRENCE;1
AMONG;6
BASELINE;2
“GEOGRAPHICAL;2
REMAINING;3
MUCH;1
DEDUCTIBLE;3
PRODUCING;2
CONVERSION;1
TAXES;26
CURRENT;4
TAXED;6
MANUFACTURE;1
REGIONS;4
HONG;2
PRIMARY;5
SUFFICIENTLY;1
NEAR;1
“Y”;2
PROPERTY;2
THANKS;2
INTELLECTUAL;2
270;1
271;1
272;1
274;1
ALLOCATIONS;5
277;1
278;1
279;1
+;1
“P/R”;4
GUARD;2
ASSUMPTION;2
COMBINED;1
UNDERTAKE;1
STANDARDISED;14
PROPOSAL;3
DISTINGUISHABLE;1
RELIED;1
PEOPLE’S;2
SOLD;4
SOLE;1
APPEALING;1
UNDER;143
ACTIVE;2
ACCOUNTING;55
100;9
ATTRIBUTABLE;20
104;1
GIVING;1
STARTUP;1
CONTROLS;1
SEGMENT”81;1
AIMED;1
NOW;1
DETAILED;1
GIVEN;23
AGGREGATED;2
DOING;2
WHO;2
AMONGST;1
ACTIVITIES84;1
CALIBRATE;2
TAXABLE;27
TABLE;16
DIFFERENT;62
APPORTION;3
98;2
UNITS;2
90;2
“PAYING;4
CROSSSEGMENT;1
EVEN;9
TWO67;1
EARLY;3
WIDELY;1
MAKING;4
REFLECTS;2
A’S;1
UNFAIR;1
SINGLE;14
FINES;1
BASIS62;1
SEGMENTS;50
ONE;31
DISCRETE;1
MAINTAIN;3
CAPPING;1
REACHED;3
“EARNOUT”;2
III;1
A;1047
WOULD;289
DIGITALISED;1
EXAMINED;1
“DOUBLE;4
ASCERTAIN;2
REFERS;1
ASSUMES;2
COUNTERINTUITIVE;1
PRAGMATIC;1
515;1
UNLIMITED;4
SALES;15
INSTANCES;17
1000;2
623;2
FUNCTIONS;2
MULTIPLE;4
INTENDED;1
𝑧;2
CHALLENGES;14
LIMIT;17
JUSTIFIED;2
TRUE;1
HEAVY;1
PARTNERS;1
SOURCED;17
INFLUENCE;1
SOURCE;9
BEHAVIOURS;1
LICENCE;1
400;3
FORFEITED;1
ANOTHER;12
REVERSED;1
BALANCES;1
ISSUE;22
CLAIM;1
COMBINATION;4
DECISION;13
“INREGIME”;1
CLARIFY;1
PRICING;11
ADDRESS;14
CONCERNED;2
SOME;54
COUNTING;32
BURDENS;5
LONGER;6
DEVELOPING;5
SHARE;9
“ALLOCABLE;1
𝑆;3
ARTICULATED;4
MAINLY;2
POSSIBLE;19
245;4
POSSIBLY;1
247;1
246;1
241;1
DETAILS;2
243;1
242;1
APPROPRIATENESS;2
249;1
248;1
USED60;1
COUNTING”;4
“ELIGIBLE;1
FORECAST;1
CONCERN;1
DESCRIBED;8
OFFERING;1
2450;2
CTPA/CFA/WP2/NOE2202065;1
179;1
177;1
176;1
175;2
174;1
173;1
172;1
170;1
LEVERAGE;1
UTILISE;1
OUTSTANDING;1
VENTURES;5
SIMPLIFICATIONS;3
“S”;2
BELIEVE;1
ONCE;6
060;1
B;10
REPORTED;6
12000;1
EUR;28
ELIGIBLE;31
BREAK;5
MAJORITY;3
SAFEGUARD;1
276;1
DEGREE;1
PURSUED;1
DETAIL;4
DEMONSTRABLY;1
“CONTROL”;1
THROUGHOUT;1
TWO73;1
TWO74;1
ANTIAVOIDANCE;2
CONTRIBUTING;1
ABSORBED;2
COMPONENTS;8
ONLINE;1
DISTRIBUTIONS;1
CLOUD;3
KEEPING;1
LEGAL;5
RELATION;2
DELIVERS;1
VAST;1
POOLED;2
AGREEING;1
AS166;1
FACE;1
R;1
INCURRING;1
BREACH;1
DECISIONS;1
DELIVERED;3
HIGHLY;4
ENABLE;3
MINORITY;1
NARROWER;1
TAXPAYERS;19
CHANGING;2
NEXT68;1
RULES];4
542;2
543;1
541;2
546;3
547;1
544;4
545;1
548;1
ADJUSTED;4
PRESERVING;1
BRANDING;1
PRESSURE;3
CHIEF;3
PRESERVED;5
WHERE;114
FINANCIALS;3
×;10
REGION;2
SHORTFALLS”;1
ABUSE;1
SHARED;4
VARIETY;2
MECHANISMS;6
LARGE;13
S/R;4
CONSTITUTES;2
SUCH;45
SEEKS;4
IDENTICAL;1
~240;1
LEAVES;2
POSSIBILITY;1
EXCESSIVELY;1
HISTORICAL;1
RESPECTIVELY;2
DIFFERENTIATION;14
STAKEHOLDERS;1
C;8
THEME;1
IMPEDE;1
IMPLEMENT;3
UNTIL;3
SITUATIONS;6
“X”;2
SUPPLEMENTARY;1
COMPLICATED;1
ALONG;1
GIVE;15
MINIMISING;1
DEDUCTED;2
ARRANGEMENTS;6
COVERED;2
COLLECTED;3
PURPOSES86;1
250;2
251;1
256;2
257;1
254;1
LIMITATION;3
BUSINESSES”;1
FIVEYEAR;1
SHIFT;1
CLAIMED;1
C2;1
C1;2
ARRIVE;4
EXTREMELY;1
ENTITLED;4
SIMPLICITY;5
PROFITABILITY;58
ZERO;2
168;1
169;1
165;1
166;1
167;1
160;4
161;1
162;1
163;1
VERIFIED;1
CERTAIN;22
STRONGEST;1
PERSPECTIVE;1
EVENT;1
DEVISE;1
VARY;3
REALITY;2
ACCUMULATE;1
RELATING;3
TAKES;1
SHAREHOLDINGS;1
CREATE;10
SHORTFALLS;27
ELIMINATING;4
EXCLUDE;6
CARRIED;7
INAPPROPRIATE;1
EFFECT;12
KONG;2
EXTRACTED;1
BELOW;42
Y;4
ESTIMATE;3
FUNDS;1
FOCUS;3
ACCESS;1
4000;6
800;4
RECOGNITION;3
THAT;383
PROFITMARGIN;8
LOCALLY;7
REVIEWED;1
SIMPLIFY;3
STEPS;16
PROPER;1
THAN;23
“LOSS”;1
STATEMENT”76;1
VEHICLES;1
RELIABILITY;2
MANDATE;1
COMPUTE;31
D;1
ON;224
TAXABLE/PHYSICAL;1
FEATURE;1
REFUNDING;1
WHICH;78
TAKEN;5
BALANCE;4
59;1
VIEWS;4
55;1
54;3
57;1
56;1
51;5
50;4
53;5
52;2
535;1
CARRYING;1
533;2
532;1
531;1
EXPLORATION;1
PAYMENT;1
SUPPORT;4
PAID;4
RATIONALISE;2
THIRDPARTY;1
PRINCIPLE;5
25000;4
207;1
STREAMING;1
/;1
051;1
FUTURE;3
INFORMATION;5
SEGMENTATION85;1
ADVERSE;1
“DIGITAL;2
SERVICE;2
TURNED;1
PREPARED;5
TWICE;3
ALLEVIATE;1
INDUSTRIES;5
HARBOUR;73
PROXY;11
PRIMARILY;8
“DOMESTIC;9
ADS;23
LOSSMAKING;1
ADD;2
PURPOSES71;1
IMPAIRS;1
228;1
CONSEQUENCE;3
226;1
PROBLEM;2
Z;2
222;1
221;1
220;1
WAYS;2
SOLUTION;1
CBCR;5
ADJUST;4
IMPAIRMENTS;3
151;1
153;1
154;1
157;2
156;2
159;2
158;2
TWO;26
LOGIC;1
JUSTIFICATION;1
OFTEN;1
REASONABLY;1
REDISTRIBUTING;1
INEVITABLE103;1
CYCLE;2
E;1
SHOW;3
VARIANCES;2
VALUE;3
TRADITIONAL;4
NEARLY;1
PREFERABLE;3
FAVOUR;1
ACTIVITY”;1
DEVELOP;7
RESIDUAL;82
BOOKTOTAX;6
ACCOUNTS;35
PREMISED;1
0;36
COMMONALITIES;1
REBUTTABLE;4
DEFINE;6
AFTERTAX;1
EXTENDED;5
VAN;1
LEAST;3
ONES;1
REALISE;7
MEASURED;1
BRIBES;1
PROCESS;18
REVIEW;5
WILL;193
STATUTE;1
X+Y;1
RECOGNISE;2
CLAIMS;1
ESTABLISHED;7
OWNERSHIP”;1
PBT;46
FOLLOWS167;1
THRESHOLDS;10
UNRELATED;2
ESTABLISHES;1
NONREALISED;1
SMALLER;1
ASSUME;6
SUBSTEPS;2
INDUSTRIES106;1
AVAILABLE”;1
521;2
522;2
OWNS;4
AT;39
HALLMARKS”;10
PERIOD63;1
DECLINE;1
OUTLINE;5
CONTRIBUTE;2
INDIVIDUAL;1
PIVOT;2
𝑃/𝑅;2
GENERATE;2
RELIEVE;1
ENTERPRISES;2
DETERMINATION;10
~430;1
REAL;1
MEMBERSHIP;1
COST;2
IFRS66;1
“DEEMED”;1
COMPETITIVE;6
DETER;1
SETS;1
STANDARDSBYJURISDICTION/;1
BODIES;1
PRESENCE;13
TRACING;1
ALLOWED;2
OUTCOMES;8
INMARKET;2
VARIOUS;5
INVESTOR’S;1
ULTIMATELY;2
CORRESPONDING;1
ADMINISTRATIVE;15
LOSS”;8
SEPARATELY;9
CONNECTED;2
“Z”;2
BOOKTOBOOK;4
ARRANGEMENT’S;1
MATERIAL;11
239;1
“P”;2
234;1
235;1
236;1
237;1
230;1
232;2
233;1
DEALING;3
DISREGARDING;1
ESTIMATES;7
FLOWS;1
1;39
𝑃;1
ESTIMATED;4
SEGMENT;88
REBUTTED;1
146;1
144;1
142;1
143;1
141;1
REST;2
COMPUTES;1
DIGITAL;6
RELATIVE;1
COMPARE;2
ALREADY;26
COMPREHENSIVE;10
PROPORTIONATE;3
CTPA/CFA/WP2/NOE220206;1
COMPLEXITY;18
EXCHANGES;2
ORGANISATION;1
125;2
SEPARATE;15
DIFFICULTY;1
APPROACHES;13
ROUTINE;17
ENTERED;1
JUSTIFY;2
WORLDWIDE;1
CUSTOMERS;1
EXCEPT;4
SOCALLED;2
PROPOSED;6
BASE;139
REORGANISATIONS;9
INVESTOR;2
MATCHING;1
PROFITABLE;8
RETAINED;6
LOGICAL;1
REGULAR;1
“PROFIT;11
PROFITABLY;1
OCCUR;2
UPWARDS;1
DECIDING;1
SYMMETRY;2
SAFEGUARDS;3
INTERACTION;2
DONE;2
EXCEEDS;5
RELATIVELY;7
GRIEVANCES;1
MADE;5
FORM;6
ITEM;2
“COMPONENT;1
MINIMUM;2
TRANSPARENT;1
AROUND;3
TAXES”;1
PREPARATION;2
DEGREES;2
INTERSEGMENT;2
FULLRISK;9
TECHNOLOGIES;1
ADJUSTMENT;6
LEAD;4
PROFITBASED;8
COMPONENT;2
AGREEMENT;4
RELEVANT90;1
INTERRELATED;1
513;3
INTEGRITY;1
516;1
DISCLOSE;2
622;1
𝑤;2
1222;1
REGIONAL;17
DISCREPANCIES;4
ADMINISTRABLE;1
CARRYOVERS;2
15000;1
INSCOPE;44
ESCALATOR;1
MECHANICS;1
REQUIREMENT;7
𝑅;3
FORESEE;1
FINANCE;1
𝑀;4
𝑎;2
𝑊;2
RULE;7
INCREASE;9
SEE;58
2;45
EARNINGS;1
WORLD;3
PRESENT;7
HIGHER;11
HEREAFTER;3
ACKNOWLEDGEMENT;1
AFFECTS;1
[𝑦;1
FINALISED;1
RAISES;2
REVERSAL;2
MANIPULATION;2
11;1
10;31
15;7
17;1
REOPENING;1
DO;14
BASIS;84
CFB;20
OUTSIDE;1
SUMMARISE;1
BOTH;13
THREEYEAR;1
REQUIRING;5
QUESTION;9
NOTED;4
ORIGINAL;1
201;1
200;4
203;1
202;1
204;1
EXCLUDING;4
206;1
209;2
INTO;14
ARGUMENT;1
REPLICATE;2
INCLUDED;5
FIXED;34
CONCEPT;1
“REVENUE”;1
BUREAU;1
PRINCIPLE83;1
FINALISE;5
PERCENTAGE97;1
229;1
ORBIS;1
P/R;2
REVIEWS;1
𝑧];2
225;1
LIMITS;2
IMPACTED;3
IMPORTANT;11
ASSUMING;6
NORMALLY;2
LEVEL;33
RISE;14
HAD;4
2700;1
PAST;2
HAS;40
ACTUAL;2
RENTS;1
MECHANISMS”;1
STRATEGIC;1
RECALCULATE;1
HELP;2
PURSUANT;2
TRANSFERRED;4
COMPLEX;8
DESIGN;9
BOARD;3
COMPOSITION;1
LONGLIVED;1
PAYABLE;5
PRESENTED;1
COMMONLY;2
RECORDS;1
3;53
PARTICIPATE;1
CARRY;3
COSTPLUS;2
CARRIEDFORWARD;1
ADMINISTER88;1
PUBLISHED;1
NETOFF;1
INTERESTS;2
UNITED;2
780;1
HTTPS//WWWIFRSORG/USEAROUNDTHEWORLD/USEOFIFRS;1
MNESPECIFIC;1
LIABLE;1
CONCEPTUAL;2
5323M;1
THESE;99
DISTINGUISHES;1
REVENUEBASED;5
60;5
61;7
62;6
63;8
64;5
3000;4
67;1
69;1
RECLASSIFIED;1
MAKES;3
MAKER;3
CASE;5
IDENTIFYING;4
CASH;1
RELATED;17
BETTER;2
DISTINGUISH;3
RELATES;3
COMMENSURATE;1
PARTNERSHIPS;1
631;1
632;1
MERELY;3
TAXPAYER’S;2
ABSENCE;1
𝐴;2
WAY;8
FAIL;1
COME;2
FOCUSED;2
“M”;2
OWNER;8
TYPE;1
OVERCOME;1
DID;3
LAPSE;1
PARTICULAR;11
ACQUIRES;1
MEANS;18
TRILLION;2
INFORMED;3
INTRODUCE;1
NONDEDUCTIBLE;1
SUBSTANTIAL;7
REPUBLIC;6
ARISE;6
MEAN;7
EXCLUDED;12
EXISTS;1
I;1
IP;12
IS;245
IT;149
II;1
IN;482
VARIABLE;1
IE;30
321;1
RETROACTIVE;1
6	PROFIT;1
BOX;9
217;1
214;1
215;4
213;1
210;1
211;1
OVER;33
WITHIN;19
LEGISLATION;7
BACK;5
EXPRESSED;5
219;1
CONSTITUTE;2
IASB;2
REGULATORS;1
PART;20
PLAYING;4
INTUITIVELY;1
RELIANCE;2
“RECYCLED”;1
COROLLARY;1
SHOWN;9
REMUNERATED;2
DIVERGENCES;2
DISTRIBUTE;4
ILLUSTRATION;5
OBVIOUS;1
DESIGNED;6
UNAFFECTED;1
EROSION;2
COMPARABLY;2
SHAREHOLDER;1
ALTERNATIVE;13
ATTRACTIVENESS;1
OUTLINED;7
PRACTICE;8
AB;1
CHALLENGES91;1
GROUPWIDE;1
ADDING;2
ADDED;5
BUSINESS77;1
SUGGEST;5
PRESUMABLY;1
C194;1
JUST;2
ARRANGEMENT;2
A164;1
ACCOUNTED;2
PLACE;2
OFFSET;8
STANDPOINT;2
STANDARDS;29
TAXPAYER;13
REVENUE;116
ENGAGEMENT;2
ABOVEDESCRIBED;2
EFFECTIVELY;2
AUTONOMOUS;1
RECOVER;2
SUBJECT;20
ISSUED;1
ROUTE;1
PROVEN;1
IDENTIFIED;15
ENTITY’S;1
DISTORTIONS;10
DISPLAY;2
ISSUES;18
EXCEPTIONAL;1
NA;5
CALCULATED;12
SOURCING;2
PURCHASED;1
IMPAIRMENT;2
DEVELOPMENT;11
NONRECURRING;1
TERRITORY;1
BOOKED;3
1021;1
REALISES;1
PROPORTION;1
SHOULD;49
BROADER;2
ECONOMICALLY;1
SECTOR;2
USD;4
EFFICIENT;1
1200;2
BENEFIT;8
ASPECT;1
SEEN;6
CONCEPTUALLY;5
SEEK;16
MINIMAL;2
COMPETITOR;2
PROFIT*;1
CIRCUMSTANCES;17
COMPLETED;1
WHEN;18
ZEALAND;2
5;33
ALIKE;1
OVERRIDE;1
UNDERTAKEN;12
FACILITATE;7
THERE;36
HIGHLIGHTED;1
START;9
SIMPLIFYING;5
463;3
~990;1
OFSCOPE;1
SYSTEM;29
“OTHER;7
BRING;1
ASYMMETRY;1
COMBINING;1
SEGMENTING;1
USEFUL;2
VOLATILE;3
“S/R”;1
GAIN;2
WEIGHTING;1
IMPLEMENTATION;6
APPLICABLE;4
BODY;3
FIGURE;8
R&D;1
DESIGNATED;1
ASSESS;9
ARTICLE;2
CORRECTIONS;1
INTERSEGMENTAL;8
EMPHASISE;2
AVERAGING;1
DIFFERENCES;13
ACCOMMODATE;2
RICH;1
SIMPLY;2
VIEW;10
199;1
198;1
194;1
196;1
190;1
193;1
192;1
CURRENCY;4
REORGANISATION;2
NETTINGOFF;5
DRAWING;1
MARKET;186
UNRELIEVED;7
UNCHANGED;2
VARIES;2
CENTRALISE;1
COMPRISES;1
POSITION;1
INCORPORATING;1
TRANSACTIONS64;1
5000;8
GENERATION;1
RATIONALISED;1
IDENTITY;2
SATISFY;2
SUMMARISED;2
SAID;4
244;1
APPROXIMATION;2
2169;1
MINIMISE;2
QUANTITATIVE;1
“PROFITBASED;2
240;1
W;5
PRESUMPTION;8
HISTORIC;2
RECOUP;4
−;4
ISOLATING;1
KEPT;5
“DIFFERENTIATION”;1
RECOGNIZES;1
017;1
OUT;8
“THROWIN”;1
7000;1
ACHIEVE;3
MISALLOCATION;1
ADVANTAGE;2
CAMPAIGNS;1
PROPORTIONALITY;1
ACCURACY;3
CAP;5
STEP;49
FULL;3
UNDERSTAND;1
CAN;27
DIFFERENTIALS;1
DUALHEADED;2
RESPONSIBILITY;1
AVERAGING”;1
CREATING;3
[𝑃;1
METRIC;1
BASE72;1
712;1
INTENTION;1
OTHER;52
SOLVE;2
ADMINISTERING;1
“R”;2
PRODUCT;1
ASSOCIATE;1
MAKE;5
PERIODS;4
FILING;2
EXPLOITED;1
DUPLICATE;1
ITSELF;2
“MARKETING;2
LINE;4
25;2
21;2
22;2
23;2
CORRESPOND;1
LONG;4
PRIORITY;4
PLUS;2
OPPORTUNITY;1
DENYING;1
BROAD;4
ISOLATE;5
BANDINGS;1
ADVERTISING;1
LOSSES”;1
CLASSIFIED;2
IMPLICATIONS;6
REMOTELY;5
SIGNIFICANT;12
PRACTICE?;1
GENERATING;2
PRINCIPLES;2
INEFFECTIVE;1
UNLIKELY;3
FOLLOWING;9
SEVERAL;1
DENY;1
MULTIPLYING;2
MIGHT;4
AUDITED;1
7;6
STABLE;1
INREGIME;3
“CONTINUITY;1
PRECEDED;1
THIRD;13
EG;50
PROPOSALS;1
NEUTRALITY;7
WITHOUT;12
BEYOND;4
ASPECTS;7
AREA;1
THROUGH;34
APPROACH”;4
WHEREBY;2
DISCLOSING;1
ENTITY”;5
SMALL;4
DEDUCTING;1
EASILY;2
REASONS;9
LARGELY;2
BUSINESSES102;1
ALLOCABLE;18
182;1
183;1
180;2
181;1
186;1
184;1
185;1
188;1
189;1
FOLLOWS165;1
DISCLOSES;2
CENTRAL;5
“CHANGE;2
DISCLOSED;19
DIFFERENCE;5
BEARING;2
IMPLEMENTED;4
THROWIN;1
EXTENDING;1
KEY;18
TRANSFER;12
PROPONENTS;1
MARGINBASED;5
DIJK;1
“JURISDICTIONAL;1
UNDESIRABLE;1
EXCEEDED;1
IMPACT;27
EARLIER;3
ADMINISTRATION;29
QUESTIONS;3
BASE”;1
M;2
BEAR;4
77;4
76;1
INTANGIBLE;1
73;1
72;6
71;1
70;2
LOWVALUE;1
QUALIFIES;1
“NETTING;1
DISTRIBUTOR;20
ENGAGES;1
MANNER;1
COLLECTING;1
BE;410
TNMM;1
BRINGING;2
ABSOLUTE;5
DENIAL;1
DISCUSSION;8
MILLION;24
GENERAL;3
PORTFOLIO;1
LOSS75;1
RELIEF;7
DEFINITIONAL;1
OFF;2
CONSIDER;16
CREATED;2
PHYSICALLY;1
523;1
OPERATES;4
218;1
GUIDING;1
IAS;2
REPRESENTS;4
THIS;235
TAX93;1
EXPERIENCE;1
INCOME;53
EXEMPTION”;9
ALIGNMENT;1
FINANCING;1
“W”;4
313;5
BRINGS;2
“SAFE;2
MANAGE;1
DERIVING;1
INTERGROUP;1
TRANSITIONAL;5
INCLUSION;1
BEING;15
DIFFICULTIES;3
GREATEST;1
MONOPOLISTIC;1
SYMMETRICALLY;1
“DIFFERENTIATION;2
GOVERNMENTS;1
IMPOSED;1
SPILLOVERS;1
EACH;27
CLIFFEDGE;1
TAKING;3
CONNECTION;8
PURPOSE;12
5972;1
ANY;40
REFERRED;1
RESOLVED;2
RESEMBLANCE;1
“NETTINGOFF”;3
PRESSURES;1
SUBSIDIARY;4
CONDITIONED;1
RESPECTIVE;2
PERFORMING;2
DISTRIBUTING;2
NEEDS;7
COVER;3
THRESHOLD;65
“PRIOR;1
280;1
EXAMPLE;35
VOLATILITY;1
EARN;2
X+Y+Z;1
INTERNAL;3
INNOVATION;1
THROWBACK;1
PROBABLY;1
ENTIRELY;2
UP”;1
LOWER;10
6500;1
10000;2
NONOPERATING;1
COMPARABLE;8
SIMPLIFIED;7
SITUATION;3
UPLIFT;2
LITTLE;1
OWN;6
DURATION87;1
879;1
FAR;4
RESORT;1
FORMULAIC;2
INTEREST;5
9;4
ROUGHLY;1
DEDUCTION;9
ALLOW;9
CONDUCT;1
LIKELIHOOD;1
SCENARIO;3
POINTED;1
PARTS;1
ADOPTION;1
IMPROVING;1
COMMENTARY;1
RELIEVING;1
THRESHOLD95;1
THREE;17
RETURN”;3
OPPOSED;1
HAVE;43
RAISE;1
GAINS;9
COMPUTATIONS;1
NOTING;3
ADOPT;1
PROFIT”105;1
18000;3
BESPOKE;2
PURCHASE;1
OF;880
APPORTIONED;2
AUTHORITY;4
NEEDED;2
DOES;18
FLUCTUATIONS;1
PARTIALLY;2
ABOUT;5
MARGINAL;2
ERRORS”;1
VARIATIONS;17
PERFORMED;1
1250;2
JURISDICTIONAL;8
TECHNICALLY;1
IMPAIRING;1
CALCULATE;23
IRREGULAR;1
300;3
UPE;5
CONVENTIONAL;3
QUANTIFICATION;1
THREESTEP;5
FOLLOW;3
LINKED;1
DEVELOPED;13
JURISDICTIONS101;1
JURISDICTIONS100;1
74;1
REPRESENTED;1
DISCUSSING;1
PREPARE;4
INTERACTIONS;15
TECHNICAL;10
“A;1
AFFECT;3
NET;10
ENABLES;1
PHARMACEUTICAL;5
MANDATORY;1
LAGGED;1
HANDFUL;1
SALE;4
ALGEBRAIC;3
ENSUING;1
EASY;4
QUALITATIVE;1
EXCLUSIVELY;4
CHOICE;2
DOWNSIDE;1
STATEMENT;18
OTHERS;1
NEED;39
FROM;113
ENTERPRISE”;1
MET;4
INTRAGROUP;4
IDENTIFICATION;4
SUBSTANTIALLY;7
EQUAL;2
RESULTING;3
CLASSIFYING;1
FASTER;1
TO;818
ROYALTY;5
ADVANCES;1
ADOPTING;1
ACCOMMODATING;3
CTPA/CFA/WP2/NOE2202010;2
SUFFICIENT;2
GENERALLY;12
AN;137
TEST;15
5	TAX;1
INVESTEE;1
TIMING;4
ESSENTIAL;1
OUTWEIGH;1
UNLIKE;2
2000;9
TAKE;7
RATIONALE;6
SIMPLER;1
WHOSE;5
DECENTRALISED;7
010;1
DEVELOPS;1
FALL;2
MANY;15
ADDRESSED;3
IMPROVES;1
CASES;4
SEGMENT”;1
RELEVANT;60
P&L;5
P;2
ECONOMIC;14
RELEVANCE;1
INDUSTRY;5
ONLY;39
RECOGNISED;9
DISCRETION;1
DOMESTICALLYFOCUSED;1
STRUCTURES;1
AREAS;3
UPON;3
DELIVERING;1
MEDIUM;1
3C;1
3B;1
3A;1
EXERCISED;1
WHAT;5
VERIFY;1
DIFFERING;1
FEASIBLE;1
𝑦;3
OFF”;1
LOCATION;1
STARTING;3
DEFINES;2
ESSENTIALLY;1
NECESSARILY;4
FULLY;1
AGREED;19
HIGHRISK;1
FIVE;2
CBC;1
39;3
38;5
EXTRA;1
33;4
32;5
30;9
37;1
36;1
35;5
34;2
641;1
643;1
642;1
◦;61
NONELIGIBLE;1
FEATURES;4
~150;1
REVENUESOURCING;1
CLARIFYING;3
POINT;9
“INCOME;2
EXPECTED;11
ALIGN;2
REGARD;1
CANNOT;2
ABOVE;27
8;5
LOSS;34
ALL;33
MARK;1
CONSISTENTLY;3
WHICHEVER;1
REGARDS;1
ACCUMULATED;1
CENTRALISED;10
ALP;9
TOP;1
LINES;3
PROFIT”96;1
HOLDING;2
EXCEEDING;1
TRYING;2
INCOUNTRY;3
THREESTEPS;1
“THROWBACK”;1
BECOME;3
MARGINS;11
EARNOUT;2
REALLOCATED;18
HOMOGENOUS;1
GUIDELINES;1
REALLOCATES;1
AMOUNTING;1
GENERATES;2
FAVOR;1
4664;1
NEGATIVE;2
GENERATED;16
WIDESPREAD;1
CYCLES;1
CONSIST;1
TAXING;34
CERTAINTY;6
EQUIVALENCE;2
137;2
136;2
134;2
USUALLY;2
DURING;6
139;1
138;2
WITH;148
PORTIONS;1
BOTTOM;2
FRAMEWORK78;1
WHOLLY;1
BENCHMARKED;1
2016;4
FOUNDATION;1
GROUP’S;16
“SEGMENTATION;12
REALLOCATE;1
SEGMENTED;30
𝑆/𝑅;1
BURDEN;9
029;1
VIA;2
REMOTE;5
“ENTITYLEVEL;1
INCOME”;6
VARIATION;1
CHAPTER;16
SCALE;2
PRODUCES;2
PRODUCED;3
ACCOUNTABLE;1
89;1
CONTEXT;7
80;3
ACCEPTED;6
87;1
LOSSCARRY;3
5313;2
ADMINISTERED;3
REMAINS;3
VERIFICATION;1
C3;2
FORMULATED;1
EXCISE;1
PERCENTAGES;2
RANGE;1
AGAINST;11
APPLIES;7
WITHHOLDING;10
NO;26
450;4
PERTAIN;1
LEVIED;2
POTENTIALLY;17
BUSINESS’;1
ESTABLISHMENT;3
PHYSICAL;4
RATIOS;2
WORK;38
1500;2
MASS;1
SUSTAINED;4
CHANGED;1
PROGRESSIVE;2
DUE;8
HERE;1
UNDERLYING;6
ADAPT;3
TERMINATION;1
COMMON/PREVALENT;1
TARGET;1
SUBTRACTING;1
DISPOSAL;3
MATTER;1
REFINED;1
ITS;41
B’S;1
PROCESSES;1
STATEMENTS;11
DEPENDING;4
RECOGNISING;4
STATES;2
IMPLIES;1
INVESTORS;1
MANAGING;1
RELIABLE;3
SELECTED;1
MITIGATED;1
ALLOCATE;20
INELIGIBLE;5
03;1
SUBDIVIDE;1
THEIR;52
REFLECTING;2
FORWARD;13
POOL;1
RECONCILE;1
GROUPS92;1
APPLYING;16
CONSIDERED;15
GET;1
[CROSSREFERENCE;4
ENOUGH;1
ACHIEVED;1
LIKELY;9
ACCRUED;4
DEFINITIONS;1
BEST;1
MUST;1
LESS;11
ALLOCATES;4
STATEMENT69;1
RETAINING;2
ALLOCATED;79
COULD;82
120;4
GAPS;1
DIFFERENTLY;2
THE;1637
WELCOME;1
REFLECTED;1
PROHIBITIVE;1
FRAMEWORKS;1
“A”;5
RETURN;67
ROLLED;1
“CAP”;2
MODIFY;1
LEAVE;1
RATE;4
PAYING;12
NONE;1
ERRORS;1
ASSESSMENT99;1
ASSESSMENT98;1
RECOVERING;1
INTRODUCTION;12
LIABILITY;8
INCREASING;1
INCURS;3
ITEMS;15
EQUIVALENT;2
REASON;6
5323;2
COMBINATIONS;1
AUDIT65;1
OPTIONAL;2
UNIT;1
DISPUTE;2
POSITIVE;4
BEEN;16
DIVERSE;1
PREMISE;2
COMPETING;1
THEM;3
PERHAPS;1
576;2
GAAP”;1
THEY;43
SEPARATING;1
REALLOCATING;1
WHETHER;57
QUANTUM;27
ACROSS;16
PREREGIME;18
FREE;1
STANDARD;13
BETWEEN;62
“SCALE;1
PROVIDING;8
INCORPORATE;4
ABUSIVE;1
COMPLETELY;1
LEADS;1
OECD;3
BURDENSOME;2
MEMBERS;33
MECHANISM”;1
MORE;33
NETBASIS;1
WEIGHTED;1
€750;1
INTEGRATE;1
R*10;1
TYPICALLY;15
DIFFICULT;14
ARGUE;2
EXPLORE;4
TOGETHER;7
MTC;2
RETROSPECTIVE;1
ALWAYS;2
CHECKS;1
INSTRUMENT;2
ARE;136
~780;1
CONTINUED;1
HAVING;1
BILLION;6
AIMS;1
BC;1
TOOL;1
“ALL;1
PILLARS;1
SUPPLIED;1
ELIMINATED;6
BY;95
INTRODUCING;5
DIFFER;3
MANUFACTURED;3
SUPPORTED;1
TRADEOFF;1
FACTS;2
JURISDICTIONS’;1
282;1
EASIEST;2
HARMONISED;1
ASSESSING;3
PROVE;1
CLEAR;1
263;1
262;1
261;1
PLANNING;3
267;1
266;1
265;1
264;1
POOLS;1
SCOPE;42
269;1
268;1
RESOURCES;1
DOUBLE;79
258;1
LENGTH;2
259;1
B1;2
B2;1
MODIFICATION;1
THOSE;18
MARKETBYMARKET;1
DISCUSSED;2
ASIDE;1
DOWN;5
ENTITYLEVEL;5
110;2
253;1
20750;2
ALONGSIDE;1
DIFFERENTIATION”;3
CONVENTION;8
MANUFACTURING;3
“ROUTINE;1
INTEGRATED;1
?;6
STAGE;1
DISTRIBUTORS;9
APPROXIMATES;1
HARMONISATION;7
049;1
LAUNCH;1
3500;2
CLAIMING;1
UP;2
LISTED;1
STRICTER;1
MAXPR*Z;1
ACCOUNT;29
DRAWBACKS;1
PURPOSES;37
WHILST;2
IMPOSSIBLE;1
MODEL;11
REFERENCE;4
*;7
AGAIN;5
RECENTLY;1
RECEIVE;2
–;16
FEW;1
ALPBASED;18
ARM’S;1
ACCORDANCE;3
ABLE;12
726;1
INCUR;1
723;1
C4;1
FORMULA61;1
HALLMARKS;6
GROUPS;88
COMPARISONS;1
ENTIRE;2
48;1
46;3
47;5
44;1
45;1
PROFIT82;1
43;1
HARBOUR”;2
RESOLUTION;2
QUANTIFIED;1
UTILITIES”80;1
MOST;20
•;16
MIXED;1
REGIME;30
“EXISTING;2
REALLOCATION;15
MNES;3
FEASIBILITY;6
INCREASES;1
BALANCING;1
HIGHEST;1
COMMUNICATED;1
