;39
SIS;1
LIFE;2
USEFUL;2
AGE;1
RESIDUAL;22
LATED;1
AMONG;3
OUTBOUND;1
TWOSIDED;1
INBOUND;1
MANY;1
APPLICABLE;2
EXAMPLE;4
AVAILA;1
CASES;7
CIRCUMSTANCES;7
PROTECTIVE;2
UNCON;1
FIGURE;2
INTANGI;2
VERSION;2
PATENTS;1
MANUFACTURE;3
ASSO;1
TANGIBLE;1
XYZ;4
DIFFERENCES;1
WILL;5
ONLY;1
VALUES;1
ARGUABLY;1
PROPERTY;17
REALIZE;1
CONCERN;1
ECONOMIC;1
CAMPAIGN;1
NESS;1
ATED;1
CIAT;1
USES;3
INNOVATIVE;1
MARKET;14
WHAT;1
COMPANY’S;3
ANALY;1
TIONSHIP;1
ALTERS;1
COMPARES;1
COMBINED;8
METHOD—;1
OWNS;1
MILITARY;1
STARTING;1
METHOD”;5
PRISES;4
RESPECTIVELY;2
CONTRIBUTE;2
ANALYZES;1
ACTIVI;1
UNDER;6
BLE;3
IMPERFECT;1
ATTRIBUTABLE;5
INTERAMERICAN;1
B3318;1
B3313;1
STELONRELATED;1
B3316;1
B3317;1
B3314;1
ENTERPRISES;25
DETERMINATION;1
SELLS;3
ING;4
SIDES;4
CIATED;1
B33151;1
TRANSACTIONAL;1
COST;3
B33132;1
TRADEMARKS;1
TROLLED;2
A’S;1
POINT;1
DOING;1
RECOGNIZED;1
INVOLVING;2
EXPECTED;2
UNIQUELY;1
DIFFERENT;1
WEIGHT;1
CANNOT;2
V;1
DISADVANTAGE;1
EVEN;3
ALL;5
TAXPAYER;2
RESEMBLE;1
B3412;1
UPDATES;1
CONFIRMATION;1
RELATIONSHIP;1
CATION;1
STEP;15
RELEVANT;4
YSIS;1
CAN;4
FIRSTLY;1
INFRA;1
CORRECT;1
GUID;1
SIXTH;12
ONE;5
1;4
POTEN;1
TURING;1
III;1
COULD;1
A;55
WOULD;4
ABSENT;1
BREAKS;1
GUIDELINES;1
INTERDEPENDENT;1
DOCU;1
OTHER;5
PRICES;5
PRODUCT;4
MANUFACTURERS;1
SALES;3
ANTIABUSE;2
APPLICA;1
WIDESPREAD;1
FUNCTIONS;8
LESS;1
CERTAINTY;1
PRISE’S;1
DIFFICULTY;1
APPROACHES;1
ITSELF;1
RATIOS;1
ROUTINE;2
USUALLY;1
WITH;11
WORLDWIDE;2
CUSTOMERS;1
COMMODI;1
SEPA;2
PRO;2
VIDE;1
RELI;1
PLUS;1
NAMES;3
RELA;3
METHODAPPROACH;1
SYNERGIES;1
SAMPLE;1
CHAPTERS;1
OVERCOM;1
TRANS;3
MANUFACTURES;3
REFER;2
DESCRIBES;2
EXIST;1
PRICING;10
SIGNIFICANT;1
ADDRESS;2
ERTY;2
BRAND;3
CHAPTER;4
SCALE;1
CONSTANT;1
SOME;7
TACKLE;1
FOLLOWING;1
SEVERAL;5
MODEL;1
MADE;1
FORM;1
DEVELOPING;2
B35;2
B32;1
B33;1
B3413;1
R&D;1
ARTICLE;1
SPECIAL;1
FUNCTION;3
CONTRIBU;1
END;1
PERCENTAGES;1
EG;2
POSSIBLE;4
MANUFAC;2
EFFECT;1
WITHOUT;1
LEGALLY;1
MANAGEABLE;1
THEORETICAL;2
STELON;12
PROP;2
HIGHINTENSITY;1
INTERRELATED;2
THROUGH;1
INACCURACY;1
PROF;1
VIEW;1
BENCHMARKING;1
DOUBLE;1
DESCRIBED;1
INTAN;3
AVAIL;1
PRESSING;1
POTENTIALLY;2
AIMS;1
WORKINGS;1
DEDUCTING;1
STRENGTHS;2
MIGHT;3
FORMER;1
DIRECTED;1
REASONS;1
WORK;1
RULE;8
FICULTY;1
180;2
2;2
INDUSTRY;1
IMPLEMENTED;1
BEGINNING;1
ASIAN;3
B;8
“COMMODITY;2
DUE;3
RAISES;1
DIFFERENCE;1
ASSOCI;1
BILITY;1
SPECIFI;1
KEY;1
EACH;12
ITS;15
DO;2
NETWORK;2
BASIS;5
MULA;1
CONSID;1
TIES;3
BOTH;6
ONESIDED;1
DEPEND;1
RELIABLE;4
COUNTRIES;11
B33147;1
B33146;1
B33145;1
B33144;1
B33143;1
ALLOCATE;8
COMPONENTS;6
TRANSFERS;1
TWOSTEP;2
DIVISION;2
QUOTED;2
INTO;1
THEIR;2
REFLECTING;1
DETRIMENT;1
UNCONTROLLED;2
APPLYING;1
RULE”;2
CONSIDERED;2
“SIXTH;5
RABLE;1
CALCU;2
INTRODUCTION;1
TEST;1
ADAPT;1
PAR;2
SUPPORTING;1
LACK;1
COMPARING;1
TNMM;3
“THE;1
PENSATION;1
MILLION;8
GENERAL;2
BUSI;1
ASSUMING;1
EMPLOYED;1
ALLOCATED;3
WORDING;1
NORMALLY;1
COMMON;1
DEPENDING;1
CONSIDER;3
10;2
COMPLEMENT;1
TOOK;1
RELATIVE;14
ENTER;5
THE;266
HAS;5
WHERE;6
VALU;1
ACTUAL;3
THIS;27
SYNERGY;1
ANAL;1
COMPARABLES;4
RETURN;10
CATIONS;1
B33174;1
B33172;1
B33173;1
B33171;1
RATE;2
COMPLEX;2
DESIGN;1
WELLDEVELOPED;1
RATA;1
LISTING;1
SUCH;5
SEEKS;1
SEARCH;1
INCLUSION;1
BEING;1
FORTH;2
COMMONLY;1
THAN;4
3;1
C;2
IMPOSED;1
INCURS;1
ORIGINATED;1
BUTIONS;1
XYZASIA’S;7
FUNC;1
UNIT;2
INTERESTS;1
CONDUCT;1
TAKING;1
OBTAINING;1
BEEN;3
CHARAC;1
COMPLICATED;2
FACTOR;1
FIVE;1
ANY;1
REFERRED;1
THEM;2
THESE;6
HARD;1
ANALYZED;2
TRANSAC;1
THEY;3
B3121;1
CON;1
CASE;2
ABUSEDEEMING;2
CHARACTERISTICS;1
PERFORMING;3
IDENTIFIED;1
RELATED;9
APPLIED—;1
500;1
SOCALLED;3
DIVIDED;6
SUCCESSFULLY;1
VALUABLE;10
STANDARD;1
OBSERVED;2
TICULAR;1
CUP;3
WAY;1
BETWEEN;21
B34331;1
DISTRIBUTES;1
REMAINING;1
MAJOR;1
COMPA;1
NAME;2
INTERCOMPANY;3
CERTAIN;2
ABUSIVE;1
MANUAL;1
HISTORICALLY;1
OECD;2
ASSUMPTION;2
EXAMINATION;1
ERING;1
MORE;8
GIVEN;1
DIF;1
TIAL;1
	THE;1
PARTICULAR;2
RELATING;1
B3315;1
TYPICALLY;5
DIFFICULT;4
PARTIC;1
OWN;4
ADAPTS;1
MEANS;1
ANOTHER;1
9;1
B341;1
SUITABLE;3
CONFLICT;1
INPUTS;1
VI;1
IS;64
METHOD53;1
IT;20
IV;1
IN;69
Y;2
ESTIMATE;1
IE;3
DIRECTOR;1
TRANSFER;12
ACCESS;1
B33133;1
B33131;1
ARE;18
HAVING;1
BE;31
SELECTED;1
LICENSE;1
THAT;31
OVER;2
LEGISLATION;1
BACK;1
PART;1
STEPS;2
HAVE;7
PROPER;1
TIVE;2
SUBTRACT;1
BY;13
DIFFER;1
ALLO;1
PARTICIPANTS;1
INAP;1
FACTS;2
THEMSELVES;1
VALUATION;1
B33152;1
B33142;1
COMPARABLE;15
B33141;1
PROVE;1
REDUCES;1
FEATURE;1
WHICH;13
TAKEN;1
UNIQUE;1
RESOURCES;1
ON;28
ILLUSTRATES;1
OF;111
TURES;1
CORRESPONDS;1
AUTHORITY;3
52;1
LATE;1
LENGTH;11
DOES;5
SPECIFIED;1
AUTHORITIES;3
TION;2
THOSE;3
ABOUT;2
200;3
51;1
SUPPORT;1
PRACTICE;5
DISCUSSED;1
DEVELOPS;1
IPATING;1
PRINCIPLE;3
DISCUSSES;2
FIND;2
CENTER;1
BROADLY;1
SELECTING;1
TIONS;1
PERFORMED;5
BENCHMARKS;1
CONVENTION;1
▪;12
MANUFACTURING;3
METHOD”52;1
INTEGRATED;1
STAGE;1
INFORMATION;2
PREROYALTY;2
CALCULATE;2
300;1
B33161;1
FUNCTIONAL;1
AFFILIATES;2
B33162;1
PLACE;2
TECHNOLOGICAL;1
B3415;1
B3414;1
B3411;1
DISTRICT;1
REVENUE;1
DEVELOPED;2
UP;1
CONSIDERS;1
INTANGIBLE;19
EMPLOYS;1
SPLIT;31
ACCOUNT;1
SUBSTANCE;1
PROBLEMS;1
PURPOSES;2
EVALUATED;1
NET;3
ISSUES;2
INDUSTRIES;1
NO;2
CALCULATED;1
TERISTICS;1
HARBOUR;2
RESALE;2
DEPENDS;1
UNABLE;1
RELATE;1
AVER;1
CONTRI;1
CONTRIBUTIONS;6
INTANGIBLE51;1
HIGHLY;3
TAXABLE;1
FER;1
ARM’S;11
FROM;12
PROBLEM;1
TYPICAL;1
ACCORDANCE;2
ABLE;4
SOLUTION;1
SHOULD;5
ENTERPRISE’S;2
PROPRIATE;1
EXTREME;1
XYZASIA;4
IDENTIFYING;1
WHETHER;2
TWO;4
ANCE;1
BENEFIT;1
RESULTING;2
SEEK;1
UNCLEAR;1
OFTEN;5
TAXING;3
GIBLE;3
WHEN;3
TO;97
CONTROVERSIAL;1
XYZ’S;1
SUFFICIENT;2
THERE;1
GENERALLY;4
VALUE;17
AN;14
TRADITIONAL;4
MOST;2
MENTATION;1
AT;4
IMPOSSIBLE;2
DEVELOPMENT;3
DESCRIPTION;1
DEPENDENCE;1
BRING;1
RATIONALE;1
2009;5
