;222
LIFE;2
ILLUSTRATING;2
FLOW;1
EXPLAIN;1
PARAGRAPHS;11
RESIDUAL;43
338339;1
ACCOUNTS;2
FOCUSING;1
USEFUL;1
A331;1
A332;1
AMONG;2
TWOSIDED;2
MANY;1
APPLICABLE;1
ESTABLISHMENTS2;1
0;1
EFFICIENCIES;1
ADVANCED;1
OVERHEAD;11
CASES;11
CIRCUMSTANCES;18
RELEVANT;9
DEDUCTED;1
MEASURES;3
ULTIMATELY;1
HAND;3
ASSESS;1
P;1
REALISE;1
RELEVANCE;1
MEASURED;2
DATA”;1
CONVENIENT;1
REVIEW;2
DIFFERENCES;4
SELLERS;1
WILL;7
PERSON;1
ONLY;6
VALUES;2
PROPERTY;5
REALIZE;2
VIEW;1
ESTABLISHED;3
ANALYSES3;1
6+17;1
SOPHISTICATION;1
TNMM;1
FIGURES;3
INNOVATIVE;2
ELECTRONICS;1
PRODUCT’S;1
MARKET;2
RELIES;2
WHAT;3
ASSUME;4
VERIFY;2
ORIGINALLY;1
DIFFERING;1
CONTRACT;2
EXPLOITATION;1
ASSUMPTION;2
ARRIVED;1
COMBINED;26
RELIED;1
2136	WHERE;1
CLEARLY;1
NECESSARILY;1
CAPABLE;1
GENERATION;1
6	SECTION;1
AGREED;3
CONTRIBUTE;1
D262;1
UNDER;2
ACCOUNTING;4
100;5
ATTRIBUTABLE;5
SATISFY;1
2123	IN;1
39;3
SAID;2
PROFITS”;1
GIVING;1
REGARDED;1
30;5
35;2
ENTERPRISES;26
APPROXIMATION;1
ASSUMPTIONS;3
DETERMINATION;12
AIMED;1
◦;2
2104;1
DEVELOPMENT;6
TRANSACTIONAL;43
SIMPLIFIES;1
1	THE;1
COST;12
AMORTISE;1
DOCUMENTED;1
3257;2
CLARIFYING;1
A’S;8
LACKING;1
&;2
SALARIES;1
INVOLVING;1
6;14
EXPECTED;6
OUT;2
METHOD6;1
DIFFERENT;7
TRANSFER;17
ACKNOWLEDGE;1
CANNOT;1
VARIOUS;2
ABOVE;6
8;3
ACHIEVE;3
LOSS;3
ALL;4
–;4
CORRESPONDING;2
ADVANTAGE;1
EXERCISED;2
CHEMICAL;1
CONSISTENTLY;3
EXPENDITURE;25
ATTRIBUTE;2
MAKING;1
ACCURACY;1
REFLECTS;1
21302137;1
PUBLICATION;2
RELATIONSHIP;1
554;2
MATERIAL;1
LINES;1
AGGREGATION;1
STEP;4
WILLING;1
CAN;19
230;3
NEITHER;1
3343;1
LEVEL;1
ESTIMATES;1
FLOWS;1
ONE;7
1;1
LICENSOR/TRANSFEROR;2
PERFORMS;1
BECOME;1
III;6
A;117
EXAMINES;1
WOULD;38
REMAINS;2
GUIDELINES;8
REST;1
OTHER;17
ANTE;4
FOUND;4
ASSUMES;1
CURRENT;3
2123;1
ALREADY;3
2127;2
MANUFACTURERS;1
MAKE;2
SALES;7
ESTABLISHING;1
CALL;1
TRANSFEROR’S;1
SUBJECT;2
FUNCTIONS;9
ATTEMPT;1
INTENDED;4
LESS;4
FOLLOWS;1
2657;2
SPENT;1
TECHNOLOGICALLY;1
132;3
APPROACHES;3
VALID;1
LIMIT;1
TOGETHER;1
ROUTINE;1
DURING;2
JUSTIFIED;1
WITH;16
24;1
25;4
TAXPAYERS’;2
22;2
OFFER;1
FORESEEABLE;1
CORRESPOND;2
DISCREPANCY;1
130;3
2154;1
2155;1
2150;1
2151;1
2152;1
2153;1
ANSWER;1
INSUFFICIENT;1
2017;1
2016;1
2010;2
MANUFACTURED;1
PRESENCE;1
R&;1
BASE;1
CHOOSING;1
A341;1
A342;1
A343;1
ISSUE;1
MANUFACTURES;1
ILLUSTRATE;2
21242151;1
ARBITRARINESS;1
WISH;1
DECISION;1
ORDINARILY;1
PRICING;6
SIGNIFICANT;4
85;7
374;2
CHAPTER;9
SCALE;1
CIRCUMSTANCE;1
CONCERNED;1
SOME;8
PRINCIPLES;7
SAFEGUARDS;1
6142;1
DONE;1
COMMENTS;1
CONTEXT;4
FOLLOWING;6
80;3
FORESEEN;1
86;1
DEDUCTING;1
RELATIVELY;1
MADE;3
PRICES;1
“INTERNAL;1
SHARE;5
R&D;10
MINIMUM;1
EXAMPLE2;1
7;2
HINDSIGHT;1
SOLD;6
LICENSOR;1
AMORTISATION;1
SPECIAL;1
21222123;1
EG;9
POSSIBLE;4
IT;36
PARTICIPATING;2
WITHOUT;4
EX;5
COMPOUND;1
POST;1
APPROPRIATENESS;1
THEREIN;1
II;11
REWARD;1
ASPECTS;2
LEAD;1
QUANTIFY;1
AREA;2
COMPONENT;2
AGREEMENT;1
EXAMINED;2
THROUGH;1
EVALUATING;1
EARNING;3
ACCUMULATED;1
DESCRIBED;1
WORKING;1
;2
COMPLETION;1
IMPROBABLE;1
=	17;1
POTENTIALLY;1
JULY;2
STRENGTHS;2
MIGHT;7
170;8
A33;1
A32;1
A31;1
SPLITS;2
A34;1
WORK;6
ALLOCABLE;1
SERVERS;1
INDICATE;1
SEE;17
2;7
SPECULATIVE;1
IMPLEMENTED;1
2114;2
2115;1
AFFAIRS;2
B;33
SUCCESS;1
ACKNOWLEDGEMENT;1
UPON;2
PROJECTED;3
D;2
UNDERLYING;1
MANNER;2
DEMONSTRATE;2
DIFFERENCE;1
CARE;1
UNDETERMINED;1
10;21
TASKS;1
15;9
17;4
OVERLOOKED;1
REVISED;3
KEY;7
EACH;13
30/70;3
ACCEPTED;1
ITS;10
ANALYSING;1
B’S;10
PROCESSES;1
DEGREE;1
BASIS;10
RECOGNISING;1
BARGAIN;1
FINISHED;1
PRESCRIBING;2
LABORATORY;1
APPROVED;2
15/25;1
BOTH;6
REALIZED;1
ONESIDED;2
DEPEND;2
ENHANCEMENTS;1
RELIABLE;7
ADMINISTRATION;5
NOTED;1
CONTRIBUTING;2
PARTICIPANTS;3
ALLOCATE;1
RELIABLY;2
TRANSFERS;2
COMPANIES’;1
DIVISION;10
THIRDPARTY;1
EXCLUDING;2
INTO;13
BEAR;1
THEIR;9
INTANGIBLE;25
RELATION;1
71;3
70;3
UNCONTROLLED;6
POOL;1
PENALIZE;1
CONJUNCTION;1
FROM;17
CONSIDERED;4
NONUNIQUE;2
UTILISED;2
D4;1
+;14
RATIO;1
FORMULATION;1
LICENSEE;1
PRODUCT;4
LIKELY;1
ACCRUED;1
REVEALED;1
MUST;4
DISCUSSION;5
GENERAL;7
IMPORTANT;4
ASSUMING;2
EMPLOYED;1
ALLOCATED;20
FLOOR;2
COULD;9
RISE;1
HAD;1
RELATIVE;12
THE;455
HAS;2
WHERE;20
PURCHASES;3
ACTUAL;9
THIS;19
INDICATIONS;1
REFLECTED;1
EXPERIENCE;3
=	23;1
2147;1
2145;1
PART;3
YIELDS;1
INCOME;7
BUYER;1
RECALCULATE;1
2149;1
COMPARABLES;6
RETURN;19
VARIETY;1
MECHANISMS;1
TRANSFERRED;2
RATE;2
DESIGN;1
SUCH;23
ENTERED;1
SEEKS;2
BEING;6
FORTH;1
MARKUP;1
THAN;4
3;7
FULLY;3
INDICATORS;1
BLOCKBUSTER;1
EMPLOYEES;1
FACED;1
C;9
IMPOSED;2
RECOGNISE;1
PAST;1
ITEMS;2
EQUIVALENT;1
CONTRIBUTED;1
REFINEMENT;1
DISTRIBUTED;1
4057;2
SELECTION;1
SITUATIONS;2
TAKING;4
23;3
BEEN;3
CONNECTION;1
EXCLUDED;3
FACTOR;2
SATISFIES;1
ANY;5
RESOLVED;1
THEM;1
GIVE;1
THESE;11
60;5
SENSITIVE;1
62;4
63;1
64;1
THEY;8
CASE;21
RESPECTIVE;6
21382151;1
CHARACTERISTICS;1
DEPENDING;2
CASH;2
RELATED;4
“TRANSACTIONAL”;1
PLUS;1
RISKINESS;1
SIMPLICITY;1
LICENCE;1
DIVIDED;1
400;3
TAXPAYER’S;1
VALUABLE;4
STANDARD;1
OBSERVED;1
ABSENCE;1
WAY;1
BETWEEN;11
5657;2
PROVIDING;1
EXAMPLE;15
EARN;2
APPEAR;1
CERTAIN;4
IGNORE;1
INTERNAL;5
15/25=;1
INNOVATION;1
TYPE;2
MORE;1
SUGGESTED;1
GIVEN;5
WEIGHTED;1
1	BELOW;1
FINDINGS;1
STORAGE;2
SHOWN;1
CONSEQUENCE;1
REALISTIC;1
5243;2
PARTICULAR;13
ASSERTED;1
RELATING;1
39312;2
TYPICALLY;1
MANUFACTURING1;1
DIFFICULT;1
EXEMPLIFY;1
LITTLE;1
OWN;4
MEANS;2
ANOTHER;2
ARISE;1
9;4
EXCLUDE;1
10/25=;1
CARRIED;1
EXISTS;2
VI;1
IS;64
EFFECT;4
L;1
A322;1
EXTRACTED;2
BELOW;3
A321;1
IN;144
ESTIMATE;2
IE;4
2133;1
FISCAL;2
3543;2
ALWAYS;1
ATTENTION;2
ARE;29
RECOGNITION;1
DESIGNED;1
BE;120
THAT;69
QUESTION;3
OVER;3
BACK;1
“PROFITS”;1
HAVE;22
CONSISTENCY;1
3043;2
BY;33
HEADCOUNTS;1
PROPERLY;1
STRENGTH;1
TERMS;1
A344;1
SUPPORTED;3
RELIANCE;2
RELIABILITY;5
FACTS;8
THEMSELVES;1
REFER;2
VALUATION;2
EASIEST;1
COMPARABLE;9
ASSESSING;1
D2641;1
TAKES;1
ILLUSTRATION;2
COSTBASED;4
WHICH;13
RENEGOTIATION;1
TAKEN;10
UNIQUE;4
TRANSFEROR;1
ON;64
EXPERIENCED;1
61;1
ARRANGEMENTS;4
OF;255
ILLUSTRATES;1
50;2
NEEDED;1
LENGTH;16
DOES;5
54;2
THOSE;7
PARTIALLY;3
A111;1
ABOUT;2
CAREFUL;1
SUPPORT;1
PRACTICE;2
DISCUSSED;4
REWARDS;1
PRINCIPLE;3
21212;1
CONSIDERABLE;1
ADDED;1
304;1
MATTERS;1
MAJOR;1
TECHNICALLY;1
FUTURE;2
PERFORMED;5
MANUFACTURING;21
INTEGRATED;1
STAGE;3
INFORMATION;4
CALCULATE;2
300;3
HARDTOVALUE;1
FUNCTIONAL;10
ARRANGEMENT;3
CONTAINED;1
246;1
TECHNOLOGICAL;2
FOLLOW;1
MANDATED;2
LINKED;1
BUYERS;1
TAXPAYER;7
DEVELOPED;6
CONSIDERS;1
CAUTION;2
PROJECTIONS;4
EMPLOYS;1
SENSE;2
7543;2
CHAINS;1
SPLIT;83
ACCOUNT;13
HELPFUL;1
SERVICE;1
40/70;3
PURPOSES;5
EVALUATED;1
PREPARED;1
REFERENCES;1
ILLUSTRATIONS;1
NET;15
OPEN;1
ISSUES;1
INDUSTRIES;2
PHARMACEUTICAL;1
FULL;2
ATTRIBUTION;3
NO;3
*;8
SALE;1
ESTABLISHMENTS;2
RESALE;1
RELATE;2
ACCORDING;2
INDIFFERENT;1
CONTRIBUTIONS;16
OUTLINED;1
GAVE;1
274281;1
IMPLIES;1
COUNTRIES;2
120;1
ASSIST;1
MAXIMUM;1
HIGHLY;1
KNOWN;4
5157;1
ARM’S;16
NEED;5
APPLYING;8
RESPECTIVELY;1
SUBTRACTS;1
ACCORDANCE;1
PROPORTION;6
SOLUTION;1
THEREOF;1
SHOULD;29
IDENTIFICATION;1
ECONOMICALLY;2
EXTREME;1
DO;1
IDENTIFYING;1
WHETHER;7
JUNE;2
TWO;3
LICENSEE/TRANSFEREE;4
10/25;1
RESULTING;1
CASEBYCASE;1
ASPECT;2
SEEK;4
EXCLUSIVE;1
2134;1
2135;1
OFTEN;2
46;1
REASONABLY;5
CONCLUSIONS;3
WHEN;7
2138;1
IGNORING;1
A1;1
TO;208
A3;1
A2;1
5;5
UNDERTAKEN;2
LEVELS;3
ANNEXES;1
STRICTEST;2
SUGGEST;1
SUFFICIENT;1
THERE;1
GENERALLY;2
APPROXIMATES;1
VALUE;15
AN;28
TRADITIONAL;2
MOST;6
•;7
AT;17
627;1
CORRELATION;1
TIMING;1
APPROXIMATED;1
ESSENTIAL;2
“COMBINED;1
BALANCE;1
SYSTEM;1
IDENTIFIED;1
ULTIMATE;1
RATIONALE;1
PROFITS4;1
HIGHEST;1
