Operators;RATIO;8
Operators;RESIDUAL;157
Operators;ADOPTED;18
Operators;NAMELY;5
Operators;ADDITIONALLY;4
Operators;FALL;21
Operators;ADDITIONAL;89
Operators;IMPLEMENTATION;64
Operators;INVOLVED;15
Operators;ENFORCING;1
Operators;CASES;129
Operators;DEDUCTIBLE;3
Operators;INVOLVES;5
Operators;CIRCUMSTANCES;49
Operators;LEAST;14
Operators;COMPARABILITY;5
Operators;ASSESS;18
Operators;ASSESSED;3
Operators;SIMILAR;47
Operators;COMPARING;3
Operators;MAY;518
Operators;AVERAGING;1
Operators;DIFFERENCES;30
Operators;INSTANCE;15
Operators;ONLY;147
Operators;HEREAFTER;3
Operators;ELIMINATION;27
Operators;CONCERN;17
Operators;ESTABLISHED;22
Operators;THRESHOLDS;51
Operators;NUMERATOR;4
Operators;ALLOCATIONS;8
Operators;PREVENT;28
Operators;GAPS;2
Operators;SMALLER;13
Operators;DEFINED;46
Operators;VERIFY;3
Operators;+;1
Operators;BELONG;3
Operators;DIFFERING;3
Operators;COMBINED;10
Operators;COMPRISES;4
Operators;SO;66
Operators;DISTINGUISHABLE;2
Operators;INCORPORATING;5
Operators;DEFINES;2
Operators;DECLINE;4
Operators;AND/OR;23
Operators;FULLY;9
Operators;SOLE;2
Operators;RESULT;76
Operators;COVERED;19
Operators;ATTRIBUTABLE;25
Operators;SATISFY;3
Operators;BRIEFLY;1
Operators;EXTRA;2
Operators;NEVERTHELESS;5
Operators;REGARDED;6
Operators;APPROXIMATION;4
Operators;ASSUMPTIONS;1
Operators;DETERMINATION;121
Operators;MINIMISE;7
Operators;NOT;667
Operators;QUANTITATIVE;25
Operators;NOR;14
Operators;RAISE;7
Operators;ALLOCATES;6
Operators;PORTION;32
Operators;IDENTIFY;87
Operators;RECOMMENDATION;19
Operators;AGGREGATED;5
Operators;LIMITATIONS;16
Operators;DEFINITION;117
Operators;KEPT;5
Operators;LACKING;1
Operators;&;2
Operators;CONVERSELY;9
Operators;INVOLVING;7
Operators;REGULATED;15
Operators;CALIBRATE;2
Operators;SETS;16
Operators;WHY;17
Operators;DIFFERENT;187
Operators;APPORTION;5
Operators;DETERMINING;33
Operators;AVERAGE;18
Operators;REGARD;16
Operators;THUS;30
Operators;CANNOT;14
Operators;COMPLY;9
Operators;EVEN;61
Operators;CORRESPONDING;12
Operators;LIKE;13
Operators;FORMING;1
Operators;SEPARATELY;27
Operators;REGARDS;5
Operators;ENSURE;99
Operators;DEFINE;15
Operators;REFLECTS;15
Operators;EXCEPTION;5
Operators;CONFIRMATION;1
Operators;RELATIONSHIP;21
Operators;TOP;4
Operators;CAP;13
Operators;EXCEEDING;5
Operators;SINGLE;39
Operators;WILLING;7
Operators;DISREGARDING;1
Operators;ESTIMATES;11
Operators;TOGETHER;35
Operators;NEARLY;1
Operators;COMPUTATION;15
Operators;CAPPING;1
Operators;FURTHER;224
Operators;ESTIMATED;9
Operators;COMPUTED;11
Operators;ASSUMED;16
Operators;COMPUTES;3
Operators;REFERS;13
Operators;ASSUMES;8
Operators;COMPARE;2
Operators;ASSOCIATE;1
Operators;OVERALL;24
Operators;NEGATIVE;41
Operators;SAME;114
Operators;ESTABLISHING;10
Operators;CALCULATION;36
Operators;SETTING;8
Operators;DUPLICATIVE;3
Operators;CONJUNCTION;2
Operators;EXCLUSIONS;7
Operators;DIFFERENTIALS;1
Operators;MULTIPLE;26
Operators;INTENDED;31
Operators;CONSIST;3
Operators;SEPARATE;39
Operators;EQUIVALENCE;3
Operators;SEEMS;5
Operators;ALLOCATION;157
Operators;DUPLICATE;2
Operators;LIMIT;40
Operators;ALTHOUGH;41
Operators;EQUIVALENCY;1
Operators;PRE;3
Operators;PORTIONS;4
Operators;MEASURED;5
Operators;CORRESPOND;3
Operators;WHOLLY;5
Operators;BENCHMARKED;4
Operators;SAY;4
Operators;DETERMINED;49
Operators;PERCENTAGE;40
Operators;TOTAL;48
Operators;CONDITIONS;10
Operators;DENYING;1
Operators;EXEMPTION;69
Operators;SIMILARLY;16
Operators;REVERSED;1
Operators;BALANCES;2
Operators;RETURNS;33
Operators;SHIFTING;8
Operators;HENCE;29
Operators;FIRST;94
Operators;BECAUSE;70
Operators;COMBINATION;17
Operators;ADDITION;49
Operators;CONTAINS;21
Operators;REGULATIONS;7
Operators;EXIST;7
Operators;EITHER;48
Operators;COMPRISE;3
Operators;APART;2
Operators;CIRCUMSTANCE;1
Operators;CONCERNED;5
Operators;EXCEEDS;8
Operators;COUNTING;36
Operators;OBLIGATED;1
Operators;RELATIVELY;21
Operators;TESTS;16
Operators;MULTIPLYING;2
Operators;REQUIRED;161
Operators;FALLS;19
Operators;MINIMUM;17
Operators;ALLOCATING;8
Operators;REQUIRES;17
Operators;APPLIED;70
Operators;PRECEDED;1
Operators;UNLESS;9
Operators;PERCENTAGES;4
Operators;EG;160
Operators;MITIGATE;1
Operators;APPLIES;34
Operators;ATTRIBUTION;1
Operators;POST;1
Operators;TREATED;12
Operators;EVALUATING;3
Operators;LAGGED;1
Operators;WHEREBY;9
Operators;ALTERNATIVELY;12
Operators;TREATMENT;22
Operators;DEDUCTING;1
Operators;OTHERWISE;39
Operators;PRESCRIBED;3
Operators;REQUIREMENT;21
Operators;SET;70
Operators;RULE;97
Operators;INCREASE;29
Operators;INDICATE;6
Operators;DIFFERS;4
Operators;STILL;31
Operators;RAISED;13
Operators;ENTAIL;5
Operators;SINCE;9
Operators;RAISES;6
Operators;REVERSAL;2
Operators;ALTOGETHER;1
Operators;DIFFERENCE;10
Operators;PREVIOUS;13
Operators;REPRESENT;7
Operators;IMPLEMENTED;30
Operators;SPECIFICALLY;18
Operators;DETERMINATIONS;6
Operators;EXEMPT;4
Operators;DEEMED;13
Operators;PARTICULARLY;22
Operators;ESTABLISHES;1
Operators;DEPENDING;35
Operators;SHIFT;1
Operators;EXCEED;13
Operators;IMPLEMENTING;13
Operators;PRESCRIBING;2
Operators;EXCEEDED;4
Operators;APPROVED;4
Operators;APPORTIONMENT;6
Operators;ALBEIT;2
Operators;DEPEND;6
Operators;INSTANCES;28
Operators;REQUIRING;16
Operators;TESTING;5
Operators;ALLOCATE;31
Operators;PERMIT;8
Operators;AGGREGATE;11
Operators;ESTABLISH;34
Operators;REGARDING;7
Operators;NONETHELESS;1
Operators;SUBDIVIDE;2
Operators;INCLUDES;35
Operators;COMPARED;12
Operators;REPLICATE;3
Operators;RECOMMENDATIONS;4
Operators;INCLUDED;64
Operators;LASTLY;1
Operators;APPLYING;60
Operators;CALCULATING;8
Operators;ASSUME;21
Operators;TEST;170
Operators;REQUESTS;9
Operators;PERMITTED;11
Operators;INDICATOR;91
Operators;ALLOCABLE;20
Operators;LACK;6
Operators;NEED;150
Operators;WANT;5
Operators;DEFINITIONS;21
Operators;CONFIRMS;1
Operators;ABSOLUTE;10
Operators;DENIAL;1
Operators;LIMITS;9
Operators;HOWEVER;131
Operators;NEXT;38
Operators;INVOLVE;18
Operators;EXTRACTION;2
Operators;DETERMINE;97
Operators;ALLOWED;3
Operators;ALLOCATED;126
Operators;CONSEQUENTLY;6
Operators;DEFINITIONAL;3
Operators;ADJUSTED;4
Operators;RESTRICTIONS;10
Operators;COMPLEMENT;1
Operators;RELATIVE;11
Operators;NOTWITHSTANDING;5
Operators;ENSURING;14
Operators;DIFFERENTLY;8
Operators;X;37
Operators;REPRESENTS;10
Operators;AFTER;50
Operators;ALLOWS;8
Operators;REFLECTED;8
Operators;PROHIBITIVE;1
Operators;ACTUALLY;3
Operators;INCLUDING;178
Operators;COMBINE;5
Operators;RECALCULATE;1
Operators;YET;8
Operators;EXEMPTIONS;7
Operators;COMPARABLES;5
Operators;ENSURES;9
Operators;RETURN;169
Operators;RATIOS;3
Operators;PREVIOUSLY;5
Operators;DIFFERENTIATION;15
Operators;REQUIRE;85
Operators;EXISTING;182
Operators;DERIVING;3
Operators;DECREASE;3
Operators;CONSTITUTES;5
Operators;EXCESS;34
Operators;APPROVAL;7
Operators;INCLUSION;11
Operators;DISTINCT;5
Operators;BUT;161
Operators;NOTABLY;4
Operators;EXCESSIVELY;1
Operators;GREATEST;2
Operators;RESPECTIVELY;5
Operators;INDICATORS;114
Operators;MEET;22
Operators;INCREASING;7
Operators;DEFINING;14
Operators;IMPOSED;4
Operators;FOR;1445
Operators;EQUIVALENT;6
Operators;COMBINATIONS;1
Operators;DETERMINES;3
Operators;IMPLEMENT;27
Operators;WHOLE;17
Operators;AND;2536
Operators;SELECTION;3
Operators;SHALL;1
Operators;POSITIVE;44
Operators;ATTRIBUTED;1
Operators;CONNECTION;75
Operators;EXCLUDED;26
Operators;FACTOR;5
Operators;SATISFIES;1
Operators;REFERRED;10
Operators;THEN;80
Operators;ASSOCIATED;47
Operators;MINIMISING;4
Operators;FURTHERMORE;8
Operators;ETC;17
Operators;DEDUCTED;2
Operators;ELIMINATE;67
Operators;SEPARATING;1
Operators;DISTINCTION;3
Operators;DUPLICATION;3
Operators;DISTINGUISHED;2
Operators;CASE;77
Operators;RESPECTIVE;4
Operators;COMPUTING;62
Operators;RATHER;48
Operators;PROPORTIONALITY;1
Operators;IDENTIFIED;80
Operators;WERE;50
Operators;EXCEPTIONS;4
Operators;APPLY;166
Operators;IDENTIFIES;8
Operators;CLOSER;1
Operators;NEEDS;21
Operators;FACTORS;48
Operators;CONCERNING;10
Operators;COVER;11
Operators;RULINGS;1
Operators;SECOND;49
Operators;WAS;57
Operators;ENFORCE;1
Operators;INCORPORATE;10
Operators;CONVERSION;1
Operators;VERIFIED;1
Operators;PRESCRIBE;5
Operators;RESULTS;39
Operators;ASSUMPTION;15
Operators;DESPITE;3
Operators;ENTIRELY;5
Operators;LOWER;39
Operators;LAPSE;1
Operators;UNDO;1
Operators;DENY;1
Operators;INTEGRATE;1
Operators;THEREBY;2
Operators;MEANS;69
Operators;OBLIGATIONS;5
Operators;GAP;2
Operators;ELIMINATING;7
Operators;EXCLUDE;15
Operators;SUITABLE;5
Operators;ASSESSMENT;49
Operators;MEAN;27
Operators;EXISTS;5
Operators;EXCLUSIVE;3
Operators;WHEREAS;10
Operators;ACCORDING;16
Operators;DEDUCTION;10
Operators;EXTRACTED;5
Operators;ALLOW;35
Operators;ASSUMING;15
Operators;ESTIMATE;3
Operators;IE;60
Operators;IF;389
Operators;REQUIREMENTS;28
Operators;ALWAYS;17
Operators;ADOPTION;4
Operators;SELECTED;4
Operators;RENDER;4
Operators;THOUGH;23
Operators;APPROXIMATE;5
Operators;CONSTITUTE;8
Operators;TESTED;6
Operators;REGULATORS;3
Operators;TREAT;2
Operators;REGULATORY;20
Operators;RESEMBLANCE;1
Operators;ELIMINATED;9
Operators;DIFFER;4
Operators;BALANCE;16
Operators;COMPUTATIONS;1
Operators;DERIVED;38
Operators;CONDITIONED;2
Operators;SPECIFIC;91
Operators;MANDATE;3
Operators;THRESHOLD;144
Operators;REFER;6
Operators;DISTINGUISHES;5
Operators;MULTIPLIED;3
Operators;COMPARABLE;21
Operators;ASSESSING;4
Operators;COMPUTE;39
Operators;INDEED;2
Operators;REDUCES;1
Operators;ADOPT;4
Operators;REQUEST;66
Operators;ACCORDINGLY;12
Operators;UNIQUE;6
Operators;REDUCED;17
Operators;COMPARABLY;2
Operators;BEFORE;43
Operators;LIMITED;51
Operators;DERIVE;14
Operators;ESPECIALLY;11
Operators;DOUBLE;187
Operators;APPORTIONED;10
Operators;CORRESPONDS;1
Operators;LIMITING;6
Operators;NEEDED;48
Operators;SPECIFIED;3
Operators;RESPECT;73
Operators;ALTERNATIVE;32
Operators;OR;1199
Operators;PARTIALLY;2
Operators;IMPOSE;7
Operators;RELATE;20
Operators;KEEPING;1
Operators;RESTRICT;2
Operators;ALLOWING;9
Operators;ADDING;2
Operators;ADDED;9
Operators;SELECTING;1
Operators;REGULATION;22
Operators;CONNECT;3
Operators;IRRESPECTIVE;19
Operators;INTEGRATED;4
Operators;CALCULATE;28
Operators;CONFIRM;7
Operators;LIMITATION;4
Operators;QUANTIFICATION;1
Operators;CONTAINED;15
Operators;INSTEAD;18
Operators;INCLUDE;153
Operators;INCLUSIVE;165
Operators;REMOVE;8
Operators;REFLECTING;11
Operators;INCORPORATED;7
Operators;REPRESENTED;5
Operators;RELATION;10
Operators;STRICTER;2
Operators;SUBJECT;78
Operators;REFERENCED;1
Operators;EVALUATE;6
Operators;SUM;2
Operators;EVALUATED;2
Operators;WHILE;56
Operators;REFERENCES;3
Operators;NET;19
Operators;EQUALLY;6
Operators;MANDATORY;54
Operators;EXCEPTIONAL;4
Operators;CALCULATED;27
Operators;*;7
Operators;ALGEBRAIC;3
Operators;DEPENDS;4
Operators;CONCERNS;19
Operators;CONTRARY;2
Operators;PROXY;12
Operators;RESULTED;1
Operators;SOLELY;8
Operators;IMPLIES;2
Operators;DENIED;1
Operators;EXCLUSIVELY;11
Operators;DISTINGUISH;7
Operators;ADD;6
Operators;OTHERS;14
Operators;CONSEQUENCE;4
Operators;REDUCING;6
Operators;GREATER;21
Operators;ACCORDANCE;14
Operators;PROPORTION;10
Operators;ADJUST;9
Operators;IDENTIFICATION;32
Operators;EXCLUSION;40
Operators;IDENTIFYING;26
Operators;REDUCTIONS;3
Operators;LIKEWISE;6
Operators;EQUAL;7
Operators;RESULTING;10
Operators;CASEBYCASE;2
Operators;COMPARISONS;1
Operators;SEEM;9
Operators;REGULATE;1
Operators;MINIMAL;10
Operators;ENTIRE;5
Operators;ACCEPTED;20
Operators;EXCESSIVE;1
Operators;ALSO;254
Operators;ALIKE;6
Operators;ADOPTING;3
Operators;DIVIDED;2
Operators;REGARDLESS;7
Operators;QUANTIFIED;1
Operators;APPROXIMATES;4
Operators;HOW;91
Operators;AS;992
Operators;THEREFORE;95
Operators;OUTWEIGH;1
Operators;=;17
Operators;DEPENDENCE;2
Operators;INCREASES;2
Operators;BALANCING;2
Operators;CALCULATIONS;3
Operators;COMBINING;2
Operators;SUBTRACTING;1
Operands;~990;1
Operands;LIFE;7
Operands;FUNDAMENTALLY;2
Operands;POSITIONS;9
Operands;AGE;5
Operands;UNCERTAINTY;6
Operands;LENGTHY;1
Operands;REGIONS;15
Operands;EFFICIENCY;5
Operands;DEMAND;4
Operands;USEFUL;7
Operands;OCCURRENCE;1
Operands;ENGAGE;7
Operands;BASELINE;53
Operands;VOLATILITY;1
Operands;EVALUATION;5
Operands;MULTIYEAR;3
Operands;NATURE;56
Operands;TAXES;40
Operands;HAND;2
Operands;CURRENT;19
Operands;TAXED;17
Operands;MANUFACTURE;2
Operands;MAP;93
Operands;ASSETS;39
Operands;BRAND;15
Operands;ANNUAL;7
Operands;PRIMARY;17
Operands;STABILITY;1
Operands;SUFFICIENTLY;14
Operands;PROPERTY;27
Operands;THANKS;2
Operands;INTELLECTUAL;2
Operands;INNOVATIVE;15
Operands;COMPLIANCE;87
Operands;BEHAVIOUR;1
Operands;GUARD;2
Operands;46;1
Operands;COMMON;12
Operands;UNDERTAKE;11
Operands;STANDARDISED;48
Operands;PROPOSAL;21
Operands;CLEARLY;8
Operands;ADDRESSING;12
Operands;PARIS;4
Operands;SOLD;89
Operands;APPEALING;1
Operands;SYSTEMS;13
Operands;ACTIVE;17
Operands;ACCOUNTING;68
Operands;104;1
Operands;105;3
Operands;CARRYFORWARD;52
Operands;PARTICIPATING;11
Operands;STARTUP;1
Operands;CONTROLS;11
Operands;PUBLIC;17
Operands;SELLS;10
Operands;NOW;5
Operands;INTERSEGMENT;2
Operands;DETAILED;16
Operands;NOMINAL;1
Operands;TRADEMARKS;6
Operands;DOCUMENTED;1
Operands;ANTICIPATED;9
Operands;METHODS;37
Operands;MEMBER;35
Operands;EXPLAIN;2
Operands;TAXABLE;39
Operands;TABLE;20
Operands;GOODS;95
Operands;CONCLUSIONS;13
Operands;INCENTIVES;6
Operands;ELEMENT;16
Operands;UNPREDICTABLE;2
Operands;UNITS;2
Operands;90;3
Operands;NONFINANCIAL;1
Operands;TIMBER;1
Operands;PRODUCING;3
Operands;CHEMICAL;2
Operands;EXPENDITURE;4
Operands;WIDELY;6
Operands;PIVOT;2
Operands;UNFAIR;1
Operands;PEER;13
Operands;PERIODICALLY;5
Operands;FINES;1
Operands;PARAMETERS;7
Operands;SEGMENTS;57
Operands;TRANSACTIONS;57
Operands;COMPETITION;5
Operands;DISCRETE;1
Operands;MAINTAIN;5
Operands;REACHED;13
Operands;PROTOCOL;6
Operands;FORM;34
Operands;DIGITALISED;4
Operands;EXAMINED;2
Operands;INHERENTLY;3
Operands;ASCERTAIN;3
Operands;FOUND;11
Operands;PASSIVE;1
Operands;COUNTERINTUITIVE;2
Operands;ELECT;9
Operands;PRAGMATIC;1
Operands;CFB;128
Operands;SALES;99
Operands;CALL;1
Operands;LICENSING;32
Operands;CONTRIBUTION;6
Operands;FUNCTIONS;39
Operands;UNILATERAL;14
Operands;CHALLENGES;43
Operands;AGENTS;11
Operands;JUSTIFIED;4
Operands;TRUE;8
Operands;ECONOMY;23
Operands;HEAVY;1
Operands;PARTNERS;4
Operands;RELY;23
Operands;GAAP;24
Operands;SOURCED;24
Operands;INFORM;12
Operands;INFLUENCE;4
Operands;SOURCE;31
Operands;BEHAVIOURS;1
Operands;LICENCE;6
Operands;400;2
Operands;PERTAIN;1
Operands;FORFEITED;1
Operands;HIGH;17
Operands;ISSUE;53
Operands;CLAIM;1
Operands;EXPENDITURES;7
Operands;AUSTRALIA;2
Operands;DECISION;55
Operands;ATTACHED;3
Operands;CLARIFY;5
Operands;PRICING;119
Operands;ADDRESS;152
Operands;PROGRESS;9
Operands;MARGIN;45
Operands;GUIDANCE;58
Operands;COMMENCING;1
Operands;BASED;191
Operands;15000;1
Operands;REDUCE;46
Operands;OPERATIONAL;7
Operands;INDIRECT;13
Operands;OBTAINED;16
Operands;BEGIN;1
Operands;BURDENS;14
Operands;LONGER;21
Operands;DEVELOPING;39
Operands;PROFIT;394
Operands;SHARE;14
Operands;WEIGHTING;1
Operands;MEASUREMENT;3
Operands;SPECIAL;4
Operands;ARTICULATED;6
Operands;CLASSIFICATION;11
Operands;COUNTRYBYCOUNTRY;2
Operands;MAINLY;4
Operands;POSSIBLE;109
Operands;245;2
Operands;POSSIBLY;8
Operands;DETAILS;6
Operands;COMPOUND;1
Operands;APPROPRIATENESS;2
Operands;TIMELY;5
Operands;MOBILE;14
Operands;12000;1
Operands;FORECAST;1
Operands;CONTINUE;30
Operands;TIME;91
Operands;JAPAN;2
Operands;DESCRIBED;42
Operands;WORKING;8
Operands;SECTION;97
Operands;2450;2
Operands;DESCRIBES;5
Operands;TREATMENT;22
Operands;AUDITED;2
Operands;LAND;2
Operands;LEVERAGE;2
Operands;UTILISE;1
Operands;AREA;6
Operands;VENTURES;5
Operands;SIMPLIFICATIONS;8
Operands;TRADE;11
Operands;BELIEVE;9
Operands;MODELS;46
Operands;REPORTED;15
Operands;PRINCIPALLY;2
Operands;NEWLY;1
Operands;EUR;47
Operands;ROYALTIES;3
Operands;ELIGIBLE;35
Operands;BREAK;6
Operands;MAJORITY;24
Operands;TRADING;10
Operands;ADEQUATE;1
Operands;SAFEGUARD;1
Operands;IMPROVE;14
Operands;DEGREE;13
Operands;PURSUED;3
Operands;DETAIL;12
Operands;FINISHED;15
Operands;INTANGIBLES;38
Operands;CORPORATE;8
Operands;OPTIONS;16
Operands;ACQUISITION;1
Operands;ENHANCEMENTS;3
Operands;EXPLAINED;7
Operands;PRIVATE;9
Operands;ANTIAVOIDANCE;2
Operands;CONTRIBUTING;2
Operands;PARTICIPANTS;1
Operands;CONSULTATION;1
Operands;ABSORBED;2
Operands;COMPONENTS;23
Operands;ONLINE;133
Operands;INDIRECTLY;12
Operands;CLOUD;49
Operands;LEGAL;43
Operands;DELIVERY;39
Operands;DELIVERS;6
Operands;VAST;3
Operands;POOLED;3
Operands;AGREEING;4
Operands;FACE;7
Operands;RECOGNITION;6
Operands;BREACH;1
Operands;ALIGNED;8
Operands;DECISIONS;17
Operands;EASIER;3
Operands;FACT;25
Operands;DELIVERED;22
Operands;ENABLE;6
Operands;MINORITY;1
Operands;PAY;30
Operands;NARROWER;5
Operands;TAXPAYERS;68
Operands;692;1
Operands;EFFECTIVENESS;8
Operands;DISCUSSIONS;15
Operands;LOCALLY;13
Operands;BRANDING;8
Operands;PRESSURE;8
Operands;CHIEF;3
Operands;PRESERVED;6
Operands;X;37
Operands;PARALLEL;3
Operands;FINANCIALS;3
Operands;TARGET;4
Operands;OIL;1
Operands;REGION;15
Operands;SHARES;11
Operands;ABUSE;1
Operands;POLICIES;1
Operands;SHARED;8
Operands;PRESERVING;1
Operands;CAPTURE;8
Operands;VARIETY;8
Operands;PERSONNEL;2
Operands;MECHANISMS;34
Operands;LARGE;34
Operands;5000;9
Operands;SEEKS;10
Operands;~240;1
Operands;SEARCH;18
Operands;LEAVES;3
Operands;POSSIBILITY;12
Operands;OWNERSHIP;10
Operands;STAKEHOLDERS;2
Operands;THEME;1
Operands;IMPEDE;1
Operands;EXTERNAL;2
Operands;INPUT;11
Operands;ASSETBASED;1
Operands;PROVIDED;87
Operands;FINANCIAL;119
Operands;SITUATIONS;30
Operands;UNDUE;1
Operands;INTERESTED;1
Operands;COMPLICATED;2
Operands;PROVIDES;29
Operands;PROVIDER;27
Operands;REVENUES;39
Operands;COMMERCIAL;28
Operands;ARRANGEMENTS;26
Operands;COLLECTED;18
Operands;250;1
Operands;ABILITY;30
Operands;FIVEYEAR;1
Operands;CLAIMED;1
Operands;ARRIVE;4
Operands;EXTREMELY;1
Operands;EXERCISE;7
Operands;ENTITLED;10
Operands;SIMPLICITY;15
Operands;PROFITABILITY;122
Operands;ZERO;3
Operands;160;2
Operands;REMAINING;15
Operands;MAJOR;2
Operands;NAME;5
Operands;STRONGEST;2
Operands;PERSPECTIVE;6
Operands;VOTING;1
Operands;EVENT;23
Operands;DEVISE;1
Operands;VARY;12
Operands;REALITY;3
Operands;APPLICATIONS;4
Operands;LOW;14
Operands;ACCUMULATE;1
Operands;SHAREHOLDINGS;1
Operands;CREATE;33
Operands;SHORTFALLS;27
Operands;PLATFORM;34
Operands;PAYMENTS;9
Operands;TAXABLE/PHYSICAL;1
Operands;REALISATION;2
Operands;CARRIED;17
Operands;INAPPROPRIATE;2
Operands;RESIDENT;37
Operands;VI;2
Operands;EFFECT;30
Operands;MEANINGFUL;4
Operands;INTRODUCED;12
Operands;EARNS;7
Operands;INEFFICIENT;1
Operands;FOCUS;13
Operands;ACCESS;45
Operands;4000;6
Operands;REFUNDING;1
Operands;SIGNIFICANCE;1
Operands;800;3
Operands;INCURRING;3
Operands;PRESERVE;2
Operands;SUPPORTING;9
Operands;PROFITMARGIN;8
Operands;FAMILIAR;2
Operands;MOVE;4
Operands;REVIEWED;6
Operands;COMMODITIES;7
Operands;SIMPLIFY;5
Operands;STEPS;61
Operands;PROPER;1
Operands;VEHICLES;3
Operands;CAPABILITIES;1
Operands;RELIABILITY;2
Operands;SECTIONS;5
Operands;PROVISIONS;18
Operands;PURCHASE;26
Operands;PROVIDE;110
Operands;OVERVIEW;12
Operands;FEATURE;10
Operands;EXPLORED;16
Operands;CHALLENGING;8
Operands;58;2
Operands;VIEWS;23
Operands;55;1
Operands;54;1
Operands;51;3
Operands;HISTORIC;2
Operands;AUTHORITIES;23
Operands;RECOUP;4
Operands;200;2
Operands;SUPPORT;48
Operands;PAID;25
Operands;RATIONALISE;2
Operands;ONGOING;23
Operands;PRINCIPLE;41
Operands;25000;4
Operands;DIVERGENT;4
Operands;CANADA;2
Operands;MARKETING;142
Operands;SUGGESTS;8
Operands;REGULATION;22
Operands;PRODUCTION;7
Operands;MNE;701
Operands;PBT;55
Operands;ADVERSE;1
Operands;ILLUSTRATIVE;2
Operands;SIZE;14
Operands;DISCLOSING;2
Operands;DECISIONMAKING;13
Operands;SENSE;4
Operands;SERVICE;203
Operands;PROBLEMS;2
Operands;OPPORTUNITIES;9
Operands;PREPARED;21
Operands;BANKING;33
Operands;RATES;18
Operands;ALLEVIATE;1
Operands;AVOIDANCE;5
Operands;INDUSTRIES;19
Operands;CONTRACTS;2
Operands;HARBOUR;101
Operands;PRIMARILY;23
Operands;ADMINISTRATIONS;235
Operands;CORE;5
Operands;LOSSMAKING;2
Operands;IMPAIRS;1
Operands;PROBLEM;3
Operands;GOODWILL;2
Operands;WAYS;18
Operands;SOLUTION;15
Operands;SUBMIT;9
Operands;CBCR;11
Operands;SAFETY;4
Operands;IMPAIRMENTS;3
Operands;NUMBER;135
Operands;LOGIC;2
Operands;MARKETS;34
Operands;REGIMES;12
Operands;CONDUIT;2
Operands;JUSTIFICATION;4
Operands;OFTEN;35
Operands;SUBSEQUENT;14
Operands;REASONABLY;7
Operands;SPLITTING;1
Operands;REDISTRIBUTING;1
Operands;PREMIUMS;2
Operands;REASONABLE;17
Operands;INTERVENTION;3
Operands;CYCLE;6
Operands;SHOW;5
Operands;VARIANCES;2
Operands;COMMITMENTS;2
Operands;VALUE;30
Operands;SUBSTANTIVE;10
Operands;TRADITIONAL;9
Operands;POTENTIAL;71
Operands;EXPENSES;33
Operands;SIGNIFICANTLY;9
Operands;98;2
Operands;FAVOUR;9
Operands;ULTIMATE;6
Operands;DEMPE;2
Operands;DEVELOP;21
Operands;INSOLVENCY;1
Operands;SIMPLE;23
Operands;BORROWING;1
Operands;OBTAIN;31
Operands;BOOKTOTAX;7
Operands;ACCOUNTS;69
Operands;FOCUSING;2
Operands;INDUCED;1
Operands;COMMONALITIES;3
Operands;CROSSSEGMENT;1
Operands;REBUTTABLE;11
Operands;ACCURACY;15
Operands;AUDIT;14
Operands;AFTERTAX;1
Operands;EXTENDED;6
Operands;AFFECTED;94
Operands;FIT;2
Operands;MEASURES;17
Operands;ONES;4
Operands;BUSINESSES;132
Operands;REALISE;7
Operands;LEASE;2
Operands;BRIBES;1
Operands;PROCESS;202
Operands;REVIEW;231
Operands;SELLERS;2
Operands;STATUTE;1
Operands;CLAIMS;2
Operands;INFORMATION;283
Operands;ADVICE;5
Operands;ACCRUED;4
Operands;UNRELATED;14
Operands;NONREALISED;1
Operands;RELIES;3
Operands;EARLY;47
Operands;CONFIDENTIALITY;3
Operands;COMPANY;12
Operands;SUBSTEPS;2
Operands;MODEST;1
Operands;MODIFIED;1
Operands;EXPLOITATION;3
Operands;RELIEF;28
Operands;RELIED;5
Operands;OUTLINE;24
Operands;COMMODITY;4
Operands;CONSISTENT;62
Operands;CONTRIBUTE;5
Operands;INDIVIDUAL;38
Operands;GENERATE;28
Operands;INSURER;1
Operands;RELIEVE;14
Operands;ENTERPRISES;13
Operands;STARTS;6
Operands;~430;1
Operands;REAL;24
Operands;TRANSACTIONAL;8
Operands;HOLDS;2
Operands;MEMBERSHIP;4
Operands;COST;16
Operands;IFRS66;1
Operands;PERFORMANCE;41
Operands;COMPETITIVE;8
Operands;DETER;1
Operands;BODIES;1
Operands;PRESENCE;59
Operands;ADVANCES;1
Operands;ACCOMMODATING;4
Operands;DOMESTIC;121
Operands;OUTCOMES;41
Operands;INMARKET;6
Operands;ADVANCED;3
Operands;ULTIMATELY;12
Operands;ADMINISTRATIVE;42
Operands;COHERENT;3
Operands;EXERCISED;1
Operands;PUT;5
Operands;IMMEDIATELY;1
Operands;REMUNERATION;20
Operands;IMPORTANCE;10
Operands;MATERIAL;57
Operands;DEALING;8
Operands;FLOWS;1
Operands;PERFORMS;11
Operands;AMOUNTING;1
Operands;COMMENSURATE;10
Operands;SEGMENT;120
Operands;REBUTTED;3
Operands;147;1
Operands;REST;8
Operands;DIGITAL;73
Operands;PRICES;7
Operands;ALREADY;75
Operands;ENVIRONMENT;8
Operands;COMPREHENSIVE;15
Operands;COMPLEXITY;35
Operands;HEALTH;1
Operands;EXCHANGES;6
Operands;VERSION;2
Operands;ATTEMPT;2
Operands;SPENT;1
Operands;DIFFICULTY;3
Operands;APPROACHES;35
Operands;ROUTINE;67
Operands;ENTERED;3
Operands;JUSTIFY;18
Operands;WORLDWIDE;2
Operands;CUSTOMERS;28
Operands;OFFER;6
Operands;OPTIONALITY;1
Operands;NAMES;2
Operands;PROPOSED;34
Operands;AMOUNTS;11
Operands;TURNED;1
Operands;AVOID;19
Operands;BASE;172
Operands;MECHANISM;124
Operands;REORGANISATIONS;9
Operands;MONITORING;11
Operands;INVESTOR;7
Operands;MATCHING;2
Operands;PROFITABLE;12
Operands;RETAINED;7
Operands;TWICE;5
Operands;WISH;8
Operands;LOGICAL;3
Operands;REGULAR;2
Operands;TRANSPARENCY;1
Operands;PROFITABLY;1
Operands;OCCUR;9
Operands;UPWARDS;1
Operands;DECIDING;3
Operands;CONSTANT;2
Operands;SYMMETRY;3
Operands;COUNTRY;33
Operands;SOMETIMES;10
Operands;INTERMEDIATION;30
Operands;SAFEGUARDS;3
Operands;NEW;163
Operands;FINAL;35
Operands;GRIEVANCES;1
Operands;FRAMEWORKS;3
Operands;OPEN;7
Operands;KEYS;6
Operands;TRANSPARENT;2
Operands;FUNCTION;8
Operands;END;26
Operands;MONITOR;4
Operands;G;1
Operands;DOCUMENTATION;61
Operands;PREPARATION;4
Operands;DEGREES;2
Operands;EXAMPLES;11
Operands;FULLRISK;9
Operands;TECHNOLOGIES;3
Operands;LEAD;131
Operands;SUBNATIONAL;2
Operands;PROFITBASED;8
Operands;COMPONENT;41
Operands;AGREEMENT;68
Operands;STRICT;6
Operands;INTERRELATED;1
Operands;513;2
Operands;INTEGRITY;2
Operands;1000;3
Operands;DISCLOSE;3
Operands;HANDFUL;2
Operands;1222;1
Operands;REGIONAL;33
Operands;DISCREPANCIES;4
Operands;ADMINISTRABLE;7
Operands;CARRYOVERS;2
Operands;LIFETIME;1
Operands;INSCOPE;139
Operands;HELP;10
Operands;MECHANICS;1
Operands;FORESEE;2
Operands;FINANCE;5
Operands;EARNINGS;2
Operands;CONSOLIDATED;63
Operands;WORLD;5
Operands;PRESENT;19
Operands;HIGHER;36
Operands;CLARIFICATION;6
Operands;ACKNOWLEDGEMENT;2
Operands;AFFECTS;2
Operands;ACCURATE;17
Operands;BUILDINGS;3
Operands;FINALISED;2
Operands;MANIPULATION;7
Operands;CARE;4
Operands;10;32
Operands;13;2
Operands;12;7
Operands;15;8
Operands;14;13
Operands;17;2
Operands;19;1
Operands;REVISED;8
Operands;REOPENING;2
Operands;INTERMEDIATE;18
Operands;CHINA;5
Operands;BRANCH;2
Operands;EUROPE;1
Operands;BASIS;183
Operands;UNLIMITED;4
Operands;BASIC;4
Operands;SUMMARISE;1
Operands;THREEYEAR;1
Operands;LOSSES;136
Operands;QUESTION;33
Operands;NOTED;38
Operands;ORIGINAL;1
Operands;MEASURING;3
Operands;THIRDPARTY;3
Operands;SUCCESSFUL;2
Operands;CARRYBACK;2
Operands;ARGUMENT;2
Operands;COVERAGE;3
Operands;EXTENSIVE;4
Operands;FIXED;80
Operands;CONCEPT;6
Operands;IRREGULAR;1
Operands;BUREAU;1
Operands;UNDERWAY;2
Operands;PREFERABLE;7
Operands;FINALISE;12
Operands;DOWNSIDE;1
Operands;ORBIS;1
Operands;P/R;2
Operands;REVIEWS;10
Operands;EXTENT;38
Operands;AVAILABILITY;5
Operands;CONSTRAINTS;8
Operands;IMPACTED;5
Operands;PENALTIES;3
Operands;REMAIN;23
Operands;IMPORTANT;29
Operands;NORMALLY;9
Operands;ACTIVITIES;338
Operands;RISK;57
Operands;LEVEL;118
Operands;RISE;24
Operands;2700;1
Operands;ENTER;4
Operands;EXCHANGING;2
Operands;OPERATE;31
Operands;ACTUAL;7
Operands;RENTS;1
Operands;STRATEGIC;6
Operands;ESCALATOR;2
Operands;NOTES;1
Operands;PURSUANT;5
Operands;TRANSFERRED;5
Operands;COVID19;1
Operands;HELD;5
Operands;COMPLEX;21
Operands;DESIGN;39
Operands;BOARD;3
Operands;COORDINATED;12
Operands;PROCEDURES;12
Operands;COMPOSITION;1
Operands;PARTICIPATION;9
Operands;LONGLIVED;1
Operands;PAYABLE;7
Operands;CARRIEDFORWARD;3
Operands;COMMONLY;33
Operands;RECORDS;4
Operands;3;83
Operands;INTRAGROUP;15
Operands;PARTICIPATE;20
Operands;CARRY;9
Operands;COSTPLUS;3
Operands;MINERAL;2
Operands;PRESENTED;2
Operands;CONTRIBUTED;2
Operands;PUBLISHED;4
Operands;NETOFF;1
Operands;INTERESTS;7
Operands;UNITED;9
Operands;MERITS;2
Operands;MNESPECIFIC;1
Operands;6500;1
Operands;LIABLE;2
Operands;CONCEPTUAL;5
Operands;PARTNER;1
Operands;29;2
Operands;60;7
Operands;63;6
Operands;64;2
Operands;3000;4
Operands;68;2
Operands;69;2
Operands;RECLASSIFIED;1
Operands;MAKER;5
Operands;RECENT;2
Operands;SOURCES;4
Operands;CASH;1
Operands;PROFILES;7
Operands;BETTER;6
Operands;PARTNERSHIPS;2
Operands;FAIR;2
Operands;OVERLAY;4
Operands;MERELY;5
Operands;FIELD;8
Operands;ABSENCE;7
Operands;WAY;51
Operands;FAIL;1
Operands;FOCUSES;5
Operands;OWNED;10
Operands;ANNUALLY;1
Operands;PERSONS;4
Operands;VOLATILE;4
Operands;ENHANCEMENT;3
Operands;STATISTICAL;3
Operands;DEPRECIATION;2
Operands;OWNER;17
Operands;TYPE;68
Operands;OVERCOME;3
Operands;ACQUIRED;9
Operands;STORAGE;9
Operands;PARTICULAR;87
Operands;ACQUIRES;5
Operands;CONTROL;27
Operands;TRILLION;2
Operands;INFORMED;15
Operands;INTRODUCE;6
Operands;NONDEDUCTIBLE;1
Operands;SUBSTANTIAL;21
Operands;REPUBLIC;6
Operands;ARISE;27
Operands;POLICY;39
Operands;CONFLICT;5
Operands;SOFTWARE;29
Operands;IP;64
Operands;ACCEPTABLE;14
Operands;CAPITAL;14
Operands;VARIABLE;4
Operands;NETTINGOFF;5
Operands;USERS;58
Operands;SAMPLE;3
Operands;RETROACTIVE;1
Operands;SECRETARIAT;13
Operands;FACILITATING;5
Operands;WITHDRAW;8
Operands;CRITERIA;18
Operands;BOX;15
Operands;215;2
Operands;REMODELLING;1
Operands;LEGISLATION;21
Operands;EXPRESSED;13
Operands;IASB;2
Operands;DISADVANTAGE;1
Operands;ALTER;4
Operands;INTUITIVELY;1
Operands;CONSOLIDATION;9
Operands;RELIANCE;3
Operands;COROLLARY;1
Operands;POINTS;26
Operands;4;42
Operands;HISTORICALLY;1
Operands;SHOWN;13
Operands;REMUNERATED;3
Operands;DIVERGENCES;4
Operands;DISTRIBUTE;7
Operands;ILLUSTRATION;5
Operands;OBVIOUS;3
Operands;DESIGNED;37
Operands;UNAFFECTED;1
Operands;EROSION;10
Operands;PILLAR;90
Operands;ILLUSTRATED;5
Operands;CREDIT;42
Operands;COMPENSATE;2
Operands;SHAREHOLDER;1
Operands;OBJECTIVES;14
Operands;ATTRACTIVENESS;1
Operands;OUTLINED;26
Operands;PRACTICE;26
Operands;FIND;2
Operands;SELLER;47
Operands;SUGGEST;10
Operands;PRESUMABLY;1
Operands;MEDIUM;5
Operands;SHEET;2
Operands;JUST;6
Operands;ENCOURAGE;1
Operands;P&L;5
Operands;ARRANGEMENT;15
Operands;ACCOUNTED;3
Operands;PLACE;65
Operands;OFFSET;8
Operands;STANDPOINT;5
Operands;TAXPAYER;32
Operands;REVENUE;445
Operands;INSTRUMENTS;6
Operands;ENGAGEMENT;47
Operands;EFFECTIVELY;6
Operands;CONTROLLING;1
Operands;AUTONOMOUS;1
Operands;RECOVER;2
Operands;SPLIT;6
Operands;ISSUED;2
Operands;ROUTE;1
Operands;STABLE;1
Operands;PROVEN;1
Operands;PERMANENT;31
Operands;DISTORTIONS;15
Operands;DISPLAY;7
Operands;ISSUES;87
Operands;PURCHASER;87
Operands;PURCHASES;7
Operands;FULL;16
Operands;NA;5
Operands;COMMUNITY;1
Operands;SOURCING;148
Operands;UNABLE;13
Operands;PURCHASED;6
Operands;IMPAIRMENT;2
Operands;METRIC;3
Operands;NONRECURRING;1
Operands;750;12
Operands;COUNTRIES;2
Operands;ISOLATION;1
Operands;ASSIST;1
Operands;COSTS;104
Operands;TERRITORY;3
Operands;BOOKED;4
Operands;REALISES;1
Operands;INTENSITY;10
Operands;BROADER;26
Operands;FLUCTUATE;2
Operands;ECONOMICALLY;12
Operands;REALISED;5
Operands;SECTOR;32
Operands;USE;174
Operands;USD;6
Operands;EFFICIENT;5
Operands;POLITICAL;14
Operands;1200;2
Operands;BENEFIT;33
Operands;ASPECT;3
Operands;BACKSTOP;3
Operands;ARGUE;4
Operands;SEEK;40
Operands;COMPETITOR;2
Operands;COMPLETED;14
Operands;SUPPLIED;11
Operands;5;44
Operands;SUPPLIER;5
Operands;UNDERTAKEN;64
Operands;FACILITATE;21
Operands;450;3
Operands;HIGHLIGHTED;4
Operands;START;22
Operands;SIMPLIFYING;6
Operands;463;2
Operands;IMPOSSIBLE;6
Operands;PROFITS;287
Operands;OFSCOPE;3
Operands;PRICE;15
Operands;SINGAPORE;2
Operands;SYSTEM;68
Operands;UNDERMINING;1
Operands;ASYMMETRY;1
Operands;RECEIVES;6
Operands;SEGMENTING;3
Operands;ACQUIRING;2
Operands;SIT;1
Operands;GAIN;9
Operands;CUSTOMER;64
Operands;DISTRIBUTES;2
Operands;TWOSIDED;1
Operands;EXPANDING;1
Operands;TAX;1094
Operands;INTERMEDIARIES;12
Operands;ACTION;25
Operands;EQUITABLE;1
Operands;BODY;3
Operands;FIGURE;11
Operands;R&D;4
Operands;DESIGNATED;5
Operands;OCCURRED;1
Operands;CORRECTIONS;1
Operands;INTERSEGMENTAL;8
Operands;REGULARLY;5
Operands;EMPHASISE;5
Operands;TANGIBLE;19
Operands;ACCOMMODATE;7
Operands;CHARGE;10
Operands;RICH;1
Operands;SIMPLY;11
Operands;INSTITUTIONS;1
Operands;VIEW;39
Operands;USED;162
Operands;DUAL;18
Operands;CAMPAIGN;2
Operands;CURRENCY;11
Operands;USES;14
Operands;REORGANISATION;2
Operands;NOVEMBER;1
Operands;MARKET;523
Operands;UNRELIEVED;12
Operands;UNCHANGED;2
Operands;CONTRACT;13
Operands;VARIES;3
Operands;CENTRALISE;2
Operands;POSITION;25
Operands;INDUSTRIAL;4
Operands;CAPABLE;4
Operands;GENERATION;4
Operands;LOAN;2
Operands;VEHICLE;4
Operands;RATIONALISED;1
Operands;AGREE;40
Operands;IDENTITY;4
Operands;SAID;6
Operands;DISCOUNTS;1
Operands;DELIVER;18
Operands;2169;1
Operands;AVOIDS;5
Operands;CROSSBORDER;5
Operands;NETBASIS;1
Operands;CARRYING;3
Operands;EXPLORATION;5
Operands;ISOLATING;3
Operands;EXPLORING;11
Operands;MANAGEABLE;4
Operands;CAPACITY;18
Operands;INTERIM;4
Operands;COMMITTEE;1
Operands;6;7
Operands;KNOWN;5
Operands;RECOGNIZES;1
Operands;LEFT;1
Operands;LEVERAGING;1
Operands;7000;1
Operands;ACHIEVE;10
Operands;MISALLOCATION;1
Operands;ADVANTAGE;4
Operands;CAMPAIGNS;1
Operands;CONTROLLED;11
Operands;STEP;102
Operands;ACQUISITIONS;1
Operands;UNDERSTAND;10
Operands;DATE;9
Operands;VAN;1
Operands;DATA;162
Operands;CORRECT;4
Operands;ASIA;1
Operands;DUALHEADED;2
Operands;AMOUNT;1197
Operands;RESPONSIBILITY;3
Operands;SEGMENTATION;73
Operands;INTERACTION;21
Operands;CREATING;11
Operands;BREAKS;2
Operands;CONTROVERSY;5
Operands;INTENTION;3
Operands;SOLVE;2
Operands;CORRECTLY;1
Operands;LOWRISK;2
Operands;ADMINISTERING;2
Operands;PRODUCT;87
Operands;MANUFACTURERS;4
Operands;ANTIABUSE;1
Operands;PRODUCE;12
Operands;PERIODS;6
Operands;CRITERION;1
Operands;FILING;25
Operands;UNCONTROLLED;1
Operands;EXPLOITED;7
Operands;ENTITY;308
Operands;BANKS;15
Operands;PROPERLY;3
Operands;BLENDING;1
Operands;ARGUED;14
Operands;LINE;12
Operands;AVAILABLE;148
Operands;25;5
Operands;26;8
Operands;20;20
Operands;OFFERING;5
Operands;23;4
Operands;REVENUEBASED;6
Operands;LONG;9
Operands;PRIORITY;25
Operands;OPPORTUNITY;15
Operands;CARVEOUT;4
Operands;PERSON;12
Operands;BROAD;14
Operands;ISOLATE;6
Operands;COLLECTION;23
Operands;BANDINGS;1
Operands;IMPROVEMENTS;11
Operands;ADVERTISING;85
Operands;MANUFACTURES;1
Operands;ACKNOWLEDGING;1
Operands;CONDUCTING;12
Operands;CLASSIFIED;3
Operands;IMPLICATIONS;12
Operands;REMOTELY;12
Operands;SIGNIFICANT;74
Operands;EXPLANATION;14
Operands;GENERATING;6
Operands;PRINCIPLES;18
Operands;LOCATED;12
Operands;INEFFECTIVE;1
Operands;UNLIKELY;9
Operands;TRANSLATE;1
Operands;LIABILITIES;2
Operands;STRICTLY;4
Operands;REPORTING;29
Operands;BROUGHT;4
Operands;7;3
Operands;LEADING;4
Operands;INREGIME;3
Operands;LICENSOR;19
Operands;THIRD;51
Operands;POSE;1
Operands;PROPOSALS;7
Operands;SHAREHOLDERS;1
Operands;NEUTRALITY;7
Operands;EU;10
Operands;LEGALLY;2
Operands;ASPECTS;31
Operands;OUTSTANDING;6
Operands;ACTING;4
Operands;INSURERS;3
Operands;EARNING;2
Operands;CONTINUOUS;2
Operands;SMALL;34
Operands;FREQUENTLY;2
Operands;FORMER;1
Operands;CATEGORIES;17
Operands;TECHNIQUES;2
Operands;EASILY;6
Operands;REASONS;42
Operands;LARGELY;4
Operands;LOCATIONS;5
Operands;GOVERNMENTAL;1
Operands;DISCLOSES;2
Operands;CENTRAL;20
Operands;SUCCESS;1
Operands;JURISDICTIONS;411
Operands;MANNER;22
Operands;UNALLOCATED;3
Operands;DEMONSTRATE;11
Operands;OUTCOME;25
Operands;BEARING;3
Operands;EXTENDING;4
Operands;EXAMINE;5
Operands;KEY;47
Operands;PROPONENTS;2
Operands;DISTRIBUTION;200
Operands;MARGINBASED;5
Operands;READILY;7
Operands;CREATION;6
Operands;UNDESIRABLE;2
Operands;PACKAGES;1
Operands;GROUNDS;2
Operands;IMPACT;49
Operands;EARLIER;8
Operands;ADMINISTRATION;240
Operands;UNDERSTANDING;2
Operands;QUESTIONS;26
Operands;CLASS;1
Operands;VERY;20
Operands;BEAR;40
Operands;77;3
Operands;75;1
Operands;INTANGIBLE;38
Operands;INCONSISTENT;11
Operands;70;1
Operands;LOWVALUE;1
Operands;QUALIFIES;1
Operands;SIMPLIFICATION;9
Operands;ENGAGED;12
Operands;ROLE;10
Operands;DISTRIBUTOR;51
Operands;ENGAGES;2
Operands;DISCLOSED;19
Operands;COLLECTING;4
Operands;ASSET;10
Operands;TNMM;7
Operands;MATERIALLY;7
Operands;LICENSE;6
Operands;DISCUSSION;29
Operands;MILLION;39
Operands;DESIRABLE;1
Operands;EMPLOYEE;1
Operands;EMPLOYED;1
Operands;METHOD;104
Operands;CYCLES;1
Operands;CREATED;13
Operands;PHYSICALLY;7
Operands;OWNS;6
Operands;OPERATES;10
Operands;GUIDING;1
Operands;OPERATED;2
Operands;IAS;2
Operands;KNOWHOW;4
Operands;EXPERIENCE;18
Operands;JOINT;16
Operands;INCOME;91
Operands;BUYER;1
Operands;ALIGNMENT;1
Operands;FINANCING;8
Operands;GROUP;524
Operands;313;4
Operands;BRINGS;4
Operands;MANAGE;9
Operands;KOREA;2
Operands;RECONCILE;5
Operands;TRANSITIONAL;6
Operands;PLAYING;9
Operands;FRAMEWORK;220
Operands;DIFFICULTIES;10
Operands;MONOPOLISTIC;1
Operands;SUBSEQUENTLY;9
Operands;EMPLOYEES;7
Operands;GOVERNMENTS;7
Operands;CRITICAL;5
Operands;RISKTAKING;1
Operands;FUNDING;4
Operands;RECOGNISE;6
Operands;DIGITALISATION;21
Operands;HIGHRISK;1
Operands;PRIOR;11
Operands;CLIFFEDGE;1
Operands;UNREALISED;3
Operands;EXPLORE;20
Operands;PURPOSE;38
Operands;INTENT;1
Operands;ANALYSING;1
Operands;CHECKS;1
Operands;BILLION;7
Operands;RESIDENCE;109
Operands;GLOBAL;52
Operands;SENSITIVE;2
Operands;SUBSIDIARY;13
Operands;ELECTRONIC;7
Operands;CHARACTERISTICS;16
Operands;PERFORMING;13
Operands;COMMENCE;1
Operands;DISTRIBUTING;3
Operands;VALUABLE;5
Operands;FAIRNESS;3
Operands;EXAMPLE;160
Operands;PREMISED;2
Operands;EARN;25
Operands;INTERCOMPANY;3
Operands;DEMONSTRABLY;1
Operands;STRATEGY;5
Operands;INTERNAL;20
Operands;INNOVATION;2
Operands;THROWBACK;1
Operands;PROBABLY;1
Operands;CONTRAST;15
Operands;TURNOVER;1
Operands;DELINEATE;3
Operands;ACQUIRE;3
Operands;10000;3
Operands;NONOPERATING;1
Operands;SIMPLIFIED;23
Operands;SITUATION;9
Operands;UPLIFT;2
Operands;OVERSIGHT;2
Operands;TERM;12
Operands;OWN;31
Operands;FAR;14
Operands;ARISING;32
Operands;RESORT;8
Operands;FORMULAIC;11
Operands;BROKERS;1
Operands;INTEREST;38
Operands;9;10
Operands;RETAIN;14
Operands;RETAIL;31
Operands;SAFE;104
Operands;OCCASIONS;1
Operands;ROUGHLY;1
Operands;CONDUCT;13
Operands;LIKELIHOOD;3
Operands;FISCAL;22
Operands;PLANS;4
Operands;SCENARIO;13
Operands;POINTED;1
Operands;ATTENTION;3
Operands;PARTS;18
Operands;OPERATING;50
Operands;IMPROVING;3
Operands;COMMENTARY;17
Operands;RELIEVING;31
Operands;CONSUMERS;100
Operands;REACH;25
Operands;OPPOSED;13
Operands;INTERNATIONAL;46
Operands;ORDER;39
Operands;TERMS;13
Operands;GAINS;12
Operands;TURN;11
Operands;NOTING;13
Operands;TYPES;35
Operands;GROWTH;4
Operands;RENEGOTIATION;2
Operands;18000;3
Operands;BESPOKE;6
Operands;APPROPRIATELY;3
Operands;COLLECT;10
Operands;AUTHORITY;24
Operands;STREAMING;7
Operands;FUTURE;18
Operands;FLUCTUATIONS;1
Operands;MAIN;11
Operands;MARGINAL;6
Operands;CONDUCTED;31
Operands;VARIATIONS;19
Operands;PERFORMED;33
Operands;1250;2
Operands;JURISDICTIONAL;10
Operands;TECHNICALLY;2
Operands;IMPAIRING;1
Operands;PARENT;5
Operands;300;1
Operands;CONVENTIONAL;5
Operands;AFFILIATES;1
Operands;THREESTEP;5
Operands;FOLLOW;10
Operands;LINKED;11
Operands;PRESUMED;1
Operands;BUYERS;1
Operands;DEVELOPED;57
Operands;ADJUSTMENTS;67
Operands;74;1
Operands;DISCUSSING;1
Operands;72;1
Operands;SUBSTANCE;5
Operands;PREPARE;13
Operands;INTERACTIONS;28
Operands;TECHNICAL;70
Operands;ACT;12
Operands;SERVICES;288
Operands;AFFECT;9
Operands;ENABLES;4
Operands;STUDIES;2
Operands;PHARMACEUTICAL;19
Operands;PROLIFERATION;1
Operands;EASE;15
Operands;PARTNERSHIP;1
Operands;SALE;93
Operands;ESTABLISHMENTS;4
Operands;ENSUING;1
Operands;EASY;7
Operands;QUALITATIVE;12
Operands;HIGHLY;17
Operands;RISKS;43
Operands;STATEMENT;24
Operands;TYPICAL;9
Operands;DEVELOPS;2
Operands;MET;13
Operands;BOOK;1
Operands;SUBSTANTIALLY;12
Operands;EVIDENCE;10
Operands;EXAMINATION;1
Operands;INCURRED;17
Operands;CLASSIFYING;1
Operands;20750;2
Operands;FASTER;2
Operands;WELL;38
Operands;GROUPWIDE;1
Operands;ROYALTY;10
Operands;TRACING;2
Operands;OPERATION;26
Operands;THEORY;1
Operands;SUFFICIENT;43
Operands;STANDARDS;37
Operands;INVESTEE;1
Operands;TIMING;7
Operands;DIVIDEND;6
Operands;INVESTMENTS;7
Operands;ESSENTIAL;12
Operands;DEVELOPMENT;44
Operands;BROADLY;15
Operands;NOTE;7
Operands;2000;10
Operands;RATIONALE;24
Operands;MAINTAINING;4
Operands;SIMPLER;2
Operands;STANDALONE;16
Operands;PERFORM;39
Operands;STAKE;3
Operands;ENHANCED;5
Operands;RESEARCH;8
Operands;VIEWED;3
Operands;ADDRESSED;13
Operands;IMPROVES;2
Operands;RELEVANT;203
Operands;MEASURE;37
Operands;PERIOD;61
Operands;ECONOMIC;29
Operands;RELEVANCE;5
Operands;PREMIUM;5
Operands;INDUSTRY;34
Operands;STRUCTURED;7
Operands;RECOGNISED;24
Operands;DISCRETION;1
Operands;DOMESTICALLYFOCUSED;1
Operands;SIMPLEST;6
Operands;LAW;44
Operands;STRUCTURES;5
Operands;AREAS;16
Operands;FOREIGN;33
Operands;DEFINED;46
Operands;BRINGING;4
Operands;ORIGINALLY;1
Operands;MATERIALITY;5
Operands;FEASIBLE;6
Operands;APPROPRIATE;78
Operands;PRODUCTS;107
Operands;LOCATION;95
Operands;STARTING;9
Operands;REIMBURSEMENT;1
Operands;ESSENTIALLY;3
Operands;NECESSARILY;13
Operands;AGREED;103
Operands;RESPONSIBLE;7
Operands;ACCURATELY;11
Operands;PARAGRAPH;14
Operands;FIVE;6
Operands;BOOKTOBOOK;4
Operands;TECHNOLOGY;9
Operands;INVESTMENT;48
Operands;CBC;1
Operands;39;2
Operands;38;5
Operands;33;4
Operands;32;4
Operands;30;9
Operands;35;1
Operands;34;3
Operands;OUTOFSCOPE;50
Operands;NONELIGIBLE;1
Operands;GROSS;8
Operands;FEATURES;51
Operands;~150;1
Operands;BINDING;72
Operands;APPLICATION;112
Operands;LEVELS;16
Operands;REVENUESOURCING;1
Operands;HOME;7
Operands;CLARIFYING;6
Operands;POINT;36
Operands;WORDS;11
Operands;EXPECTED;47
Operands;MODIFICATIONS;2
Operands;ALIGN;10
Operands;8;10
Operands;DECENTRALISED;8
Operands;PORTFOLIO;2
Operands;OBJECTIVE;18
Operands;LOSS;45
Operands;CONFIDENCE;1
Operands;RIGHTS;79
Operands;LAUNCH;1
Operands;MARK;2
Operands;SECURITIES;1
Operands;CONSISTENTLY;6
Operands;UPDATES;2
Operands;COORDINATE;5
Operands;ACCUMULATED;1
Operands;CENTRALISED;23
Operands;ALP;30
Operands;OPERATIONS;22
Operands;LINES;11
Operands;HOLDING;2
Operands;TRYING;4
Operands;INCOUNTRY;3
Operands;BREAKDOWN;2
Operands;THREESTEPS;1
Operands;DIVERSIFICATION;1
Operands;BECOME;11
Operands;MARGINS;18
Operands;LISTED;4
Operands;REALLOCATED;23
Operands;NECESSARY;72
Operands;REMAINS;12
Operands;GUIDELINES;15
Operands;REALLOCATES;1
Operands;MULTILATERAL;64
Operands;LIQUIDITY;2
Operands;GENERATES;13
Operands;FAVOR;1
Operands;4664;1
Operands;METHODOLOGY;1
Operands;GENERATED;25
Operands;FIDUCIARY;1
Operands;WIDESPREAD;3
Operands;GEOGRAPHIC;11
Operands;REFUND;1
Operands;TRANSACTION;24
Operands;TAXING;116
Operands;CERTAINTY;199
Operands;ECONOMIES;25
Operands;137;1
Operands;USUALLY;8
Operands;ADEQUATELY;3
Operands;OPTION;24
Operands;BOTTOM;2
Operands;ORGANISATIONS;2
Operands;2019;5
Operands;ANSWER;1
Operands;INSUFFICIENT;4
Operands;2017;3
Operands;2016;2
Operands;2010;1
Operands;FOUNDATION;2
Operands;STRENGTHEN;1
Operands;COMPANIES;18
Operands;REALLOCATE;1
Operands;SEGMENTED;36
Operands;BURDEN;27
Operands;ROBUST;10
Operands;BEPS;17
Operands;ILLUSTRATE;2
Operands;REMOTE;12
Operands;ORDINARILY;6
Operands;VARIATION;4
Operands;EFFECTS;13
Operands;ENTERPRISE;10
Operands;SCALE;9
Operands;BUSINESS;310
Operands;PRODUCES;3
Operands;PRODUCED;5
Operands;ACCOUNTABLE;1
Operands;89;2
Operands;COMMENTS;10
Operands;CONTEXT;35
Operands;IFRS;13
Operands;83;2
Operands;80;3
Operands;87;1
Operands;LOSSCARRY;3
Operands;WEBSITE;7
Operands;MANAGED;3
Operands;DEFERRED;1
Operands;NEXUS;82
Operands;ADMINISTERED;4
Operands;FLOW;1
Operands;HOMOGENOUS;1
Operands;EFFICIENCIES;2
Operands;VERIFICATION;2
Operands;FORMULATED;1
Operands;EXCISE;1
Operands;RANGE;21
Operands;EXPECT;3
Operands;QUARTERLY;1
Operands;WITHHOLDING;16
Operands;LABOURINTENSIVE;1
Operands;BENCHMARKING;14
Operands;CHARACTERISATION;9
Operands;FOCUSED;5
Operands;TAXATION;163
Operands;LEVIED;2
Operands;PRACTICAL;33
Operands;POTENTIALLY;48
Operands;DECIDE;8
Operands;STRONG;4
Operands;ESTABLISHMENT;22
Operands;PHYSICAL;59
Operands;DIRECTED;8
Operands;MANAGEMENT;23
Operands;WORK;205
Operands;SERVERS;1
Operands;1500;2
Operands;SPREAD;4
Operands;MASS;4
Operands;SWAP;1
Operands;650;5
Operands;SUSTAINED;41
Operands;BEGINNING;1
Operands;PROTECT;7
Operands;PROGRESSIVE;2
Operands;DUE;24
Operands;UNDERLYING;20
Operands;ADAPT;6
Operands;TERMINATION;1
Operands;EXPENSE;7
Operands;COMMON/PREVALENT;1
Operands;SELLING;17
Operands;PUBLICLY;5
Operands;DISPOSAL;4
Operands;MATTER;3
Operands;S/R;4
Operands;PARTIES;20
Operands;REFINED;3
Operands;ADVISORY;3
Operands;PROCESSES;36
Operands;STATEMENTS;17
Operands;NETWORK;19
Operands;RECOGNISING;9
Operands;DRAW;2
Operands;STATES;8
Operands;FEE;17
Operands;INVESTORS;11
Operands;MANAGING;1
Operands;RELIABLE;21
Operands;ENTITIES;219
Operands;MITIGATED;1
Operands;RELIABLY;2
Operands;TWOSTEP;2
Operands;INELIGIBLE;5
Operands;JURISDICTION;575
Operands;DEPOSIT;1
Operands;FORWARD;20
Operands;POOL;15
Operands;INTERGROUP;1
Operands;RIGHT;67
Operands;ACHIEVED;16
Operands;LICENSEE;24
Operands;LICENSED;21
Operands;LIKELY;56
Operands;SCOPE;321
Operands;WIDE;1
Operands;LICENSES;7
Operands;BEST;6
Operands;GLOBE;6
Operands;ACTIVITY;63
Operands;RETAINING;3
Operands;WORDING;1
Operands;NATURAL;25
Operands;HISTORICAL;3
Operands;SECTORS;22
Operands;120;5
Operands;123;3
Operands;125;2
Operands;127;1
Operands;DEBT;3
Operands;SYMMETRICALLY;1
Operands;INDEPENDENT;13
Operands;WELCOME;1
Operands;ACTIONS;4
Operands;REFLECT;22
Operands;ITEM;5
Operands;EXEMPTIONS;7
Operands;ENSURES;9
Operands;ROLLED;1
Operands;LIGHT;10
Operands;INITIAL;43
Operands;MODIFY;5
Operands;DIRECT;28
Operands;LEAVE;3
Operands;RATE;20
Operands;LISTING;1
Operands;FORMULA;62
Operands;SPILLOVERS;1
Operands;PAYING;171
Operands;ERRORS;5
Operands;RECOVERING;1
Operands;INTRODUCTION;18
Operands;LIABILITY;84
Operands;APPROACH;228
Operands;INCURS;4
Operands;ITEMS;25
Operands;REASON;21
Operands;DISPUTES;60
Operands;5323;2
Operands;DELIVERING;2
Operands;OPTIONAL;6
Operands;UNIT;4
Operands;DISPUTE;134
Operands;CATEGORY;26
Operands;REFINEMENT;2
Operands;INITIALLY;6
Operands;YEAR;53
Operands;OBTAINING;2
Operands;PURCHASING;4
Operands;DIVERSE;3
Operands;PREMISE;2
Operands;COMPETING;4
Operands;EXTREME;1
Operands;TITLE;4
Operands;PERHAPS;7
Operands;576;1
Operands;S;6
Operands;REALLOCATING;3
Operands;QUANTUM;42
Operands;SOCALLED;3
Operands;PREREGIME;19
Operands;EXCHANGE;26
Operands;DISTRIBUTED;4
Operands;FREE;8
Operands;STANDARD;35
Operands;STATE;9
Operands;INVENTORY;23
Operands;PROVIDING;51
Operands;ABUSIVE;1
Operands;COMPLETELY;1
Operands;LEADS;1
Operands;OECD;36
Operands;BURDENSOME;3
Operands;MEMBERS;141
Operands;STRATEGIES;1
Operands;SUGGESTED;3
Operands;PRESUMPTION;18
Operands;WEIGHTED;4
Operands;DIRECTLY;51
Operands;TYPICALLY;47
Operands;DIFFICULT;29
Operands;SUPPLEMENTARY;1
Operands;CONCEPTUALLY;15
Operands;BENEFITS;29
Operands;INDIA;3
Operands;QUALIFY;4
Operands;INPUTS;2
Operands;INSURANCE;43
Operands;WHOLESALE;2
Operands;AMORTISATION;2
Operands;RINGFENCE;1
Operands;5972;1
Operands;MTC;2
Operands;EARNED;17
Operands;TRANSFER;113
Operands;49;2
Operands;YEARS;47
Operands;INSTRUMENT;15
Operands;~780;1
Operands;CONTINUED;5
Operands;INTERMEDIARY;19
Operands;CONCLUSION;23
Operands;RESOLVED;10
Operands;DEAL;21
Operands;TOOL;2
Operands;PILLARS;2
Operands;CONSISTENCY;12
Operands;INTRODUCING;7
Operands;MANUFACTURED;5
Operands;SUPPORTED;19
Operands;TRADEOFF;1
Operands;RESPONSIBILITIES;2
Operands;HUMAN;25
Operands;FACTS;9
Operands;283;2
Operands;STOCK;3
Operands;EASIEST;3
Operands;HARMONISED;1
Operands;PROVE;3
Operands;CLEAR;12
Operands;ENGAGING;2
Operands;OVERRIDE;2
Operands;PLANNING;7
Operands;POOLS;1
Operands;PARTY;47
Operands;RECEIVING;5
Operands;RESOURCES;29
Operands;PRESSURES;1
Operands;LATE;6
Operands;MATTERS;6
Operands;LENGTH;22
Operands;MODIFICATION;2
Operands;CONCENTRATION;1
Operands;SOUND;1
Operands;ADVANCE;6
Operands;MARKETBYMARKET;1
Operands;CONTRIBUTIONS;16
Operands;CHALLENGE;3
Operands;DISCUSSED;32
Operands;ACCEPT;18
Operands;ADMINISTER;9
Operands;ENTITYLEVEL;22
Operands;110;2
Operands;REPORT;23
Operands;CROSSREFERENCE;5
Operands;DISCUSSES;1
Operands;CONSIDERABLE;4
Operands;LANGUAGE;2
Operands;SETTLEMENTS;2
Operands;BENCHMARKS;5
Operands;CONVENTION;51
Operands;MANUFACTURING;8
Operands;STAGE;10
Operands;DISTRIBUTORS;32
Operands;FUNCTIONAL;17
Operands;HARMONISATION;7
Operands;DISADVANTAGES;2
Operands;3500;2
Operands;CLAIMING;1
Operands;US;3
Operands;UN;10
Operands;EARNOUT;2
Operands;ACCOUNT;74
Operands;DRAWBACKS;1
Operands;HELPFUL;1
Operands;DEFAULT;8
Operands;PURPOSES;82
Operands;REPORTS;4
Operands;BROKEN;3
Operands;VENTURE;6
Operands;RESALE;5
Operands;CLOSE;7
Operands;AGAIN;12
Operands;CUT;1
Operands;RECENTLY;3
Operands;RECEIVE;15
Operands;WEAK;1
Operands;ADVANTAGES;2
Operands;ALPBASED;23
Operands;DESIGNING;4
Operands;SPURS;1
Operands;DESCRIPTION;4
Operands;TRANSITION;5
Operands;ABLE;40
Operands;ANALYSIS;37
Operands;FAILURE;1
Operands;INCUR;4
Operands;USING;80
Operands;HALLMARKS;6
Operands;GROUPS;187
Operands;CIT;17
Operands;RETROSPECTIVE;2
Operands;BRING;4
Operands;RULES;326
Operands;47;4
Operands;42;5
Operands;SUMMARISED;3
Operands;40;2
Operands;EQUITY;7
Operands;RESOLUTION;110
Operands;COORDINATION;5
Operands;ILLEGAL;2
Operands;MIXED;2
Operands;LOCAL;90
Operands;RESELL;3
Operands;SELL;20
Operands;REALLOCATION;28
Operands;MNES;81
Operands;FEASIBILITY;11
Operands;5313;2
Operands;PERIODIC;4
Operands;BECOMES;9
Operands;HIGHEST;2
Operands;COMMUNICATED;2
Operands;PRINCIPAL;18
Other;;2538
Other;BE;1864
Other;ALONGSIDE;7
Other;A164;1
Other;THAT;1719
Other;FOLLOWS;4
Other;OVER;106
Other;WITHIN;187
Other;THREE;47
Other;GAVE;1
Other;PART;99
Other;HAVE;300
Other;DURING;16
Other;NEXT68;1
Other;WITH;684
Other;BY;647
Other;OUGHT;1
Other;MUST;24
Other;24;1
Other;AMONG;17
Other;X+Y;1
Other;MANY;55
Other;PRO;2
Other;LESS;34
Other;TAX;1094
Other;APPLICABLE;28
Other;FRAMEWORK78;1
Other;GENERAL;66
Other;0;41
Other;MUCH;14
Other;EVERY;13
Other;4;43
Other;THEMSELVES;8
Other;LOSS75;1
Other;2010;1
Other;75;2
Other;ASSESSMENT98;1
Other;V;11
Other;LATER;21
Other;OFF;3
Other;CONSIDER;69
Other;FAMILY;1
Other;COULD;327
Other;HAD;18
Other;BASE72;1
Other;TAKES;6
Other;BACK;7
Other;PAST;7
Other;P;4
Other;FEWER;1
Other;BASE;172
Other;PENALTIES;3
Other;CHAPTERS;2
Other;WHICH;420
Other;TAKEN;38
Other;THE;8355
Other;HAS;230
Other;WHERE;503
Other;INEVITABLE103;1
Other;ON;1029
Other;HONG;2
Other;VIA;16
Other;NIL;3
Other;WHILST;2
Other;THIS;935
Other;OF;4126
Other;TAX93;1
Other;56;1
Other;50;8
Other;WILL;778
Other;MAY;518
Other;NEAR;2
Other;DOES;104
Other;?;6
Other;FOLLOWS165;1
Other;INCOME;91
Other;TRANSACTIONS64;1
Other;PAYMENT;13
Other;THOSE;112
Other;PRACTICE?;2
Other;CHAPTER;71
Other;ABOUT;36
Other;ACTIVITIES84;1
Other;FOLLOWS167;1
Other;IV;14
Other;UPON;24
Other;ASIDE;1
Other;FOUR;16
Other;DONE;9
Other;PRINCIPLE;41
Other;RATA;1
Other;FOLLOWING;55
Other;SUCH;313
Other;3A;1
Other;SEVERAL;15
Other;DRAWING;1
Other;PENDING;7
Other;GLOBE;6
Other;IDENTICAL;1
Other;WHAT;25
Other;MADE;67
Other;ASSESSMENT99;1
Other;EXCLUDING;7
Other;PERSON;12
Other;BEING;117
Other;MAKES;21
Other;IFRS;13
Other;REQUIRED;161
Other;INDUSTRIES106;1
Other;/;69
Other;THAN;136
Other;I;39
Other;3;84
Other;STATEMENT69;1
Other;PROFIT82;1
Other;ARTICLE;17
Other;IS;1423
Other;PERIOD63;1
Other;ARGUABLY;1
Other;DISTRIBUTIONS;1
Other;C;31
Other;UPE;33
Other;AROUND;10
Other;FOR;1445
Other;25;6
Other;UNION;1
Other;M;3
Other;EG;160
Other;EACH;128
Other;SEGMENTATION85;1
Other;VERSUS;1
Other;DURATION87;1
Other;WITHOUT;44
Other;ADMINISTER88;1
Other;UNDER;338
Other;EU;10
Other;AUDIT65;1
Other;100;11
Other;BEYOND;53
Other;WHOLE;17
Other;UNTIL;11
Other;USED60;1
Other;PROVIDED;87
Other;PARAGRAPHS;2
Other;ANYTHING;3
Other;THEIR;190
Other;GIVING;5
Other;TAKING;28
Other;JURISDICTIONS100;1
Other;UP;19
Other;BEEN;106
Other;RELEVANT90;1
Other;THROUGH;167
Other;5323M;1
Other;NOT;667
Other;ALONG;3
Other;TURNOVER;1
Other;ANY;189
Other;ZEALAND;3
Other;THEM;30
Other;JURISDICTIONS101;1
Other;W;5
Other;GIVE;30
Other;THESE;347
Other;BUSINESSES102;1
Other;RECOMMENDATIONS;4
Other;PURPOSES;82
Other;PER;17
Other;EXCEPT;6
Other;AVAIL;1
Other;ETC;17
Other;AMONGST;1
Other;THEY;176
Other;PURPOSES86;1
Other;MODEL;54
Other;MIGHT;18
Other;RELATES;9
Other;WHOSE;11
Other;CASE;77
Other;ADJUSTMENT;22
Other;REFERENCE;38
Other;NO;122
Other;DOING;12
Other;WHO;12
Other;PERCENTAGE97;1
Other;RELATED;64
Other;COMMENCE;1
Other;DID;16
Other;SEE;113
Other;2;75
Other;6;8
Other;COME;3
Other;APPLY;166
Other;E;6
Other;ACROSS;33
Other;OUT;53
Other;PLUS;17
Other;B;161
Other;ADS;181
Other;OPPOSITE;1
Other;SOME;178
Other;CHALLENGES91;1
Other;WERE;50
Other;ITSELF;27
Other;HERE;2
Other;STANDARD;35
Other;SIMILAR;47
Other;FEW;3
Other;COSTS;104
Other;VARIOUS;16
Other;ABOVE;124
Other;BETWEEN;173
Other;BC;1
Other;STANDARDSBYJURISDICTION/;1
Other;Z;4
Other;WAS;57
Other;10;33
Other;ALL;180
Other;TOWARDS;2
Other;HTTPS//WWWIFRSORG/USEAROUNDTHEWORLD/USEOFIFRS;1
Other;TWO67;1
Other;BUSINESS77;1
Other;WHENEVER;2
Other;CERTAIN;82
Other;THROWIN;1
Other;SHALL;1
Other;THEREOF;1
Other;SHOULD;312
Other;WHICHEVER;1
Other;CONNECTED;41
Other;KONG;2
Other;PARTIES;20
Other;MAKING;15
Other;ONCE;28
Other;FORMULA61;1
Other;ITS;243
Other;MORE;159
Other;DIJK;1
Other;DO;75
Other;GIVEN;132
Other;WHETHER;227
Other;DE;12
Other;TWO;103
Other;REPORT;23
Other;OUTSIDE;28
Other;CAN;202
Other;3B;1
Other;SEEN;10
Other;RELATING;12
Other;THROUGHOUT;5
Other;NEITHER;3
Other;D;11
Other;THRESHOLD95;1
Other;BOTH;68
Other;LITTLE;8
Other;COMMENCING;1
Other;NONE;3
Other;TWO74;1
Other;PROFIT*;1
Other;CALCULATION;36
Other;ORGANISATION;1
Other;CUP;4
Other;WHEN;77
Other;40;3
Other;ONE;198
Other;1;81
Other;TO;3634
Other;BEHIND;1
Other;5;45
Other;ANOTHER;59
Other;9;11
Other;X+Y+Z;1
Other;GIVES;2
Other;III;21
Other;INDIRECTLY;12
Other;TAKE;57
Other;A;3830
Other;AB;1
Other;CTPA/CFA/WP2/NOE2202010;3
Other;WOULD;910
Other;ABSENT;1
Other;RESIDENT;37
Other;R*10;1
Other;INTO;97
Other;THERE;210
Other;GENERALLY;66
Other;IT;655
Other;AGAINST;24
Other;AN;804
Other;II;36
Other;MOST;100
Other;BELOW;109
Other;OTHER;363
Other;WHEREVER;2
Other;AT;196
Other;TWO73;1
Other;IN;2110
Other;Y;5
Other;3C;1
Other;DOWN;11
Other;EXPENSES;33
Other;IE;60
Other;FORTH;3
Other;REGIME;42
Other;US;3
Other;OWNERS;2
Other;MAXPR*Z;1
Other;FROM;529
Other;ABOVEDESCRIBED;2
Other;UNLIKE;12
Other;BASIS62;1
Other;FUNDS;9
Other;MAKE;68
Other;GET;1
Other;AS166;1
Other;SAME;114
Other;PROPORTIONATE;6
Other;LOTS;1
Other;ENOUGH;2
Other;R;2
Other;ARE;680
Other;GROUPS92;1
Other;NOTHING;2
Other;PURPOSES71;1
Other;12;8
Other;PRINCIPLE83;1
Other;HAVING;20
Other;CTPA/CFA/WP2/NOE2202065;1
Unclassified;CONSIDERING;22
Unclassified;CONSIDERATIONS;27
Unclassified;CONSIDERS;8
Unclassified;APPEAR;11
Unclassified;CHOOSE;5
Unclassified;CONSIDERED;80
Unclassified;CHANGED;9
Unclassified;AIMS;7
Unclassified;CHOICE;8
Unclassified;LOOKING;2
Unclassified;CHOSEN;3
Unclassified;CHANGING;5
Unclassified;AIMED;2
Unclassified;CHOOSING;5
Unclassified;CONSIDERATION;61
Unclassified;X;37
Unclassified;CHANGES;47
Unclassified;APPEARS;8
Unclassified;CHANGE;25
Unclassified;LOOKS;8
