Operators;RATIO;5
Operators;RESIDUAL;82
Operators;ADOPTED;6
Operators;ADDITIONAL;18
Operators;IMPLEMENTATION;6
Operators;CASES;4
Operators;DEDUCTIBLE;3
Operators;INVOLVES;2
Operators;CIRCUMSTANCES;17
Operators;FULL;3
Operators;LEAST;3
Operators;ASSESS;9
Operators;CORRECTIONS;1
Operators;ASSESSED;2
Operators;SIMILAR;5
Operators;MAY;74
Operators;AVERAGING;1
Operators;DIFFERENCES;13
Operators;INSTANCE;5
Operators;ONLY;39
Operators;ELIMINATION;11
Operators;THRESHOLDS;10
Operators;ESTABLISHES;1
Operators;PREVENT;9
Operators;COMPARED;2
Operators;ASSUME;6
Operators;VERIFY;1
Operators;+;1
Operators;BELONG;3
Operators;DIFFERING;1
Operators;COMBINED;1
Operators;COMPRISES;1
Operators;ENSURE;20
Operators;DISTINGUISHABLE;1
Operators;INCORPORATING;1
Operators;DEFINES;2
Operators;AND/OR;3
Operators;FULLY;1
Operators;SOLE;1
Operators;DENIAL;1
Operators;COVERED;2
Operators;ATTRIBUTABLE;20
Operators;SATISFY;2
Operators;EXTRA;1
Operators;NEVERTHELESS;2
Operators;APPROXIMATION;2
Operators;DETERMINATION;10
Operators;AIMED;1
Operators;MINIMISE;2
Operators;NOT;135
Operators;QUANTITATIVE;1
Operators;NOR;5
Operators;RAISE;1
Operators;ALLOCATES;4
Operators;PORTION;15
Operators;AGGREGATED;2
Operators;LIMITATIONS;8
Operators;KEPT;5
Operators;CONVERSELY;1
Operators;CALIBRATE;2
Operators;SETS;1
Operators;WHY;2
Operators;DIFFERENT;62
Operators;APPORTION;3
Operators;AVERAGE;4
Operators;ASSUMING;6
Operators;THUS;11
Operators;CANNOT;2
Operators;EVEN;9
Operators;CORRESPONDING;1
Operators;LIKE;3
Operators;SEPARATELY;9
Operators;SO;10
Operators;DEFINE;6
Operators;REFLECTS;2
Operators;EXCEPTION;2
Operators;TOP;1
Operators;CAP;5
Operators;EXCEEDING;1
Operators;SINGLE;14
Operators;DISREGARDING;1
Operators;ESTIMATES;7
Operators;TOGETHER;7
Operators;COMPUTATION;12
Operators;CAPPING;1
Operators;FURTHER;40
Operators;ESTIMATED;4
Operators;COMPUTED;10
Operators;ASSUMED;4
Operators;FINALLY;4
Operators;ASSUMES;2
Operators;COMPARE;2
Operators;ASSOCIATE;1
Operators;OVERALL;4
Operators;NEGATIVE;2
Operators;SAME;21
Operators;ENSURING;8
Operators;DIFFERENTIALS;1
Operators;MULTIPLE;4
Operators;INTENDED;1
Operators;CONSIST;1
Operators;SEPARATE;15
Operators;EQUIVALENCE;2
Operators;DUPLICATE;1
Operators;COMBINE;5
Operators;ALTHOUGH;4
Operators;PRE;3
Operators;DETERMINES;2
Operators;MEASURED;1
Operators;CORRESPOND;1
Operators;WHOLLY;1
Operators;BENCHMARKED;1
Operators;DETERMINED;22
Operators;DENYING;1
Operators;EXEMPTION;34
Operators;SIMILARLY;7
Operators;REVERSED;1
Operators;SHIFTING;1
Operators;HENCE;19
Operators;FIRST;8
Operators;BECAUSE;19
Operators;COMBINATION;4
Operators;ADDITION;10
Operators;IMPOSE;1
Operators;EITHER;12
Operators;COMPRISE;1
Operators;EXCEEDS;5
Operators;ACCEPTED;6
Operators;TESTS;4
Operators;MULTIPLYING;2
Operators;REQUIRED;52
Operators;FALLS;15
Operators;WEIGHTING;1
Operators;MINIMUM;2
Operators;REQUIRES;7
Operators;APPLIED;18
Operators;PRECEDED;1
Operators;PERCENTAGES;2
Operators;EG;50
Operators;APPLIES;7
Operators;TREATED;5
Operators;COMPUTES;1
Operators;LAGGED;1
Operators;WHEREBY;2
Operators;ALTERNATIVELY;5
Operators;TREATMENT;10
Operators;DEDUCTING;1
Operators;OTHERWISE;5
Operators;REQUIREMENT;7
Operators;SET;6
Operators;ALLOCABLE;18
Operators;INCREASE;9
Operators;STILL;10
Operators;EXCEED;8
Operators;HEREAFTER;3
Operators;RAISES;2
Operators;REVERSAL;2
Operators;OUTCOME;3
Operators;PREVIOUS;3
Operators;RESTRICTIONS;8
Operators;SPECIFICALLY;6
Operators;EXEMPT;1
Operators;DEEMED;5
Operators;PARTICULARLY;10
Operators;ALLOCATIONS;5
Operators;DEPENDING;4
Operators;IMPLEMENTING;1
Operators;EXCEEDED;1
Operators;OPTIONS;4
Operators;ENTAIL;2
Operators;REQUIRING;5
Operators;TESTING;1
Operators;ALLOCATE;20
Operators;PERMIT;1
Operators;AGGREGATE;1
Operators;ESTABLISH;4
Operators;KEEPING;1
Operators;RULE;7
Operators;SUBDIVIDE;1
Operators;INCLUDES;11
Operators;REFLECTING;2
Operators;REPLICATE;2
Operators;INCLUDED;5
Operators;APPLYING;16
Operators;CALCULATING;5
Operators;ANNEX;9
Operators;TEST;15
Operators;PERMITTED;4
Operators;NEED;39
Operators;DEFINITIONS;1
Operators;ABSOLUTE;5
Operators;DIFFERENCE;5
Operators;LIMITS;2
Operators;HOWEVER;27
Operators;NEXT;12
Operators;DETERMINE;32
Operators;ALLOWED;2
Operators;ALLOCATED;79
Operators;CONSEQUENTLY;4
Operators;DEFINITIONAL;1
Operators;ADJUSTED;4
Operators;REPRESENT;2
Operators;RELATIVE;1
Operators;NOTWITHSTANDING;1
Operators;SETTING;2
Operators;DIFFERENTLY;2
Operators;X;23
Operators;REPRESENTS;4
Operators;AFTER;11
Operators;REFLECTED;1
Operators;PROHIBITIVE;1
Operators;ACTUALLY;1
Operators;INCLUDING;46
Operators;RECALCULATE;1
Operators;YET;3
Operators;EXEMPTIONS;6
Operators;ENSURES;2
Operators;RETURN;67
Operators;RATIOS;2
Operators;PREVIOUSLY;1
Operators;REQUIRE;24
Operators;DERIVING;1
Operators;DECREASE;2
Operators;CONSTITUTES;2
Operators;EXCESS;13
Operators;CHANGES;14
Operators;INCLUSION;1
Operators;DISTINCT;2
Operators;BUT;32
Operators;NOTABLY;2
Operators;RESPECTIVELY;2
Operators;DIFFERENTIATION;14
Operators;MEET;9
Operators;SUBSEQUENTLY;2
Operators;INCREASING;1
Operators;DEFINING;4
Operators;CONSIDERING;5
Operators;IMPOSED;1
Operators;FOR;343
Operators;EQUIVALENT;2
Operators;COMBINATIONS;1
Operators;ALLOCATING;3
Operators;WHOLE;8
Operators;AND;536
Operators;SHALL;1
Operators;INITIALLY;2
Operators;POSITIVE;4
Operators;CONNECTION;8
Operators;EXCLUDED;12
Operators;REFERRED;1
Operators;THEN;19
Operators;RESEMBLANCE;1
Operators;MINIMISING;1
Operators;DISTINGUISHES;1
Operators;ETC;1
Operators;DEDUCTED;2
Operators;SEPARATING;1
Operators;IMPLEMENT;3
Operators;CASE;5
Operators;LIMITATION;3
Operators;INCLUSIVE;34
Operators;RATHER;8
Operators;PERFORMING;2
Operators;IDENTIFIED;15
Operators;WERE;9
Operators;EXCEPTIONS;3
Operators;APPLY;46
Operators;NEEDS;7
Operators;FACTORS;7
Operators;COVER;3
Operators;SECOND;6
Operators;WAS;4
Operators;INCORPORATE;4
Operators;CONVERSION;1
Operators;PRESCRIBE;3
Operators;ASSUMPTION;2
Operators;DESPITE;1
Operators;ENTIRELY;2
Operators;LOWER;10
Operators;LAPSE;1
Operators;DENY;1
Operators;INTEGRATE;1
Operators;THEREBY;1
Operators;MEANS;18
Operators;ELIMINATING;4
Operators;EXCLUDE;6
Operators;MEAN;7
Operators;EXISTS;1
Operators;WHEREAS;2
Operators;DEDUCTION;9
Operators;EXTRACTED;1
Operators;ALLOW;9
Operators;ESTIMATE;3
Operators;IE;30
Operators;IF;39
Operators;REQUIREMENTS;6
Operators;ALWAYS;2
Operators;ADOPTION;1
Operators;SELECTED;1
Operators;RENDER;1
Operators;THOUGH;8
Operators;APPROXIMATE;1
Operators;CONSTITUTE;2
Operators;TREAT;2
Operators;ELIMINATED;6
Operators;DIFFER;3
Operators;COMPUTATIONS;1
Operators;DERIVED;20
Operators;CONDITIONED;1
Operators;MANDATE;1
Operators;THRESHOLD;65
Operators;FURTHERMORE;1
Operators;MULTIPLIED;3
Operators;COMPARABLE;8
Operators;ASSESSING;3
Operators;COMPUTE;31
Operators;ADOPT;1
Operators;ACCORDINGLY;3
Operators;REDUCED;6
Operators;COMPARABLY;2
Operators;BEFORE;12
Operators;DERIVE;2
Operators;ESPECIALLY;4
Operators;DOUBLE;79
Operators;APPORTIONED;2
Operators;LIMITING;2
Operators;NEEDED;2
Operators;RESPECT;1
Operators;ALTERNATIVE;13
Operators;OR;212
Operators;PARTIALLY;2
Operators;CONTAINS;1
Operators;REGARDING;1
Operators;RESTRICT;1
Operators;ALLOWING;3
Operators;ADDING;2
Operators;ADDED;5
Operators;IRRESPECTIVE;1
Operators;CALCULATE;23
Operators;RESPECTIVE;2
Operators;QUANTIFICATION;1
Operators;INSTEAD;7
Operators;COMPUTING;17
Operators;REPRESENTED;1
Operators;RELATION;2
Operators;SUBJECT;20
Operators;EVALUATE;1
Operators;SUM;2
Operators;WHILE;4
Operators;NET;10
Operators;MANDATORY;1
Operators;CALCULATED;12
Operators;*;7
Operators;THEREFORE;25
Operators;ALGEBRAIC;3
Operators;CONTRARY;2
Operators;PROXY;11
Operators;SOLELY;2
Operators;IMPLIES;1
Operators;DISTINGUISH;3
Operators;ADD;2
Operators;OTHERS;1
Operators;CONSEQUENCE;3
Operators;REDUCING;2
Operators;GREATER;5
Operators;ACCORDANCE;3
Operators;PROPORTION;1
Operators;SUBMIT;1
Operators;ADJUST;4
Operators;IDENTIFICATION;4
Operators;EXCLUSION;8
Operators;IDENTIFYING;4
Operators;EQUAL;2
Operators;COMPARISONS;1
Operators;SEEM;5
Operators;MINIMAL;2
Operators;ENTIRE;2
Operators;COUNTING;32
Operators;ALSO;54
Operators;ALIKE;1
Operators;ADOPTING;1
Operators;QUANTIFIED;1
Operators;APPROXIMATES;1
Operators;HOW;6
Operators;AS;186
Operators;NEARLY;1
Operators;=;17
Operators;INCREASES;1
Operators;BALANCING;1
Operators;COMBINING;1
Operators;SUBTRACTING;1
Operands;LENGTHY;1
Operands;FUNDAMENTALLY;2
Operands;UNCERTAINTY;3
Operands;LIFE;1
Operands;ENVIRONMENT;1
Operands;EFFICIENCY;2
Operands;RELIEVING;1
Operands;OCCURRENCE;1
Operands;BASELINE;2
Operands;VOLATILITY;1
Operands;PRODUCING;2
Operands;TRANSACTIONS;20
Operands;TAXES;26
Operands;CURRENT;4
Operands;TAXED;6
Operands;MANUFACTURE;1
Operands;REGIONS;4
Operands;ASSETS;4
Operands;GUIDANCE;3
Operands;ANNUAL;1
Operands;PRIMARY;5
Operands;SUFFICIENTLY;1
Operands;PROPERTY;2
Operands;THANKS;2
Operands;INTELLECTUAL;2
Operands;COMPLIANCE;25
Operands;GUARD;2
Operands;UNDERTAKE;1
Operands;STANDARDISED;14
Operands;PROPOSAL;3
Operands;ADDRESSING;3
Operands;SOLD;4
Operands;APPEALING;1
Operands;SYSTEMS;2
Operands;ACTIVE;2
Operands;ACCOUNTING;55
Operands;105;2
Operands;CARRYFORWARD;42
Operands;STARTUP;1
Operands;CONTROLS;1
Operands;PUBLIC;5
Operands;INTRODUCED;6
Operands;EXAMPLES;5
Operands;DETAILED;1
Operands;LEADING;1
Operands;METHODS;2
Operands;MEMBER;1
Operands;TAXABLE;27
Operands;TABLE;16
Operands;GOODS;5
Operands;VARY;3
Operands;ELEMENT;1
Operands;UNPREDICTABLE;1
Operands;UNITS;2
Operands;90;1
Operands;CROSSSEGMENT;1
Operands;EARLY;3
Operands;WIDELY;1
Operands;PIVOT;2
Operands;UNFAIR;1
Operands;FINES;1
Operands;SEGMENTS;50
Operands;NATURE;10
Operands;DISCRETE;1
Operands;MAINTAIN;3
Operands;REACHED;3
Operands;FORM;6
Operands;KEYS;6
Operands;EXAMINED;1
Operands;ASCERTAIN;2
Operands;REFERS;1
Operands;COUNTERINTUITIVE;1
Operands;ELECT;3
Operands;PRAGMATIC;1
Operands;UNLIMITED;4
Operands;SALES;15
Operands;INSTANCES;17
Operands;LICENSING;1
Operands;CONTRIBUTION;1
Operands;FUNCTIONS;2
Operands;ALLOCATION;88
Operands;LIMIT;17
Operands;JUSTIFIED;2
Operands;TRUE;1
Operands;ECONOMY;1
Operands;HEAVY;1
Operands;PARTNERS;1
Operands;RELY;3
Operands;GAAP;23
Operands;SOURCED;17
Operands;INFORM;2
Operands;INFLUENCE;1
Operands;SOURCE;9
Operands;BEHAVIOURS;1
Operands;LICENCE;1
Operands;400;2
Operands;CONDITIONS;2
Operands;PERTAIN;1
Operands;BALANCES;1
Operands;HIGH;4
Operands;ISSUE;22
Operands;CLAIM;1
Operands;AUSTRALIA;2
Operands;DECISION;13
Operands;CLARIFY;1
Operands;PRICING;11
Operands;ADDRESS;14
Operands;MARGIN;32
Operands;BASED;50
Operands;CONCERNED;2
Operands;REDUCE;19
Operands;INDIRECT;2
Operands;BEGIN;1
Operands;~990;1
Operands;LONGER;6
Operands;SINGAPORE;2
Operands;PROFIT;279
Operands;SHARE;9
Operands;MEASUREMENT;1
Operands;ARTICULATED;4
Operands;CLASSIFICATION;7
Operands;MAINLY;2
Operands;POSSIBLE;19
Operands;245;2
Operands;POSSIBLY;1
Operands;DETAILS;2
Operands;APPROPRIATENESS;2
Operands;12000;1
Operands;FORECAST;1
Operands;CONTINUE;7
Operands;TIME;25
Operands;JAPAN;2
Operands;CONCERN;1
Operands;DESCRIBED;8
Operands;OFFERING;1
Operands;SECTION;41
Operands;2450;2
Operands;TREATMENT;10
Operands;AUDITED;1
Operands;LEVERAGE;1
Operands;UTILISE;1
Operands;OUTSTANDING;1
Operands;VENTURES;5
Operands;SIMPLIFICATIONS;3
Operands;TRADE;6
Operands;BELIEVE;1
Operands;MODELS;8
Operands;REPORTED;6
Operands;EUR;28
Operands;REPRESENT;2
Operands;ELIGIBLE;31
Operands;BREAK;5
Operands;MAJORITY;3
Operands;TRADING;3
Operands;SAFEGUARD;1
Operands;IMPROVE;2
Operands;DEGREE;1
Operands;PURSUED;1
Operands;DETAIL;4
Operands;DEMONSTRABLY;1
Operands;INTANGIBLES;9
Operands;CORPORATE;4
Operands;EXPLAINED;1
Operands;ANTIAVOIDANCE;2
Operands;CONTRIBUTING;1
Operands;ABSORBED;2
Operands;COMPONENTS;8
Operands;ONLINE;1
Operands;CLOUD;3
Operands;RECOUP;4
Operands;LEGAL;5
Operands;DELIVERS;1
Operands;VAST;1
Operands;POOLED;2
Operands;AGREEING;1
Operands;FACE;1
Operands;RECOGNITION;3
Operands;BREACH;1
Operands;ALIGNED;1
Operands;DECISIONS;1
Operands;FACT;5
Operands;DELIVERED;3
Operands;HIGHLY;4
Operands;ENABLE;3
Operands;MINORITY;1
Operands;PAY;11
Operands;NARROWER;1
Operands;TAXPAYERS;19
Operands;CHANGING;2
Operands;692;1
Operands;EFFECTIVENESS;2
Operands;INVOLVE;3
Operands;DISCUSSIONS;2
Operands;LOCALLY;7
Operands;BRANDING;1
Operands;FAVOR;1
Operands;CHIEF;3
Operands;PRESERVED;5
Operands;X;23
Operands;FINANCIALS;3
Operands;TESTED;3
Operands;REGION;2
Operands;SHARES;7
Operands;ABUSE;1
Operands;SHARED;4
Operands;PRESERVING;1
Operands;CAPTURE;1
Operands;VARIETY;2
Operands;MECHANISMS;6
Operands;LARGE;13
Operands;S/R;4
Operands;SEEKS;4
Operands;~240;1
Operands;LEAVES;2
Operands;POSSIBILITY;1
Operands;EXCESSIVELY;1
Operands;OWNERSHIP;4
Operands;STAKEHOLDERS;1
Operands;BRANCH;2
Operands;THEME;1
Operands;IMPEDE;1
Operands;EXTERNAL;2
Operands;INPUT;1
Operands;PROVIDED;7
Operands;FINANCIAL;57
Operands;SITUATIONS;6
Operands;SUPPLEMENTARY;1
Operands;COMPLICATED;1
Operands;PROVIDES;3
Operands;REVENUES;11
Operands;COMMERCIAL;2
Operands;ARRANGEMENTS;6
Operands;COLLECTED;3
Operands;ABILITY;5
Operands;DRAWBACKS;1
Operands;CLAIMED;1
Operands;ARRIVE;4
Operands;EXTREMELY;1
Operands;ENTITLED;4
Operands;SIMPLICITY;5
Operands;PROFITABILITY;58
Operands;ZERO;2
Operands;160;2
Operands;REMAINING;3
Operands;VERIFIED;1
Operands;ACQUISITIONS;1
Operands;STRONGEST;1
Operands;PERSPECTIVE;1
Operands;EVENT;1
Operands;DEVISE;1
Operands;INCENTIVES;3
Operands;REALITY;2
Operands;LOW;3
Operands;ACCUMULATE;1
Operands;SHAREHOLDINGS;1
Operands;CREATE;10
Operands;SHORTFALLS;27
Operands;PLATFORM;2
Operands;PAYMENTS;3
Operands;OVERVIEW;3
Operands;ASSESSMENT;6
Operands;REALISATION;1
Operands;CARRIED;7
Operands;INAPPROPRIATE;1
Operands;RESIDENT;9
Operands;EFFECT;12
Operands;MEANINGFUL;1
Operands;NOW;1
Operands;EARNS;3
Operands;FOCUS;3
Operands;ACCESS;1
Operands;4000;6
Operands;REFUNDING;1
Operands;SIGNIFICANCE;1
Operands;800;3
Operands;INCURRING;1
Operands;PRESERVE;2
Operands;PROFITMARGIN;8
Operands;MOVE;1
Operands;REVIEWED;1
Operands;SIMPLIFY;3
Operands;STEPS;16
Operands;PROPER;1
Operands;VEHICLES;1
Operands;SPECIFIC;29
Operands;RELIABILITY;2
Operands;SECTIONS;1
Operands;PROVISIONS;1
Operands;PURCHASE;1
Operands;PROVIDE;9
Operands;TAXABLE/PHYSICAL;1
Operands;FEATURE;1
Operands;EXPLORED;2
Operands;BALANCE;4
Operands;CHALLENGING;5
Operands;58;1
Operands;VIEWS;4
Operands;51;2
Operands;CARRYING;1
Operands;MERITS;1
Operands;200;2
Operands;SUPPORT;4
Operands;PAID;4
Operands;RATIONALISE;2
Operands;ONGOING;6
Operands;PRINCIPLE;5
Operands;INELIGIBLE;5
Operands;CANADA;2
Operands;MARKETING;51
Operands;SUGGESTS;3
Operands;PRODUCTION;1
Operands;CONNECT;1
Operands;MNE;114
Operands;PBT;46
Operands;ADVERSE;1
Operands;PLAYING;4
Operands;SERVICE;2
Operands;TURNED;1
Operands;OPPORTUNITIES;3
Operands;PREPARED;5
Operands;TWICE;3
Operands;ALLEVIATE;1
Operands;AVOIDANCE;4
Operands;INDUSTRIES;5
Operands;HARBOUR;73
Operands;PRIMARILY;8
Operands;ADMINISTRATIONS;9
Operands;LOSSMAKING;1
Operands;IMPAIRS;1
Operands;PROBLEM;2
Operands;GOODWILL;1
Operands;WAYS;2
Operands;SOLUTION;1
Operands;SUBMIT;1
Operands;CBCR;5
Operands;IMPAIRMENTS;3
Operands;NUMBER;33
Operands;LOGIC;1
Operands;MARKETS;12
Operands;REGIMES;6
Operands;JUSTIFICATION;1
Operands;OFTEN;1
Operands;SUBSEQUENT;7
Operands;REASONABLY;1
Operands;INTUITIVELY;1
Operands;REASONABLE;1
Operands;CYCLE;2
Operands;SHOW;3
Operands;SUGGEST;5
Operands;VALUE;3
Operands;TRADITIONAL;4
Operands;POTENTIAL;20
Operands;EXPENSES;30
Operands;SIGNIFICANTLY;3
Operands;98;1
Operands;FAVOUR;1
Operands;CALCULATIONS;2
Operands;DEVELOP;7
Operands;SIMPLE;4
Operands;OBTAIN;1
Operands;BOOKTOTAX;6
Operands;ACCOUNTS;35
Operands;INVOLVED;1
Operands;COMMONALITIES;1
Operands;REBUTTABLE;4
Operands;ACCURACY;3
Operands;AUDIT;1
Operands;AFTERTAX;1
Operands;EXTENDED;5
Operands;AFFECTED;3
Operands;FIT;1
Operands;STAKE;2
Operands;ONES;1
Operands;BUSINESSES;43
Operands;REALISE;7
Operands;BRIBES;1
Operands;PROCESS;18
Operands;REVIEW;5
Operands;STATUTE;1
Operands;CLAIMS;1
Operands;ESTABLISHED;7
Operands;LARGELY;2
Operands;ACCRUED;4
Operands;UNRELATED;2
Operands;NONREALISED;1
Operands;SMALLER;1
Operands;COMPANY;1
Operands;SUBSTEPS;2
Operands;RELIEF;7
Operands;OWNS;4
Operands;DECLINE;1
Operands;OUTLINE;5
Operands;CONSISTENT;23
Operands;CONTRIBUTE;2
Operands;INDIVIDUAL;1
Operands;RESULT;19
Operands;GENERATE;2
Operands;RELIEVE;1
Operands;ENTERPRISES;2
Operands;STARTS;1
Operands;~430;1
Operands;REAL;1
Operands;MEMBERSHIP;1
Operands;COST;2
Operands;IFRS66;1
Operands;FOLLOW;3
Operands;LIMITATIONS;8
Operands;DEFINITION;21
Operands;COMPETITIVE;6
Operands;DETER;1
Operands;BODIES;1
Operands;PRESENCE;13
Operands;TRACING;1
Operands;ACCOMMODATING;3
Operands;DOMESTIC;19
Operands;OUTCOMES;8
Operands;INMARKET;2
Operands;ULTIMATELY;2
Operands;ADMINISTRATIVE;15
Operands;EXERCISED;1
Operands;BOOKTOBOOK;4
Operands;REMUNERATION;2
Operands;MATERIAL;11
Operands;DEALING;3
Operands;FLOWS;1
Operands;COMMENSURATE;1
Operands;SEGMENT;88
Operands;REBUTTED;1
Operands;REST;2
Operands;DIGITAL;6
Operands;ALREADY;26
Operands;PUBLICLY;1
Operands;COMPREHENSIVE;10
Operands;COMPLEXITY;18
Operands;123;2
Operands;EXCHANGES;2
Operands;DIFFICULTY;1
Operands;APPROACHES;13
Operands;ROUTINE;17
Operands;ENTERED;1
Operands;JUSTIFY;2
Operands;WORLDWIDE;1
Operands;CUSTOMERS;1
Operands;OPTIONALITY;1
Operands;SOCALLED;2
Operands;PROPOSED;6
Operands;AMOUNTS;4
Operands;AVOID;6
Operands;BASE;139
Operands;MECHANISM;41
Operands;REORGANISATIONS;9
Operands;MONITORING;5
Operands;INVESTOR;2
Operands;MATCHING;1
Operands;PROFITABLE;8
Operands;RETAINED;6
Operands;BANKING;1
Operands;LOGICAL;1
Operands;REGULAR;1
Operands;PROFITABLY;1
Operands;OCCUR;2
Operands;UPWARDS;1
Operands;DECIDING;1
Operands;SYMMETRY;2
Operands;COUNTRY;1
Operands;SOMETIMES;1
Operands;SAFEGUARDS;3
Operands;NEW;19
Operands;FINAL;1
Operands;RELATIVELY;7
Operands;GRIEVANCES;1
Operands;ITEM;2
Operands;DIGITALISED;1
Operands;TRANSPARENT;1
Operands;DOCUMENTATION;1
Operands;PREPARATION;2
Operands;DEGREES;2
Operands;INTERSEGMENT;2
Operands;FULLRISK;9
Operands;TECHNOLOGIES;1
Operands;LEAD;4
Operands;PROFITBASED;8
Operands;COMPONENT;2
Operands;AGREEMENT;4
Operands;STRICT;1
Operands;INTERRELATED;1
Operands;513;2
Operands;INTEGRITY;1
Operands;1000;2
Operands;DISCLOSE;2
Operands;1222;1
Operands;REGIONAL;17
Operands;DISCREPANCIES;4
Operands;ADMINISTRABLE;1
Operands;CARRYOVERS;2
Operands;15000;1
Operands;INSCOPE;44
Operands;HELP;2
Operands;MECHANICS;1
Operands;FORESEE;1
Operands;FINANCE;1
Operands;EARNINGS;1
Operands;CONSOLIDATED;47
Operands;WORLD;3
Operands;PRESENT;7
Operands;HIGHER;11
Operands;RAISED;2
Operands;ACKNOWLEDGEMENT;1
Operands;AFFECTS;1
Operands;ACCURATE;1
Operands;FINALISED;1
Operands;MANIPULATION;2
Operands;10;28
Operands;15;5
Operands;14;3
Operands;17;1
Operands;REOPENING;1
Operands;CHINA;4
Operands;DETERMINATIONS;2
Operands;LEVIED;2
Operands;BASIS;84
Operands;SHIFT;1
Operands;BASIC;1
Operands;SUMMARISE;1
Operands;THREEYEAR;1
Operands;LOSSES;109
Operands;QUESTION;9
Operands;NOTED;4
Operands;ORIGINAL;1
Operands;PAYING;12
Operands;THIRDPARTY;1
Operands;CARRYBACK;2
Operands;ARGUMENT;1
Operands;FIXED;34
Operands;CONCEPT;1
Operands;FILING;2
Operands;BUREAU;1
Operands;PREFERABLE;3
Operands;FINALISE;5
Operands;DOWNSIDE;1
Operands;ORBIS;1
Operands;P/R;2
Operands;REVIEWS;1
Operands;EXTENT;6
Operands;AVAILABILITY;1
Operands;CONSTRAINTS;4
Operands;IMPACTED;3
Operands;PENALTIES;1
Operands;REMAIN;7
Operands;IMPORTANT;11
Operands;NORMALLY;2
Operands;ACTIVITIES;79
Operands;RISK;9
Operands;LEVEL;33
Operands;RISE;14
Operands;2700;1
Operands;OPERATE;11
Operands;CHALLENGES;14
Operands;ACTUAL;2
Operands;RENTS;1
Operands;STRATEGIC;1
Operands;ESCALATOR;1
Operands;PURSUANT;2
Operands;TRANSFERRED;4
Operands;EXISTING;81
Operands;COMPLEX;8
Operands;DESIGN;9
Operands;BOARD;3
Operands;PROCEDURES;1
Operands;COMPOSITION;1
Operands;PARTICIPATION;3
Operands;LONGLIVED;1
Operands;PAYABLE;5
Operands;PRESENTED;1
Operands;COMMONLY;2
Operands;RECORDS;1
Operands;3;57
Operands;PARTICIPATE;1
Operands;CARRY;3
Operands;COSTPLUS;2
Operands;CARRIEDFORWARD;1
Operands;PUBLISHED;1
Operands;NETOFF;1
Operands;INTERESTS;2
Operands;UNITED;2
Operands;MNESPECIFIC;1
Operands;LIABLE;1
Operands;CONCEPTUAL;2
Operands;ASSOCIATED;12
Operands;29;1
Operands;60;4
Operands;63;6
Operands;64;2
Operands;3000;4
Operands;RECLASSIFIED;1
Operands;MAKER;3
Operands;STANDALONE;3
Operands;CASH;1
Operands;PROFILES;1
Operands;BETTER;2
Operands;PARTNERSHIPS;1
Operands;CONSIDERATIONS;9
Operands;FAIR;1
Operands;OVERLAY;2
Operands;MERELY;3
Operands;FIELD;4
Operands;ABSENCE;1
Operands;WAY;8
Operands;FAIL;1
Operands;FOCUSED;2
Operands;OWNER;8
Operands;TYPE;1
Operands;OVERCOME;1
Operands;PARTICULAR;11
Operands;ACQUIRES;1
Operands;CONTROL;1
Operands;TRILLION;2
Operands;INFORMED;3
Operands;INTRODUCE;1
Operands;NONDEDUCTIBLE;1
Operands;SUBSTANTIAL;7
Operands;REPUBLIC;6
Operands;ARISE;6
Operands;POLICY;12
Operands;IP;12
Operands;ACCEPTABLE;3
Operands;CAPITAL;3
Operands;VARIABLE;1
Operands;USERS;1
Operands;RETROACTIVE;1
Operands;SECRETARIAT;3
Operands;CRITERIA;1
Operands;BOX;9
Operands;215;2
Operands;REMODELLING;1
Operands;LEGISLATION;7
Operands;EXPRESSED;5
Operands;IASB;2
Operands;REGULATORS;1
Operands;REGULATORY;3
Operands;ALTER;3
Operands;REDISTRIBUTING;1
Operands;CONSOLIDATION;6
Operands;RELIANCE;2
Operands;COROLLARY;1
Operands;POINTS;1
Operands;4;31
Operands;SHOWN;9
Operands;REMUNERATED;2
Operands;DIVERGENCES;2
Operands;DISTRIBUTE;4
Operands;ILLUSTRATION;5
Operands;OBVIOUS;1
Operands;DESIGNED;6
Operands;UNAFFECTED;1
Operands;EROSION;2
Operands;PILLAR;22
Operands;ILLUSTRATED;4
Operands;CREDIT;2
Operands;COMPENSATE;1
Operands;SHAREHOLDER;1
Operands;OBJECTIVES;7
Operands;ATTRACTIVENESS;1
Operands;OUTLINED;7
Operands;PRACTICE;8
Operands;GROUPWIDE;1
Operands;RESEARCH;1
Operands;VARIANCES;2
Operands;PRESUMABLY;1
Operands;MEDIUM;1
Operands;SHEET;1
Operands;JUST;2
Operands;ARRANGEMENT;2
Operands;ACCOUNTED;2
Operands;PLACE;2
Operands;OFFSET;8
Operands;STANDPOINT;2
Operands;INFORMATION;5
Operands;TAXPAYER;13
Operands;REVENUE;116
Operands;INSTRUMENTS;2
Operands;ENGAGEMENT;2
Operands;EFFECTIVELY;2
Operands;CONTROLLING;1
Operands;AUTONOMOUS;1
Operands;RECOVER;2
Operands;ISSUED;1
Operands;ROUTE;1
Operands;PROVEN;1
Operands;PERMANENT;5
Operands;DISTORTIONS;10
Operands;DISPLAY;2
Operands;ISSUES;18
Operands;EXCEPTIONAL;1
Operands;NA;5
Operands;SOURCING;2
Operands;PURCHASED;1
Operands;IMPAIRMENT;2
Operands;DEVELOPMENT;11
Operands;DRAW;1
Operands;750;6
Operands;COSTS;46
Operands;TERRITORY;1
Operands;BOOKED;3
Operands;REALISES;1
Operands;BROADER;2
Operands;ECONOMICALLY;1
Operands;REALISED;2
Operands;SECTOR;2
Operands;USE;21
Operands;USD;4
Operands;S;6
Operands;1200;2
Operands;COMPLETELY;1
Operands;DIRECTLY;2
Operands;CONCEPTUALLY;5
Operands;SEEK;16
Operands;COMPETITOR;2
Operands;COMPLETED;1
Operands;SUPPLIED;1
Operands;5;36
Operands;OVERRIDE;1
Operands;UNDERTAKEN;12
Operands;FACILITATE;7
Operands;HIGHLIGHTED;1
Operands;START;9
Operands;SIMPLIFYING;5
Operands;463;2
Operands;BURDENS;5
Operands;PROFITS;114
Operands;OFSCOPE;1
Operands;DEVELOPING;5
Operands;SYSTEM;29
Operands;BRING;1
Operands;SUMMARISED;2
Operands;RECEIVES;1
Operands;SEGMENTING;1
Operands;USEFUL;2
Operands;VOLATILE;3
Operands;GAIN;2
Operands;CUSTOMER;2
Operands;TAX;220
Operands;BODY;3
Operands;FIGURE;8
Operands;STABLE;1
Operands;DESIGNATED;1
Operands;INTERSEGMENTAL;8
Operands;REGULARLY;1
Operands;EMPHASISE;2
Operands;ACCOMMODATE;2
Operands;CHARGE;1
Operands;RICH;1
Operands;SIMPLY;2
Operands;VIEW;10
Operands;USED;17
Operands;RULES;103
Operands;CURRENCY;4
Operands;REORGANISATION;2
Operands;NETTINGOFF;5
Operands;MARKET;186
Operands;UNRELIEVED;7
Operands;UNCHANGED;2
Operands;VARIES;2
Operands;CENTRALISE;1
Operands;POSITION;1
Operands;5000;8
Operands;GENERATION;1
Operands;RATIONALISED;1
Operands;AGREE;1
Operands;IDENTITY;2
Operands;SAID;4
Operands;DELIVER;4
Operands;2169;1
Operands;PRESUMPTION;8
Operands;HISTORIC;2
Operands;EXPLORATION;1
Operands;ISOLATING;1
Operands;6;3
Operands;RECOGNIZES;1
Operands;DETERMINING;12
Operands;7000;1
Operands;ACHIEVE;3
Operands;MISALLOCATION;1
Operands;ADVANTAGE;2
Operands;CAMPAIGNS;1
Operands;PROPORTIONALITY;1
Operands;CONTROLLED;1
Operands;STEP;49
Operands;THREESTEPS;1
Operands;UNDERSTAND;1
Operands;VAN;1
Operands;DATA;9
Operands;DUALHEADED;2
Operands;AMOUNT;449
Operands;RESPONSIBILITY;1
Operands;SEGMENTATION;63
Operands;INTERACTION;2
Operands;CREATING;3
Operands;METRIC;1
Operands;P&L;5
Operands;INTENTION;1
Operands;SOLVE;2
Operands;BENEFITS;2
Operands;ADMINISTERING;1
Operands;PRODUCT;1
Operands;PRODUCE;10
Operands;PERIODS;4
Operands;EXCLUSIONS;1
Operands;EXPLOITED;1
Operands;ENTITY;43
Operands;BLENDING;1
Operands;ARGUED;3
Operands;LINE;4
Operands;AVAILABLE;10
Operands;25;1
Operands;26;3
Operands;20;16
Operands;REVENUEBASED;5
Operands;LONG;4
Operands;PRIORITY;4
Operands;TOTAL;37
Operands;OPPORTUNITY;1
Operands;BROAD;4
Operands;ISOLATE;5
Operands;BANDINGS;1
Operands;ADVERTISING;1
Operands;CONDUCTING;2
Operands;CLASSIFIED;2
Operands;IMPLICATIONS;6
Operands;REMOTELY;5
Operands;SIGNIFICANT;12
Operands;GENERATING;2
Operands;PRINCIPLES;2
Operands;LOCATED;1
Operands;INEFFECTIVE;1
Operands;UNLIKELY;3
Operands;LIABILITIES;1
Operands;REPORTING;14
Operands;BROUGHT;2
Operands;R&D;1
Operands;CONSIDERATION;17
Operands;THIRD;13
Operands;PROPOSALS;1
Operands;SHAREHOLDERS;1
Operands;NEUTRALITY;7
Operands;ASPECTS;7
Operands;AREA;1
Operands;INSURANCE;1
Operands;DISCLOSING;1
Operands;SMALL;4
Operands;FREQUENTLY;1
Operands;CATEGORIES;1
Operands;EASILY;2
Operands;REASONS;9
Operands;AIMS;1
Operands;IMPLEMENTED;4
Operands;DISCLOSES;2
Operands;CENTRAL;5
Operands;APPORTIONMENT;1
Operands;JURISDICTIONS;114
Operands;DISCLOSED;19
Operands;UNALLOCATED;3
Operands;DELIVERING;1
Operands;BEARING;2
Operands;EXTENDING;1
Operands;RECOGNISE;2
Operands;PROPONENTS;1
Operands;DISTRIBUTION;55
Operands;MARGINBASED;5
Operands;READILY;1
Operands;CREATION;1
Operands;UNDESIRABLE;1
Operands;IMPACT;27
Operands;EARLIER;3
Operands;ADMINISTRATION;29
Operands;QUESTIONS;3
Operands;CLASS;1
Operands;VERY;2
Operands;BEAR;4
Operands;77;3
Operands;INTANGIBLE;1
Operands;INCONSISTENT;7
Operands;70;1
Operands;LOWVALUE;1
Operands;QUALIFIES;1
Operands;SIMPLIFICATION;2
Operands;ENGAGED;1
Operands;DISTRIBUTOR;20
Operands;ENGAGES;1
Operands;MANNER;1
Operands;COLLECTING;1
Operands;ASSET;1
Operands;TNMM;1
Operands;BRINGING;2
Operands;DISCUSSION;8
Operands;MILLION;24
Operands;PORTFOLIO;1
Operands;METHOD;14
Operands;CYCLES;1
Operands;CREATED;2
Operands;PHYSICALLY;1
Operands;RELIED;1
Operands;OPERATES;4
Operands;GUIDING;1
Operands;OPERATED;1
Operands;IAS;2
Operands;KNOWHOW;1
Operands;EXPERIENCE;1
Operands;JOINT;12
Operands;INCOME;53
Operands;ALIGNMENT;1
Operands;FINANCING;1
Operands;GROUP;203
Operands;313;4
Operands;BRINGS;2
Operands;CHANGED;1
Operands;KOREA;2
Operands;INTERGROUP;1
Operands;TRANSITIONAL;5
Operands;COORDINATION;2
Operands;FRAMEWORK;58
Operands;DIFFICULTIES;3
Operands;GREATEST;1
Operands;MONOPOLISTIC;1
Operands;SYMMETRICALLY;1
Operands;GOVERNMENTS;1
Operands;RISKTAKING;1
Operands;FUNDING;1
Operands;KEY;18
Operands;DIGITALISATION;3
Operands;HIGHRISK;1
Operands;PRIOR;6
Operands;CLIFFEDGE;1
Operands;UNREALISED;3
Operands;EXPLORE;4
Operands;PURPOSE;12
Operands;5972;1
Operands;CHECKS;1
Operands;RESOLVED;2
Operands;RESIDENCE;5
Operands;GLOBAL;13
Operands;PRESSURES;1
Operands;ELIMINATE;31
Operands;SUBSIDIARY;4
Operands;DISTRIBUTING;2
Operands;EXAMPLE;35
Operands;PREMISED;1
Operands;INREGIME;3
Operands;EARN;2
Operands;RESULTS;10
Operands;INTERNAL;3
Operands;INNOVATION;1
Operands;THROWBACK;1
Operands;PROBABLY;1
Operands;CONTRAST;8
Operands;TURNOVER;1
Operands;DELINEATE;1
Operands;6500;1
Operands;10000;2
Operands;NONOPERATING;1
Operands;SIMPLIFIED;7
Operands;SITUATION;3
Operands;UPLIFT;2
Operands;TERM;3
Operands;OWN;6
Operands;FAR;4
Operands;ARISING;9
Operands;RESORT;1
Operands;FORMULAIC;2
Operands;INTEREST;5
Operands;9;2
Operands;SAFE;73
Operands;ROUGHLY;1
Operands;CONDUCT;1
Operands;LIKELIHOOD;1
Operands;SCENARIO;3
Operands;POINTED;1
Operands;PARTS;1
Operands;OPERATING;23
Operands;IMPROVING;1
Operands;COMMENTARY;1
Operands;REACH;1
Operands;OPPOSED;1
Operands;SCOPE;42
Operands;ORDER;5
Operands;GAINS;9
Operands;TURN;2
Operands;NOTING;3
Operands;TYPES;8
Operands;GROWTH;1
Operands;YEAR;13
Operands;18000;3
Operands;BESPOKE;2
Operands;APPROPRIATELY;1
Operands;AUTHORITY;4
Operands;STREAMING;1
Operands;FUTURE;3
Operands;FLUCTUATIONS;1
Operands;MARGINAL;2
Operands;CONDUCTED;6
Operands;VARIATIONS;17
Operands;PERFORMED;1
Operands;1250;2
Operands;JURISDICTIONAL;8
Operands;TECHNICALLY;1
Operands;IMPAIRING;1
Operands;IRREGULAR;1
Operands;300;1
Operands;CONVENTIONAL;3
Operands;THREESTEP;5
Operands;PERFORMANCE;6
Operands;LINKED;1
Operands;DEVELOPED;13
Operands;ADJUSTMENTS;29
Operands;DISCUSSING;1
Operands;72;1
Operands;PREPARE;4
Operands;INTERACTIONS;15
Operands;TECHNICAL;10
Operands;ACT;1
Operands;SERVICES;16
Operands;AFFECT;3
Operands;ENABLES;1
Operands;PHARMACEUTICAL;5
Operands;PROLIFERATION;1
Operands;EASE;10
Operands;HANDFUL;1
Operands;SALE;4
Operands;ENSUING;1
Operands;EASY;4
Operands;QUALITATIVE;1
Operands;EXCLUSIVELY;4
Operands;CHOICE;2
Operands;RISKS;2
Operands;STATEMENT;18
Operands;ENTITYLEVEL;5
Operands;MET;4
Operands;INTRAGROUP;4
Operands;SUBSTANTIALLY;7
Operands;RESULTING;3
Operands;INCURRED;15
Operands;CLASSIFYING;1
Operands;FASTER;1
Operands;WELL;6
Operands;ROYALTY;5
Operands;ADVANCES;1
Operands;SUFFICIENT;2
Operands;STANDARDS;29
Operands;INVESTEE;1
Operands;TIMING;4
Operands;DIVIDEND;5
Operands;INVESTMENTS;6
Operands;ESSENTIAL;1
Operands;OUTWEIGH;1
Operands;NOTE;6
Operands;2000;9
Operands;RATIONALE;6
Operands;SIMPLER;1
Operands;PERFORM;4
Operands;FALL;2
Operands;ADDRESSED;3
Operands;IMPROVES;1
Operands;RELEVANT;60
Operands;MEASURE;25
Operands;PERIOD;31
Operands;ECONOMIC;14
Operands;RELEVANCE;1
Operands;INDUSTRY;5
Operands;RECOGNISED;9
Operands;DISCRETION;1
Operands;DOMESTICALLYFOCUSED;1
Operands;SIMPLEST;3
Operands;STRUCTURES;1
Operands;AREAS;3
Operands;FOREIGN;5
Operands;DEFINED;5
Operands;MATERIALLY;5
Operands;MATERIALITY;2
Operands;FEASIBLE;1
Operands;APPROPRIATE;17
Operands;PRODUCTS;7
Operands;LOCATION;1
Operands;STARTING;3
Operands;ESSENTIALLY;1
Operands;NECESSARILY;4
Operands;AGREED;19
Operands;RESPONSIBLE;1
Operands;ACCURATELY;3
Operands;PARAGRAPH;5
Operands;FIVE;2
Operands;TECHNOLOGY;1
Operands;INVESTMENT;9
Operands;CBC;1
Operands;39;2
Operands;38;4
Operands;33;3
Operands;32;3
Operands;30;8
Operands;35;1
Operands;34;1
Operands;OUTOFSCOPE;28
Operands;NONELIGIBLE;1
Operands;GROSS;4
Operands;FEATURES;4
Operands;~150;1
Operands;APPLICATION;14
Operands;IDENTIFY;12
Operands;REVENUESOURCING;1
Operands;CLARIFYING;3
Operands;POINT;9
Operands;EXPECTED;11
Operands;ALIGN;2
Operands;REGARD;1
Operands;DECENTRALISED;7
Operands;8;5
Operands;OBJECTIVE;4
Operands;LOSS;34
Operands;RIGHTS;25
Operands;MARK;1
Operands;SECURITIES;1
Operands;CONSISTENTLY;3
Operands;REGARDS;1
Operands;ACCUMULATED;1
Operands;CENTRALISED;10
Operands;ALP;9
Operands;OPERATIONS;2
Operands;LINES;3
Operands;HOLDING;2
Operands;TRYING;2
Operands;INCOUNTRY;3
Operands;BREAKDOWN;2
Operands;INTERNATIONAL;9
Operands;BECOME;3
Operands;MARGINS;11
Operands;CFB;20
Operands;EARNOUT;2
Operands;REALLOCATED;18
Operands;NECESSARY;23
Operands;HOMOGENOUS;1
Operands;GUIDELINES;1
Operands;REALLOCATES;1
Operands;AMOUNTING;1
Operands;GENERATES;2
Operands;PRESSURE;3
Operands;4664;1
Operands;GENERATED;16
Operands;DUPLICATIVE;3
Operands;WIDESPREAD;1
Operands;GEOGRAPHIC;2
Operands;TAXING;34
Operands;CERTAINTY;6
Operands;EQUIVALENCY;1
Operands;USUALLY;2
Operands;PORTIONS;1
Operands;BOTTOM;2
Operands;PERCENTAGE;29
Operands;2016;2
Operands;FOUNDATION;1
Operands;EXEMPTION;34
Operands;COMPANIES;1
Operands;REALLOCATE;1
Operands;SEGMENTED;30
Operands;RETURNS;3
Operands;BURDEN;9
Operands;REMOTE;5
Operands;VARIATION;1
Operands;EFFECTS;1
Operands;SCALE;2
Operands;BUSINESS;108
Operands;PRODUCES;2
Operands;PRODUCED;3
Operands;ACCOUNTABLE;1
Operands;CONTEXT;7
Operands;IFRS;12
Operands;83;1
Operands;80;2
Operands;LOSSCARRY;3
Operands;MANAGED;1
Operands;NEXUS;16
Operands;ADMINISTERED;3
Operands;REMAINS;3
Operands;VERIFICATION;1
Operands;FORMULATED;1
Operands;EXCISE;1
Operands;RANGE;1
Operands;EXPECT;1
Operands;WITHHOLDING;10
Operands;450;3
Operands;TAXATION;50
Operands;FORFEITED;1
Operands;PRACTICAL;7
Operands;POTENTIALLY;17
Operands;ESTABLISHMENT;3
Operands;PHYSICAL;4
Operands;MANAGEMENT;1
Operands;WORK;38
Operands;1500;2
Operands;MASS;1
Operands;650;5
Operands;SUSTAINED;4
Operands;EXCEED;8
Operands;MANAGE;1
Operands;PROGRESSIVE;2
Operands;DUE;8
Operands;UNDERLYING;6
Operands;ADAPT;3
Operands;TERMINATION;1
Operands;EXPENSE;4
Operands;COMMON/PREVALENT;1
Operands;TARGET;1
Operands;DISPOSAL;3
Operands;MATTER;1
Operands;PARTIES;6
Operands;REFINED;1
Operands;PROCESSES;1
Operands;STATEMENTS;11
Operands;RECOGNISING;4
Operands;NONRECURRING;1
Operands;STATES;2
Operands;INVESTORS;1
Operands;MANAGING;1
Operands;RELIABLE;3
Operands;ENTITIES;19
Operands;MITIGATED;1
Operands;AGGREGATE;1
Operands;25000;4
Operands;JURISDICTION;176
Operands;FORWARD;13
Operands;POOL;1
Operands;RECONCILE;1
Operands;RIGHT;10
Operands;CONSIDERED;15
Operands;ACHIEVED;1
Operands;LICENSED;1
Operands;LIKELY;9
Operands;LICENSES;1
Operands;BEST;1
Operands;GLOBE;4
Operands;ACTIVITY;18
Operands;RETAINING;2
Operands;HISTORICAL;1
Operands;SECTORS;5
Operands;120;3
Operands;GAPS;1
Operands;125;1
Operands;DEBT;3
Operands;INDEPENDENT;2
Operands;WELCOME;1
Operands;REFLECT;4
Operands;FRAMEWORKS;1
Operands;EXEMPTIONS;6
Operands;ENSURES;2
Operands;ROLLED;1
Operands;LIGHT;1
Operands;INITIAL;4
Operands;MODIFY;1
Operands;DIRECT;1
Operands;LEAVE;1
Operands;RATE;4
Operands;FORMULA;42
Operands;SPILLOVERS;1
Operands;MEASURING;2
Operands;ERRORS;1
Operands;RECOVERING;1
Operands;INTRODUCTION;12
Operands;LIABILITY;8
Operands;APPROACH;79
Operands;INCURS;3
Operands;ITEMS;15
Operands;REASON;6
Operands;DISPUTES;2
Operands;5323;2
Operands;OPTIONAL;2
Operands;UNIT;1
Operands;DISPUTE;2
Operands;DIVERSE;1
Operands;PREMISE;2
Operands;COMPETING;1
Operands;PERHAPS;1
Operands;576;1
Operands;DISTINCTION;2
Operands;REALLOCATING;1
Operands;EFFICIENT;1
Operands;QUANTUM;27
Operands;PREREGIME;18
Operands;EXCHANGE;3
Operands;FREE;1
Operands;STANDARD;13
Operands;MODEST;1
Operands;INVENTORY;1
Operands;PROVIDING;8
Operands;ABUSIVE;1
Operands;BENEFIT;8
Operands;LEADS;1
Operands;OECD;3
Operands;BURDENSOME;2
Operands;MEMBERS;33
Operands;STRATEGIES;1
Operands;NETBASIS;1
Operands;WEIGHTED;1
Operands;ASPECT;1
Operands;TYPICALLY;15
Operands;DIFFICULT;14
Operands;ARGUE;2
Operands;LOWRISK;1
Operands;CALCULATION;26
Operands;INDIA;2
Operands;QUALIFY;1
Operands;MTC;2
Operands;EARNED;4
Operands;TRANSFER;12
Operands;YEARS;21
Operands;INSTRUMENT;2
Operands;~780;1
Operands;CONTINUED;1
Operands;BILLION;6
Operands;DEAL;12
Operands;TOOL;1
Operands;PILLARS;1
Operands;INTRODUCING;5
Operands;MANUFACTURED;3
Operands;SUPPORTED;1
Operands;TRADEOFF;1
Operands;FACTS;2
Operands;283;2
Operands;EASIEST;2
Operands;HARMONISED;1
Operands;PROVE;1
Operands;CLEAR;1
Operands;PLANNING;3
Operands;POOLS;1
Operands;PARTY;7
Operands;RECEIVING;1
Operands;RESOURCES;1
Operands;LIMITED;11
Operands;LENGTH;2
Operands;MODIFICATION;1
Operands;MARKETBYMARKET;1
Operands;DISCUSSED;2
Operands;ACCEPT;4
Operands;ADMINISTER;4
Operands;DEVELOPS;1
Operands;110;1
Operands;REPORT;1
Operands;CROSSREFERENCE;4
Operands;20750;2
Operands;CONVENTION;8
Operands;MANUFACTURING;3
Operands;INTEGRATED;1
Operands;STAGE;1
Operands;DISTRIBUTORS;9
Operands;HARMONISATION;7
Operands;INCLUDE;35
Operands;LAUNCH;1
Operands;3500;2
Operands;CLAIMING;1
Operands;US;1
Operands;LISTED;1
Operands;STRICTER;1
Operands;ACCOUNT;29
Operands;FIVEYEAR;1
Operands;OPTION;5
Operands;DEFAULT;2
Operands;PURPOSES;37
Operands;REPORTS;2
Operands;VENTURE;6
Operands;IMPOSSIBLE;1
Operands;CONCERNS;2
Operands;CLOSE;2
Operands;AGAIN;5
Operands;FEE;1
Operands;RECENTLY;1
Operands;RECEIVE;2
Operands;ALPBASED;18
Operands;DESIGNING;4
Operands;TRANSITION;4
Operands;ABLE;12
Operands;ANALYSIS;5
Operands;INCUR;1
Operands;USING;25
Operands;HALLMARKS;6
Operands;GROUPS;88
Operands;CIT;11
Operands;CHANGE;1
Operands;EXCESSIVE;1
Operands;RETROSPECTIVE;1
Operands;49;2
Operands;46;1
Operands;47;4
Operands;42;5
Operands;ASYMMETRY;1
Operands;EQUITY;7
Operands;RESOLUTION;2
Operands;ILLEGAL;1
Operands;MIXED;1
Operands;LOCAL;19
Operands;SELL;1
Operands;REALLOCATION;15
Operands;MNES;3
Operands;FEASIBILITY;6
Operands;5313;2
Operands;BECOMES;2
Operands;HIGHEST;1
Operands;COMMUNICATED;1
Operands;PRINCIPAL;4
