Operators;RATIO;8
Operators;RESIDUAL;7
Operators;ADOPTED;49
Operators;ADDITIONALLY;2
Operators;FALL;18
Operators;ADDITIONAL;45
Operators;IMPLEMENTATION;30
Operators;INVOLVED;6
Operators;SUBDIVISIONS;2
Operators;CASES;92
Operators;DEDUCTIBLE;64
Operators;INVOLVES;3
Operators;CIRCUMSTANCES;29
Operators;LEAST;13
Operators;COMPARABILITY;1
Operators;ASSESS;4
Operators;ASSESSED;6
Operators;SIMILAR;57
Operators;MAY;332
Operators;DIFFERENCES;93
Operators;INSTANCE;22
Operators;ONLY;134
Operators;ELIMINATION;23
Operators;CONCERN;4
Operators;ESTABLISHED;48
Operators;THRESHOLDS;3
Operators;NUMERATOR;25
Operators;PREVENT;30
Operators;COMPARED;8
Operators;DEFINED;28
Operators;+;17
Operators;BELONG;2
Operators;DIFFERING;1
Operators;COMBINED;17
Operators;NOTWITHSTANDING;3
Operators;SO;40
Operators;OVEROR;1
Operators;DISTINGUISHABLE;1
Operators;INCORPORATING;1
Operators;DEFINES;4
Operators;AND/OR;9
Operators;FULLY;9
Operators;SOLE;1
Operators;EQUALS;5
Operators;RESULT;127
Operators;COVERED;261
Operators;ATTRIBUTABLE;38
Operators;SATISFY;5
Operators;BRIEFLY;1
Operators;NEVERTHELESS;7
Operators;REGARDED;5
Operators;APPROXIMATION;4
Operators;ASSUMPTIONS;7
Operators;DETERMINATION;33
Operators;MINIMISE;17
Operators;NOT;792
Operators;QUANTITATIVE;1
Operators;NOR;7
Operators;RAISE;9
Operators;AGGREGATES;1
Operators;ALLOCATES;15
Operators;PORTION;46
Operators;IDENTIFY;20
Operators;RECOMMENDATION;1
Operators;AGGREGATED;10
Operators;LIMITATIONS;6
Operators;DEFINITION;164
Operators;KEPT;6
Operators;&;2
Operators;CONVERSELY;1
Operators;INVOLVING;8
Operators;REGULATED;6
Operators;SETS;15
Operators;WHY;1
Operators;DIFFERENT;93
Operators;DETERMINING;56
Operators;AVERAGE;10
Operators;REGARD;13
Operators;THUS;44
Operators;CANNOT;30
Operators;COMPLY;6
Operators;EVEN;45
Operators;CORRESPONDING;18
Operators;LIKE;6
Operators;FORMING;2
Operators;SINGLE;40
Operators;SEPARATELY;21
Operators;ENSURE;72
Operators;DEFINE;6
Operators;REFLECTS;2
Operators;EXCEPTION;17
Operators;RELATIONSHIP;3
Operators;TOP;29
Operators;CAP;35
Operators;DEDUCTIONS;14
Operators;WILLING;1
Operators;TOO;2
Operators;DISREGARDING;3
Operators;ESTIMATES;2
Operators;TOGETHER;19
Operators;COMPUTATION;86
Operators;FURTHER;141
Operators;ESTIMATED;3
Operators;COMPUTED;82
Operators;ASSUMED;22
Operators;ESPECIALLY;3
Operators;COMPUTES;3
Operators;REFERS;4
Operators;ASSUMES;2
Operators;COMPARE;1
Operators;ASSOCIATE;22
Operators;OVERALL;31
Operators;NEGATIVE;3
Operators;SAME;244
Operators;ESTABLISHING;2
Operators;CALCULATION;55
Operators;ENSURING;17
Operators;DUPLICATIVE;1
Operators;EXCLUSIONS;8
Operators;MULTIPLE;20
Operators;INTENDED;45
Operators;CONSIST;2
Operators;SEPARATE;64
Operators;SEEMS;1
Operators;ALLOCATION;163
Operators;LIMIT;21
Operators;ALTHOUGH;24
Operators;EQUIVALENCY;2
Operators;PRE;1
Operators;EQUALITY;1
Operators;MEASURED;1
Operators;CORRESPOND;2
Operators;WHOLLY;14
Operators;SAY;2
Operators;DETERMINED;68
Operators;COMPARATIVE;1
Operators;PERCENTAGE;65
Operators;TOTAL;83
Operators;CONDITIONS;38
Operators;DENYING;7
Operators;EXEMPTION;59
Operators;SIMILARLY;24
Operators;REVERSED;1
Operators;UNACCEPTABLE;1
Operators;BALANCES;3
Operators;RETURNS;29
Operators;SHIFTING;18
Operators;HENCE;3
Operators;FIRST;119
Operators;BECAUSE;190
Operators;COMBINATION;10
Operators;ADDITION;32
Operators;IMPOSE;21
Operators;REGULATIONS;1
Operators;EXIST;5
Operators;EITHER;43
Operators;COMPRISE;1
Operators;APART;1
Operators;CIRCUMSTANCE;2
Operators;EXCEEDS;18
Operators;ACCEPTED;10
Operators;OBLIGATED;1
Operators;RELATIVELY;15
Operators;TESTS;2
Operators;MULTIPLYING;3
Operators;REQUIRED;214
Operators;FALLS;7
Operators;MINIMUM;251
Operators;REQUIRES;36
Operators;APPLIED;91
Operators;UNLESS;19
Operators;EG;27
Operators;MITIGATE;9
Operators;EX;1
Operators;APPLIES;124
Operators;POST;2
Operators;TREATED;126
Operators;THEREIN;4
Operators;GRANTING;5
Operators;STIPULATE;1
Operators;EVALUATING;6
Operators;DEDUCIBLE;1
Operators;WHEREBY;6
Operators;ALTERNATIVELY;7
Operators;TREATMENT;76
Operators;DEDUCTING;1
Operators;OTHERWISE;43
Operators;PRESCRIBED;2
Operators;REQUIREMENT;20
Operators;SET;88
Operators;ALLOCABLE;18
Operators;INCREASE;50
Operators;INDICATE;3
Operators;SWITCH;2
Operators;DIFFERS;3
Operators;STILL;17
Operators;RAISED;6
Operators;ENTAIL;2
Operators;SINCE;16
Operators;RAISES;7
Operators;REVERSAL;4
Operators;DIFFERENCE;63
Operators;SPECIFICITIES;2
Operators;PREVIOUS;10
Operators;REPRESENT;10
Operators;IMPLEMENTED;22
Operators;SPECIFICALLY;29
Operators;INCORPORATION;4
Operators;DETERMINATIONS;3
Operators;EXEMPT;36
Operators;DEEMED;45
Operators;PARTICULARLY;15
Operators;DEPENDING;12
Operators;SHIFT;11
Operators;GRANTED;8
Operators;EXCEED;18
Operators;IMPLEMENTING;2
Operators;EXCEEDED;8
Operators;APPROVED;2
Operators;SHIFTED;5
Operators;ALBEIT;1
Operators;DEPEND;4
Operators;INSTANCES;13
Operators;REQUIRING;18
Operators;TESTING;1
Operators;ALLOCATE;7
Operators;PERMIT;8
Operators;AGGREGATE;24
Operators;ESTABLISH;11
Operators;KEEPING;1
Operators;RULE;472
Operators;NONETHELESS;7
Operators;INCLUDES;59
Operators;SMALLER;7
Operators;RELATION;46
Operators;RECOMMENDATIONS;2
Operators;INCLUDED;100
Operators;LASTLY;1
Operators;APPLYING;92
Operators;CALCULATING;25
Operators;ASSUME;18
Operators;TEST;86
Operators;PERMITTED;21
Operators;INDICATOR;2
Operators;CONSEQUENCE;1
Operators;WANT;1
Operators;DEFINITIONS;18
Operators;CONFIRMS;1
Operators;DENIAL;15
Operators;LIMITS;10
Operators;HOWEVER;198
Operators;NEXT;12
Operators;INVOLVE;2
Operators;EXTRACTION;1
Operators;DETERMINE;57
Operators;ALLOWED;31
Operators;ALLOCATED;194
Operators;CONSEQUENTLY;6
Operators;ADJUSTED;83
Operators;RESTRICTIONS;2
Operators;RELATIVE;5
Operators;SETTING;7
Operators;DIFFERENTLY;3
Operators;X;86
Operators;REPRESENTS;8
Operators;CONFORMS;2
Operators;AFTER;64
Operators;ALLOWS;20
Operators;REFLECTED;9
Operators;PROHIBITIVE;1
Operators;ACTUALLY;13
Operators;INCLUDING;100
Operators;COMBINE;2
Operators;RECALCULATE;2
Operators;COMPLIANCES;1
Operators;YET;4
Operators;EXEMPTIONS;10
Operators;COMPARABLES;1
Operators;ENSURES;26
Operators;RETURN;57
Operators;REVERSE;12
Operators;PREVIOUSLY;16
Operators;REQUIRE;49
Operators;EXISTING;40
Operators;DERIVING;4
Operators;DECREASE;21
Operators;CONSTITUTES;1
Operators;EXCESS;83
Operators;DECREASED;5
Operators;INCLUSION;161
Operators;DISTINCT;2
Operators;BUT;116
Operators;NOTABLY;2
Operators;FRACTION;13
Operators;RESPECTIVELY;12
Operators;INDICATORS;1
Operators;MEET;26
Operators;INCREASING;1
Operators;DEFINING;4
Operators;SUBJECTING;3
Operators;IMPOSED;77
Operators;DIVIDE;1
Operators;FOR;1434
Operators;EQUIVALENT;33
Operators;DETERMINES;5
Operators;IMPLEMENT;5
Operators;WHOLE;10
Operators;AND;2040
Operators;CONFORM;9
Operators;SHALL;11
Operators;POSITIVE;5
Operators;ATTRIBUTED;3
Operators;CONNECTION;35
Operators;EXCLUDED;105
Operators;FACTOR;2
Operators;REFERRED;18
Operators;THEN;106
Operators;ASSOCIATED;40
Operators;MINIMISING;5
Operators;FURTHERMORE;28
Operators;ETC;1
Operators;DEDUCTED;4
Operators;ELIMINATE;11
Operators;SEPARATING;1
Operators;DISTINCTION;3
Operators;ALLOCATING;11
Operators;CASE;83
Operators;RESPECTIVE;6
Operators;COMPUTING;43
Operators;RATHER;48
Operators;IDENTIFIED;24
Operators;WERE;53
Operators;DISTINGUISH;3
Operators;APPLY;380
Operators;IDENTIFIES;6
Operators;CLOSER;1
Operators;NEEDS;9
Operators;FACTORS;18
Operators;CONCERNING;3
Operators;COVER;9
Operators;SECOND;82
Operators;MOREOVER;14
Operators;WAS;85
Operators;ENFORCE;1
Operators;INCORPORATE;11
Operators;PRESCRIBE;2
Operators;RESULTS;28
Operators;ASSUMPTION;3
Operators;DESPITE;2
Operators;ENTIRELY;2
Operators;LOWER;32
Operators;UNDO;1
Operators;THEREBY;11
Operators;MEANS;35
Operators;OBLIGATIONS;11
Operators;GAP;1
Operators;ELIMINATING;4
Operators;EXCLUDE;28
Operators;SUITABLE;1
Operators;ASSESSMENT;11
Operators;MEAN;17
Operators;EXISTS;3
Operators;EXCLUSIVE;2
Operators;WHEREAS;9
Operators;ACCORDING;5
Operators;DEDUCTION;66
Operators;EXTRACTED;4
Operators;ALLOW;43
Operators;ASSUMING;8
Operators;ESTIMATE;3
Operators;IE;60
Operators;IF;276
Operators;SUBJECTED;1
Operators;REQUIREMENTS;28
Operators;ALWAYS;6
Operators;SHIFTS;2
Operators;ADOPTION;2
Operators;RENDER;2
Operators;THOUGH;5
Operators;APPROXIMATE;1
Operators;CONSTITUTE;3
Operators;TESTED;3
Operators;REGULATORS;5
Operators;TREAT;14
Operators;REGULATORY;7
Operators;ELIMINATED;8
Operators;DIFFER;2
Operators;UNIQUE;4
Operators;CLOSEST;1
Operators;COMPUTATIONS;5
Operators;DERIVED;14
Operators;CONDITIONED;2
Operators;SPECIFIC;47
Operators;THRESHOLD;101
Operators;REFER;1
Operators;DISTINGUISHES;1
Operators;MULTIPLIED;6
Operators;COMPARABLE;8
Operators;ASSESSING;1
Operators;COMPUTE;44
Operators;INDEED;2
Operators;REDUCES;16
Operators;ADOPT;8
Operators;REQUEST;2
Operators;ACCORDINGLY;34
Operators;BALANCE;32
Operators;REDUCED;20
Operators;BEFORE;85
Operators;LIMITED;40
Operators;DERIVE;4
Operators;TREATS;12
Operators;DOUBLE;56
Operators;APPORTIONED;1
Operators;CORRESPONDS;1
Operators;LIMITING;9
Operators;NEEDED;18
Operators;SPECIFIED;8
Operators;RESPECT;237
Operators;ALTERNATIVE;24
Operators;OR;1035
Operators;PARTIALLY;99
Operators;CONTAINS;5
Operators;RELATE;5
Operators;REGARDING;3
Operators;RESTRICT;1
Operators;ALLOWING;16
Operators;ADDING;5
Operators;ADDED;7
Operators;DISTINGUISHED;1
Operators;REGULATION;1
Operators;CONNECT;2
Operators;IRRESPECTIVE;10
Operators;CALCULATE;6
Operators;CONFIRM;1
Operators;LIMITATION;23
Operators;PROPORTIONALLY;3
Operators;CONTAINED;6
Operators;INSTEAD;14
Operators;INCLUDE;88
Operators;SUBTRACTED;1
Operators;ATTRIBUTE;1
Operators;INCLUSIVE;87
Operators;REMOVES;3
Operators;REMOVE;3
Operators;INTRA;7
Operators;REFLECTING;1
Operators;INCORPORATED;19
Operators;SUBJECT;300
Operators;CONFIRMED;1
Operators;SUBDIVISION;4
Operators;EVALUATE;1
Operators;SUM;14
Operators;STOP;2
Operators;EVALUATED;1
Operators;WHILE;64
Operators;REFERENCES;1
Operators;NET;142
Operators;EQUALLY;8
Operators;CALCULATED;22
Operators;DEPENDS;7
Operators;CONCERNS;18
Operators;CONTRARY;6
Operators;PROXY;5
Operators;RESULTED;3
Operators;SOLELY;14
Operators;CALCULATES;1
Operators;DISALLOWED;6
Operators;IMPLIES;2
Operators;DENIED;4
Operators;MAXIMUM;9
Operators;EXCLUSIVELY;17
Operators;EXCEPTIONS;2
Operators;ADD;4
Operators;OTHERS;4
Operators;NEED;74
Operators;REDUCING;8
Operators;GREATER;13
Operators;ACCORDANCE;78
Operators;PROPORTION;53
Operators;ADJUST;2
Operators;IDENTIFICATION;7
Operators;EXCLUSION;54
Operators;IDENTIFYING;3
Operators;REDUCTIONS;3
Operators;LIKEWISE;3
Operators;EQUAL;39
Operators;RESULTING;18
Operators;CASEBYCASE;1
Operators;SEEM;6
Operators;COUNTED;1
Operators;MINIMAL;1
Operators;ENTIRE;9
Operators;COUNTING;1
Operators;EXCESSIVE;4
Operators;DISREGARDED;25
Operators;ALSO;197
Operators;ALIKE;1
Operators;ADOPTING;6
Operators;DIVIDED;1
Operators;EVENTUALLY;4
Operators;REGARDLESS;17
Operators;DENY;1
Operators;RULE5;1
Operators;HOW;39
Operators;AS;902
Operators;THEREFORE;158
Operators;=;59
Operators;INCREASES;18
Operators;DEEMS;2
Operators;BALANCING;7
Operators;CALCULATIONS;9
Operators;COMBINING;2
Operands;LIFE;23
Operands;POSITIONS;3
Operands;UNCERTAINTY;4
Operands;MODIFICATIONS;6
Operands;EFFICIENCY;2
Operands;DEMAND;1
Operands;ACQUIRING;8
Operands;ENGAGE;2
Operands;VOLATILITY;4
Operands;PRODUCING;4
Operands;MULTIYEAR;1
Operands;MOVEMENTS;2
Operands;NATURE;11
Operands;POIP;8
Operands;TAXES;479
Operands;HAND;11
Operands;CURRENT;38
Operands;TAXED;29
Operands;BREAKER;1
Operands;MAP;2
Operands;ASSETS;152
Operands;GUIDANCE;25
Operands;ANNUAL;26
Operands;PRIMARY;8
Operands;SUFFICIENTLY;5
Operands;VALUES;3
Operands;PROPERTY;74
Operands;275;15
Operands;COMPLIANCE;83
Operands;BEHAVIOUR;1
Operands;COMMON;33
Operands;UNDERTAKE;8
Operands;STANDARDISED;16
Operands;PROPOSAL;12
Operands;CLEARLY;1
Operands;ADDRESSING;17
Operands;REINSURANCE;10
Operands;SOLD;17
Operands;APPEALING;1
Operands;SYSTEMS;13
Operands;ACTIVE;1
Operands;ACCOUNTING;321
Operands;CARRYFORWARD;112
Operands;PREPARATION;12
Operands;CONTROLS;11
Operands;PUBLIC;31
Operands;FORMATION;1
Operands;SELLS;2
Operands;INTRODUCED;17
Operands;DETAILED;16
Operands;LEADING;3
Operands;NOMINAL;67
Operands;INTERMEDIARIES;1
Operands;METHODS;2
Operands;MEMBER;20
Operands;TAXABLE;56
Operands;TABLE;2
Operands;GOODS;14
Operands;VARY;7
Operands;ELEMENT;13
Operands;UNPREDICTABLE;1
Operands;UNITS;6
Operands;90;3
Operands;HARSHER;2
Operands;NONFINANCIAL;3
Operands;TIMBER;4
Operands;JUDICIAL;2
Operands;ORGANIZED;3
Operands;EXPENDITURE;79
Operands;WIDELY;7
Operands;NOTICE;1
Operands;PERIODICALLY;2
Operands;FINES;16
Operands;IIR;518
Operands;INCIDENTAL;2
Operands;SINGAPORE;2
Operands;COMPETITION;3
Operands;PARTS;4
Operands;MAINTAIN;2
Operands;REACHED;3
Operands;LOANS;1
Operands;PROTOCOL;1
Operands;FORM;30
Operands;KEYS;17
Operands;CREDITING;2
Operands;RESERVES;3
Operands;INHERENTLY;1
Operands;ANTE;1
Operands;FOUND;3
Operands;PASSIVE;6
Operands;COUNTERINTUITIVE;1
Operands;ELECT;2
Operands;EXPENSERELATED;1
Operands;UNLIMITED;4
Operands;SALES;20
Operands;CALL;1
Operands;CONTRIBUTION;1
Operands;FUNCTIONS;13
Operands;UNILATERAL;1
Operands;CHALLENGES;16
Operands;AGENTS;1
Operands;JUSTIFIED;3
Operands;SUFFER;3
Operands;ECONOMY;6
Operands;PARTNERS;1
Operands;RELY;8
Operands;GAAP;8
Operands;SOURCED;2
Operands;INFLUENCE;4
Operands;SOURCE;92
Operands;400;1
Operands;SYNERGIES;4
Operands;HIGH;23
Operands;ISSUE;10
Operands;PROPERTIES;2
Operands;CLAIM;9
Operands;EXPENDITURES;33
Operands;AUSTRALIA;2
Operands;PARTY;55
Operands;OBJECTIVES;19
Operands;ATTACHED;1
Operands;INTERPRETED;1
Operands;CLARIFY;3
Operands;PRICING;29
Operands;ADDRESS;45
Operands;PROGRESS;1
Operands;MARGIN;8
Operands;CIRCULAR;1
Operands;BUYSELL;1
Operands;BASED;196
Operands;CORPORATION;48
Operands;REDUCE;59
Operands;OPERATIONAL;4
Operands;DEFENCE;1
Operands;INDIRECT;10
Operands;OBTAINED;4
Operands;RECONCILIATION;2
Operands;BURDENS;21
Operands;LONGER;4
Operands;PERSON;50
Operands;PROFIT;162
Operands;INCIDENCE;1
Operands;SHARE;83
Operands;MEASUREMENT;3
Operands;SPECIAL;36
Operands;ARTICULATED;1
Operands;CLASSIFICATION;1
Operands;COUNTRYBYCOUNTRY;8
Operands;POSSIBLE;18
Operands;POSSIBLY;4
Operands;COMPILING;1
Operands;DETAILS;6
Operands;242;2
Operands;TIMELY;1
Operands;MOBILE;9
Operands;CONTINUE;6
Operands;TIME;45
Operands;JAPAN;2
Operands;DESCRIBED;97
Operands;WORKING;8
Operands;SECTION;190
Operands;DESCRIBES;12
Operands;TREATMENT;76
Operands;175;1
Operands;LAND;43
Operands;LEVERAGE;3
Operands;OUTSTANDING;12
Operands;VENTURES;14
Operands;SIMPLIFICATIONS;8
Operands;TRADE;11
Operands;RATIFICATION;1
Operands;MODELS;2
Operands;ANTIFRAGMENTATION;2
Operands;REPORTED;27
Operands;PRINCIPALLY;1
Operands;EARNS;11
Operands;NEWLY;2
Operands;EUR;57
Operands;ROYALTIES;11
Operands;ELIGIBLE;36
Operands;LENDING;2
Operands;MAJORITY;14
Operands;TRADING;5
Operands;SAFEGUARD;2
Operands;IMPROVE;3
Operands;DEGREE;3
Operands;PURSUED;1
Operands;FOCUS;14
Operands;FINISHED;1
Operands;INTANGIBLES;10
Operands;CORPORATE;67
Operands;OPTIONS;13
Operands;ACQUISITION;23
Operands;EXPLAINED;11
Operands;PRIVATE;7
Operands;ANTIAVOIDANCE;4
Operands;PARTICIPANTS;1
Operands;COMPONENTS;15
Operands;INDIRECTLY;57
Operands;LEGAL;12
Operands;DETRIMENT;1
Operands;ALTER;2
Operands;UNDERPAYMENT;1
Operands;POOLED;1
Operands;FACE;1
Operands;INCURRING;1
Operands;ALIGNED;1
Operands;DECISIONS;3
Operands;EASIER;2
Operands;FACT;43
Operands;MINORITY;45
Operands;PAY;24
Operands;TAXPAYERS;98
Operands;UNDERSTOOD;2
Operands;LEGACY;1
Operands;NONTAXABLE;3
Operands;EXPENSE;62
Operands;LOOKBACK;5
Operands;DISCUSSIONS;1
Operands;PRESERVING;3
Operands;PRESSURE;2
Operands;METHODOLOGY;15
Operands;X;86
Operands;PARALLEL;2
Operands;OIL;4
Operands;SHARES;42
Operands;FREQUENCY;1
Operands;POLICIES;3
Operands;CAPTURE;11
Operands;VARIETY;3
Operands;PERSONNEL;1
Operands;MECHANISMS;26
Operands;LARGE;17
Operands;SEEKS;10
Operands;LEAVES;3
Operands;SWITCHEDOFF;2
Operands;POSSIBILITY;5
Operands;OWNERSHIP;101
Operands;STAKEHOLDERS;4
Operands;MNES;46
Operands;EXTERNAL;2
Operands;INPUT;3
Operands;INTERVENING;1
Operands;PROVIDED;71
Operands;FINANCIAL;348
Operands;SITUATIONS;30
Operands;SUPPLEMENTARY;3
Operands;PROVIDES;43
Operands;PROVIDER;4
Operands;REVENUES;8
Operands;IMMUNITY;2
Operands;ETR;306
Operands;COMMERCIAL;7
Operands;DETERIORATING;2
Operands;ARRANGEMENTS;49
Operands;COLLECTED;9
Operands;250;5
Operands;EXTENDED;3
Operands;ABILITY;13
Operands;ACCRUAL;8
Operands;OVERLAPPING;2
Operands;CLAIMED;2
Operands;ARRIVE;8
Operands;EXTREMELY;3
Operands;EXERCISE;7
Operands;ENTITLED;12
Operands;SIMPLICITY;3
Operands;STRAIGHTLINE;4
Operands;PROFITABILITY;3
Operands;ZERO;9
Operands;REMAINING;47
Operands;NAME;1
Operands;PERSPECTIVE;28
Operands;VOTING;5
Operands;EVENT;7
Operands;INCENTIVES;15
Operands;APPLICATIONS;2
Operands;LOW;100
Operands;SHAREHOLDINGS;1
Operands;CREATE;24
Operands;INFORM;2
Operands;PAYMENTS;356
Operands;REALISATION;1
Operands;CARRIED;24
Operands;INAPPROPRIATE;2
Operands;RESIDENT;82
Operands;EFFECT;73
Operands;MEANINGFUL;4
Operands;NOW;5
Operands;GROSSBASIS;1
Operands;INEFFICIENT;1
Operands;DETAIL;9
Operands;ACCESS;7
Operands;SIGNIFICANCE;1
Operands;TRUST;2
Operands;RECOGNITION;21
Operands;PRESERVE;9
Operands;SUPPORTING;2
Operands;FAMILIAR;3
Operands;MOVE;2
Operands;REVIEWED;1
Operands;SIMPLIFY;5
Operands;STEPS;4
Operands;PROPER;2
Operands;VEHICLES;17
Operands;DEMONSTRATING;1
Operands;SECTIONS;8
Operands;PROVISIONS;63
Operands;APPROPRIATELY;7
Operands;PROVIDE;67
Operands;OVERVIEW;13
Operands;FEATURE;10
Operands;PENALTY;6
Operands;EXPLORED;2
Operands;58;5
Operands;59;2
Operands;CHALLENGING;2
Operands;VIEWS;4
Operands;55;3
Operands;52;1
Operands;OBSTACLE;1
Operands;AUTHORITIES;13
Operands;RECOUP;2
Operands;200;30
Operands;SUPPORT;8
Operands;PAID;192
Operands;ONGOING;3
Operands;PRINCIPLE;25
Operands;HEADCOUNT;2
Operands;DIVERGENT;2
Operands;CANADA;3
Operands;IMPEDES;1
Operands;MARKETING;6
Operands;SUGGESTS;1
Operands;REGULATION;1
Operands;PRODUCTION;9
Operands;MNE;490
Operands;INFORMATION;85
Operands;ADVERSE;4
Operands;TECHNOLOGICAL;2
Operands;ILLUSTRATIVE;1
Operands;SIZE;15
Operands;SENSE;9
Operands;CHAINS;4
Operands;SERVICE;11
Operands;PROBLEMS;1
Operands;MECHANISM;62
Operands;PREPARED;15
Operands;BANKING;1
Operands;RATES;31
Operands;AVOIDANCE;5
Operands;INDUSTRIES;8
Operands;CONTRACTS;1
Operands;ACCOUNTINGTAX;1
Operands;HARBOUR;3
Operands;RESTORATION;1
Operands;PRIMARILY;13
Operands;ADMINISTRATIONS;42
Operands;CORE;2
Operands;LOSSMAKING;3
Operands;DEPLETION;23
Operands;PROBLEM;5
Operands;GOODWILL;2
Operands;WAYS;2
Operands;SOLUTION;7
Operands;SUBMIT;1
Operands;CBCR;64
Operands;SPINOFF;3
Operands;IMPAIRMENTS;4
Operands;150;8
Operands;POSTIMPAIRMENT;4
Operands;JUNE;1
Operands;NUMBER;63
Operands;LOGIC;3
Operands;MARKETS;1
Operands;RESTORING;2
Operands;REGIMES;40
Operands;CONDUIT;3
Operands;JUSTIFICATION;3
Operands;OFTEN;19
Operands;SUBSEQUENT;41
Operands;REASONABLY;6
Operands;SPLITTING;3
Operands;PREMIUMS;7
Operands;REASONABLE;13
Operands;INTERVENTION;1
Operands;TRADED;7
Operands;LEVERAGING;2
Operands;CYCLE;4
Operands;SHOW;2
Operands;SUGGEST;1
Operands;COMMITMENTS;1
Operands;VALUE;91
Operands;SUBSTANTIVE;20
Operands;TRADITIONAL;1
Operands;POTENTIAL;31
Operands;CORRELATION;1
Operands;EXPENSES;53
Operands;SIGNIFICANTLY;13
Operands;FAVOUR;1
Operands;ULTIMATE;121
Operands;DEMPE;4
Operands;DEVELOP;15
Operands;SIMPLE;6
Operands;TEXT;2
Operands;OBTAIN;4
Operands;APPRECIATION;1
Operands;BOOKTOTAX;1
Operands;ACCOUNTS;95
Operands;FOCUSING;2
Operands;INDUCED;1
Operands;DEFER;2
Operands;COMMONALITIES;1
Operands;DISADVANTAGE;2
Operands;ACCURACY;1
Operands;AUDIT;3
Operands;AFTERTAX;3
Operands;FULL;19
Operands;AFFECTED;7
Operands;FIT;1
Operands;MEASURES;26
Operands;VERSION;2
Operands;BUSINESSES;26
Operands;REALISE;1
Operands;LEASE;10
Operands;BRIBES;13
Operands;PROCESS;49
Operands;REVIEW;44
Operands;EXPEDITIOUSLY;1
Operands;CLAIMS;4
Operands;LARGELY;3
Operands;ADVICE;1
Operands;LICENSES;2
Operands;UNRELATED;10
Operands;RELIES;8
Operands;PARENT;366
Operands;COMPANY;71
Operands;MODIFIED;4
Operands;EXPLOITATION;2
Operands;RELIEF;10
Operands;OWNS;60
Operands;COMMODITY;1
Operands;CONSISTENT;60
Operands;INDIVIDUAL;7
Operands;GENERATE;19
Operands;INSURER;1
Operands;ACQUIRE;2
Operands;ENTERPRISES;16
Operands;STARTS;2
Operands;REAL;2
Operands;DISASTER;1
Operands;FORWARDS;6
Operands;TRANSACTIONAL;1
Operands;HOLDS;29
Operands;COST;63
Operands;PERFORMANCE;1
Operands;REWARDED;1
Operands;REMAIN;6
Operands;COMPETITIVE;22
Operands;BODIES;6
Operands;PRESENCE;2
Operands;ADVANCES;1
Operands;DOMESTIC;105
Operands;OUTCOMES;64
Operands;ULTIMATELY;6
Operands;ADMINISTRATIVE;41
Operands;COHERENT;1
Operands;EXERCISED;2
Operands;DEVELOPED;25
Operands;PUT;2
Operands;BOOKTOBOOK;1
Operands;REMUNERATION;2
Operands;IMPORTANCE;2
Operands;MATERIAL;34
Operands;DEALING;5
Operands;FLOWS;2
Operands;PERFORMS;2
Operands;COMMENSURATE;1
Operands;140;1
Operands;REST;2
Operands;DIGITAL;8
Operands;PRICES;1
Operands;ALREADY;42
Operands;PUBLICLY;6
Operands;COMPREHENSIVE;11
Operands;COMPLEXITY;25
Operands;SPENT;1
Operands;DIFFICULTY;2
Operands;APPROACHES;17
Operands;ROUTINE;1
Operands;ENTERED;4
Operands;ALLOWANCE;3
Operands;WORLDWIDE;6
Operands;CUSTOMERS;8
Operands;OFFER;4
Operands;OPTIONALITY;1
Operands;SOCALLED;1
Operands;SCO;2
Operands;PROPOSED;2
Operands;AMOUNTS;38
Operands;AVOID;47
Operands;BASE;294
Operands;OPPORTUNITIES;1
Operands;REORGANISATIONS;1
Operands;DISPUTING;1
Operands;INVESTOR;12
Operands;PROFITABLE;7
Operands;RETAINED;12
Operands;EMERGENCY;5
Operands;TWICE;1
Operands;WISH;1
Operands;POSED;4
Operands;TRANSPARENCY;13
Operands;OCCUR;5
Operands;UPWARDS;1
Operands;COUNTRY;119
Operands;SOMETIMES;4
Operands;SAFEGUARDS;2
Operands;INTERACTION;21
Operands;NEW;19
Operands;FINAL;21
Operands;DIGITALISED;1
Operands;TRANSPARENT;50
Operands;FUNCTION;10
Operands;END;15
Operands;G;1
Operands;DOCUMENTATION;5
Operands;PARTICIPATING;5
Operands;EXAMPLES;15
Operands;LEAD;14
Operands;SUBNATIONAL;2
Operands;COMPONENT;33
Operands;AGREEMENT;23
Operands;STRICT;5
Operands;INTEGRITY;7
Operands;1000;22
Operands;REGIONAL;1
Operands;ADMINISTRABLE;4
Operands;LIFETIME;1
Operands;INSCOPE;3
Operands;POSSESSES;4
Operands;MECHANICS;14
Operands;FINANCE;2
Operands;CARRYOVER;3
Operands;EARNINGS;23
Operands;PERMISSIBLE;1
Operands;CONSOLIDATED;149
Operands;WORLD;3
Operands;PRESENT;22
Operands;HIGHER;20
Operands;CLARIFICATION;1
Operands;AFFECTS;3
Operands;ACCURATE;4
Operands;BUILDINGS;6
Operands;11;35
Operands;10;72
Operands;13;24
Operands;12;34
Operands;15;7
Operands;14;9
Operands;17;3
Operands;19;4
Operands;18;11
Operands;REVISED;5
Operands;INTERMEDIATE;124
Operands;CHINA;5
Operands;BRANCH;10
Operands;UNWINDING;1
Operands;BASIS;121
Operands;BASIC;3
Operands;LOSSES;68
Operands;QUESTION;47
Operands;NOTED;8
Operands;ORIGINAL;4
Operands;PAYING;11
Operands;THIRDPARTY;2
Operands;COPE;1
Operands;FIXED;20
Operands;CONCEPT;4
Operands;VICE;2
Operands;HYBRID;18
Operands;SUBSIDIARIES;30
Operands;PREFERABLE;2
Operands;EXTENT;48
Operands;AVAILABILITY;2
Operands;CONSTRAINTS;2
Operands;IMPACTED;3
Operands;PENALTIES;14
Operands;COMPENSATION;40
Operands;IMPORTANT;14
Operands;CERTIFICATES;3
Operands;NORMALLY;2
Operands;ACTIVITIES;50
Operands;RISK;89
Operands;PRACTITIONERS;1
Operands;LEVEL;79
Operands;RISE;49
Operands;ARRANGING;2
Operands;ENTER;4
Operands;EXCHANGING;2
Operands;OPERATE;35
Operands;ACTUAL;21
Operands;RENTS;3
Operands;PROPERLY;7
Operands;HELP;6
Operands;INTEREST5;1
Operands;NOTES;18
Operands;PURSUANT;15
Operands;TRANSFERRED;11
Operands;COVID19;2
Operands;HELD;73
Operands;COMPLEX;8
Operands;DESIGN;99
Operands;BOARD;1
Operands;COORDINATED;20
Operands;PROCEDURES;5
Operands;COMPOSITION;1
Operands;PARTICIPATION;9
Operands;PAYABLE;15
Operands;PRESENTED;1
Operands;COMMONLY;19
Operands;RECORDS;4
Operands;3;65
Operands;INTRAGROUP;194
Operands;SUBSECTION;1
Operands;CARRY;22
Operands;COSTPLUS;2
Operands;24;19
Operands;EXAMINATIONS;5
Operands;MINERAL;5
Operands;CARRIEDFORWARD;2
Operands;PUBLISHED;1
Operands;AMELIORATE;1
Operands;INTERESTS;102
Operands;UNITED;9
Operands;MERITS;1
Operands;INDEFINITELY;1
Operands;S;22
Operands;DISINCENTIVES;1
Operands;LIABLE;12
Operands;CONCEPTUAL;1
Operands;PARTNER;4
Operands;NOMINALLY;1
Operands;HARD;2
Operands;PES;3
Operands;60;33
Operands;PHRASE;1
Operands;RECENT;2
Operands;REORGANIZATION;2
Operands;STANDALONE;23
Operands;CASH;11
Operands;PROFILES;1
Operands;BETTER;6
Operands;NONREFUNDABLE;4
Operands;TRANSITIONRELATED;1
Operands;500;3
Operands;PARTNERSHIPS;1
Operands;FAIR;20
Operands;OVERLAY;1
Operands;MERELY;3
Operands;FIELD;9
Operands;ABSENCE;9
Operands;SUPRANATIONAL;2
Operands;PORTFOLIO;5
Operands;WAY;53
Operands;FAIL;2
Operands;FOCUSES;11
Operands;GULF;1
Operands;OWNED;146
Operands;ANNUALLY;5
Operands;PERSONS;81
Operands;VOLATILE;2
Operands;ENHANCEMENT;1
Operands;STATISTICAL;2
Operands;DEPRECIATION;96
Operands;OWNER;24
Operands;TYPE;13
Operands;ACQUIRED;14
Operands;PARTICULAR;72
Operands;ACQUIRES;1
Operands;CONTROL;76
Operands;INFORMED;7
Operands;INTRODUCE;6
Operands;NONDEDUCTIBLE;3
Operands;SUBSTANTIAL;3
Operands;REPUBLIC;9
Operands;ARISE;31
Operands;POLICY;101
Operands;CONFLICT;5
Operands;SOFTWARE;2
Operands;IP;18
Operands;ACCEPTABLE;16
Operands;CAPITAL;18
Operands;FACILITATING;3
Operands;CRITERIA;21
Operands;BOX;9
Operands;LEGISLATION;23
Operands;SOVEREIGN;18
Operands;EXPRESSED;4
Operands;IASB;9
Operands;INVESTMENTS;13
Operands;CONSOLIDATION;26
Operands;RELIANCE;5
Operands;COROLLARY;2
Operands;POINTS;1
Operands;4;58
Operands;SHOWN;4
Operands;SAFE;6
Operands;ILLUSTRATION;10
Operands;OBVIOUS;4
Operands;DESIGNED;67
Operands;TRANSACTIONS;58
Operands;CONVERGE;3
Operands;EROSION;15
Operands;DESIGNS;1
Operands;CERTIFICATION;13
Operands;PILLAR;68
Operands;AUDITORS;2
Operands;ILLUSTRATED;28
Operands;CREDIT;176
Operands;COMPENSATE;3
Operands;SHAREHOLDER;47
Operands;CONVERTIBLE;1
Operands;DECISION;11
Operands;DERIVATIVES;1
Operands;QUALITATIVE;2
Operands;PRACTICE;18
Operands;FAVOURABLY;2
Operands;GROUPWIDE;2
Operands;SALARY;4
Operands;BUILDS;1
Operands;SELLER;11
Operands;KEYSTONE;1
Operands;MEDIUM;3
Operands;SHEET;7
Operands;JUST;3
Operands;ARRANGEMENT;57
Operands;ACCOUNTED;20
Operands;PLACE;22
Operands;PREJUDICES;1
Operands;OFFSET;10
Operands;TAXPAYER;139
Operands;REVENUE;75
Operands;INSTRUMENTS;4
Operands;ENGAGEMENT;1
Operands;EFFECTIVELY;19
Operands;CONTROLLING;28
Operands;LTCE;2
Operands;SPLIT;12
Operands;ISSUED;3
Operands;PROVEN;1
Operands;COEXISTENCE;4
Operands;PERMANENT;121
Operands;DISTORTIONS;17
Operands;ISSUES;22
Operands;PURCHASER;7
Operands;PURCHASES;1
Operands;NA;3
Operands;COMMUNITY;1
Operands;UNABLE;2
Operands;PURCHASED;1
Operands;CONTRIBUTIONS;13
Operands;RECAPTURE;6
Operands;NONRECURRING;1
Operands;750;19
Operands;COUNTRIES;22
Operands;ISOLATION;4
Operands;SHELTERING;1
Operands;COSTS;71
Operands;TERRITORY;2
Operands;NONGOVERNMENTAL;1
Operands;EXERCISING;4
Operands;INTENSITY;1
Operands;BROADER;9
Operands;FLUCTUATE;1
Operands;REALISED;6
Operands;SECTOR;5
Operands;USE;111
Operands;EFFICIENT;5
Operands;POLITICAL;8
Operands;COMPLETELY;1
Operands;ASPECT;1
Operands;BACKSTOP;25
Operands;ALLOWANCES;2
Operands;SEEK;11
Operands;ABUSE;2
Operands;COMPLETED;1
Operands;5;124
Operands;OVERRIDE;1
Operands;UNDERTAKEN;17
Operands;FACILITATE;8
Operands;450;3
Operands;HIGHLIGHTED;1
Operands;START;6
Operands;REMEDY;3
Operands;IMPOSSIBLE;2
Operands;PROFITS;102
Operands;PRICE;10
Operands;DEVELOPING;7
Operands;STATE;80
Operands;UNDERMINING;1
Operands;SUMMARISED;3
Operands;RECEIVES;4
Operands;SIMPLER;8
Operands;ILLUSTRATING;2
Operands;SIT;1
Operands;GUARANTOR;6
Operands;GAIN;30
Operands;CUSTOMER;2
Operands;PROVIDING;27
Operands;BONDS;1
Operands;EXPANDING;1
Operands;TAX;2492
Operands;ANTICIPATED;2
Operands;ACTION;34
Operands;BODY;2
Operands;STABLE;2
Operands;OCCURRED;6
Operands;REGULARLY;2
Operands;TANGIBLE;41
Operands;ACCOMMODATE;7
Operands;CHARGE;25
Operands;SIMPLY;15
Operands;VIEW;6
Operands;USED;149
Operands;CURRENCY;6
Operands;USES;13
Operands;REORGANISATION;4
Operands;MARKET;10
Operands;UNRELIEVED;1
Operands;CONTRACT;3
Operands;VARIES;2
Operands;POSITION;12
Operands;5000;1
Operands;CAPABLE;1
Operands;GENERATION;1
Operands;LOAN;7
Operands;VEHICLE;11
Operands;AGREE;7
Operands;244;2
Operands;REDEEMS;1
Operands;DELIVER;4
Operands;AVOIDS;10
Operands;CROSSBORDER;8
Operands;VEST;1
Operands;ORPHAN;38
Operands;CARRYING;50
Operands;EXPLORATION;10
Operands;CAPACITY;5
Operands;RECOGNIZED;1
Operands;CRITICAL;3
Operands;6;28
Operands;KNOWN;2
Operands;LEFT;3
Operands;FEDERAL;1
Operands;BALLOON;1
Operands;ACHIEVE;14
Operands;MISALLOCATION;1
Operands;ADVANTAGE;16
Operands;SAFEHARBOURS;1
Operands;CONTROLLED;62
Operands;SCRUTINY;1
Operands;STEP;12
Operands;ACQUISITIONS;3
Operands;ASSERTED;1
Operands;DATE;7
Operands;DATA;12
Operands;CORRECT;3
Operands;AMOUNT;263
Operands;RESPONSIBILITY;3
Operands;DIFFICULT;13
Operands;STAKE;8
Operands;CREATING;6
Operands;CONTROVERSY;1
Operands;SOLVE;4
Operands;CORRECTLY;2
Operands;BENEFITS;40
Operands;ADMINISTERING;1
Operands;PRODUCT;7
Operands;ANTIABUSE;7
Operands;PRODUCE;18
Operands;PERIODS;13
Operands;CRITERION;2
Operands;FILING;10
Operands;TRADEMARK;1
Operands;ENTITY;868
Operands;PRACTICES;1
Operands;BLENDING;55
Operands;ARGUED;1
Operands;LINE;37
Operands;SUCCEEDING;1
Operands;POSTFILING;14
Operands;AVAILABLE;27
Operands;25;22
Operands;26;2
Operands;20;53
Operands;21;1
Operands;22;6
Operands;23;16
Operands;LONG;10
Operands;PRIORITY;34
Operands;OPPORTUNITY;1
Operands;DEMONSTRATED;2
Operands;CARVEOUT;106
Operands;BROAD;8
Operands;COLLECTION;5
Operands;IMPROVEMENTS;1
Operands;ACKNOWLEDGING;1
Operands;IMPLICATIONS;3
Operands;SIGNIFICANT;56
Operands;EXPLANATION;2
Operands;PRINCIPLES;39
Operands;LOCATED;140
Operands;INEFFECTIVE;2
Operands;UNLIKELY;6
Operands;TRANSLATE;1
Operands;DISCOVERY;1
Operands;SEPARABLE;1
Operands;LIABILITIES;41
Operands;HOLDINGS;1
Operands;STRICTLY;2
Operands;REPORTING;38
Operands;BROUGHT;7
Operands;7;17
Operands;R&D;3
Operands;REDETERMINATION;1
Operands;THIRD;29
Operands;POSE;1
Operands;SHAREHOLDERS;45
Operands;NEUTRALITY;13
Operands;EU;3
Operands;LEGALLY;5
Operands;ASPECTS;6
Operands;AREA;4
Operands;DISPERSION;1
Operands;ACTING;7
Operands;INSURERS;1
Operands;EARNING;4
Operands;CONTINUOUS;1
Operands;SMALL;10
Operands;FREQUENTLY;2
Operands;CATEGORIES;21
Operands;EASILY;2
Operands;REASONS;25
Operands;GOVERNMENTAL;18
Operands;ASSETS/LIABILITIES;1
Operands;CENTRAL;2
Operands;JURISDICTIONS;276
Operands;MANNER;5
Operands;UNALLOCATED;3
Operands;DEMONSTRATE;2
Operands;OUTCOME;19
Operands;BEARING;6
Operands;EXAMINE;1
Operands;RECOGNISE;8
Operands;DIVIDENDS;50
Operands;DISTRIBUTION;72
Operands;READILY;2
Operands;DATES;1
Operands;CREATION;4
Operands;GROUNDS;7
Operands;IMPACT;27
Operands;EARLIER;1
Operands;ADMINISTRATION;43
Operands;UNDERSTANDING;1
Operands;QUESTIONS;21
Operands;TRANSFERS;5
Operands;VERY;4
Operands;BEAR;4
Operands;75;14
Operands;INTANGIBLE;20
Operands;INCONSISTENT;7
Operands;70;4
Operands;LOWVALUE;2
Operands;QUALIFIES;2
Operands;SIMPLIFICATION;52
Operands;ENGAGED;1
Operands;QUALIFIED;8
Operands;ROLE;3
Operands;ENGAGES;1
Operands;DISCLOSED;1
Operands;COLLECTING;2
Operands;JV;15
Operands;PARENTS;39
Operands;ASSET;98
Operands;BRINGING;3
Operands;IWG;1
Operands;LICENSE;2
Operands;DISCUSSION;12
Operands;MILLION;15
Operands;DESIRABLE;1
Operands;EMPLOYEE;12
Operands;EMPLOYED;4
Operands;METHOD;60
Operands;CREATED;20
Operands;OPERATES;38
Operands;COMPILE;2
Operands;PRACTICABLE;1
Operands;GUIDING;1
Operands;OPERATED;9
Operands;SUBMISSIONS;5
Operands;IAS;26
Operands;KNOWHOW;1
Operands;EXPERIENCE;1
Operands;DEFERRED;34
Operands;INCOME;1169
Operands;BUYER;7
Operands;FINANCING;12
Operands;GROUP;447
Operands;BRINGS;1
Operands;INTERLINKED;2
Operands;MANAGE;2
Operands;TIER;2
Operands;KOREA;3
Operands;TRANSITIONAL;4
Operands;MARKUP;7
Operands;PLAYING;9
Operands;FRAMEWORK;93
Operands;DIFFICULTIES;1
Operands;SUBSEQUENTLY;5
Operands;EMPLOYEES;37
Operands;GOVERNMENTS;7
Operands;FUNDING;3
Operands;KEY;113
Operands;DIGITALISATION;3
Operands;PRIOR;36
Operands;CLIFFEDGE;1
Operands;SCRUTINISED;1
Operands;MINOR;6
Operands;UNREALISED;1
Operands;EXPLORE;13
Operands;PURPOSE;83
Operands;FIVE;1
Operands;RESOLVED;1
Operands;RESIDENCE;92
Operands;GLOBAL;10
Operands;BENEFICIARY;1
Operands;SUBSIDIARY;83
Operands;CHARACTERISTICS;3
Operands;PERFORMING;1
Operands;DISTRIBUTING;8
Operands;YEARTOYEAR;1
Operands;VALUABLE;4
Operands;FAIRNESS;1
Operands;GILTI;16
Operands;EXAMPLE;288
Operands;PREMISED;2
Operands;EARN;3
Operands;INTERCOMPANY;8
Operands;MANUAL;2
Operands;STRATEGY;1
Operands;33;2
Operands;INTERNAL;4
Operands;INNOVATION;1
Operands;CONTRAST;4
Operands;TURNOVER;5
Operands;DELINEATE;1
Operands;SIMPLIFIES;1
Operands;NONOPERATING;1
Operands;RCO;2
Operands;SIMPLIFIED;33
Operands;SITUATION;23
Operands;CARRYFORWARDS;39
Operands;ACTIVATING;1
Operands;SECTORSPECIFIC;1
Operands;TERM;26
Operands;OWN;31
Operands;FAR;5
Operands;ARISING;57
Operands;FORMULAIC;16
Operands;STEMMING;1
Operands;BROKERS;1
Operands;INTEREST;94
Operands;9;15
Operands;RETAIN;5
Operands;COUNTERPARTIES;3
Operands;DISTRIBUTE;4
Operands;OCCASIONS;1
Operands;CONDUCT;2
Operands;AMORTIZATION;3
Operands;COORDINATION;40
Operands;IIR5;1
Operands;FISCAL;10
Operands;PLANT;34
Operands;PLANS;4
Operands;SCENARIO;7
Operands;POINTED;2
Operands;CONSULTATION;5
Operands;OPERATING;31
Operands;PURE;1
Operands;IMPROVING;1
Operands;COMMENTARY;23
Operands;RELIEVING;1
Operands;CONSUMERS;1
Operands;STATELESS;35
Operands;REACH;1
Operands;OPPOSED;1
Operands;INTERNATIONAL;48
Operands;ORDER;96
Operands;TERMS;17
Operands;GAINS;34
Operands;TURN;7
Operands;NOTING;1
Operands;VALUATION;1
Operands;TYPES;17
Operands;GROWTH;1
Operands;YEAR;345
Operands;PURCHASE;17
Operands;COLLECT;12
Operands;ILLUSTRATES;11
Operands;AUTHORITY;10
Operands;FUTURE;23
Operands;FLUCTUATIONS;1
Operands;MAIN;4
Operands;FREEDOMS;1
Operands;VARIATIONS;1
Operands;PERFORMED;16
Operands;RELIGIOUS;1
Operands;JURISDICTIONAL;130
Operands;TECHNICALLY;2
Operands;IRREGULAR;1
Operands;300;9
Operands;AFFILIATES;1
Operands;SUBJECTIVE;1
Operands;COMPETITORS;1
Operands;THREESTEP;1
Operands;FOLLOW;8
Operands;LINKED;10
Operands;PRESUMED;1
Operands;OVERSTATED;2
Operands;SELFCONSTRUCTED;6
Operands;ADJUSTMENTS;92
Operands;SUBSTANCE;11
Operands;PREPARE;22
Operands;INTERACTIONS;2
Operands;TECHNICAL;38
Operands;REFUNDED;4
Operands;SUFFICE;1
Operands;RECHARGING;1
Operands;ACT;5
Operands;SERVICES;55
Operands;AFFECT;12
Operands;OPEN;1
Operands;PROLIFERATION;1
Operands;EASE;2
Operands;PARTNERSHIP;39
Operands;SALE;28
Operands;ESTABLISHMENTS;19
Operands;EASY;3
Operands;OUTLINED;3
Operands;HIGHLY;3
Operands;RISKS;43
Operands;STATEMENT;14
Operands;TYPICAL;1
Operands;MET;18
Operands;BOOK;5
Operands;OFFSHORE;5
Operands;SUBSTANTIALLY;5
Operands;EVIDENCE;2
Operands;EXAMINATION;5
Operands;INCURRED;30
Operands;MERGER;3
Operands;WELL;31
Operands;IGNORING;1
Operands;ROYALTY;19
Operands;TRACING;2
Operands;OPERATION;61
Operands;SUFFICIENT;15
Operands;BACKTOBACK;2
Operands;STANDARDS;64
Operands;INVESTEE;1
Operands;TIMING;62
Operands;DIVIDEND;25
Operands;ESSENTIAL;1
Operands;DEVELOPMENT;23
Operands;LANGUAGE;2
Operands;NOTE;5
Operands;RATIONALE;22
Operands;2008;1
Operands;MAINTAINING;3
Operands;CREDITS;62
Operands;PERFORM;3
Operands;FINALISATION;3
Operands;DUAL;2
Operands;RESEARCH;2
Operands;VIEWED;2
Operands;ADDRESSED;9
Operands;IMPROVES;3
Operands;RELEVANT;111
Operands;MEASURE;37
Operands;PERIOD;115
Operands;ECONOMIC;39
Operands;PREMIUM;4
Operands;INDUSTRY;8
Operands;STRUCTURED;5
Operands;RECOGNISED;50
Operands;SIMPLEST;1
Operands;LAW;62
Operands;STRUCTURES;37
Operands;AREAS;9
Operands;FOREIGN;106
Operands;NONCONTROLLING;2
Operands;DEFINED;28
Operands;MATERIALLY;11
Operands;EXPLICIT;1
Operands;MATERIALITY;25
Operands;FEASIBLE;2
Operands;APPROPRIATE;44
Operands;PRODUCTS;2
Operands;LOCATION;5
Operands;STARTING;21
Operands;ESSENTIALLY;4
Operands;NECESSARILY;3
Operands;NONGAAP;1
Operands;AGREED;88
Operands;RESPONSIBLE;3
Operands;ACCURATELY;3
Operands;PARAGRAPH;60
Operands;INTENT;3
Operands;IMMEDIATELY;7
Operands;TECHNOLOGY;2
Operands;INVESTMENT;108
Operands;CBC;18
Operands;39;2
Operands;DEACTIVATE;2
Operands;30;10
Operands;36;3
Operands;34;5
Operands;GROSS;22
Operands;FEATURES;17
Operands;BINDING;3
Operands;APPLICATION;146
Operands;LEVELS;7
Operands;PUBLICATION;1
Operands;POINT;26
Operands;SALARIES;2
Operands;WORDS;11
Operands;CONSULT;3
Operands;EXPECTED;46
Operands;ACKNOWLEDGE;1
Operands;ALIGN;11
Operands;FULFILMENT;2
Operands;8;16
Operands;OBJECTIVE;4
Operands;CALENDAR;2
Operands;EURO;1
Operands;LOSS;166
Operands;RIGHTS;30
Operands;SECURITIES;24
Operands;CONSISTENTLY;12
Operands;LEVEL3;1
Operands;COORDINATE;4
Operands;ACCUMULATED;7
Operands;CENTRALISED;1
Operands;PAGE;2
Operands;OPERATIONS;26
Operands;750000;1
Operands;LINES;4
Operands;HOLDING;10
Operands;TRYING;1
Operands;BREAKDOWN;2
Operands;UTPRS;3
Operands;BECOME;7
Operands;STATUTE;3
Operands;NECESSARY;57
Operands;REMAINS;9
Operands;GUIDELINES;5
Operands;MULTILATERAL;39
Operands;CIRCUMVENTED;1
Operands;SHAREHOLDING;3
Operands;GENERATES;3
Operands;LOWERTIERED;1
Operands;GENERATED;7
Operands;WIDESPREAD;1
Operands;CYCLES;3
Operands;REFUND;23
Operands;TRANSACTION;26
Operands;TAXING;44
Operands;CERTAINTY;19
Operands;ECONOMIES;1
Operands;137;1
Operands;USUALLY;8
Operands;ADEQUATELY;3
Operands;FORESEEABLE;1
Operands;ORGANISATIONS;22
Operands;DISCREPANCY;1
Operands;UNPAID;1
Operands;2019;7
Operands;GOALS;1
Operands;ANSWER;40
Operands;2017;6
Operands;2010;1
Operands;FOUNDATION;4
Operands;WORKIN;1
Operands;COMPANIES;25
Operands;REALLOCATE;2
Operands;NUANCES;2
Operands;BURDEN;34
Operands;ROBUST;2
Operands;TICKET;1
Operands;BEPS;101
Operands;STOCK;45
Operands;LONGTERM;3
Operands;ORDINARILY;3
Operands;EFFECTS;9
Operands;ENTERPRISE;10
Operands;BUSINESS;98
Operands;PRODUCES;3
Operands;PRODUCED;3
Operands;ACCOUNTABLE;4
Operands;CONTEXT;40
Operands;IFRS;67
Operands;80;18
Operands;WEBSITE;2
Operands;MANAGED;7
Operands;JOINT;40
Operands;NEXUS;5
Operands;BECOMES;7
Operands;FLOW;14
Operands;EFFICIENCIES;1
Operands;EXCISE;3
Operands;RANGE;17
Operands;EXPECT;2
Operands;QUARTERLY;1
Operands;WITHHOLDING;71
Operands;LABOURINTENSIVE;1
Operands;BENCHMARKING;1
Operands;CHARACTERISATION;1
Operands;FOCUSED;9
Operands;TAXATION;135
Operands;LEVIED;26
Operands;PRACTICAL;4
Operands;POTENTIALLY;12
Operands;DECIDE;3
Operands;STRONG;6
Operands;ESTABLISHMENT;64
Operands;DIRECTED;1
Operands;MANAGEMENT;15
Operands;ODDS;1
Operands;WORK;76
Operands;SPREAD;2
Operands;MASS;1
Operands;BEGINNING;11
Operands;AFFAIRS;1
Operands;PROTECT;14
Operands;PROGRESSIVE;1
Operands;DUE;34
Operands;UNDERLYING;48
Operands;ADAPT;1
Operands;EFFECTIVENESS;4
Operands;SELLING;2
Operands;TARGET;37
Operands;DISPOSAL;3
Operands;MATTER;13
Operands;PARTIES;26
Operands;ADVISORY;1
Operands;PROCESSES;6
Operands;STATEMENTS;62
Operands;NETWORK;1
Operands;RECOGNISING;6
Operands;DRAW;1
Operands;STATES;12
Operands;CUT;1
Operands;SEVERED;1
Operands;INVESTORS;20
Operands;MANAGING;6
Operands;RELIABLE;10
Operands;ENTITIES;477
Operands;MITIGATED;1
Operands;RELIABLY;5
Operands;TWOSTEP;3
Operands;LEGISLATURE;1
Operands;QUOTED;1
Operands;JURISDICTION;967
Operands;QUALIFICATION;1
Operands;FORWARD;24
Operands;POOL;6
Operands;RIGHT;36
Operands;ACHIEVED;3
Operands;LICENSEE;1
Operands;LICENSED;1
Operands;ACHIEVES;2
Operands;LIKELY;44
Operands;WIDE;3
Operands;ACCRUED;39
Operands;BEST;6
Operands;STAGGERED;1
Operands;GLOBE;715
Operands;ACTIVITY;13
Operands;RETAINING;1
Operands;WORDING;1
Operands;NATURAL;21
Operands;HISTORICAL;7
Operands;SECTORS;4
Operands;TREATYBASED;1
Operands;120;4
Operands;DEBT;3
Operands;INDEPENDENT;19
Operands;ACTIONS;4
Operands;REFLECT;10
Operands;ITEM;21
Operands;EXEMPTIONS;10
Operands;ENSURES;26
Operands;LIGHT;8
Operands;INITIAL;3
Operands;MODIFY;1
Operands;DIRECT;52
Operands;LEAVE;5
Operands;RATE;400
Operands;FORMULA;10
Operands;MEASURING;2
Operands;ERRORS;1
Operands;RECOVERING;1
Operands;INTRODUCTION;2
Operands;LIABILITY;141
Operands;JUSTIFY;3
Operands;APPROACH;163
Operands;INCURS;3
Operands;ITEMS;45
Operands;REASON;4
Operands;DISPUTES;6
Operands;UNIT;28
Operands;DISPUTE;8
Operands;CATEGORY;11
Operands;INITIALLY;5
Operands;OBTAINING;4
Operands;PURCHASING;2
Operands;PERHAPS;6
Operands;SMOOTH;2
Operands;EVALUATION;5
Operands;CUMBERSOME;1
Operands;REALLOCATING;1
Operands;QUANTUM;2
Operands;PREREGIME;2
Operands;EXCHANGE;21
Operands;DISTRIBUTED;16
Operands;FREE;3
Operands;STANDARD;85
Operands;MODEST;1
Operands;INVENTORY;9
Operands;DISTRIBUTES;3
Operands;BENEFIT;49
Operands;LEADS;1
Operands;OECD;78
Operands;BURDENSOME;6
Operands;MEMBERS;55
Operands;STRATEGIES;2
Operands;PRESUMPTION;2
Operands;DIRECTLY;85
Operands;AGENCIES;2
Operands;CONTROLLEDFOREIGNCORPORATION;1
Operands;TYPICALLY;28
Operands;RECHARGE;5
Operands;UNDUE;7
Operands;CONCEPTUALLY;4
Operands;LOWRISK;4
Operands;INDIA;3
Operands;QUALIFY;11
Operands;COUNCIL;1
Operands;PERFECT;4
Operands;INPUTS;2
Operands;INSURANCE;29
Operands;AMORTISATION;1
Operands;RINGFENCE;1
Operands;INABILITY;1
Operands;MTC;6
Operands;FIND;4
Operands;EARNED;28
Operands;TRANSFER;38
Operands;YEARS;64
Operands;INSTRUMENT;6
Operands;CONTINUED;1
Operands;INTERMEDIARY;12
Operands;USEFUL;13
Operands;CONCLUSION;2
Operands;WARRANTY;2
Operands;GROUNDUP;1
Operands;DEAL;10
Operands;TOOL;8
Operands;CONSISTENCY;9
Operands;INTRODUCING;4
Operands;SUPPORTED;1
Operands;FACTS;73
Operands;ILLUSTRATE;1
Operands;EASIEST;1
Operands;PROVE;1
Operands;CLEAR;7
Operands;ENGAGING;1
Operands;SUPPLIER;4
Operands;PLANNING;7
Operands;POOLS;2
Operands;SCOPE;85
Operands;RECEIVING;7
Operands;TRANSFEROR;1
Operands;RESOURCES;28
Operands;ROLLEDUP;1
Operands;CITIZENS;1
Operands;LATE;1
Operands;MATTERS;6
Operands;LENGTH;13
Operands;EXPERIENCES;1
Operands;MODIFICATION;12
Operands;ADVANCE;1
Operands;INTERIM;4
Operands;CHALLENGE;1
Operands;DISCUSSED;40
Operands;ACCEPT;1
Operands;ADMINISTER;6
Operands;ENTITYLEVEL;4
Operands;REPORT;47
Operands;DISCUSSES;6
Operands;BROADLY;8
Operands;CONTRACTOR;1
Operands;CONVENTION;41
Operands;MANUFACTURING;5
Operands;STAGE;1
Operands;NONCONSTITUENT;5
Operands;SOURCES;9
Operands;US;9
Operands;UN;11
Operands;LISTED;12
Operands;UK;1
Operands;ACCOUNT;111
Operands;OPTION;19
Operands;DEFAULT;1
Operands;PURPOSES;260
Operands;REPORTS;6
Operands;BROKEN;2
Operands;VENTURE;8
Operands;EVASION;1
Operands;INEQUITIES;2
Operands;DIAGRAM;2
Operands;SCHEME;1
Operands;AGAIN;2
Operands;FEE;16
Operands;RECEIVE;5
Operands;ADVANTAGES;10
Operands;DESIGNING;3
Operands;SPURS;1
Operands;REALLOCATION;3
Operands;TRANSITION;3
Operands;ABLE;17
Operands;ANALYSIS;57
Operands;FAILURE;4
Operands;INCUR;2
Operands;USING;52
Operands;DISCLOSURE;1
Operands;HALLMARKS;2
Operands;IMPAIRMENT;29
Operands;SYSTEM;22
Operands;GROUPS;66
Operands;CIT;19
Operands;BRING;20
Operands;RULES;718
Operands;EXPERIENCING;1
Operands;40;37
Operands;41;3
Operands;ELECTS;1
Operands;EQUITY;182
Operands;RESOLUTION;7
Operands;ILLEGAL;2
Operands;PLAN;1
Operands;MIXED;1
Operands;LOCAL;197
Operands;RESELL;1
Operands;SELL;1
Operands;UTPR;486
Operands;ENCOURAGE;3
Operands;PERIODIC;4
Operands;PRINCIPAL;8
Other;;2401
Other;BE;1227
Other;ALONGSIDE;4
Other;BENEATH;1
Other;THAT;1786
Other;FOLLOWS;33
Other;OVER;67
Other;WITHIN;84
Other;THREE;15
Other;ASSET9;1
Other;PART;87
Other;HAVE;197
Other;500/5000;1
Other;DURING;27
Other;WITH;622
Other;BY;707
Other;MUST;48
Other;24;20
Other;AMONG;25
Other;ONTO;1
Other;MANY;39
Other;GLOBE;715
Other;LESS;33
Other;TAX;2492
Other;APPLICABLE;61
Other;GENERAL;53
Other;0;84
Other;MUCH;4
Other;EVERY;20
Other;4;59
Other;STTR2;1
Other;THEMSELVES;11
Other;TOWARDS;1
Other;SUBPARAGRAPH;4
Other;2010;1
Other;TAXPAYER22;1
Other;75;15
Other;LATER;6
Other;OFF;4
Other;D;151
Other;BEYOND;5
Other;JVS;5
Other;COULD;251
Other;ENTITIES13;1
Other;HAD;23
Other;TAKES;11
Other;TOOK;1
Other;PAST;3
Other;P;23
Other;BASE;294
Other;PER;5
Other;WHICH;353
Other;TAKEN;70
Other;THE;10340
Other;HAS;207
Other;WHERE;325
Other;ON;978
Other;HONG;2
Other;VIA;6
Other;NIL;5
Other;WHILST;6
Other;THIS;605
Other;OF;4822
Other;56;1
Other;50;33
Other;STTR;179
Other;WILL;379
Other;MAY;332
Other;NEAR;4
Other;DOES;160
Other;B2;1
Other;INCOME;1169
Other;PAYMENT;160
Other;THOSE;146
Other;CHAPTER;62
Other;ABOUT;16
Other;WHAT;29
Other;SOME;84
Other;DOWN;23
Other;DONE;5
Other;PRINCIPLE;25
Other;PARTIES;26
Other;FOLLOWING;44
Other;SUCH;344
Other;PROBABLE12;1
Other;SEVERAL;24
Other;DRAWING;2
Other;IDENTICAL;1
Other;2513;1
Other;NONE;3
Other;MADE;168
Other;EXCLUDING;19
Other;PERSON;50
Other;BEING;59
Other;MIGHT;19
Other;IFRS;67
Other;REQUIRED;214
Other;WHEREVER;1
Other;WHOM;1
Other;/;9
Other;THAN;140
Other;RESIDENT;82
Other;3;66
Other;20178;11
Other;SOMETHING;1
Other;ASSUMPTIONS?;2
Other;TAXPAYERS6;1
Other;ITCS;10
Other;ARTICLE;89
Other;IS;1947
Other;?;1
Other;PENALTIES;14
Other;DISTRIBUTIONS;24
Other;C;236
Other;FAILING;1
Other;AROUND;2
Other;FOR;1434
Other;25;23
Other;UNION;3
Other;M;1
Other;EG;27
Other;UPE;78
Other;DSTS;2
Other;CAPS;5
Other;WITHOUT;49
Other;EX;1
Other;3A;3
Other;UNDER;663
Other;EU;3
Other;100;98
Other;IV;1
Other;WHOLE;10
Other;UNTIL;7
Other;PROVIDED;71
Other;PARAGRAPHS;13
Other;20182;1
Other;RATE19;1
Other;MOST;54
Other;GIVING;16
Other;TAKING;22
Other;UP;57
Other;BEEN;70
Other;THROUGH;86
Other;RULES?;2
Other;NOT;792
Other;ALONG;6
Other;TOPUP;425
Other;BACK;13
Other;ANY;220
Other;201712;4
Other;VERSUS;1
Other;THEM;30
Other;POWER10;1
Other;243;3
Other;PAYER;45
Other;GIVE;32
Other;THESE;289
Other;JURISDICTION20;1
Other;PURPOSES;260
Other;CHAPTERS;10
Other;EXCEPT;26
Other;AVAIL;2
Other;ETC;1
Other;GRANTS;24
Other;AMONGST;7
Other;THEY;139
Other;UTPR?;5
Other;MODEL;79
Other;MAKES;19
Other;RELATES;14
Other;WHOSE;15
Other;CASE;83
Other;ADJUSTMENT;91
Other;REFERENCE;34
Other;NO;108
Other;DOING;6
Other;IIR4;1
Other;JURISDICTION2;1
Other;WHO;6
Other;RELATED;80
Other;WHT;3
Other;DID;10
Other;SEE;82
Other;2;126
Other;ZEALAND;2
Other;ACTIVITY10;1
Other;METHOD1;1
Other;WERE;53
Other;COME;1
Other;APPLY;380
Other;UTPR9;1
Other;ACROSS;20
Other;ASSIGNED?;7
Other;OUT;100
Other;PLUS;1
Other;B;297
Other;RESTRICTION;10
Other;UPE16;1
Other;UPON;17
Other;6;29
Other;ITSELF;23
Other;HERE;1
Other;STANDARD;85
Other;SIMILAR;57
Other;FEW;1
Other;HTTPS//WWWIFRSORG/USEAROUNDTHEWORLD/USEOFIFRSSTANDARDSBYJURISDICTION/#ANALYSIS;1
Other;COSTS;71
Other;VARIOUS;13
Other;ABOVE;135
Other;BETWEEN;162
Other;GILTI;16
Other;ENTITIES8;1
Other;Z;1
Other;WAS;85
Other;10;73
Other;ALL;196
Other;12;35
Other;WHENEVER;3
Other;CERTAIN;116
Other;SHALL;11
Other;DEDUCTIONS;14
Other;THEREOF;6
Other;SHOULD;181
Other;CONNECTED;61
Other;13?;1
Other;KONG;2
Other;EACH;166
Other;MAKING;17
Other;2?;1
Other;ONCE;8
Other;IMMUNITIES;1
Other;ITS;362
Other;MORE;125
Other;DO;70
Other;GIVEN;62
Other;CONTRACTOR9;1
Other;WHETHER;108
Other;ARRANGEMENT13;1
Other;DE;36
Other;MNE2;6
Other;TWO;116
Other;200M;2
Other;RULES10;1
Other;REPORT;47
Other;OUTSIDE;19
Other;TURNOVER;5
Other;CAN;146
Other;RECOMMENDATIONS;2
Other;3B;4
Other;SEEN;2
Other;RELATING;9
Other;NEITHER;5
Other;CONSIDER;19
Other;BOTH;95
Other;LITTLE;2
Other;FAMILY;6
Other;OPPOSITE;1
Other;CALCULATION;55
Other;ORGANISATION;18
Other;INCIDENTAL;2
Other;WHEN;129
Other;40;38
Other;ONE;120
Other;1;132
Other;TO;3488
Other;BEHIND;4
Other;A2;27
Other;5;125
Other;ANOTHER;92
Other;9;16
Other;FOUR;2
Other;GIVES;11
Other;III;4
Other;INDIRECTLY;57
Other;Y;10
Other;TAKE;29
Other;A;3000
Other;E;29
Other;12A;3
Other;WOULD;581
Other;ABSENT;16
Other;I;16
Other;INTO;160
Other;THERE;107
Other;GENERALLY;125
Other;IT;471
Other;AGAINST;29
Other;AN;838
Other;II;16
Other;THEIR;155
Other;BELOW;167
Other;OTHER;287
Other;ANTI;1
Other;AT;202
Other;IN;3137
Other;CBCRRULES;1
Other;3C;2
Other;EXPENSES;53
Other;IE;60
Other;A1;27
Other;FORTH;2
Other;REGIME;61
Other;US;9
Other;OWNERS;40
Other;FROM;444
Other;UNLIKE;4
Other;TAXPAYER23;1
Other;FUNDS;65
Other;MAKE;34
Other;GET;1
Other;SAME;244
Other;PROPORTIONATE;24
Other;ENOUGH;3
Other;R;18
Other;ARE;862
Other;RESOURCES16;1
Other;HAVING;12
Unclassified;CONSIDERING;6
Unclassified;CONSIDERATIONS;17
Unclassified;APPEAR;2
Unclassified;CONSIDERED;67
Unclassified;CHANGED;2
Unclassified;LOOKS;3
Unclassified;AIMS;5
Unclassified;APPEARS;1
Unclassified;LOOKING;1
Unclassified;CHOSEN;1
Unclassified;CHANGING;2
Unclassified;CHOOSE;5
Unclassified;X;86
Unclassified;CONSIDERATION;43
Unclassified;CHOICE;2
Unclassified;CHANGES;21
Unclassified;CONSIDERS;6
Unclassified;CHANGE;21
Unclassified;AIMED;3
