Operators;RATIO;10
Operators;RESIDUAL;63
Operators;ADOPTED;65
Operators;NAMELY;4
Operators;ADDITIONALLY;9
Operators;FALL;16
Operators;ENFORCEMENT;12
Operators;ADDITIONAL;76
Operators;IMPLEMENTATION;48
Operators;INVOLVED;91
Operators;ENFORCING;1
Operators;CASES;312
Operators;DEDUCTIBLE;1
Operators;INVOLVES;29
Operators;CIRCUMSTANCES;398
Operators;LEAST;19
Operators;COMPARABILITY;292
Operators;ASSESS;23
Operators;FACTORING;5
Operators;ASSESSED;11
Operators;SIMILAR;146
Operators;MAY;1438
Operators;AVERAGING;2
Operators;DIFFERENCES;170
Operators;INSTANCE;51
Operators;ONLY;181
Operators;HEREAFTER;4
Operators;ELIMINATION;10
Operators;CONCERN;48
Operators;ESTABLISHED;64
Operators;THRESHOLDS;2
Operators;6+17;1
Operators;ESTABLISHES;11
Operators;PREVENT;26
Operators;COMPARED;39
Operators;DEFINED;39
Operators;VERIFY;10
Operators;+;22
Operators;BELONG;6
Operators;DIFFERING;8
Operators;COMPARES;7
Operators;COMBINED;43
Operators;COMPRISES;5
Operators;ENSURE;91
Operators;DISTINGUISHABLE;1
Operators;INCORPORATING;3
Operators;DEFINES;2
Operators;DECLINE;8
Operators;AND/OR;49
Operators;FULLY;30
Operators;SOLE;8
Operators;RESULT;135
Operators;COVERED;41
Operators;ATTRIBUTABLE;38
Operators;FULLEST;1
Operators;SATISFY;20
Operators;BRIEFLY;1
Operators;NEVERTHELESS;21
Operators;REGARDED;22
Operators;APPROXIMATION;10
Operators;ASSUMPTIONS;93
Operators;DETERMINATION;129
Operators;MINIMISE;7
Operators;NOT;1260
Operators;QUANTITATIVE;2
Operators;NOR;35
Operators;RAISE;23
Operators;ALLOCATES;2
Operators;PORTION;14
Operators;IDENTIFY;81
Operators;RECOMMENDATION;25
Operators;AGGREGATED;9
Operators;LIMITATIONS;17
Operators;DEFINITION;39
Operators;KEPT;7
Operators;LACKING;3
Operators;&;5
Operators;CONVERSELY;2
Operators;INVOLVING;146
Operators;REGULATED;4
Operators;SETS;18
Operators;WHY;14
Operators;DIFFERENT;161
Operators;APPORTION;1
Operators;DETERMINING;164
Operators;AVERAGE;20
Operators;REGARD;78
Operators;THUS;62
Operators;CANNOT;50
Operators;COMPLY;21
Operators;EVEN;55
Operators;CORRESPONDING;70
Operators;LIKE;12
Operators;RESEMBLE;1
Operators;SEPARATELY;27
Operators;REGARDS;8
Operators;SO;182
Operators;REPEALED;1
Operators;DEFINE;5
Operators;REFLECTS;29
Operators;EXCEPTION;3
Operators;CONFIRMATION;20
Operators;RELATIONSHIP;42
Operators;TOP;2
Operators;EXCEEDING;5
Operators;SINGLE;30
Operators;WILLING;30
Operators;TOO;15
Operators;DISREGARDING;1
Operators;ESTIMATES;5
Operators;TOGETHER;37
Operators;NEARLY;2
Operators;COMPUTATION;1
Operators;FURTHER;130
Operators;DIFFERENTIATION;2
Operators;COMPUTED;4
Operators;ASSUMED;143
Operators;SUPERVISION;3
Operators;ESPECIALLY;28
Operators;REFERS;11
Operators;ASSUMES;65
Operators;COMPARE;10
Operators;OVERALL;39
Operators;NEGATIVE;6
Operators;SAME;222
Operators;ESTABLISHING;29
Operators;INSTANCES;11
Operators;ENSURING;15
Operators;CONJUNCTION;4
Operators;MULTIPLE;29
Operators;INTENDED;67
Operators;CONSIST;12
Operators;SEPARATE;100
Operators;SEEMS;3
Operators;ALLOCATION;141
Operators;DUPLICATE;3
Operators;LIMIT;35
Operators;ALTHOUGH;60
Operators;PRE;3
Operators;PORTIONS;3
Operators;MEASURED;19
Operators;CORRESPOND;8
Operators;WHOLLY;14
Operators;SAY;5
Operators;DETERMINED;133
Operators;PERCENTAGE;20
Operators;TOTAL;81
Operators;CONDITIONS;290
Operators;RESTRICTIONS;11
Operators;EXEMPTION;9
Operators;SIMILARLY;45
Operators;REVERSED;1
Operators;UNACCEPTABLE;1
Operators;BALANCES;1
Operators;RETURNS;72
Operators;SHIFTING;27
Operators;HENCE;5
Operators;APPROVE;1
Operators;FIRST;87
Operators;BECAUSE;162
Operators;COMBINATION;20
Operators;ADDITION;82
Operators;IMPOSE;14
Operators;REGULATIONS;15
Operators;EXIST;46
Operators;EITHER;115
Operators;COMPRISE;12
Operators;APART;3
Operators;CIRCUMSTANCE;8
Operators;CONCERNED;21
Operators;EXCEEDS;8
Operators;ACCEPTED;26
Operators;OBLIGATED;5
Operators;RELATIVELY;30
Operators;DENY;1
Operators;REQUIRED;157
Operators;FALLS;2
Operators;MINIMUM;38
Operators;REQUIRES;54
Operators;APPLIED;103
Operators;UNLESS;42
Operators;EG;182
Operators;MITIGATE;14
Operators;EX;65
Operators;APPLIES;34
Operators;ALLOWED;12
Operators;POST;35
Operators;TREATED;34
Operators;THEREIN;10
Operators;GRANTING;7
Operators;QUANTIFY;3
Operators;AGGREGATION;7
Operators;STIPULATE;1
Operators;EVALUATING;50
Operators;WHEREBY;8
Operators;ALTERNATIVELY;10
Operators;TREATMENT;45
Operators;DEDUCTING;2
Operators;OTHERWISE;62
Operators;PRESCRIBED;6
Operators;REQUIREMENT;29
Operators;SET;139
Operators;ALLOCABLE;2
Operators;INCREASE;40
Operators;INDICATE;20
Operators;DIFFERS;5
Operators;STILL;38
Operators;RAISED;10
Operators;APPORTIONMENT;46
Operators;SINCE;57
Operators;RAISES;6
Operators;ALTOGETHER;2
Operators;DIFFERENCE;59
Operators;PREVIOUS;22
Operators;REPRESENT;14
Operators;IMPLEMENTED;10
Operators;SPECIFICALLY;27
Operators;INCORPORATION;2
Operators;RULING;3
Operators;DETERMINATIONS;13
Operators;EXEMPT;2
Operators;CALCULATION;17
Operators;30/70;3
Operators;DEEMED;16
Operators;PARTICULARLY;56
Operators;ALLOCATIONS;8
Operators;DEPENDING;77
Operators;SHIFT;7
Operators;GRANTED;11
Operators;EXCEED;7
Operators;IMPLEMENTING;14
Operators;PRESCRIBING;6
Operators;DECREASED;1
Operators;APPROVED;17
Operators;ENTAIL;5
Operators;SHIFTED;4
Operators;ALBEIT;4
Operators;DEPEND;49
Operators;REQUIRING;10
Operators;SELECTED;26
Operators;ALLOCATE;15
Operators;PERMIT;12
Operators;AGGREGATE;23
Operators;ESTABLISH;53
Operators;DIVISION;17
Operators;KEEPING;12
Operators;RULE;17
Operators;NONETHELESS;7
Operators;INCLUDES;39
Operators;REFLECTING;11
Operators;REPLICATE;1
Operators;RECOMMENDATIONS;7
Operators;INCLUDED;57
Operators;APPLYING;119
Operators;CALCULATING;10
Operators;NONUNIQUE;7
Operators;ASSUME;175
Operators;BESIDES;2
Operators;TEST;16
Operators;REQUESTS;26
Operators;PERMITTED;23
Operators;INDICATOR;60
Operators;LACK;14
Operators;COMPARING;8
Operators;WANT;7
Operators;DEFINITIONS;13
Operators;CONFIRMS;4
Operators;ABSOLUTE;4
Operators;DENIAL;3
Operators;LIMITS;27
Operators;HOWEVER;212
Operators;NEXT;10
Operators;INVOLVE;54
Operators;EXTRACTION;1
Operators;DETERMINE;167
Operators;ASSUMING;56
Operators;ALLOCATED;68
Operators;CONSEQUENTLY;20
Operators;ESTIMATED;9
Operators;DEFINITIONAL;1
Operators;ADJUSTED;23
Operators;FLOOR;3
Operators;HEREIN;9
Operators;RELATIVE;61
Operators;NOTWITHSTANDING;29
Operators;SETTING;21
Operators;DIFFERENTLY;8
Operators;X;69
Operators;REPRESENTS;8
Operators;CONFORMS;1
Operators;AFTER;144
Operators;ALLOWS;11
Operators;REFLECTED;48
Operators;ACTUALLY;60
Operators;INCLUDING;246
Operators;COMBINE;3
Operators;RECALCULATE;1
Operators;YET;3
Operators;EXEMPTIONS;4
Operators;COMPARABLES;180
Operators;ENSURES;5
Operators;RETURN;123
Operators;RATIOS;8
Operators;PREVIOUSLY;18
Operators;REQUIRE;105
Operators;EXISTING;53
Operators;DERIVING;6
Operators;15/25;1
Operators;DECREASE;8
Operators;CONSTITUTES;7
Operators;EXCESS;24
Operators;APPROVAL;8
Operators;INCLUSION;6
Operators;DISTINCT;11
Operators;BUT;181
Operators;EXCESSIVELY;1
Operators;GREATEST;1
Operators;FRACTION;1
Operators;RESPECTIVELY;6
Operators;INDICATORS;43
Operators;MEET;26
Operators;INCREASING;10
Operators;DEFINING;5
Operators;SUBJECTING;1
Operators;IMPOSED;38
Operators;DIVIDE;2
Operators;FOR;2688
Operators;EQUIVALENT;15
Operators;COMBINATIONS;4
Operators;DETERMINES;15
Operators;ALLOCATING;7
Operators;WHOLE;32
Operators;AND;5085
Operators;CONFORM;7
Operators;SELECTION;57
Operators;SHALL;93
Operators;POSITIVE;8
Operators;ATTRIBUTED;23
Operators;CONNECTION;63
Operators;EXCLUDED;25
Operators;FACTOR;22
Operators;SATISFIES;6
Operators;REFERRED;36
Operators;THEN;93
Operators;ASSOCIATED;669
Operators;MINIMISING;7
Operators;FURTHERMORE;17
Operators;ETC;31
Operators;DEDUCTED;1
Operators;ELIMINATE;29
Operators;DISTINCTION;3
Operators;DUPLICATION;9
Operators;IMPLEMENT;12
Operators;CASE;410
Operators;RESPECTIVE;44
Operators;COMPUTING;5
Operators;RATHER;51
Operators;IDENTIFIED;100
Operators;WERE;132
Operators;DISTINGUISH;6
Operators;APPLY;136
Operators;IDENTIFIES;9
Operators;CLOSER;8
Operators;NEEDS;18
Operators;FACTORS;98
Operators;CONCERNING;9
Operators;COVER;24
Operators;RULINGS;7
Operators;SECOND;45
Operators;MOREOVER;25
Operators;WAS;114
Operators;ENFORCE;1
Operators;INCORPORATE;1
Operators;CONVERSION;11
Operators;VERIFIED;1
Operators;PRESCRIBE;3
Operators;RESULTS;95
Operators;ASSUMPTION;73
Operators;15/25=;1
Operators;DESPITE;4
Operators;ENTIRELY;1
Operators;LOWER;48
Operators;EXCEEDED;4
Operators;CONSEQUENCE;19
Operators;PROHIBITION;3
Operators;THEREBY;23
Operators;MEANS;109
Operators;OBLIGATIONS;21
Operators;ADMITTEDLY;1
Operators;INDICATIONS;4
Operators;GAP;2
Operators;ELIMINATING;3
Operators;EXCLUDE;16
Operators;SUITABLE;12
Operators;ASSESSMENT;64
Operators;MEAN;32
Operators;10/25=;1
Operators;EXISTS;15
Operators;EXCLUSIVE;25
Operators;WHEREAS;35
Operators;SUPERVISE;1
Operators;ACCORDING;27
Operators;DEDUCTION;4
Operators;EXTRACTED;2
Operators;ALLOW;26
Operators;ESTIMATE;14
Operators;IE;77
Operators;IF;537
Operators;SUBJECTED;2
Operators;REQUIREMENTS;89
Operators;ALWAYS;36
Operators;SHIFTS;1
Operators;ADOPTION;5
Operators;TESTING;11
Operators;RENDER;2
Operators;THOUGH;19
Operators;APPROXIMATE;3
Operators;CONSTITUTE;27
Operators;TESTED;79
Operators;TREAT;10
Operators;REGULATORY;19
Operators;ELIMINATED;7
Operators;DIFFER;29
Operators;BALANCE;24
Operators;CLOSEST;1
Operators;COMPUTATIONS;2
Operators;DERIVED;63
Operators;SPECIFIC;186
Operators;THRESHOLD;16
Operators;REFER;12
Operators;DISTINGUISHES;2
Operators;COMPARABLE;348
Operators;ASSESSING;37
Operators;INDEED;13
Operators;REDUCES;3
Operators;ADOPT;20
Operators;REQUEST;56
Operators;ACCORDINGLY;51
Operators;UNIQUE;56
Operators;REDUCED;11
Operators;BEFORE;100
Operators;LIMITED;85
Operators;DERIVE;19
Operators;TREATS;3
Operators;DOUBLE;135
Operators;APPORTIONED;1
Operators;CORRESPONDS;4
Operators;LIMITING;9
Operators;NEEDED;40
Operators;SPECIFIED;27
Operators;SUPERVISORY;9
Operators;RESPECT;153
Operators;ALTERNATIVE;34
Operators;OR;2257
Operators;PARTIALLY;12
Operators;CONTAINS;17
Operators;RELATE;24
Operators;REGARDING;86
Operators;RESTRICT;8
Operators;ALLOWING;8
Operators;STRICTEST;3
Operators;ADDING;10
Operators;ADDED;10
Operators;SELECTING;25
Operators;DISTINGUISHED;4
Operators;REGULATION;1
Operators;AUTHORIZED;4
Operators;IRRESPECTIVE;10
Operators;INTEGRATED;21
Operators;CALCULATE;8
Operators;CONFIRM;7
Operators;LIMITATION;8
Operators;CONTAINED;37
Operators;INSTEAD;27
Operators;INCLUDE;148
Operators;MANDATED;2
Operators;ATTRIBUTE;3
Operators;INCLUSIVE;6
Operators;SMALLER;7
Operators;REMOVE;5
Operators;INTRA;18
Operators;INCORPORATED;15
Operators;MANDATORY;12
Operators;REPRESENTED;11
Operators;RELATION;71
Operators;SUBJECT;93
Operators;CONFIRMED;1
Operators;EVALUATE;45
Operators;SUM;20
Operators;RECOMMEND;4
Operators;STOP;1
Operators;EVALUATED;25
Operators;WHILE;89
Operators;REFERENCES;7
Operators;NET;221
Operators;EQUALLY;18
Operators;ATTRIBUTION;11
Operators;EXCEPTIONAL;11
Operators;CALCULATED;23
Operators;*;30
Operators;DEPENDS;27
Operators;CONCERNS;47
Operators;CONTRARY;9
Operators;PROXY;1
Operators;RESULTED;8
Operators;INDIFFERENT;1
Operators;SOLELY;36
Operators;CALCULATES;1
Operators;DISALLOWED;1
Operators;IMPLIES;7
Operators;DENIED;1
Operators;MAXIMUM;3
Operators;EXCLUSIVELY;13
Operators;ADD;8
Operators;OTHERS;32
Operators;NEED;154
Operators;REDUCING;15
Operators;GREATER;60
Operators;SUBTRACTS;1
Operators;ACCORDANCE;104
Operators;PROPORTION;19
Operators;ADJUST;17
Operators;IDENTIFICATION;46
Operators;EXCLUSION;1
Operators;IDENTIFYING;66
Operators;REDUCTIONS;1
Operators;LIKEWISE;2
Operators;EQUAL;19
Operators;EQUALITY;1
Operators;RESULTING;45
Operators;CASEBYCASE;5
Operators;COMPARISONS;17
Operators;SEEM;5
Operators;REGULATE;1
Operators;MINIMAL;4
Operators;ENTIRE;12
Operators;EXCESSIVE;7
Operators;DISREGARDED;6
Operators;ALSO;344
Operators;ALIKE;2
Operators;ADOPTING;9
Operators;DIVIDED;8
Operators;EVENTUALLY;1
Operators;REGARDLESS;8
Operators;QUANTIFIED;3
Operators;APPROXIMATES;3
Operators;HOW;146
Operators;AS;1365
Operators;THEREFORE;140
Operators;40/70;3
Operators;APPROXIMATED;1
Operators;OUTWEIGH;3
Operators;=;4
Operators;INCREASES;7
Operators;BALANCING;42
Operators;CALCULATIONS;8
Operators;SUBTRACTING;2
Operands;LIFE;30
Operands;FUNDAMENTALLY;2
Operands;POSITIONS;17
Operands;AGE;2
Operands;UNCERTAINTY;23
Operands;LENGTHY;5
Operands;ENVIRONMENT;25
Operands;EFFICIENCY;13
Operands;DEMAND;16
Operands;ILLUSTRATING;6
Operands;SUPERVISION;3
Operands;OCCURRENCE;13
Operands;ENGAGE;19
Operands;IMPERFECT;2
Operands;PATENT;49
Operands;PREMISED;4
Operands;PRODUCING;16
Operands;EXPLAIN;11
Operands;MOVEMENTS;6
Operands;TRANSACTIONS;829
Operands;INHERENTLY;4
Operands;HAND;31
Operands;CURRENT;52
Operands;TAXED;12
Operands;BREAKER;1
Operands;MANUFACTURE;19
Operands;MAP;195
Operands;ASSETS;277
Operands;GUIDANCE;289
Operands;ANNUAL;35
Operands;PRIMARY;63
Operands;FRANCE;1
Operands;PERSON;12
Operands;VALUES;13
Operands;PROPERTY;71
Operands;INTELLECTUAL;6
Operands;FIGURES;12
Operands;INNOVATIVE;5
Operands;COMPLIANCE;118
Operands;BEHAVIOUR;8
Operands;COMMON;45
Operands;UNDERTAKE;23
Operands;STANDARDISED;9
Operands;PROPOSAL;43
Operands;CLEARLY;29
Operands;ADDRESSING;10
Operands;FUTURES;1
Operands;PARIS;3
Operands;SOLD;40
Operands;SYSTEMS;40
Operands;ACTIVE;7
Operands;ACCOUNTING;92
Operands;104;3
Operands;105;9
Operands;PREPARATION;9
Operands;STARTUP;8
Operands;CONTROLS;45
Operands;PUBLIC;28
Operands;SELLS;28
Operands;NOW;15
Operands;DETAILED;57
Operands;MEXICO;2
Operands;SPECULATIVE;4
Operands;NOMINAL;8
Operands;TRADEMARKS;28
Operands;DOCUMENTED;4
Operands;METHODS;158
Operands;MEMBER;154
Operands;CEASE;1
Operands;TAXABLE;50
Operands;TABLE;3
Operands;INTERPRETATIONS;1
Operands;GOODS;117
Operands;ITALY;1
Operands;CONCLUSIONS;15
Operands;INCENTIVES;4
Operands;ELEMENT;57
Operands;UNPREDICTABLE;4
Operands;UNITS;37
Operands;90;6
Operands;HARSHER;1
Operands;94;4
Operands;DISADVANTAGE;8
Operands;EVALUATION;43
Operands;MULTIYEAR;2
Operands;EARLY;30
Operands;EXPENDITURE;40
Operands;WIDELY;12
Operands;DECLARATION;3
Operands;NOTICE;29
Operands;COPYRIGHT;3
Operands;UNFAIR;4
Operands;NOVEMBER;1
Operands;PEER;13
Operands;PERIODICALLY;4
Operands;PARAMETERS;19
Operands;SEGMENTS;2
Operands;NATURE;139
Operands;COMPETITION;13
Operands;MAINTAIN;34
Operands;REACHED;17
Operands;LOANS;5
Operands;EXAMINES;7
Operands;FORM;85
Operands;KEYS;27
Operands;EXAMINED;21
Operands;TAXES;33
Operands;ASCERTAIN;3
Operands;ANTE;36
Operands;LIFETIME;2
Operands;PASSIVE;2
Operands;ELECT;7
Operands;PRAGMATIC;4
Operands;UNLIMITED;1
Operands;SALES;129
Operands;CALL;5
Operands;LICENSING;23
Operands;CONTRIBUTION;96
Operands;FUNCTIONS;389
Operands;UNILATERAL;40
Operands;CHALLENGES;6
Operands;AGENTS;2
Operands;JUSTIFIED;15
Operands;SUFFER;10
Operands;TRUE;12
Operands;ECONOMY;10
Operands;HEAVY;5
Operands;PARTNERS;13
Operands;RELY;14
Operands;PLATFORM;6
Operands;INFLUENCE;19
Operands;SOURCE;15
Operands;LICENCE;64
Operands;400;3
Operands;NORWAY;1
Operands;SYNERGIES;39
Operands;SAMPLE;12
Operands;HUNGARY;1
Operands;ISSUE;69
Operands;PROPERTIES;2
Operands;CLAIM;16
Operands;EXPENDITURES;17
Operands;AUSTRALIA;1
Operands;OBJECTIVES;46
Operands;ATTACHED;12
Operands;INTERPRETED;10
Operands;CLARIFY;7
Operands;PRICING;941
Operands;ADDRESS;33
Operands;PROGRESS;16
Operands;MARGIN;144
Operands;BRAND;19
Operands;COMMENCING;5
Operands;BASED;258
Operands;CORPORATION;3
Operands;REDUCE;25
Operands;OPERATIONAL;17
Operands;DEFENCE;3
Operands;REGISTRATION;10
Operands;INDIRECT;17
Operands;OBTAINED;25
Operands;BEGIN;6
Operands;STRENGTHS;8
Operands;BURDENS;22
Operands;SILENT;1
Operands;DEVELOPING;31
Operands;PROFIT;485
Operands;SHARE;82
Operands;WEIGHTING;3
Operands;OVERHEAD;12
Operands;MEASUREMENT;5
Operands;SPECIAL;30
Operands;ARTICULATED;1
Operands;CLASSIFICATION;8
Operands;COUNTRYBYCOUNTRY;108
Operands;MAINLY;8
Operands;POSSIBLE;167
Operands;POSSIBLY;15
Operands;DETAILS;14
Operands;COMPOUND;2
Operands;APPROPRIATENESS;16
Operands;TIMELY;38
Operands;REWARDS;1
Operands;MOBILE;1
Operands;CONTINUE;28
Operands;TIME;304
Operands;CONFLICTS;1
Operands;JAPAN;1
Operands;DESCRIBED;125
Operands;WORKING;62
Operands;SECTION;367
Operands;WEAKNESSES;5
Operands;DESCRIBES;4
Operands;TREATMENT;45
Operands;179;1
Operands;178;1
Operands;177;2
Operands;JULY;16
Operands;173;3
Operands;AUDITED;6
Operands;171;2
Operands;170;9
Operands;LAND;2
Operands;LEVERAGE;2
Operands;UTILISE;6
Operands;AREA;27
Operands;TRADE;70
Operands;RATIFICATION;1
Operands;ANTALYA;1
Operands;BELIEVE;9
Operands;MODELS;9
Operands;PERCENT;13
Operands;REPORTED;28
Operands;PRINCIPALLY;2
Operands;NEWLY;5
Operands;EUR;7
Operands;UNDETERMINED;1
Operands;ROYALTIES;13
Operands;ELIGIBLE;9
Operands;LENDING;1
Operands;BREAK;2
Operands;MAJORITY;3
Operands;TRADING;15
Operands;ADEQUATE;22
Operands;SAFEGUARD;4
Operands;IMPROVE;29
Operands;DEGREE;35
Operands;PURSUED;8
Operands;FOCUS;14
Operands;FINISHED;16
Operands;INTANGIBLES;878
Operands;CORPORATE;9
Operands;OPTIONS;55
Operands;ACQUISITION;27
Operands;ONESIDED;12
Operands;ENHANCEMENTS;8
Operands;EXPLAINED;4
Operands;PRIVATE;4
Operands;ANTIAVOIDANCE;1
Operands;CONTRIBUTING;14
Operands;PARTICIPANTS;79
Operands;NONDISCRIMINATORY;1
Operands;COMPONENTS;13
Operands;ONLINE;1
Operands;INDIRECTLY;10
Operands;LEGAL;168
Operands;DELIVERY;7
Operands;DETRIMENT;3
Operands;VAST;2
Operands;PENALIZE;1
Operands;POOLED;5
Operands;AGREEING;6
Operands;FACE;9
Operands;RECOGNITION;14
Operands;BREACH;3
Operands;ALIGNED;5
Operands;DECISIONS;70
Operands;EASIER;2
Operands;FACT;113
Operands;DELIVERED;4
Operands;ENABLE;11
Operands;MINORITY;4
Operands;PAY;48
Operands;TAXPAYERS;305
Operands;UNDERSTOOD;6
Operands;REVEALED;1
Operands;EFFECTIVENESS;3
Operands;DISCUSSIONS;35
Operands;LOCALLY;4
Operands;BRANDING;3
Operands;PRESSURE;3
Operands;METHODOLOGY;74
Operands;SELLING;23
Operands;X;69
Operands;PARALLEL;1
Operands;OIL;2
Operands;REGION;4
Operands;COMMENTS;6
Operands;FREQUENCY;3
Operands;POLICIES;43
Operands;SHARED;20
Operands;CAPTURE;1
Operands;VARIETY;18
Operands;PERSONNEL;35
Operands;MECHANISMS;21
Operands;LARGE;29
Operands;SEEKS;8
Operands;SEARCH;23
Operands;RECOURSE;3
Operands;LEAVES;2
Operands;POSSIBILITY;32
Operands;OWNERSHIP;52
Operands;STAKEHOLDERS;3
Operands;IMPEDE;1
Operands;EXTERNAL;23
Operands;INPUT;10
Operands;ASSETBASED;2
Operands;INTERVENING;1
Operands;PROVIDED;184
Operands;FINANCIAL;314
Operands;SITUATIONS;114
Operands;UNDUE;2
Operands;INTERESTED;8
Operands;COMPLICATED;4
Operands;PROVIDES;116
Operands;PROVIDER;26
Operands;REVENUES;23
Operands;COMMERCIAL;160
Operands;WRITING;11
Operands;ARRANGEMENTS;215
Operands;103;6
Operands;COLLECTED;9
Operands;253;2
Operands;250;3
Operands;NEGLIGENCE;4
Operands;ABILITY;27
Operands;UNIFORMITY;6
Operands;ACCRUAL;4
Operands;CLAIMED;7
Operands;ARRIVE;9
Operands;EXTREMELY;4
Operands;EXERCISE;29
Operands;ENTITLED;61
Operands;SIMPLICITY;7
Operands;PROFITABILITY;24
Operands;ENCOURAGE;9
Operands;167;1
Operands;160;1
Operands;REMAINING;14
Operands;MAJOR;13
Operands;RESPONDING;3
Operands;NAME;45
Operands;ACQUISITIONS;3
Operands;PERSPECTIVE;22
Operands;EVENT;27
Operands;DEVISE;1
Operands;GREECE;1
Operands;VARY;20
Operands;FINLAND;1
Operands;REALITY;3
Operands;APPLICATIONS;4
Operands;LOW;98
Operands;800;4
Operands;EXEMPLIFY;1
Operands;CREATE;36
Operands;INFORM;7
Operands;PAYMENTS;84
Operands;CARRIED;42
Operands;INAPPROPRIATE;18
Operands;RESIDENT;67
Operands;VI;61
Operands;EFFECT;129
Operands;MEANINGFUL;3
Operands;CRISIS;1
Operands;ASYMMETRY;2
Operands;INTRODUCED;3
Operands;EARNS;9
Operands;INEFFICIENT;1
Operands;DETAIL;17
Operands;ACCESS;65
Operands;SIGNIFICANCE;13
Operands;TRUST;1
Operands;INCURRING;4
Operands;PRESERVE;5
Operands;SUPPORTING;23
Operands;FAMILIAR;2
Operands;MOVE;2
Operands;REVIEWED;12
Operands;COMMODITIES;7
Operands;SIMPLIFY;3
Operands;STEPS;25
Operands;PROPER;11
Operands;VEHICLES;1
Operands;CAPABILITIES;18
Operands;RELIABILITY;83
Operands;DEMONSTRATING;8
Operands;SECTIONS;29
Operands;PROVISIONS;108
Operands;APPROPRIATELY;40
Operands;PROVIDE;278
Operands;OVERVIEW;8
Operands;FEATURE;4
Operands;PENALTY;28
Operands;EXPLORED;1
Operands;COSTBASED;10
Operands;CHALLENGING;5
Operands;59;12
Operands;58;10
Operands;VIEWS;3
Operands;55;9
Operands;54;8
Operands;57;16
Operands;51;6
Operands;53;8
Operands;52;9
Operands;CARRYING;14
Operands;AUTHORITIES;207
Operands;EXPLORATION;6
Operands;SUPPORT;46
Operands;PAID;82
Operands;202;1
Operands;ONGOING;68
Operands;PRINCIPLE;256
Operands;HEADCOUNT;1
Operands;INTERVENTION;4
Operands;CANADA;1
Operands;MARKETING;170
Operands;SUGGESTS;9
Operands;REGULATION;1
Operands;PRODUCTION;51
Operands;MNE;477
Operands;INFORMATION;594
Operands;ADVERSE;2
Operands;TECHNOLOGICAL;9
Operands;PLAYING;3
Operands;ILLUSTRATIVE;6
Operands;SIZE;29
Operands;DECISIONMAKING;23
Operands;PROJECTIONS;57
Operands;SENSE;7
Operands;CHAINS;2
Operands;SERVICE;198
Operands;PROBLEMS;46
Operands;OPPORTUNITIES;27
Operands;PREPARED;37
Operands;BANKING;5
Operands;RATES;34
Operands;ALLEVIATE;5
Operands;AVOIDANCE;11
Operands;CAUSES;6
Operands;INDUSTRIES;15
Operands;CONTRACTS;59
Operands;HARBOUR;116
Operands;GERMANY;1
Operands;PRIMARILY;10
Operands;ADMINISTRATIONS;316
Operands;OVERLOOKED;4
Operands;CORE;8
Operands;LOSSMAKING;12
Operands;RIGHT;62
Operands;PROBLEM;19
Operands;220;1
Operands;GOODWILL;39
Operands;WAYS;15
Operands;SOLUTION;11
Operands;SUBMIT;7
Operands;SAFETY;2
Operands;151;3
Operands;150;6
Operands;153;2
Operands;152;1
Operands;155;4
Operands;154;1
Operands;157;1
Operands;159;1
Operands;158;1
Operands;JUNE;12
Operands;NUMBER;63
Operands;LOGIC;1
Operands;MARKETS;44
Operands;REGIMES;7
Operands;JUSTIFICATION;4
Operands;OFTEN;104
Operands;SUBSEQUENT;24
Operands;REASONABLY;58
Operands;SPLITTING;6
Operands;PREMIUMS;1
Operands;REASONABLE;52
Operands;DIVERGENT;2
Operands;TRADED;14
Operands;CYCLE;4
Operands;SHOW;14
Operands;SUGGEST;15
Operands;COMMITMENTS;1
Operands;VALUE;396
Operands;SUBSTANTIVE;4
Operands;TRADITIONAL;26
Operands;POTENTIAL;147
Operands;CORRELATION;3
Operands;EXPENSES;97
Operands;SIGNIFICANTLY;32
Operands;98;4
Operands;FAVOUR;4
Operands;ULTIMATE;29
Operands;DEVELOP;31
Operands;SIMPLE;16
Operands;TEXT;2
Operands;BORROWING;5
Operands;OBTAIN;35
Operands;APPRECIATION;3
Operands;ACCOUNTS;32
Operands;FOCUSING;6
Operands;PRECEDENT;2
Operands;DEFER;1
Operands;ASSURING;3
Operands;REBUTTABLE;1
Operands;ACCURACY;11
Operands;AUDIT;65
Operands;AFTERTAX;1
Operands;FULL;42
Operands;AFFECTED;57
Operands;FIT;2
Operands;MEASURES;49
Operands;VERSION;5
Operands;BUSINESSES;23
Operands;DAMAGES;2
Operands;REALISE;4
Operands;INCIDENTALLY;3
Operands;PATENTS;77
Operands;LEASE;2
Operands;PROCESS;187
Operands;CONVENIENT;2
Operands;REVIEW;82
Operands;SELLERS;3
Operands;JUDICIAL;8
Operands;CLAIMS;6
Operands;EVOLUTION;1
Operands;LARGELY;7
Operands;ADVICE;9
Operands;ACCRUED;19
Operands;UNRELATED;20
Operands;RELIES;6
Operands;CHEMICAL;2
Operands;CONFIDENTIALITY;36
Operands;CIVIL;10
Operands;COMPANY;977
Operands;MODEST;2
Operands;MODIFIED;8
Operands;EXPLOITATION;104
Operands;RELIEF;18
Operands;RELIED;3
Operands;COMMODITY;21
Operands;PORTFOLIOS;1
Operands;EMPLOYEES;54
Operands;CONTRIBUTE;35
Operands;AFRICA;7
Operands;ULTIMATELY;22
Operands;INDIVIDUAL;55
Operands;AFFILIATES;17
Operands;GENERATE;16
Operands;RELIEVE;8
Operands;ENTERPRISES;609
Operands;SIDES;2
Operands;REAL;5
Operands;DISASTER;3
Operands;TRANSACTIONAL;170
Operands;HOLDS;2
Operands;MEMBERSHIP;11
Operands;COST;233
Operands;CONTROLLING;13
Operands;PERFORMANCE;68
Operands;REWARDED;4
Operands;COMPENSATION;156
Operands;COMPETITIVE;29
Operands;GUIDE;12
Operands;BODIES;1
Operands;PRESENCE;10
Operands;ADVANCES;2
Operands;ACCOMMODATING;2
Operands;DOMESTIC;136
Operands;OUTCOMES;65
Operands;ADVANCED;1
Operands;SHAREHOLDERS;8
Operands;ADMINISTRATIVE;84
Operands;EXERCISED;10
Operands;PUT;17
Operands;IMMEDIATELY;17
Operands;REMUNERATION;68
Operands;IMPORTANCE;27
Operands;MATERIAL;71
Operands;PLANNING;14
Operands;230;2
Operands;DEALING;13
Operands;POLAND;1
Operands;FLOWS;44
Operands;PERFORMS;70
Operands;AMOUNTING;2
Operands;COMMENSURATE;4
Operands;SEGMENT;1
Operands;147;1
Operands;145;1
Operands;142;1
Operands;143;1
Operands;REST;15
Operands;149;1
Operands;DIGITAL;3
Operands;PRICES;151
Operands;ALREADY;21
Operands;PUBLICLY;34
Operands;COMPREHENSIVE;8
Operands;COMPLEXITY;24
Operands;HEALTH;2
Operands;EXCHANGES;25
Operands;INCIDENTAL;7
Operands;ATTEMPT;14
Operands;SPENT;2
Operands;DIFFICULTY;15
Operands;APPROACHES;39
Operands;ROUTINE;6
Operands;ENTERED;31
Operands;JUSTIFY;10
Operands;WORLDWIDE;9
Operands;CUSTOMERS;55
Operands;OFFER;6
Operands;SOCALLED;4
Operands;PROPOSED;37
Operands;AMOUNTS;16
Operands;TURNED;1
Operands;AVOID;35
Operands;BASE;56
Operands;MECHANISM;15
Operands;MONITORING;40
Operands;INVESTOR;11
Operands;MATCHING;1
Operands;PROFITABLE;6
Operands;RETAINED;12
Operands;EMERGENCY;2
Operands;TWICE;3
Operands;WISH;18
Operands;POSED;1
Operands;REGULAR;12
Operands;TRANSPARENCY;10
Operands;OCCUR;33
Operands;UPWARDS;1
Operands;DECIDING;3
Operands;CONSTANT;2
Operands;COUNTRY;377
Operands;SOMETIMES;44
Operands;SAFEGUARDS;22
Operands;AFFECT;95
Operands;PROTOCOL;1
Operands;FINAL;15
Operands;REFLECT;90
Operands;STUDIES;1
Operands;HINDSIGHT;8
Operands;TRANSPARENT;5
Operands;FUNCTION;53
Operands;END;19
Operands;MONITOR;14
Operands;G;13
Operands;DOCUMENTATION;163
Operands;PARTICIPATING;48
Operands;DEGREES;2
Operands;EXAMPLES;75
Operands;FULLRISK;1
Operands;TECHNOLOGIES;8
Operands;THEORETICAL;7
Operands;LEAD;34
Operands;COMPONENT;3
Operands;AGREEMENT;500
Operands;STRICT;2
Operands;INTERRELATED;7
Operands;INACCURACY;1
Operands;INTEGRITY;3
Operands;1000;1
Operands;DISCLOSE;3
Operands;REGIONAL;12
Operands;ADMINISTRABLE;2
Operands;FOUND;67
Operands;WORKINGS;1
Operands;POSSESSES;4
Operands;FINANCE;3
Operands;EARNINGS;6
Operands;PERMISSIBLE;5
Operands;LIGHT;23
Operands;WORLD;12
Operands;PRESENT;55
Operands;HIGHER;48
Operands;CLARIFICATION;1
Operands;ACKNOWLEDGEMENT;2
Operands;AFFECTS;6
Operands;ACCURATE;48
Operands;BUILDINGS;2
Operands;FINALISED;4
Operands;MANIPULATION;2
Operands;IDIOSYNCRATIC;1
Operands;CARE;30
Operands;11;27
Operands;10;68
Operands;13;32
Operands;12;36
Operands;15;37
Operands;14;50
Operands;17;30
Operands;19;13
Operands;18;17
Operands;REVISED;17
Operands;INTERMEDIATE;7
Operands;CHINA;1
Operands;BRANCH;2
Operands;EUROPE;2
Operands;BASIS;243
Operands;BARGAIN;2
Operands;BASIC;13
Operands;LABORATORY;1
Operands;ANTIABUSE;5
Operands;SUMMARISE;1
Operands;THREEYEAR;6
Operands;LOSSES;47
Operands;QUESTION;90
Operands;NOTED;37
Operands;PRODUCE;29
Operands;ORIGINAL;19
Operands;200;5
Operands;THIRDPARTY;7
Operands;COPE;3
Operands;SUCCESSFUL;20
Operands;ARGUMENT;3
Operands;COVERAGE;3
Operands;EXTENSIVE;7
Operands;FIXED;38
Operands;CONCEPT;25
Operands;VICE;2
Operands;SUBSIDIARIES;19
Operands;PREFERABLE;2
Operands;RISKS;509
Operands;REVIEWS;11
Operands;OBSTACLE;1
Operands;EXTENT;105
Operands;AVAILABILITY;23
Operands;CONSTRAINTS;4
Operands;STARTS;5
Operands;PENALTIES;52
Operands;REMAIN;34
Operands;IMPORTANT;195
Operands;NORMALLY;19
Operands;ACTIVITIES;278
Operands;RISK;663
Operands;LEVEL;136
Operands;RISE;35
Operands;CARRY;21
Operands;ENTER;34
Operands;EXCHANGING;4
Operands;OPERATE;27
Operands;ACTUAL;166
Operands;STRATEGIC;11
Operands;CULTURE;1
Operands;PROPERLY;23
Operands;HELP;18
Operands;NOTES;5
Operands;PURSUANT;43
Operands;TRANSFERRED;133
Operands;HELD;7
Operands;COMPLEX;38
Operands;DESIGN;12
Operands;BOARD;5
Operands;COORDINATED;2
Operands;PROCEDURES;125
Operands;COMPOSITION;1
Operands;PARTICIPATION;11
Operands;PAYABLE;19
Operands;COMMONLY;14
Operands;RECORDS;12
Operands;3;115
Operands;INTRAGROUP;109
Operands;SUBSECTION;8
Operands;PARTICIPATE;14
Operands;ARRANGING;1
Operands;BLOCKBUSTER;1
Operands;COSTPLUS;1
Operands;AVAILABLE;196
Operands;EXAMINATIONS;44
Operands;PRESENTED;18
Operands;CONTRIBUTED;13
Operands;SLOVENIA;1
Operands;OFFERING;3
Operands;IRELAND;1
Operands;PUBLISHED;10
Operands;INTERESTS;31
Operands;UNITED;7
Operands;INDEFINITELY;3
Operands;S;337
Operands;DISINCENTIVES;2
Operands;LIABLE;1
Operands;PARTNER;11
Operands;NOMINALLY;1
Operands;ISRAEL;1
Operands;HARD;8
Operands;60;30
Operands;61;5
Operands;62;11
Operands;63;7
Operands;64;9
Operands;65;11
Operands;66;9
Operands;67;5
Operands;68;6
Operands;69;7
Operands;RECENT;4
Operands;STANDALONE;3
Operands;CASH;85
Operands;PROFILES;8
Operands;BETTER;20
Operands;500;4
Operands;FAIR;6
Operands;MERELY;14
Operands;FIELD;3
Operands;ABSENCE;36
Operands;PORTFOLIO;11
Operands;WAY;56
Operands;FAIL;11
Operands;FOCUSES;6
Operands;OWNED;32
Operands;IGNORE;4
Operands;PERSONS;6
Operands;FOCUSED;6
Operands;ENHANCEMENT;57
Operands;STATISTICAL;15
Operands;DEPRECIATION;7
Operands;OWNER;72
Operands;TYPE;46
Operands;OVERCOME;1
Operands;ACQUIRED;34
Operands;STORAGE;5
Operands;REALISTIC;11
Operands;PARTICULAR;308
Operands;ACQUIRES;5
Operands;CONTROL;178
Operands;INFORMED;19
Operands;INTRODUCE;4
Operands;SUBSTANTIAL;46
Operands;REPUBLIC;2
Operands;ARISE;92
Operands;POLICY;18
Operands;CONFLICT;5
Operands;SOFTWARE;30
Operands;LEADING;13
Operands;ACCEPTABLE;41
Operands;DISPOSE;2
Operands;CAPITAL;72
Operands;VARIABLE;6
Operands;USERS;5
Operands;HIGH;47
Operands;RETROACTIVE;2
Operands;SECRETARIAT;19
Operands;FACILITATING;3
Operands;WITHDRAW;2
Operands;CRITERIA;41
Operands;LEGISLATION;40
Operands;EXPRESSED;16
Operands;DISCOUNT;29
Operands;IGNORING;1
Operands;ALTER;2
Operands;CONSOLIDATION;3
Operands;RELIANCE;5
Operands;ROYALTY;29
Operands;4;100
Operands;HISTORICALLY;3
Operands;SHOWN;8
Operands;REMUNERATED;18
Operands;DIVERGENCES;2
Operands;DISTRIBUTE;7
Operands;ILLUSTRATION;27
Operands;OBVIOUS;3
Operands;DESIGNED;21
Operands;EROSION;25
Operands;DESIGNS;9
Operands;ILLUSTRATES;18
Operands;AUDITORS;1
Operands;ILLUSTRATED;18
Operands;CREDIT;40
Operands;COMPENSATE;12
Operands;SHAREHOLDER;14
Operands;REINSURANCE;1
Operands;DECISION;44
Operands;DERIVATIVES;2
Operands;OUTLINED;10
Operands;PRACTICE;86
Operands;FAVOURABLY;1
Operands;FIND;22
Operands;BUILDS;1
Operands;SELLER;8
Operands;PRESUMABLY;1
Operands;MEDIUM;4
Operands;SHEET;9
Operands;JUST;8
Operands;ARRANGEMENT;172
Operands;ACCOUNTED;8
Operands;PLACE;79
Operands;OFFSET;1
Operands;TAXPAYER;386
Operands;REVENUE;33
Operands;INSTRUMENTS;4
Operands;ENGAGEMENT;7
Operands;EFFECTIVELY;18
Operands;CAUTION;8
Operands;EMPLOYS;5
Operands;RECOVER;2
Operands;ISSUED;4
Operands;ROUTE;1
Operands;STABLE;5
Operands;PROVEN;1
Operands;PERMANENT;55
Operands;DISTORTIONS;5
Operands;ISSUES;184
Operands;PURCHASER;6
Operands;PURCHASES;16
Operands;COMMUNITY;16
Operands;UNABLE;11
Operands;PURCHASED;15
Operands;CONTRIBUTIONS;215
Operands;NONRECURRING;4
Operands;750;6
Operands;COUNTRIES;281
Operands;ISOLATION;7
Operands;ASSIST;20
Operands;COSTS;401
Operands;TERRITORY;9
Operands;BOOKED;1
Operands;VALUING;12
Operands;REALISES;2
Operands;EXERCISING;15
Operands;INTENSITY;1
Operands;LATVIA;1
Operands;RISKINESS;3
Operands;BROADER;14
Operands;ECONOMICALLY;118
Operands;EXTREME;7
Operands;SECTOR;7
Operands;USE;354
Operands;USD;35
Operands;EFFICIENT;20
Operands;POLITICAL;5
Operands;COMPLETELY;3
Operands;ASPECT;13
Operands;ARGUE;4
Operands;SEEK;34
Operands;UNCLEAR;2
Operands;COMPETITOR;1
Operands;COMPLETED;6
Operands;SUPPLIED;11
Operands;5;137
Operands;SUPPLIER;35
Operands;UNDERTAKEN;83
Operands;FACILITATE;18
Operands;START;9
Operands;REMEDY;3
Operands;SIMPLIFYING;2
Operands;IMPOSSIBLE;6
Operands;PROFITS;235
Operands;LONGER;18
Operands;PRICE;438
Operands;SYSTEM;49
Operands;BRING;3
Operands;SUMMARISED;1
Operands;RECEIVES;9
Operands;USEFUL;88
Operands;VOLATILE;3
Operands;GAIN;9
Operands;CUSTOMER;22
Operands;DISTRIBUTES;3
Operands;TWOSIDED;2
Operands;BONDS;1
Operands;EXPANDING;2
Operands;TAX;1314
Operands;ANTICIPATED;99
Operands;ACTION;94
Operands;EQUITABLE;6
Operands;BODY;23
Operands;FIGURE;4
Operands;FORMULATION;2
Operands;DESIGNATED;3
Operands;OCCURRED;10
Operands;REGULARLY;6
Operands;EMPHASISE;1
Operands;TANGIBLE;54
Operands;FORESEEN;6
Operands;ACCOMMODATE;3
Operands;CHARGE;50
Operands;SIMPLY;13
Operands;VIEW;35
Operands;USED;365
Operands;ENHANCED;7
Operands;CAMPAIGN;3
Operands;194;1
Operands;190;2
Operands;193;1
Operands;SOPHISTICATION;2
Operands;CURRENCY;25
Operands;USES;33
Operands;REORGANISATION;1
Operands;ELECTRONICS;1
Operands;MARKET;266
Operands;ANNUALLY;11
Operands;UNRELIEVED;1
Operands;UNCHANGED;1
Operands;CONTRACT;121
Operands;VARIES;1
Operands;CENTRALISE;9
Operands;POSITION;23
Operands;INDUSTRIAL;2
Operands;THREAT;3
Operands;CAPABLE;18
Operands;GENERATION;8
Operands;LOAN;13
Operands;AGREE;57
Operands;IDENTITY;10
Operands;SAID;7
Operands;ESTONIA;1
Operands;DISCOUNTS;7
Operands;DELIVER;5
Operands;AVOIDS;4
Operands;CROSSBORDER;16
Operands;SIMPLIFIES;1
Operands;HISTORIC;5
Operands;MERITS;3
Operands;ISOLATING;1
Operands;CAPACITY;74
Operands;IMPROVES;1
Operands;COMMITTEE;38
Operands;6;93
Operands;KNOWN;23
Operands;RECOGNIZES;1
Operands;LEFT;6
Operands;ACHIEVE;34
Operands;ADVANTAGE;26
Operands;CAMPAIGNS;2
Operands;CONTROLLED;364
Operands;SCRUTINY;7
Operands;STEP;87
Operands;EXTENDED;10
Operands;UNDERSTAND;13
Operands;DATE;63
Operands;DATA;191
Operands;CORRECT;14
Operands;SIXTH;1
Operands;ASIA;7
Operands;AMOUNT;100
Operands;RESPONSIBILITY;15
Operands;SPAIN;1
Operands;SEGMENTATION;4
Operands;INTERACTION;5
Operands;CREATING;14
Operands;STUDY;2
Operands;APPLICANT;1
Operands;INTERDEPENDENT;1
Operands;CONTROVERSY;2
Operands;INTENTION;14
Operands;SOLVE;2
Operands;CORRECTLY;3
Operands;LOWRISK;1
Operands;PRODUCT;200
Operands;MANUFACTURERS;14
Operands;EARNING;8
Operands;ONES;5
Operands;PERIODS;14
Operands;CRITERION;3
Operands;FILING;33
Operands;UNCONTROLLED;207
Operands;EXPLOITED;10
Operands;PORTUGAL;1
Operands;TRADEMARK;53
Operands;ENTITY;221
Operands;TECHNOLOGICALLY;1
Operands;PRACTICES;62
Operands;ARGUED;3
Operands;LINE;21
Operands;24;21
Operands;25;69
Operands;26;20
Operands;20;41
Operands;21;11
Operands;22;25
Operands;23;27
Operands;29;11
Operands;LONG;26
Operands;PRIORITY;2
Operands;OPPORTUNITY;62
Operands;DEMONSTRATED;6
Operands;BROAD;11
Operands;ISOLATE;2
Operands;COLLECTION;22
Operands;IMPROVEMENTS;5
Operands;ADVERTISING;19
Operands;MANUFACTURES;13
Operands;CONDUCTING;43
Operands;CLASSIFIED;2
Operands;IMPLICATIONS;5
Operands;SIGNIFICANT;158
Operands;INDUSTRY;44
Operands;GENERATING;6
Operands;PRINCIPLES;134
Operands;LOCATED;4
Operands;UNLIKELY;19
Operands;175;2
Operands;DISCOVERY;2
Operands;LIABILITIES;12
Operands;STRICTLY;2
Operands;REPORTING;161
Operands;172;1
Operands;BROUGHT;3
Operands;7;55
Operands;R&D;86
Operands;LICENSOR;6
Operands;THIRD;74
Operands;POSE;3
Operands;PROPOSALS;6
Operands;LEGALLY;17
Operands;REWARD;12
Operands;ASPECTS;45
Operands;OUTSTANDING;1
Operands;ACTING;10
Operands;SERVICING;1
Operands;INSURERS;1
Operands;INSURANCE;14
Operands;CONTINUOUS;1
Operands;SMALL;25
Operands;FREQUENTLY;11
Operands;FORMER;4
Operands;CATEGORIES;28
Operands;TECHNIQUES;40
Operands;EASILY;3
Operands;REASONS;59
Operands;MEDIAN;1
Operands;LOCATIONS;5
Operands;GOVERNMENTAL;2
Operands;187;1
Operands;CAREFUL;12
Operands;ASIAN;5
Operands;CENTRAL;18
Operands;SUCCESS;11
Operands;JURISDICTIONS;118
Operands;PROJECTED;30
Operands;MANNER;83
Operands;DEMONSTRATE;27
Operands;OUTCOME;38
Operands;BEARING;23
Operands;189;5
Operands;EXTENDING;2
Operands;EXAMINE;28
Operands;RECOGNISE;10
Operands;DIVIDENDS;4
Operands;DISTRIBUTION;100
Operands;READILY;12
Operands;DATES;3
Operands;CREATION;33
Operands;UNDESIRABLE;5
Operands;PACKAGES;2
Operands;GROUNDS;8
Operands;IMPACT;37
Operands;RISKADJUSTED;4
Operands;INSTRUMENT;4
Operands;EARLIER;13
Operands;ADMINISTRATION;265
Operands;UNDERSTANDING;105
Operands;QUESTIONS;21
Operands;TRANSFERS;53
Operands;VERY;26
Operands;BEAR;43
Operands;77;6
Operands;76;5
Operands;75;12
Operands;INTANGIBLE;327
Operands;73;5
Operands;INCONSISTENT;13
Operands;71;7
Operands;70;12
Operands;78;7
Operands;LOWVALUE;4
Operands;QUALIFIES;1
Operands;SIMPLIFICATION;6
Operands;ENGAGED;21
Operands;UTILISED;21
Operands;QUALIFIED;9
Operands;ROLE;26
Operands;DISTRIBUTOR;100
Operands;ENGAGES;2
Operands;DISCLOSED;10
Operands;COLLECTING;1
Operands;ASSET;68
Operands;TNMM;4
Operands;MATERIALLY;29
Operands;HOUSEHOLDS;3
Operands;LICENSE;5
Operands;DISCUSSION;77
Operands;MILLION;35
Operands;BINDING;15
Operands;WITHDRAWAL;7
Operands;EMPLOYEE;8
Operands;8;49
Operands;METHOD;477
Operands;CREATED;19
Operands;PHYSICALLY;2
Operands;OWNS;11
Operands;OPERATES;25
Operands;COMPILE;1
Operands;PRACTICABLE;6
Operands;GUIDING;3
Operands;OPERATED;8
Operands;KNOWHOW;50
Operands;EXPERIENCE;41
Operands;JOINT;14
Operands;INCOME;173
Operands;BUYER;2
Operands;ALIGNMENT;1
Operands;FINANCING;28
Operands;GROUP;678
Operands;BRINGS;1
Operands;INTERLINKED;1
Operands;MANAGE;11
Operands;KOREA;1
Operands;RECONCILE;3
Operands;MARKUP;53
Operands;COORDINATION;15
Operands;FRAMEWORK;44
Operands;DIFFICULTIES;44
Operands;SUBSEQUENTLY;2
Operands;CONSISTENT;147
Operands;GOVERNMENTS;9
Operands;RISKTAKING;1
Operands;FUNDING;71
Operands;KEY;64
Operands;PROMPTLY;9
Operands;PRIOR;42
Operands;SCRUTINISED;1
Operands;MINOR;3
Operands;CONCENTRATED;2
Operands;ICELAND;1
Operands;EXPLORE;2
Operands;PURPOSE;46
Operands;FIVE;33
Operands;ANALYSING;26
Operands;CHECKS;3
Operands;WARRANTY;12
Operands;RESIDENCE;55
Operands;GLOBAL;92
Operands;BENEFICIARY;1
Operands;PRESSURES;5
Operands;PURCHASE;52
Operands;SUBSIDIARY;42
Operands;ELECTRONIC;12
Operands;CHARACTERISTICS;107
Operands;PERFORMING;67
Operands;COMMENCE;4
Operands;DISTRIBUTING;3
Operands;VALUABLE;67
Operands;OBSERVED;13
Operands;FAIRNESS;2
Operands;EXAMPLE;480
Operands;VOLATILITY;4
Operands;EARN;14
Operands;INTERCOMPANY;7
Operands;MANUAL;2
Operands;STRATEGY;40
Operands;INTERNAL;42
Operands;INNOVATION;2
Operands;PROBABLY;3
Operands;CONTRAST;12
Operands;TURNOVER;11
Operands;DELINEATE;11
Operands;ACQUIRE;9
Operands;FINDINGS;3
Operands;NONOPERATING;2
Operands;SIMPLIFIED;38
Operands;SITUATION;47
Operands;ACCOUNTABILITY;1
Operands;TERM;112
Operands;OWN;82
Operands;FAR;16
Operands;ARISING;40
Operands;MEASURING;3
Operands;RESORT;1
Operands;INTEREST;113
Operands;9;112
Operands;RETAIN;25
Operands;COUNTERPARTIES;1
Operands;RETAIL;5
Operands;SAFE;196
Operands;OCCASIONS;2
Operands;CONDUCT;84
Operands;LIKELIHOOD;19
Operands;FISCAL;98
Operands;PLANT;10
Operands;PLANS;7
Operands;SCENARIO;10
Operands;POINTED;1
Operands;ATTENTION;21
Operands;CONSULTATION;7
Operands;OPERATING;109
Operands;IMPROVING;1
Operands;COMMENTARY;23
Operands;CONSUMERS;2
Operands;REACH;25
Operands;REGISTERED;11
Operands;OPPOSED;5
Operands;INTERNATIONAL;58
Operands;ORDER;154
Operands;TERMS;210
Operands;GAINS;6
Operands;OFFICERS;1
Operands;TURN;9
Operands;SWEDEN;1
Operands;NOTING;2
Operands;VALUATION;129
Operands;TYPES;59
Operands;GROWTH;12
Operands;YEAR;256
Operands;WIDE;19
Operands;COLLECT;3
Operands;AUTHORITY;193
Operands;FUTURE;104
Operands;FLUCTUATIONS;1
Operands;MAIN;18
Operands;REPATRIATION;12
Operands;MARGINAL;9
Operands;DIVERSIFYING;1
Operands;CONDUCTED;25
Operands;VARIATIONS;7
Operands;PERFORMED;196
Operands;TECHNICALLY;1
Operands;PARENT;84
Operands;300;6
Operands;CONVENTIONAL;2
Operands;RESERVES;1
Operands;SUBJECTIVE;3
Operands;COMPETITORS;19
Operands;FOLLOW;26
Operands;LINKED;9
Operands;PRESUMED;1
Operands;BUYERS;3
Operands;DEVELOPED;91
Operands;ADJUSTMENTS;232
Operands;74;8
Operands;DISCUSSING;1
Operands;REPUTATIONAL;8
Operands;72;5
Operands;SUBSTANCE;12
Operands;PREPARE;13
Operands;INTERACTIONS;6
Operands;TECHNICAL;23
Operands;SUFFICE;4
Operands;ACT;6
Operands;SERVICES;486
Operands;NEW;87
Operands;ENABLES;2
Operands;OPEN;20
Operands;PHARMACEUTICAL;10
Operands;PROLIFERATION;1
Operands;EASE;1
Operands;SALE;51
Operands;ESTABLISHMENTS;19
Operands;EASY;1
Operands;QUALITATIVE;2
Operands;UNDERPAYMENT;1
Operands;HIGHLY;37
Operands;DOWNSIDE;18
Operands;STATEMENT;23
Operands;TYPICAL;19
Operands;DEVELOPS;7
Operands;MET;27
Operands;BOOK;9
Operands;SUBSTANTIALLY;18
Operands;SHORTTERM;6
Operands;EVIDENCE;66
Operands;SWITZERLAND;1
Operands;EXAMINATION;103
Operands;INCURRED;49
Operands;FASTER;1
Operands;WELL;92
Operands;GROUPWIDE;3
Operands;POINTS;13
Operands;OPERATION;34
Operands;SUFFICIENT;43
Operands;CONSULTS;2
Operands;STANDARDS;31
Operands;SPLIT;121
Operands;TIMING;30
Operands;DIVIDEND;15
Operands;INVESTMENTS;14
Operands;ESSENTIAL;34
Operands;DEVELOPMENT;306
Operands;LANGUAGE;10
Operands;NOTE;11
Operands;RATIONALE;3
Operands;2008;6
Operands;2009;2
Operands;MAINTAINING;10
Operands;SIMPLER;1
Operands;SANCTIONS;5
Operands;PERFORM;88
Operands;STAKE;2
Operands;FINALISATION;2
Operands;DUAL;1
Operands;RESEARCH;129
Operands;VIEWED;7
Operands;ENFORCEMENT;12
Operands;ADDRESSED;15
Operands;CRITICAL;44
Operands;RELEVANT;407
Operands;CONVENTION;136
Operands;PERIOD;107
Operands;ECONOMIC;125
Operands;RELEVANCE;16
Operands;PREMIUM;16
Operands;EXPLANATION;12
Operands;STRUCTURED;9
Operands;ADEQUACY;2
Operands;RECOGNISED;44
Operands;DISCRETION;10
Operands;LAW;88
Operands;STRUCTURES;9
Operands;REALIZE;5
Operands;AREAS;46
Operands;NETHERLANDS;1
Operands;FOREIGN;78
Operands;DEFINED;39
Operands;ORIGINALLY;7
Operands;EXPLICIT;6
Operands;MATERIALITY;13
Operands;FEASIBLE;3
Operands;APPROPRIATE;417
Operands;PRODUCTS;172
Operands;LOCATION;61
Operands;STARTING;13
Operands;REIMBURSEMENT;6
Operands;ESSENTIALLY;1
Operands;NECESSARILY;36
Operands;ROLLBACK;1
Operands;AGREED;79
Operands;RESPONSIBLE;10
Operands;ACCURATELY;66
Operands;PARAGRAPH;321
Operands;INTENT;10
Operands;TECHNOLOGY;13
Operands;INVESTMENT;70
Operands;COMPLETION;10
Operands;CBC;80
Operands;39;7
Operands;38;9
Operands;33;13
Operands;32;9
Operands;31;14
Operands;30;24
Operands;37;8
Operands;36;10
Operands;35;10
Operands;34;8
Operands;GROSS;78
Operands;FEATURES;45
Operands;DESIRABLE;8
Operands;APPLICATION;217
Operands;LEVELS;55
Operands;AMORTISE;1
Operands;CLARIFYING;3
Operands;POINT;31
Operands;SALARIES;1
Operands;WORDS;6
Operands;CONSULT;17
Operands;EXPECTED;180
Operands;UNIQUELY;1
Operands;MODIFICATIONS;4
Operands;HEDGING;2
Operands;WEIGHT;7
Operands;ACKNOWLEDGE;3
Operands;ALIGN;1
Operands;FULFILMENT;1
Operands;DECENTRALISED;1
Operands;EMPLOYED;6
Operands;OBJECTIVE;38
Operands;CALENDAR;12
Operands;EURO;2
Operands;LOSS;50
Operands;CONFIDENCE;2
Operands;RIGHTS;247
Operands;MARK;21
Operands;SECURITIES;11
Operands;CONSISTENTLY;25
Operands;UPDATES;10
Operands;COORDINATE;2
Operands;ACCUMULATED;5
Operands;CENTRALISED;12
Operands;OPERATIONS;76
Operands;PUBLICATION;13
Operands;LINES;12
Operands;HOLDING;14
Operands;TRYING;1
Operands;BREAKDOWN;2
Operands;DIVERSIFICATION;2
Operands;BECOME;21
Operands;MARGINS;52
Operands;STATUTE;1
Operands;NECESSARY;188
Operands;REMAINS;9
Operands;GUIDELINES;224
Operands;REALLOCATES;1
Operands;MULTILATERAL;59
Operands;LIQUIDITY;3
Operands;SHAREHOLDING;1
Operands;GENERATES;2
Operands;2127;1
Operands;GENERATED;14
Operands;WIDESPREAD;2
Operands;CYCLES;5
Operands;BACKUP;3
Operands;ACQUIRING;6
Operands;REFUND;2
Operands;TRANSACTION;645
Operands;TAXING;10
Operands;CERTAINTY;38
Operands;ECONOMIES;8
Operands;133;4
Operands;132;4
Operands;VALID;17
Operands;137;1
Operands;135;2
Operands;134;1
Operands;USUALLY;31
Operands;139;1
Operands;138;1
Operands;ADEQUATELY;15
Operands;OPTION;29
Operands;FORESEEABLE;15
Operands;ORGANISATIONS;3
Operands;DISCREPANCY;3
Operands;GOALS;4
Operands;ANSWER;5
Operands;INSUFFICIENT;6
Operands;2017;7
Operands;2016;12
Operands;2010;11
Operands;FOUNDATION;2
Operands;COMPANIES;43
Operands;SEGMENTED;4
Operands;BURDEN;71
Operands;ROBUST;5
Operands;BEPS;39
Operands;ILLUSTRATE;28
Operands;REMOTE;1
Operands;ARBITRARINESS;2
Operands;LONGTERM;19
Operands;ORDINARILY;19
Operands;VARIATION;3
Operands;EFFECTS;22
Operands;ENTERPRISE;482
Operands;SERVED;1
Operands;SCALE;14
Operands;BUSINESS;489
Operands;PRODUCES;10
Operands;PRODUCED;14
Operands;89;4
Operands;SHARES;32
Operands;CONTEXT;85
Operands;83;5
Operands;80;17
Operands;86;4
Operands;87;4
Operands;84;7
Operands;85;15
Operands;WEBSITE;3
Operands;MANAGED;6
Operands;DEFERRED;3
Operands;BECOMES;10
Operands;FLOW;33
Operands;EFFICIENCIES;5
Operands;VERIFICATION;6
Operands;EXCISE;2
Operands;RANGE;89
Operands;EXPECT;16
Operands;QUARTERLY;2
Operands;WITHHOLDING;17
Operands;ARRIVED;5
Operands;REGIONS;1
Operands;BENCHMARKING;1
Operands;CHARACTERISATION;7
Operands;TAXATION;135
Operands;PRACTICAL;51
Operands;IMPROBABLE;1
Operands;POTENTIALLY;43
Operands;DECIDE;21
Operands;STRONG;5
Operands;ESTABLISHMENT;38
Operands;PHYSICAL;11
Operands;DIRECTED;8
Operands;DIAGRAM;1
Operands;MANAGEMENT;99
Operands;SPLITS;3
Operands;WORK;64
Operands;SERVERS;1
Operands;SPREAD;2
Operands;MASS;2
Operands;SUSTAINED;1
Operands;BEGINNING;23
Operands;AFFAIRS;36
Operands;PROTECT;11
Operands;DUE;40
Operands;UNDERLYING;28
Operands;ADAPT;10
Operands;LIBOR;2
Operands;TERMINATION;76
Operands;EXPENSE;32
Operands;EXPEDITIOUSLY;1
Operands;TASKS;3
Operands;TARGET;4
Operands;DISPOSAL;8
Operands;MATTER;26
Operands;PARTIES;412
Operands;REFINED;3
Operands;ADVISORY;2
Operands;PROCESSES;30
Operands;STATEMENTS;44
Operands;NETWORK;6
Operands;RECOGNISING;11
Operands;DRAW;7
Operands;STATES;34
Operands;REALIZED;1
Operands;MANAGING;13
Operands;RELIABLE;148
Operands;ENTITIES;85
Operands;MITIGATED;7
Operands;RELIABLY;14
Operands;TWOSTEP;3
Operands;EXTERNALLY;6
Operands;QUOTED;15
Operands;JURISDICTION;225
Operands;QUALIFICATION;3
Operands;LICENSOR/TRANSFEROR;2
Operands;FORWARD;7
Operands;POOL;18
Operands;GEOGRAPHIC;19
Operands;RENEGOTIATION;35
Operands;ACHIEVED;13
Operands;LICENSEE;10
Operands;LICENSED;8
Operands;ACHIEVES;1
Operands;LIKELY;79
Operands;SCOPE;42
Operands;LICENSES;2
Operands;BEST;29
Operands;ACTIVITY;159
Operands;RETAINING;3
Operands;WORDING;3
Operands;NATURAL;6
Operands;HISTORICAL;7
Operands;SECTORS;7
Operands;FACILITY;3
Operands;120;14
Operands;123;2
Operands;125;3
Operands;126;4
Operands;127;2
Operands;128;2
Operands;DEBT;17
Operands;INDEPENDENT;382
Operands;ACTIONS;22
Operands;SYNERGY;4
Operands;ITEM;13
Operands;130;6
Operands;YIELDS;1
Operands;EXEMPTIONS;4
Operands;ENSURES;5
Operands;CONSOLIDATED;42
Operands;INITIAL;30
Operands;MODIFY;5
Operands;DIRECT;26
Operands;LEAVE;3
Operands;RATE;78
Operands;LISTING;7
Operands;FORMULA;20
Operands;THEORY;2
Operands;PAYING;4
Operands;ERRORS;3
Operands;RECOVERING;1
Operands;INTRODUCTION;22
Operands;LIABILITY;21
Operands;APPROACH;149
Operands;FACED;4
Operands;INCURS;9
Operands;ITEMS;34
Operands;REASON;37
Operands;DISPUTES;33
Operands;UNIT;56
Operands;DISPUTE;8
Operands;CATEGORY;27
Operands;REFINEMENT;2
Operands;INITIALLY;9
Operands;OBTAINING;27
Operands;PURCHASING;36
Operands;DIVERSE;1
Operands;PREMISE;1
Operands;COMPETING;5
Operands;REALISED;12
Operands;TITLE;14
Operands;PERHAPS;13
Operands;SOLVENCY;1
Operands;POOLING;2
Operands;CUMBERSOME;1
Operands;GOVERNANCE;2
Operands;QUANTUM;5
Operands;NAMES;16
Operands;EXCHANGE;175
Operands;SUCCESSFULLY;7
Operands;DISTRIBUTED;4
Operands;FREE;7
Operands;STANDARD;56
Operands;STATE;147
Operands;INVENTORY;60
Operands;PROVIDING;91
Operands;BENEFIT;95
Operands;LEADS;7
Operands;OECD;204
Operands;BURDENSOME;7
Operands;MEMBERS;163
Operands;STRATEGIES;24
Operands;SUGGESTED;10
Operands;PRESUMPTION;4
Operands;WEIGHTED;10
Operands;DIRECTLY;48
Operands;AGENCIES;2
Operands;ASSERTED;7
Operands;TYPICALLY;23
Operands;DIFFICULT;91
Operands;SUPPLEMENTARY;3
Operands;BENEFITS;202
Operands;QUALIFY;11
Operands;COUNCIL;36
Operands;PERFECT;2
Operands;WHOLESALE;3
Operands;AMORTISATION;6
Operands;EARNED;22
Operands;TRANSFER;1065
Operands;YEARS;149
Operands;RULES;95
Operands;CONTINUED;7
Operands;INTERMEDIARY;4
Operands;CONCLUSION;21
Operands;RESOLVED;14
Operands;DEAL;19
Operands;TOOL;5
Operands;CONVENIENCE;4
Operands;CONSISTENCY;23
Operands;HEADCOUNTS;1
Operands;INTRODUCING;3
Operands;STRENGTH;5
Operands;MANUFACTURED;22
Operands;SUPPORTED;11
Operands;TRADEOFF;4
Operands;RESPONSIBILITIES;11
Operands;HUMAN;6
Operands;FACTS;206
Operands;STOCK;5
Operands;EASIEST;2
Operands;PROVE;16
Operands;CLEAR;20
Operands;ENGAGING;11
Operands;OVERRIDE;4
Operands;PARTS;10
Operands;POOLS;2
Operands;PARTY;360
Operands;RECEIVING;11
Operands;TRANSFEROR;24
Operands;RESOURCES;50
Operands;EXPERIENCED;8
Operands;UNAFFILIATED;1
Operands;SENSITIVE;18
Operands;LATE;4
Operands;MATTERS;49
Operands;LENGTH;731
Operands;EXPERIENCES;7
Operands;MODIFICATION;3
Operands;CONCENTRATION;2
Operands;SOUND;13
Operands;ADVANCE;58
Operands;CHALLENGE;1
Operands;DISCUSSED;91
Operands;ACCEPT;26
Operands;ADMINISTER;6
Operands;117;2
Operands;110;9
Operands;113;4
Operands;REPORT;199
Operands;CROSSREFERENCE;2
Operands;DISCUSSES;13
Operands;CONSIDERABLE;14
Operands;CENTER;1
Operands;BROADLY;10
Operands;SETTLEMENTS;3
Operands;SUFFICIENTLY;20
Operands;MEASURE;29
Operands;MANUFACTURING;147
Operands;STAGE;37
Operands;FRAUD;6
Operands;DISTRIBUTORS;23
Operands;FUNCTIONAL;133
Operands;SUBPARAGRAPHS;4
Operands;SOURCES;27
Operands;DISADVANTAGES;9
Operands;US;1
Operands;REPUTATION;6
Operands;LISTED;8
Operands;ACCOUNT;244
Operands;HELPFUL;17
Operands;DEFAULT;3
Operands;PURPOSES;284
Operands;REPORTS;75
Operands;BROKEN;2
Operands;ILLUSTRATIONS;11
Operands;EVASION;2
Operands;RESALE;85
Operands;CLOSE;8
Operands;SCHEME;1
Operands;AGAIN;6
Operands;FEE;28
Operands;RECENTLY;2
Operands;RECEIVE;31
Operands;ADVANTAGES;15
Operands;DESIGNING;8
Operands;REALLOCATION;9
Operands;TRANSITION;5
Operands;ABLE;54
Operands;ANALYSIS;469
Operands;FAILURE;30
Operands;INCUR;17
Operands;BELGIUM;1
Operands;USING;75
Operands;DISCLOSURE;17
Operands;SWAPS;1
Operands;LICENSEE/TRANSFEREE;4
Operands;GROUPS;45
Operands;48;8
Operands;49;8
Operands;46;8
Operands;47;12
Operands;44;9
Operands;45;13
Operands;42;8
Operands;43;16
Operands;40;19
Operands;41;6
Operands;ELECTS;4
Operands;EQUITY;22
Operands;RESOLUTION;48
Operands;CHILE;1
Operands;PLAN;23
Operands;MIXED;1
Operands;LOCAL;140
Operands;RESELL;2
Operands;SELL;19
Operands;DESCRIPTION;50
Operands;MNES;35
Operands;PERIODIC;11
Operands;ADMINISTERED;4
Operands;HIGHEST;3
Operands;PRINCIPAL;29
Other;;4010
Other;BE;3036
Other;THAT;2743
Other;FOLLOWS;26
Other;OVER;144
Other;WITHIN;135
Other;THREE;42
Other;GAVE;1
Other;WHATEVER;2
Other;PART;166
Other;HAVE;688
Other;MANUFACTURING1;1
Other;DURING;42
Other;ANALYSES3;1
Other;WITH;1305
Other;BY;1478
Other;MUST;131
Other;24;22
Other;25;70
Other;BETWEEN;590
Other;ESTABLISHMENTS2;1
Other;VIA;2
Other;WHERE;661
Other;PENALTIES;52
Other;LESS;82
Other;TAX;1314
Other;APPLICABLE;90
Other;GENERAL;137
Other;0;19
Other;MUCH;11
Other;PLUS;92
Other;4;101
Other;THEMSELVES;19
Other;TOWARDS;7
Other;SUBPARAGRAPH;1
Other;2010;11
Other;75;13
Other;LATER;22
Other;OFF;18
Other;D;218
Other;BEYOND;22
Other;COULD;224
Other;HAD;48
Other;L;2
Other;TAKES;34
Other;TOOK;8
Other;PAST;18
Other;P;44
Other;FEWER;2
Other;BASE;56
Other;PER;58
Other;WHICH;689
Other;TAKEN;140
Other;THE;17875
Other;HAS;360
Other;SIMILAR;146
Other;ON;1644
Other;DID;14
Other;A1;14
Other;WHILST;6
Other;THIS;883
Other;OF;9710
Other;XYZ;1
Other;56;8
Other;50;39
Other;WILL;602
Other;MAY;1438
Other;NEAR;3
Other;DOES;242
Other;B1;23
Other;B2;22
Other;INCOME;173
Other;SAVE;2
Other;PAYMENT;106
Other;THOSE;313
Other;CHAPTER;386
Other;MOST;162
Other;Y;59
Other;DOWN;10
Other;SOME;329
Other;FOUR;6
Other;DONE;11
Other;PRINCIPLE;256
Other;RATA;1
Other;FOLLOWING;143
Other;SUCH;887
Other;SEVERAL;32
Other;MINUS;2
Other;DRAWING;1
Other;PENDING;3
Other;IDENTICAL;11
Other;WHAT;120
Other;MADE;258
Other;EXCLUDING;7
Other;PERSON;12
Other;BEING;142
Other;FORTH;19
Other;REQUIRED;157
Other;WHEREVER;1
Other;/;7
Other;THAN;294
Other;RESIDENT;67
Other;3;116
Other;EXAMPLE2;1
Other;SOMETHING;13
Other;ZEALAND;1
Other;ARTICLE;201
Other;INTO;309
Other;NEITHER;23
Other;ARGUABLY;1
Other;C;179
Other;FAILING;2
Other;AROUND;6
Other;FOR;2688
Other;AMONG;82
Other;UNION;2
Other;M;19
Other;EG;182
Other;PARTIES;412
Other;HARDTOVALUE;13
Other;WITHOUT;66
Other;EX;65
Other;UNDER;533
Other;100;37
Other;IV;33
Other;NONE;8
Other;UNTIL;15
Other;PROVIDED;184
Other;PARAGRAPHS;151
Other;ANYTHING;1
Other;SHALL;93
Other;GIVING;17
Other;TAKING;93
Other;UP;43
Other;BEEN;267
Other;THROUGH;172
Other;ABOUT;83
Other;MANY;54
Other;NOT;1260
Other;COME;7
Other;ALONG;6
Other;TURNOVER;11
Other;BACK;11
Other;ANY;502
Other;VERSUS;5
Other;THEM;86
Other;PAYER;1
Other;GIVE;56
Other;THESE;411
Other;IN;5489
Other;COMMENCING;5
Other;PURPOSES;284
Other;CHAPTERS;42
Other;EXCEPT;23
Other;AVAIL;1
Other;ETC;31
Other;GRANTS;7
Other;AMONGST;8
Other;THEY;278
Other;MODEL;115
Other;MAKES;36
Other;RELATES;24
Other;WHOSE;16
Other;CASE;410
Other;ADJUSTMENT;205
Other;REFERENCE;82
Other;NO;231
Other;DOING;14
Other;WHOLE;32
Other;WHO;26
Other;RELATED;204
Other;COMMENCE;4
Other;WHOM;7
Other;SEE;216
Other;2;185
Other;BEHIND;1
Other;WERE;132
Other;C3;9
Other;C2;15
Other;C1;16
Other;ACROSS;22
Other;C4;5
Other;METHOD6;1
Other;B;453
Other;CUP;47
Other;UPON;71
Other;6;94
Other;ITSELF;65
Other;HERE;1
Other;EXPENSES;97
Other;FEW;11
Other;COSTS;401
Other;VARIOUS;40
Other;ABOVE;97
Other;V;55
Other;Z;18
Other;WAS;114
Other;APPLY;136
Other;10;69
Other;ALL;357
Other;12;37
Other;MIGHT;154
Other;WHENEVER;4
Other;CERTAIN;88
Other;THEREOF;15
Other;SHOULD;1002
Other;CONNECTED;9
Other;EACH;271
Other;MAKING;101
Other;ONCE;30
Other;ITS;642
Other;MORE;325
Other;DO;113
Other;GIVEN;88
Other;BAR;1
Other;WHETHER;373
Other;DE;3
Other;TWO;127
Other;REPORT;199
Other;OUTSIDE;17
Other;CAN;437
Other;SEEN;8
Other;RELATING;79
Other;THROUGHOUT;12
Other;YOUR;40
Other;CONSIDER;123
Other;BOTH;189
Other;LITTLE;8
Other;HIS;4
Other;OPPOSITE;2
Other;CALCULATION;17
Other;ORGANISATION;10
Other;INCIDENTAL;7
Other;WHEN;246
Other;40;20
Other;ONE;369
Other;1;206
Other;TO;6714
Other;A3;6
Other;A2;11
Other;5;138
Other;ANOTHER;132
Other;9;113
Other;RESTRICTION;2
Other;GIVES;13
Other;III;114
Other;INDIRECTLY;10
Other;TAKE;154
Other;A;4753
Other;E;66
Other;WOULD;799
Other;ABSENT;2
Other;I;244
Other;IS;2233
Other;THERE;302
Other;GENERALLY;110
Other;IT;1263
Other;AGAINST;30
Other;AN;1421
Other;II;131
Other;THEIR;313
Other;BELOW;65
Other;OTHER;749
Other;ANTI;1
Other;AT;525
Other;RECOMMENDATIONS;7
Other;EVERY;28
Other;YOU;2
Other;STANDARD;56
Other;IE;77
Other;REGIME;4
Other;US;1
Other;FROM;761
Other;UNLIKE;2
Other;FUNDS;16
Other;MAKE;167
Other;GET;2
Other;R&;1
Other;SAME;222
Other;PROPORTIONATE;38
Other;RESPECTING;1
Other;OUT;156
Other;ENOUGH;9
Other;R;42
Other;ARE;1264
Other;PROFITS4;1
Other;NOTHING;1
Other;D4;21
Other;TOWARD;2
Other;HAVING;45
Unclassified;CONSIDERING;30
Unclassified;CONSIDERATIONS;25
Unclassified;APPEAR;5
Unclassified;CONSIDERED;121
Unclassified;CHANGED;4
Unclassified;CHOOSING;2
Unclassified;LOOKS;1
Unclassified;AIMS;4
Unclassified;CHOICE;17
Unclassified;X;69
Unclassified;CHOSEN;15
Unclassified;LOOKING;2
Unclassified;AIMED;5
Unclassified;CONSIDERS;8
Unclassified;CHANGING;4
Unclassified;CONSIDERATION;76
Unclassified;CHANGES;50
Unclassified;APPEARS;5
Unclassified;CHANGE;48
Unclassified;CHOOSE;13
