Operators;RATIO;65
Operators;PAR;6
Operators;ADOPTED;39
Operators;NAMELY;7
Operators;ADDITIONALLY;5
Operators;FALL;13
Operators;ENFORCEMENT;12
Operators;ADDITIONAL;65
Operators;IMPLEMENTATION;47
Operators;INVOLVED;113
Operators;ENFORCING;4
Operators;CASES;247
Operators;DEDUCTIBLE;10
Operators;INVOLVES;45
Operators;DEFINE;9
Operators;LEAST;44
Operators;COMPARABILITY;231
Operators;ASSESS;31
Operators;FACTORING;1
Operators;ASSESSED;7
Operators;SIMILAR;149
Operators;MAY;1308
Operators;DIFFERENCES;155
Operators;INSTANCE;35
Operators;ONLY;164
Operators;HEREAFTER;6
Operators;ELIMINATION;3
Operators;CONCERN;24
Operators;ESTABLISHED;53
Operators;THRESHOLDS;7
Operators;ALLOCATIONS;4
Operators;PREVENT;22
Operators;GAPS;4
Operators;SMALLER;10
Operators;DEFINED;44
Operators;VERIFY;5
Operators;+;19
Operators;BELONG;2
Operators;DIFFERING;7
Operators;COMPARES;10
Operators;COMBINED;27
Operators;NOTWITHSTANDING;10
Operators;SO;109
Operators;INCORPORATING;2
Operators;DECLINE;4
Operators;AND/OR;49
Operators;FULLY;26
Operators;SOLE;4
Operators;EQUALS;5
Operators;RESULT;141
Operators;COVERED;21
Operators;ATTRIBUTABLE;18
Operators;SATISFY;21
Operators;EXTRA;5
Operators;NEVERTHELESS;13
Operators;REGARDED;14
Operators;APPROXIMATION;1
Operators;ASSUMPTIONS;16
Operators;DETERMINATION;57
Operators;SUPERVISE;2
Operators;NOT;903
Operators;QUANTITATIVE;15
Operators;NOR;11
Operators;RAISE;14
Operators;ALLOCATES;2
Operators;PORTION;4
Operators;IDENTIFY;68
Operators;RECOMMENDATION;3
Operators;AGGREGATED;10
Operators;LIMITATIONS;37
Operators;DEFINITION;40
Operators;KEPT;12
Operators;LACKING;5
Operators;&;14
Operators;TREATED;19
Operators;INVOLVING;87
Operators;REGULATED;5
Operators;SETS;24
Operators;WHY;16
Operators;DIFFERENT;172
Operators;APPORTION;4
Operators;DETERMINING;74
Operators;AVERAGE;40
Operators;REGARD;51
Operators;THUS;79
Operators;CANNOT;80
Operators;COMPLY;32
Operators;EVEN;102
Operators;CORRESPONDING;18
Operators;LIKE;21
Operators;RESEMBLE;4
Operators;FORMING;2
Operators;DEDUCTIONS;8
Operators;SEPARATELY;14
Operators;REGARDS;9
Operators;ENSURE;90
Operators;REPEALED;1
Operators;CIRCUMSTANCES;189
Operators;REFLECTS;25
Operators;EXCEPTION;5
Operators;CONFIRMATION;3
Operators;RELATIONSHIP;35
Operators;TOP;3
Operators;CAP;1
Operators;EXCEEDING;5
Operators;SINGLE;23
Operators;WILLING;25
Operators;TOO;18
Operators;DIFFERENTIALS;2
Operators;ESTIMATES;5
Operators;TOGETHER;33
Operators;COMPUTATION;6
Operators;FURTHER;131
Operators;ESTIMATED;3
Operators;COMPUTED;5
Operators;ASSUMED;89
Operators;SUPERVISION;2
Operators;REFERS;9
Operators;ASSUMES;17
Operators;COMPARE;14
Operators;ASSOCIATE;3
Operators;OVERALL;42
Operators;NEGATIVE;8
Operators;SAME;178
Operators;ESTABLISHING;32
Operators;INSTANCES;20
Operators;SETTING;35
Operators;SUBJECT;58
Operators;DISREGARDING;4
Operators;MULTIPLE;31
Operators;INTENDED;22
Operators;CONSIST;13
Operators;SEPARATE;47
Operators;SEEMS;5
Operators;ALLOCATION;114
Operators;DUPLICATE;4
Operators;LIMIT;18
Operators;ALTHOUGH;39
Operators;PRE;4
Operators;DETERMINES;14
Operators;MEASURED;8
Operators;CORRESPOND;3
Operators;WHOLLY;3
Operators;SAY;6
Operators;DETERMINED;82
Operators;COMPARATIVE;10
Operators;PERCENTAGE;10
Operators;TOTAL;93
Operators;CONDITIONS;90
Operators;SECONDLY;6
Operators;EXEMPTION;2
Operators;SIMILARLY;23
Operators;REVERSED;4
Operators;BALANCES;7
Operators;RETURNS;61
Operators;SHIFTING;39
Operators;HENCE;20
Operators;REFER;17
Operators;BECAUSE;124
Operators;COMBINATION;15
Operators;ADDITION;67
Operators;CONTAINS;8
Operators;REGULATIONS;71
Operators;EXIST;39
Operators;EITHER;68
Operators;COMPRISE;3
Operators;APART;2
Operators;CIRCUMSTANCE;4
Operators;CONCERNED;30
Operators;EXCEEDS;8
Operators;ACCEPTED;27
Operators;OBLIGATED;1
Operators;RELATIVELY;29
Operators;TESTS;2
Operators;REQUIRED;168
Operators;FALLS;15
Operators;MINIMUM;17
Operators;REQUIRES;57
Operators;APPLIED;138
Operators;UNLESS;26
Operators;PERCENTAGES;1
Operators;EG;119
Operators;MITIGATE;4
Operators;EX;69
Operators;APPLIES;33
Operators;MANDATORY;14
Operators;POST;35
Operators;CONVERSELY;5
Operators;THEREIN;1
Operators;GRANTING;2
Operators;QUANTIFY;3
Operators;AGGREGATION;1
Operators;INFRA;3
Operators;EVALUATING;16
Operators;WHEREBY;9
Operators;ALTERNATIVELY;20
Operators;TREATMENT;20
Operators;DEDUCTING;2
Operators;OTHERWISE;34
Operators;PRESCRIBED;9
Operators;REQUIREMENT;22
Operators;SET;119
Operators;RULE;52
Operators;INCREASE;44
Operators;INDICATE;11
Operators;DIFFERS;3
Operators;STILL;35
Operators;REVERSE;2
Operators;EXCEED;7
Operators;APPORTIONMENT;13
Operators;SINCE;61
Operators;RAISES;4
Operators;REVERSAL;1
Operators;DIFFERENCE;44
Operators;PREVIOUS;15
Operators;REPRESENT;13
Operators;IMPLEMENTED;32
Operators;SPECIFICALLY;24
Operators;INCORPORATION;3
Operators;RULING;12
Operators;DETERMINATIONS;4
Operators;EXEMPT;7
Operators;CALCULATION;21
Operators;DEEMED;22
Operators;PARTICULARLY;41
Operators;ESTABLISHES;9
Operators;DEPENDING;71
Operators;SHIFT;13
Operators;GRANTED;7
Operators;RAISED;5
Operators;IMPLEMENTING;20
Operators;PRESCRIBING;3
Operators;EXCEEDED;3
Operators;APPROVAL;15
Operators;APPROVED;7
Operators;ENTAIL;6
Operators;SHIFTED;7
Operators;DEPEND;46
Operators;REQUIRING;18
Operators;TESTING;18
Operators;RESIDUAL;32
Operators;ALLOCATE;31
Operators;PERMIT;6
Operators;AGGREGATE;8
Operators;ESTABLISH;47
Operators;DIVISION;31
Operators;KEEPING;6
Operators;NONETHELESS;7
Operators;INCLUDES;40
Operators;COMPARED;48
Operators;RELATION;61
Operators;RECOMMENDATIONS;15
Operators;INCLUDED;32
Operators;LASTLY;1
Operators;CONJUNCTION;3
Operators;APPLYING;76
Operators;CALCULATING;8
Operators;ASSUME;97
Operators;BESIDES;4
Operators;TEST;59
Operators;REQUESTS;20
Operators;PERMITTED;7
Operators;INDICATOR;19
Operators;LACK;49
Operators;COMPARING;11
Operators;WANT;12
Operators;DEFINITIONS;3
Operators;ABSOLUTE;4
Operators;LIMITS;9
Operators;HOWEVER;228
Operators;NEXT;16
Operators;INVOLVE;59
Operators;EXTRACTION;4
Operators;DETERMINE;143
Operators;ALLOWED;11
Operators;ALLOCATED;25
Operators;CONSEQUENTLY;16
Operators;ADJUSTED;32
Operators;RESTRICTIONS;4
Operators;COMPLEMENT;1
Operators;RELATIVE;52
Operators;DIFFERENTIATION;1
Operators;ENSURING;15
Operators;DIFFERENTLY;2
Operators;X;61
Operators;REPRESENTS;14
Operators;CONFORMS;3
Operators;AFTER;80
Operators;ALLOWS;25
Operators;REFLECTED;22
Operators;PROHIBITIVE;1
Operators;ACTUALLY;29
Operators;INCLUDING;183
Operators;COMBINE;2
Operators;YET;9
Operators;EXEMPTIONS;5
Operators;COMPARABLES;287
Operators;ENSURES;4
Operators;RETURN;149
Operators;RATIOS;25
Operators;PREVIOUSLY;11
Operators;REQUIRE;94
Operators;EXISTING;50
Operators;DECREASE;4
Operators;CONSTITUTES;4
Operators;EXCESS;5
Operators;DECREASED;1
Operators;INCLUSION;10
Operators;DISTINCT;13
Operators;BUT;205
Operators;NOTABLY;1
Operators;EXCESSIVELY;5
Operators;GREATEST;5
Operators;FRACTION;1
Operators;RESPECTIVELY;4
Operators;INDICATORS;10
Operators;MEET;36
Operators;INCREASING;24
Operators;DEFINING;6
Operators;IMPOSED;18
Operators;DIVIDE;5
Operators;FOR;2358
Operators;EQUIVALENT;19
Operators;COMBINATIONS;1
Operators;PORTIONS;2
Operators;IMPLEMENT;19
Operators;WHOLE;27
Operators;AND;5148
Operators;CONFORM;6
Operators;SELECTION;41
Operators;SHALL;12
Operators;POSITIVE;10
Operators;ATTRIBUTED;7
Operators;CONNECTION;10
Operators;EXCLUDED;7
Operators;FACTOR;25
Operators;SATISFIES;3
Operators;REFERRED;51
Operators;THEN;88
Operators;ASSOCIATED;545
Operators;FURTHERMORE;15
Operators;ETC;97
Operators;DEDUCTED;6
Operators;ELIMINATE;20
Operators;DISTINCTION;6
Operators;DUPLICATION;15
Operators;ALLOCATING;13
Operators;CASE;272
Operators;RESPECTIVE;30
Operators;COMPUTING;8
Operators;RATHER;53
Operators;PROPORTIONALITY;1
Operators;IDENTIFIED;53
Operators;WERE;93
Operators;DISTINGUISH;9
Operators;APPLY;104
Operators;IDENTIFIES;2
Operators;CLOSER;3
Operators;NEEDS;67
Operators;FACTORS;116
Operators;DIVIDED;22
Operators;COVER;18
Operators;RULINGS;24
Operators;SECOND;34
Operators;MOREOVER;15
Operators;WAS;164
Operators;ENFORCE;8
Operators;INCORPORATE;3
Operators;CONVERSION;7
Operators;VERIFIED;2
Operators;PRESCRIBE;5
Operators;RESULTS;97
Operators;ASSUMPTION;27
Operators;DESPITE;14
Operators;ENTIRELY;4
Operators;LOWER;44
Operators;LAPSE;1
Operators;CONSEQUENCE;5
Operators;INTEGRATE;2
Operators;THEREBY;11
Operators;MEANS;46
Operators;OBLIGATIONS;25
Operators;GAP;2
Operators;ELIMINATING;2
Operators;EXCLUDE;5
Operators;SUITABLE;23
Operators;ASSESSMENT;79
Operators;MEAN;19
Operators;EXISTS;12
Operators;EXCLUSIVE;7
Operators;WHEREAS;12
Operators;ACCORDING;24
Operators;DEDUCTION;8
Operators;EXTRACTED;2
Operators;ALLOW;37
Operators;ASSUMING;24
Operators;ESTIMATE;10
Operators;IE;116
Operators;IF;508
Operators;REQUIREMENTS;111
Operators;ALWAYS;38
Operators;SHIFTS;4
Operators;ADOPTION;9
Operators;APPROVALS;2
Operators;SELECTED;35
Operators;RENDER;3
Operators;THOUGH;36
Operators;APPROXIMATE;4
Operators;CONSTITUTE;16
Operators;TESTED;119
Operators;REGULATORS;1
Operators;TREAT;11
Operators;REGULATORY;17
Operators;ELIMINATED;7
Operators;SUBTRACT;1
Operators;DIFFER;72
Operators;UNIQUE;49
Operators;DERIVED;31
Operators;CONDITIONED;1
Operators;SPECIFIC;157
Operators;MANDATE;8
Operators;THRESHOLD;18
Operators;FIRST;83
Operators;SUBJECTED;4
Operators;MULTIPLIED;3
Operators;COMPARABLE;353
Operators;ASSESSING;10
Operators;COMPUTE;1
Operators;INDEED;4
Operators;REDUCES;9
Operators;ADOPT;19
Operators;REQUEST;54
Operators;ACCORDINGLY;48
Operators;BALANCE;28
Operators;REDUCED;18
Operators;TREATS;3
Operators;LIMITED;81
Operators;DERIVE;15
Operators;ESPECIALLY;88
Operators;DOUBLE;122
Operators;CORRESPONDS;4
Operators;LIMITING;4
Operators;NEEDED;62
Operators;SPECIFIED;19
Operators;SUPERVISORY;3
Operators;RESPECT;82
Operators;ALTERNATIVE;30
Operators;OR;1602
Operators;PARTIALLY;5
Operators;IMPOSE;8
Operators;RELATE;15
Operators;REGARDING;62
Operators;RESTRICT;2
Operators;ALLOWING;11
Operators;ADDING;18
Operators;ADDED;23
Operators;SELECTING;11
Operators;REGULATION;13
Operators;AUTHORIZED;4
Operators;IRRESPECTIVE;7
Operators;INTEGRATED;20
Operators;CALCULATE;19
Operators;CONFIRM;11
Operators;LIMITATION;12
Operators;QUANTIFICATION;8
Operators;CONTAINED;18
Operators;INSTEAD;20
Operators;INCLUDE;153
Operators;MANDATED;4
Operators;SUBTRACTED;2
Operators;INCLUSIVE;2
Operators;REMOVE;1
Operators;INTRA;2
Operators;REFLECTING;9
Operators;INCORPORATED;12
Operators;REPRESENTED;6
Operators;THEREFORE;119
Operators;CONFIRMED;1
Operators;REFERENCED;6
Operators;EVALUATE;19
Operators;SUM;9
Operators;RECOMMEND;1
Operators;STOP;1
Operators;EVALUATED;11
Operators;WHILE;128
Operators;REFERENCES;3
Operators;NET;153
Operators;EQUALLY;8
Operators;ATTRIBUTION;3
Operators;EXCEPTIONAL;11
Operators;CALCULATED;21
Operators;DEPENDS;32
Operators;CONCERNS;22
Operators;CONTRARY;5
Operators;PROXY;6
Operators;RESULTED;12
Operators;SOLELY;13
Operators;DISALLOWED;1
Operators;IMPLIES;3
Operators;DENIED;3
Operators;MAXIMUM;17
Operators;EXCLUSIVELY;4
Operators;EXCEPTIONS;6
Operators;ADD;7
Operators;OTHERS;31
Operators;NEED;150
Operators;REDUCING;14
Operators;GREATER;56
Operators;ACCORDANCE;39
Operators;PROPORTION;9
Operators;ADJUST;35
Operators;IDENTIFICATION;52
Operators;COMPRISES;1
Operators;EXCLUSION;3
Operators;IDENTIFYING;34
Operators;EQUAL;20
Operators;RESULTING;49
Operators;CASEBYCASE;2
Operators;COMPARISONS;12
Operators;SEEM;5
Operators;REGULATE;1
Operators;MINIMAL;4
Operators;ENTIRE;11
Operators;EXCESSIVE;19
Operators;DISREGARDED;2
Operators;ALSO;434
Operators;ALIKE;3
Operators;ADOPTING;11
Operators;CONCERNING;18
Operators;EVENTUALLY;8
Operators;REGARDLESS;14
Operators;QUANTIFIED;3
Operators;DENY;2
Operators;HOW;119
Operators;AS;1635
Operators;NEARLY;6
Operators;BEFORE;54
Operators;OUTWEIGH;2
Operators;DETERMINANTS;1
Operators;=;69
Operators;DEPENDENCE;3
Operators;INCREASES;7
Operators;DEEMS;1
Operators;BALANCING;17
Operators;CALCULATIONS;6
Operators;COMBINING;1
Operators;SUBTRACTING;1
Operands;LIFE;24
Operands;FUNDAMENTALLY;1
Operands;POSITIONS;11
Operands;EXPLAIN;9
Operands;UNCERTAINTY;19
Operands;MODIFICATIONS;8
Operands;ENVIRONMENT;32
Operands;EFFICIENCY;14
Operands;DEMAND;18
Operands;ACQUIRING;10
Operands;SUPERVISION;2
Operands;ALTERS;1
Operands;ENGAGE;21
Operands;IMPERFECT;4
Operands;BASELINE;1
Operands;INBOUND;9
Operands;PRODUCING;7
Operands;AGE;9
Operands;TRANSACTIONS;646
Operands;TAXES;36
Operands;HAND;50
Operands;CURRENT;41
Operands;TAXED;9
Operands;MANUFACTURE;16
Operands;MAP;128
Operands;ASSETS;254
Operands;GUIDANCE;138
Operands;ANNUAL;47
Operands;PRIMARY;21
Operands;FRANCE;9
Operands;STABILITY;1
Operands;PERSON;18
Operands;VALUES;23
Operands;PROPERTY;120
Operands;GAIN;9
Operands;DOCTRINES;1
Operands;INTELLECTUAL;16
Operands;273;1
Operands;FIGURES;5
Operands;INNOVATIVE;3
Operands;COMPLIANCE;116
Operands;BEHAVIOUR;2
Operands;GUARD;1
Operands;COMMON;58
Operands;UNDERTAKE;15
Operands;PROPOSAL;3
Operands;CLEARLY;14
Operands;ADDRESSING;16
Operands;FUTURES;2
Operands;PARIS;4
Operands;SOLD;66
Operands;SYSTEMS;30
Operands;ACTIVE;9
Operands;ACCOUNTING;89
Operands;105;2
Operands;PARTICIPATING;7
Operands;STARTUP;23
Operands;CONTROLS;25
Operands;PUBLIC;52
Operands;PATENT;6
Operands;FORMATION;2
Operands;SELLS;21
Operands;INTRODUCED;30
Operands;DETAILED;58
Operands;MEXICO;23
Operands;TRADEMARKS;19
Operands;DOCUMENTED;11
Operands;INTERMEDIARIES;6
Operands;METHODS;190
Operands;MEMBER;45
Operands;TAXABLE;52
Operands;TABLE;47
Operands;INTERPRETATIONS;2
Operands;GOODS;150
Operands;ITALY;3
Operands;CONCLUSIONS;10
Operands;VARY;22
Operands;EXPENSES;159
Operands;98;1
Operands;UNITS;20
Operands;90;6
Operands;NONFINANCIAL;2
Operands;DISADVANTAGE;12
Operands;ABUSEDEEMING;2
Operands;INSPECTION;5
Operands;ORGANIZED;11
Operands;MULTIYEAR;2
Operands;EARLY;17
Operands;EXPENDITURE;14
Operands;WIDELY;15
Operands;DECLARATION;3
Operands;NOTICE;21
Operands;COPYRIGHT;2
Operands;UNFAIR;6
Operands;PEER;3
Operands;PERIODICALLY;5
Operands;FINES;1
Operands;PARAMETERS;6
Operands;SEGMENTS;3
Operands;NATURE;79
Operands;COMPETITION;12
Operands;MAINTAIN;11
Operands;REACHED;13
Operands;LOANS;12
Operands;EXAMINES;4
Operands;FORM;72
Operands;KEYS;17
Operands;EXAMINED;15
Operands;INHERENTLY;4
Operands;ASCERTAIN;3
Operands;ANTE;32
Operands;FOUND;51
Operands;PASSIVE;7
Operands;PRAGMATIC;4
Operands;SALES;219
Operands;CALL;17
Operands;LICENSING;16
Operands;REFORMS;3
Operands;CONTRIBUTION;45
Operands;FUNCTIONS;306
Operands;UNILATERAL;15
Operands;SPONSORSHIP;1
Operands;CHALLENGES;50
Operands;AGENTS;6
Operands;JUSTIFIED;12
Operands;SUFFER;5
Operands;TRUE;12
Operands;ECONOMY;28
Operands;HEAVY;4
Operands;PARTNERS;19
Operands;RELY;14
Operands;GAAP;2
Operands;SOURCED;1
Operands;PLATFORM;3
Operands;INFLUENCE;16
Operands;SOURCES;41
Operands;BEHAVIOURS;1
Operands;LICENCE;10
Operands;400;9
Operands;NORWAY;2
Operands;PERTAIN;1
Operands;SYNERGIES;11
Operands;SAMPLE;3
Operands;ISSUE;122
Operands;PROPERTIES;4
Operands;CLAIM;16
Operands;EXPENDITURES;6
Operands;AUSTRALIA;8
Operands;OBJECTIVES;24
Operands;ATTACHED;7
Operands;INTERPRETED;3
Operands;CLARIFY;7
Operands;COMPELLING;1
Operands;PRICING;1466
Operands;ADDRESS;37
Operands;PROGRESS;11
Operands;MARGIN;167
Operands;BRAND;39
Operands;CIRCULAR;4
Operands;COMMENCING;1
Operands;BUYSELL;3
Operands;BASED;246
Operands;CORPORATION;13
Operands;REDUCE;41
Operands;OPERATIONAL;26
Operands;REGISTRATION;4
Operands;INDIRECT;31
Operands;OBTAINED;26
Operands;BEGIN;5
Operands;STRONG;13
Operands;BURDENS;13
Operands;LONGER;17
Operands;DEVELOPING;281
Operands;PROFIT;498
Operands;SHARE;86
Operands;OVERHEAD;1
Operands;MEASUREMENT;10
Operands;SPECIAL;64
Operands;CLASSIFICATION;10
Operands;COUNTRYBYCOUNTRY;13
Operands;MAINLY;12
Operands;POSSIBLE;136
Operands;DISCOUNTS;13
Operands;DETAILS;24
Operands;COMPOUND;1
Operands;APPROPRIATENESS;2
Operands;TIMELY;8
Operands;REWARDS;2
Operands;MOBILE;1
Operands;FORECAST;1
Operands;CONTINUE;17
Operands;TIME;169
Operands;JAPAN;33
Operands;DESCRIBED;33
Operands;WORKING;39
Operands;SECTION;59
Operands;WEAKNESSES;12
Operands;DESCRIBES;9
Operands;TREATMENT;20
Operands;179;1
Operands;JULY;7
Operands;174;1
Operands;AUDITED;12
Operands;LAND;6
Operands;LEVERAGE;4
Operands;AREA;43
Operands;VENTURES;4
Operands;TRADE;68
Operands;BELIEVE;8
Operands;DISTRIBUTE;3
Operands;MODELS;24
Operands;PERCENT;2
Operands;REPORTED;18
Operands;NEWLY;3
Operands;EUR;8
Operands;ROYALTIES;12
Operands;ELIGIBLE;4
Operands;LENDING;1
Operands;BREAK;1
Operands;MAJORITY;9
Operands;TRADING;24
Operands;ADEQUATE;31
Operands;SAFEGUARD;4
Operands;IMPROVE;33
Operands;DEGREE;34
Operands;PURSUED;6
Operands;FOCUS;52
Operands;FINISHED;13
Operands;INTANGIBLES;371
Operands;CORPORATE;42
Operands;OPTIONS;19
Operands;ACQUISITION;28
Operands;ONESIDED;4
Operands;ENHANCEMENTS;1
Operands;EXPLAINED;11
Operands;PRIVATE;14
Operands;ANTIAVOIDANCE;28
Operands;CONTRIBUTING;10
Operands;PARTICIPANTS;64
Operands;CONSULTATION;7
Operands;COMPONENTS;28
Operands;ONLINE;3
Operands;INDIRECTLY;9
Operands;LEGAL;183
Operands;DELIVERY;10
Operands;COMMENTARY;11
Operands;DETRIMENT;3
Operands;ALTER;2
Operands;VAST;6
Operands;UNDERPAYMENT;2
Operands;800;2
Operands;AGREEING;1
Operands;FACE;20
Operands;RECOGNITION;12
Operands;BREACH;4
Operands;ALIGNED;5
Operands;DECISIONS;41
Operands;EASIER;14
Operands;FACT;66
Operands;DELIVERED;6
Operands;ENABLE;11
Operands;PAY;44
Operands;FORMULATION;1
Operands;TAXPAYERS;333
Operands;UNDERSTOOD;5
Operands;NONTAXABLE;1
Operands;REVEALED;2
Operands;EXPENSE;14
Operands;547;1
Operands;PERU;1
Operands;DISCUSSIONS;19
Operands;LOCALLY;8
Operands;PRESSURE;2
Operands;METHODOLOGY;28
Operands;TASKS;4
Operands;X;61
Operands;PARALLEL;4
Operands;FINANCIALS;5
Operands;OIL;13
Operands;REGION;15
Operands;COMMENTS;4
Operands;ABUSE;5
Operands;POLICIES;32
Operands;SHARED;17
Operands;CAPTURE;5
Operands;VARIETY;13
Operands;PERSONNEL;43
Operands;MECHANISMS;14
Operands;LARGE;64
Operands;5000;4
Operands;SEEKS;12
Operands;SEARCH;35
Operands;RECOURSE;1
Operands;LEAVES;3
Operands;POSSIBILITY;20
Operands;OWNERSHIP;45
Operands;STAKEHOLDERS;11
Operands;EXTERNAL;35
Operands;INPUT;13
Operands;PROVIDED;183
Operands;FINANCIAL;217
Operands;SITUATIONS;53
Operands;UNDUE;3
Operands;INTERESTED;2
Operands;COMPLICATED;11
Operands;PROVIDES;73
Operands;PROVIDER;52
Operands;REVENUES;11
Operands;COMMERCIAL;84
Operands;ARRANGEMENTS;83
Operands;COLLECTED;11
Operands;250;10
Operands;ABILITY;35
Operands;UNIFORMITY;7
Operands;ACCRUAL;1
Operands;CLAIMED;4
Operands;ARRIVE;17
Operands;EXTREMELY;11
Operands;EXERCISE;29
Operands;ENTITLED;26
Operands;SIMPLICITY;6
Operands;PROFITABILITY;40
Operands;ENCOURAGE;14
Operands;REMAINING;14
Operands;MAJOR;28
Operands;RESPONDING;4
Operands;NAME;17
Operands;PERSPECTIVE;34
Operands;VOTING;2
Operands;EVENT;24
Operands;INCENTIVES;13
Operands;REALITY;15
Operands;APPLICATIONS;10
Operands;LOW;86
Operands;ADAPTS;1
Operands;CREATE;32
Operands;INFORM;9
Operands;PAYMENTS;56
Operands;CARRIED;43
Operands;INAPPROPRIATE;10
Operands;RESIDENT;33
Operands;VI;3
Operands;EFFECT;65
Operands;MEANINGFUL;2
Operands;CRISIS;1
Operands;NOW;19
Operands;EARNS;9
Operands;INEFFICIENT;1
Operands;DETAIL;64
Operands;ACCESS;67
Operands;REFUNDING;1
Operands;SIGNIFICANCE;10
Operands;TRUST;7
Operands;INCURRING;11
Operands;PRESERVE;1
Operands;SUPPORTING;9
Operands;FAMILIAR;4
Operands;PRESERVING;3
Operands;REVIEWED;13
Operands;COMMODITIES;33
Operands;SIMPLIFY;3
Operands;STEPS;38
Operands;REALIZATION;4
Operands;PROPER;17
Operands;VEHICLES;4
Operands;CAPABILITIES;17
Operands;RELIABILITY;38
Operands;DEMONSTRATING;4
Operands;SECTIONS;4
Operands;EARNING;1
Operands;PROVISIONS;72
Operands;PURCHASE;30
Operands;PROVIDE;233
Operands;OVERVIEW;14
Operands;FEATURE;9
Operands;PENALTY;14
Operands;EXPLORED;2
Operands;COSTBASED;1
Operands;CHALLENGING;4
Operands;VIEWS;11
Operands;54;1
Operands;51;2
Operands;53;2
Operands;AUTHORITIES;203
Operands;EXPLORATION;2
Operands;OATH;2
Operands;539;1
Operands;200;9
Operands;SUPPORT;48
Operands;PAID;50
Operands;ONGOING;17
Operands;PRINCIPLE;242
Operands;HEADCOUNT;1
Operands;DIVERGENT;2
Operands;CANADA;10
Operands;IMPEDES;2
Operands;MARKETING;141
Operands;SUGGESTS;7
Operands;REGULATION;13
Operands;PRODUCTION;59
Operands;MNE;364
Operands;INFORMATION;456
Operands;ADVERSE;3
Operands;TECHNOLOGICAL;9
Operands;ILLUSTRATIVE;6
Operands;SIZE;21
Operands;DECISIONMAKING;11
Operands;PROJECTIONS;31
Operands;SENSE;16
Operands;CHAINS;3
Operands;SERVICE;282
Operands;PROBLEMS;16
Operands;OPPORTUNITIES;23
Operands;PREPARED;28
Operands;BANKING;2
Operands;RATES;32
Operands;ALLEVIATE;1
Operands;AVOIDANCE;46
Operands;CAUSES;4
Operands;INDUSTRIES;30
Operands;CONTRACTS;35
Operands;HARBOUR;63
Operands;GERMANY;6
Operands;PRIMARILY;15
Operands;ADMINISTRATIONS;157
Operands;OVERLOOKED;2
Operands;BREAKS;1
Operands;CORE;22
Operands;LENGTHY;2
Operands;LOSSMAKING;6
Operands;PROTECTIVE;2
Operands;RIGHT;29
Operands;229;1
Operands;PROBLEM;20
Operands;GOODWILL;21
Operands;WAYS;22
Operands;SOLUTION;22
Operands;SUBMIT;13
Operands;SAFETY;3
Operands;150;6
Operands;JUNE;6
Operands;NUMBER;106
Operands;MARKETS;42
Operands;REGIMES;27
Operands;JUSTIFICATION;1
Operands;OFTEN;181
Operands;SUBSEQUENT;21
Operands;REASONABLY;30
Operands;SPLITTING;1
Operands;BILLION;8
Operands;PREMIUMS;5
Operands;REASONABLE;32
Operands;FAILURES;1
Operands;TRADED;7
Operands;CYCLE;17
Operands;SHOW;13
Operands;SUGGEST;9
Operands;COMMITMENTS;1
Operands;VALUE;320
Operands;SUBSTANTIVE;10
Operands;TRADITIONAL;27
Operands;POTENTIAL;117
Operands;CORRELATION;1
Operands;ELEMENT;7
Operands;SIGNIFICANTLY;18
Operands;UNPREDICTABLE;1
Operands;FAVOUR;6
Operands;ULTIMATE;8
Operands;DEMPE;5
Operands;DEVELOP;66
Operands;SIMPLE;23
Operands;TEXT;5
Operands;BORROWING;2
Operands;OBTAIN;37
Operands;APPRECIATION;2
Operands;ACCOUNTS;34
Operands;FOCUSING;6
Operands;PRECEDENT;1
Operands;REBUTTABLE;1
Operands;ACCURACY;11
Operands;AUDIT;229
Operands;FULL;32
Operands;AFFECTED;25
Operands;FIT;8
Operands;STAKE;13
Operands;VERSION;14
Operands;BUSINESSES;15
Operands;DAMAGES;4
Operands;REALISE;1
Operands;INCIDENTALLY;2
Operands;PATENTS;36
Operands;LEASE;2
Operands;PROCESS;164
Operands;CONVENIENT;1
Operands;REVIEW;57
Operands;SELLERS;2
Operands;STATUTE;25
Operands;JUDICIAL;10
Operands;CLAIMS;11
Operands;EVOLUTION;6
Operands;LARGELY;6
Operands;ADVICE;17
Operands;LICENSES;8
Operands;UNRELATED;59
Operands;RELIES;2
Operands;CHEMICAL;4
Operands;CONFIDENTIALITY;11
Operands;CIVIL;13
Operands;COMPANY;480
Operands;MODIFIED;9
Operands;EXPLOITATION;38
Operands;525;1
Operands;RELIEF;10
Operands;RELIED;9
Operands;OUTLINE;7
Operands;COMMODITY;36
Operands;CONSISTENT;88
Operands;CONTRIBUTE;23
Operands;AFRICA;39
Operands;ANALYZES;27
Operands;INDIVIDUAL;34
Operands;ANALYZED;16
Operands;GENERATE;7
Operands;RELIEVE;4
Operands;ENTERPRISES;338
Operands;SIDES;8
Operands;REAL;16
Operands;TRANSACTIONAL;74
Operands;HOLDS;8
Operands;MEMBERSHIP;12
Operands;COST;385
Operands;PERFORMANCE;30
Operands;REWARDED;5
Operands;REMAIN;11
Operands;COMPETITIVE;30
Operands;DETER;29
Operands;BODIES;11
Operands;PRESENCE;4
Operands;ADVANCES;1
Operands;DOMESTIC;181
Operands;OUTCOMES;22
Operands;ADVANCED;4
Operands;ULTIMATELY;18
Operands;ADMINISTRATIVE;82
Operands;COHERENT;1
Operands;EXERCISED;9
Operands;PUT;26
Operands;IMMEDIATELY;11
Operands;REMUNERATION;23
Operands;IMPORTANCE;36
Operands;MATERIAL;63
Operands;DEALING;47
Operands;POLAND;1
Operands;FLOWS;17
Operands;PERFORMS;30
Operands;COMMENSURATE;5
Operands;SEGMENT;7
Operands;144;1
Operands;REST;5
Operands;149;2
Operands;DIGITAL;5
Operands;PRICES;133
Operands;ALREADY;27
Operands;PUBLICLY;20
Operands;COMPREHENSIVE;15
Operands;COMPLEXITY;21
Operands;HEALTH;1
Operands;EXCHANGES;2
Operands;INCIDENTAL;13
Operands;ATTEMPT;7
Operands;SPENT;1
Operands;DIFFICULTY;11
Operands;APPROACHES;59
Operands;ROUTINE;17
Operands;ENTERED;29
Operands;JUSTIFY;10
Operands;WORLDWIDE;14
Operands;CUSTOMERS;46
Operands;OFFER;12
Operands;NAMES;14
Operands;SCO;4
Operands;PROPOSED;22
Operands;AMOUNTS;17
Operands;TURNED;1
Operands;AVOID;52
Operands;BASE;79
Operands;MECHANISM;27
Operands;ACTUAL;88
Operands;MATCHING;3
Operands;PROFITABLE;8
Operands;RETAINED;6
Operands;WISH;20
Operands;POSED;2
Operands;LOGICAL;1
Operands;REGULAR;12
Operands;TRANSPARENCY;13
Operands;OCCUR;26
Operands;UPWARDS;1
Operands;DECIDING;9
Operands;CONSTANT;1
Operands;COUNTRY;403
Operands;SOMETIMES;50
Operands;SAFEGUARDS;2
Operands;INTERACTION;5
Operands;AFFECT;57
Operands;FINAL;45
Operands;SYNERGY;2
Operands;FRAMEWORKS;4
Operands;STUDIES;4
Operands;HINDSIGHT;5
Operands;TRANSPARENT;14
Operands;FUNCTION;77
Operands;END;30
Operands;MONITOR;9
Operands;G;13
Operands;DOCUMENTATION;238
Operands;INTERDEPENDENT;1
Operands;PREPARATION;14
Operands;MALAYSIA;8
Operands;DEGREES;2
Operands;EXAMPLES;41
Operands;TECHNOLOGIES;17
Operands;CONTROVERSY;4
Operands;THEORETICAL;4
Operands;LEAD;43
Operands;PROFITBASED;4
Operands;COMPONENT;4
Operands;AGREEMENT;110
Operands;STRICT;3
Operands;HIGHINTENSITY;1
Operands;INTERRELATED;5
Operands;INACCURACY;1
Operands;INTEGRITY;18
Operands;1000;4
Operands;DISCLOSE;15
Operands;ORIGINS;2
Operands;REGIONAL;30
Operands;DISCREPANCIES;1
Operands;WORKINGS;5
Operands;POSSESSES;1
Operands;MECHANICS;1
Operands;FINANCE;30
Operands;ECUADOR;1
Operands;EARNINGS;4
Operands;LIGHT;17
Operands;WORLD;48
Operands;PRESENT;39
Operands;HIGHER;58
Operands;CLARIFICATION;1
Operands;AFFECTS;6
Operands;ACCURATE;27
Operands;BUILDINGS;1
Operands;MANIPULATION;5
Operands;CARE;12
Operands;11;10
Operands;10;63
Operands;13;21
Operands;12;17
Operands;15;22
Operands;14;8
Operands;17;5
Operands;19;5
Operands;18;5
Operands;REVISED;9
Operands;CHINA;99
Operands;BRANCH;4
Operands;BOARD;10
Operands;EUROPE;1
Operands;BASIS;167
Operands;BARGAIN;2
Operands;BASIC;42
Operands;THREEYEAR;1
Operands;LOSSES;76
Operands;QUESTION;47
Operands;NOTED;54
Operands;PRODUCE;23
Operands;ORIGINAL;10
Operands;PAYING;8
Operands;THIRDPARTY;3
Operands;SUCCESSFUL;24
Operands;ZERO;1
Operands;ARGUMENT;2
Operands;REORGANIZED;1
Operands;COVERAGE;4
Operands;EXTENSIVE;9
Operands;FIXED;50
Operands;CONCEPT;23
Operands;VICE;6
Operands;HYBRID;5
Operands;BUREAU;3
Operands;SUBSIDIARIES;44
Operands;PREFERABLE;5
Operands;RISKS;287
Operands;REVIEWS;12
Operands;EXTENT;57
Operands;AVAILABILITY;30
Operands;CONSTRAINTS;11
Operands;STARTS;5
Operands;PENALTIES;19
Operands;COMPENSATION;42
Operands;IMPORTANT;216
Operands;NORMALLY;19
Operands;ACTIVITIES;260
Operands;RISK;537
Operands;PRACTITIONERS;2
Operands;LEVEL;136
Operands;WEAKNESS;7
Operands;RISE;20
Operands;ARRANGING;1
Operands;ENTER;64
Operands;EXCHANGING;1
Operands;OPERATE;35
Operands;MONITORING;24
Operands;RENTS;12
Operands;STRATEGIC;21
Operands;CULTURE;6
Operands;PROPERLY;25
Operands;HELP;56
Operands;NOTES;11
Operands;PURSUANT;4
Operands;TRANSFERRED;45
Operands;HELD;18
Operands;COMPLEX;67
Operands;DESIGN;40
Operands;WELLDEVELOPED;3
Operands;COORDINATED;12
Operands;PROCEDURES;102
Operands;CUMBERSOME;1
Operands;PARTICIPATION;26
Operands;LONGLIVED;1
Operands;MET;12
Operands;COMMONLY;28
Operands;RECORDS;9
Operands;3;191
Operands;INTRAGROUP;146
Operands;PARTICIPATE;8
Operands;CARRY;14
Operands;BLOCKBUSTER;1
Operands;COSTPLUS;1
Operands;24;10
Operands;EXAMINATIONS;10
Operands;PRESENTED;14
Operands;CONTRIBUTED;11
Operands;PUBLISHED;19
Operands;21;7
Operands;INTERESTS;13
Operands;UNITED;60
Operands;INDEFINITELY;1
Operands;S;6
Operands;LIABLE;3
Operands;CONCEPTUAL;1
Operands;PARTNER;14
Operands;HARD;5
Operands;PES;1
Operands;60;9
Operands;61;1
Operands;62;6
Operands;63;1
Operands;64;1
Operands;65;2
Operands;66;1
Operands;67;1
Operands;69;3
Operands;RECENT;26
Operands;REORGANIZATION;3
Operands;SOURCE;24
Operands;CASH;39
Operands;PROFILES;2
Operands;BETTER;24
Operands;500;32
Operands;PARTNERSHIPS;6
Operands;FAIR;22
Operands;MERELY;12
Operands;FIELD;8
Operands;ABSENCE;13
Operands;PORTFOLIO;1
Operands;WAY;80
Operands;FAIL;17
Operands;FOCUSES;13
Operands;OWNED;28
Operands;IGNORE;2
Operands;PERSONS;36
Operands;FOCUSED;11
Operands;ENHANCEMENT;20
Operands;STATISTICAL;6
Operands;DEPRECIATION;4
Operands;OWNER;32
Operands;TYPE;57
Operands;OVERCOME;6
Operands;MOVE;3
Operands;ACQUIRED;15
Operands;STORAGE;8
Operands;REALISTIC;13
Operands;PARTICULAR;141
Operands;ACQUIRES;6
Operands;CONTROL;110
Operands;INFORMED;8
Operands;INTRODUCE;8
Operands;NONDEDUCTIBLE;2
Operands;SUBSTANTIAL;36
Operands;REPUBLIC;12
Operands;ARISE;43
Operands;POLICY;76
Operands;CONFLICT;2
Operands;SOFTWARE;23
Operands;LEADING;3
Operands;ACCEPTABLE;29
Operands;CAPITAL;73
Operands;VARIABLE;3
Operands;HIGH;61
Operands;SECRETARIAT;3
Operands;CRITERIA;49
Operands;BOX;5
Operands;BOLIVIA;1
Operands;LEGISLATION;121
Operands;SOVEREIGN;3
Operands;EXPRESSED;10
Operands;DISCOUNT;12
Operands;COORDINATION;20
Operands;CONSOLIDATION;4
Operands;RELIANCE;4
Operands;POINTS;19
Operands;4;106
Operands;HISTORICALLY;6
Operands;SHOWN;9
Operands;REMUNERATED;11
Operands;SAFE;100
Operands;ILLUSTRATION;10
Operands;OBVIOUS;6
Operands;DESIGNED;21
Operands;CONVERGE;1
Operands;EROSION;20
Operands;DESIGNS;9
Operands;SPECIALIZATION;3
Operands;ILLUSTRATES;5
Operands;AUDITORS;19
Operands;ILLUSTRATED;3
Operands;CREDIT;29
Operands;COMPENSATE;4
Operands;SHAREHOLDER;15
Operands;REINSURANCE;3
Operands;DECISION;37
Operands;3000;1
Operands;DERIVATIVES;2
Operands;QUALITATIVE;12
Operands;PRACTICE;94
Operands;FIND;40
Operands;BUILDS;2
Operands;DYNAMIC;1
Operands;SELLER;8
Operands;PRESUMABLY;1
Operands;MEDIUM;12
Operands;SHEET;12
Operands;JUST;15
Operands;ARRANGEMENT;45
Operands;ACCOUNTED;2
Operands;PLACE;68
Operands;OFFSET;3
Operands;STANDPOINT;7
Operands;GROUPWIDE;2
Operands;TAXPAYER;402
Operands;REVENUE;79
Operands;INSTRUMENTS;8
Operands;ENGAGEMENT;7
Operands;EFFECTIVELY;35
Operands;CONTROLLING;8
Operands;EMPLOYS;6
Operands;AUTONOMOUS;1
Operands;RECOVER;3
Operands;ISSUED;23
Operands;PROVEN;4
Operands;PERMANENT;19
Operands;DISTORTIONS;3
Operands;DISPLAY;1
Operands;ISSUES;273
Operands;PURCHASER;3
Operands;PURCHASES;13
Operands;COMMUNITY;3
Operands;SOURCING;2
Operands;UNABLE;5
Operands;PURCHASED;10
Operands;CONTRIBUTIONS;111
Operands;METRIC;1
Operands;DRAW;12
Operands;750;10
Operands;COUNTRIES;645
Operands;ISOLATION;2
Operands;ASSIST;35
Operands;COSTS;305
Operands;TERRITORY;5
Operands;BOOKED;1
Operands;VALUING;5
Operands;EXERCISING;4
Operands;INTENSITY;5
Operands;LATVIA;1
Operands;BROADER;13
Operands;POWERS;7
Operands;ECONOMICALLY;40
Operands;EXTREME;4
Operands;SECTOR;37
Operands;USE;292
Operands;USD;2
Operands;EFFICIENT;25
Operands;POLITICAL;10
Operands;1200;2
Operands;COMPLETELY;5
Operands;DIRECTLY;30
Operands;ARGUE;7
Operands;SEEK;26
Operands;UNCLEAR;2
Operands;COMPETITOR;2
Operands;COMPLETED;6
Operands;SUPPLIED;4
Operands;5;111
Operands;SUPPLIER;12
Operands;UNDERTAKEN;59
Operands;FACILITATE;10
Operands;PREROYALTY;2
Operands;HIGHLIGHTED;1
Operands;START;14
Operands;REMEDY;1
Operands;SIMPLIFYING;1
Operands;463;1
Operands;IMPOSSIBLE;14
Operands;PROFITS;177
Operands;SILENT;1
Operands;CENTRALIZATION;2
Operands;PRICE;580
Operands;SYSTEM;105
Operands;BRING;9
Operands;ASYMMETRY;5
Operands;RECEIVES;13
Operands;SEGMENTING;1
Operands;USEFUL;90
Operands;GUARANTOR;1
Operands;THANKS;5
Operands;CUSTOMER;37
Operands;DISTRIBUTES;3
Operands;TWOSIDED;4
Operands;BONDS;4
Operands;EXPANDING;5
Operands;TAX;1352
Operands;ANTICIPATED;56
Operands;ACTION;62
Operands;EQUITABLE;7
Operands;BODY;5
Operands;FIGURE;41
Operands;STABLE;2
Operands;DESIGNATED;7
Operands;OCCURRED;9
Operands;REGULARLY;3
Operands;TANGIBLE;71
Operands;FORESEEN;1
Operands;ACCOMMODATE;1
Operands;CHARGE;51
Operands;SIMPLY;15
Operands;INSTITUTIONS;6
Operands;VIEW;49
Operands;USED;328
Operands;CAMPAIGN;11
Operands;195;1
Operands;CAPITALIZED;4
Operands;SOPHISTICATION;1
Operands;CURRENCY;11
Operands;USES;22
Operands;ELECTRONICS;2
Operands;MARKET;287
Operands;ANNUALLY;7
Operands;UNRELIEVED;3
Operands;UNCHANGED;1
Operands;CONTRACT;86
Operands;VARIES;6
Operands;TERMINOLOGY;1
Operands;CENTRALISE;1
Operands;POSITION;41
Operands;INDUSTRIAL;5
Operands;THREAT;1
Operands;CAPABLE;8
Operands;GENERATION;3
Operands;LOAN;12
Operands;COMPOSITION;1
Operands;VEHICLE;2
Operands;AGREE;22
Operands;IDENTITY;2
Operands;INTERAMERICAN;3
Operands;SAID;9
Operands;POSSIBLY;14
Operands;DELIVER;3
Operands;AVOIDS;3
Operands;CROSSBORDER;76
Operands;CARRYING;21
Operands;MERITS;2
Operands;EXPLORING;2
Operands;MANAGEABLE;1
Operands;CAPACITY;92
Operands;RECOGNIZED;34
Operands;INTERIM;7
Operands;COMMITTEE;28
Operands;6;50
Operands;KNOWN;26
Operands;RECOGNIZES;8
Operands;LEFT;7
Operands;FEDERAL;9
Operands;LEVERAGING;2
Operands;ARGENTINA;6
Operands;ACHIEVE;32
Operands;MISALLOCATION;1
Operands;ADVANTAGE;35
Operands;CAMPAIGNS;8
Operands;CONTROLLED;257
Operands;SCRUTINY;15
Operands;STEP;58
Operands;EXTENDED;12
Operands;UNDERSTAND;30
Operands;DATE;58
Operands;VAN;4
Operands;DATA;210
Operands;CORRECT;18
Operands;SIXTH;48
Operands;ASIA;6
Operands;AMOUNT;90
Operands;RESPONSIBILITY;8
Operands;RECHARGE;1
Operands;SPAIN;1
Operands;SEGMENTATION;2
Operands;MEASURES;45
Operands;CREATING;21
Operands;STUDY;31
Operands;617;2
Operands;P&L;2
Operands;INTENTION;11
Operands;SOLVE;2
Operands;CORRECTLY;3
Operands;BENEFITS;145
Operands;ADMINISTERING;4
Operands;PRODUCT;227
Operands;MANUFACTURERS;23
Operands;ANTIABUSE;4
Operands;ONES;11
Operands;PERIODS;4
Operands;CRITERION;5
Operands;FILING;39
Operands;UNCONTROLLED;196
Operands;EXPLOITED;9
Operands;TRADEMARK;16
Operands;ENTITY;148
Operands;BANKS;1
Operands;PRACTICES;57
Operands;ARGUED;4
Operands;LINE;32
Operands;AVAILABLE;241
Operands;25;42
Operands;26;4
Operands;20;31
Operands;OFFERING;9
Operands;22;1
Operands;23;4
Operands;SEPA;8
Operands;29;4
Operands;LONG;20
Operands;PRIORITY;12
Operands;OPPORTUNITY;33
Operands;DEMONSTRATED;5
Operands;DISCLOSING;1
Operands;STANDARDIZATION;1
Operands;BROAD;34
Operands;ISOLATE;2
Operands;COLLECTION;34
Operands;DIRECTOR;12
Operands;IMPROVEMENTS;4
Operands;ADVERTISING;10
Operands;MANUFACTURES;7
Operands;ACKNOWLEDGING;2
Operands;CONDUCTING;21
Operands;CLASSIFIED;7
Operands;IMPLICATIONS;6
Operands;REMOTELY;2
Operands;SIGNIFICANT;143
Operands;INDUSTRY;108
Operands;GENERATING;5
Operands;PRINCIPLES;54
Operands;LOCATED;41
Operands;UNLIKELY;8
Operands;TRANSLATE;3
Operands;DISCOVERY;1
Operands;LIABILITIES;5
Operands;REPORTING;46
Operands;BROUGHT;3
Operands;7;50
Operands;R&D;162
Operands;THIRD;73
Operands;POSE;3
Operands;PROPOSALS;10
Operands;SHAREHOLDERS;2
Operands;NEUTRALITY;1
Operands;EU;20
Operands;LEGALLY;23
Operands;REWARD;5
Operands;ASPECTS;52
Operands;SECURITIZATION;1
Operands;OUTSTANDING;2
Operands;ACTING;7
Operands;SERVICING;1
Operands;INSURERS;1
Operands;INSURANCE;7
Operands;CONTINUOUS;4
Operands;PRESSING;4
Operands;CAUTION;9
Operands;SMALL;35
Operands;FREQUENTLY;11
Operands;FORMER;10
Operands;CATEGORIES;28
Operands;TECHNIQUES;14
Operands;EASILY;12
Operands;REASONS;46
Operands;MEDIAN;12
Operands;LOCATIONS;11
Operands;GOVERNMENTAL;3
Operands;ASIAN;5
Operands;CAREFUL;13
Operands;DISCLOSES;1
Operands;CENTRAL;22
Operands;SUCCESS;18
Operands;JURISDICTIONS;63
Operands;PROJECTED;18
Operands;MANNER;38
Operands;UNALLOCATED;2
Operands;DEMONSTRATE;13
Operands;OUTCOME;26
Operands;BEARING;19
Operands;EXTENDING;1
Operands;EXAMINE;13
Operands;KEY;107
Operands;DIVIDENDS;4
Operands;DISTRIBUTION;67
Operands;READILY;18
Operands;DATES;3
Operands;HOUSING;1
Operands;CREATION;31
Operands;UNDESIRABLE;1
Operands;GROUNDS;3
Operands;IMPACT;33
Operands;RISKADJUSTED;2
Operands;INSTRUMENT;4
Operands;EARLIER;15
Operands;REACH;10
Operands;UNDERSTANDING;58
Operands;QUESTIONS;20
Operands;TRANSFERS;26
Operands;CLASS;2
Operands;VERY;89
Operands;BEAR;32
Operands;77;2
Operands;76;3
Operands;75;9
Operands;INTANGIBLE;239
Operands;INCONSISTENT;9
Operands;70;6
Operands;78;1
Operands;LOWVALUE;2
Operands;QUALIFIES;2
Operands;SIMPLIFICATION;6
Operands;ENGAGED;35
Operands;QUALIFIED;9
Operands;ROLE;30
Operands;DISTRIBUTOR;80
Operands;ENGAGES;10
Operands;DISCLOSED;7
Operands;COLLECTING;5
Operands;JV;6
Operands;PARENTS;2
Operands;ASSET;29
Operands;TNMM;86
Operands;MATERIALLY;12
Operands;DEAL;50
Operands;DISCUSSION;30
Operands;MILLION;38
Operands;DESIRABLE;2
Operands;WITHDRAWAL;3
Operands;EMPLOYEE;8
Operands;EMPLOYED;34
Operands;METHOD;660
Operands;CREATED;24
Operands;PHYSICALLY;1
Operands;OWNS;15
Operands;OPERATES;22
Operands;COMPILE;4
Operands;PRACTICABLE;1
Operands;GUIDING;3
Operands;OPERATED;3
Operands;KNOWHOW;43
Operands;EXPERIENCE;77
Operands;DEFERRED;2
Operands;INCOME;173
Operands;BUYER;5
Operands;ALIGNMENT;2
Operands;FINANCING;12
Operands;GROUP;410
Operands;BRINGS;2
Operands;INTERLINKED;1
Operands;MANAGE;20
Operands;TIES;35
Operands;KOREA;10
Operands;RECONCILE;1
Operands;MARKUP;67
Operands;PLAYING;5
Operands;FRAMEWORK;31
Operands;DIFFICULTIES;21
Operands;SUBSEQUENTLY;7
Operands;EMPLOYEES;39
Operands;GOVERNMENTS;12
Operands;RISKTAKING;1
Operands;FUNDING;32
Operands;THEORY;6
Operands;PROMPTLY;3
Operands;PRIOR;17
Operands;MINOR;9
Operands;CONCENTRATED;3
Operands;EXPLORE;9
Operands;PURPOSE;29
Operands;INTENT;2
Operands;ANALYSING;1
Operands;CHECKS;8
Operands;ILLUSTRATING;2
Operands;RESOLVED;10
Operands;RESIDENCE;13
Operands;GLOBAL;79
Operands;BENEFICIARY;4
Operands;SENSITIVE;11
Operands;SUBSIDIARY;99
Operands;ELECTRONIC;23
Operands;CHARACTERISTICS;42
Operands;PERFORMING;55
Operands;COMMENCE;1
Operands;DISTRIBUTING;5
Operands;TRUSTEE;1
Operands;VALUABLE;53
Operands;OBSERVED;10
Operands;FAIRNESS;3
Operands;EXAMPLE;355
Operands;VOLATILITY;2
Operands;EARN;13
Operands;DIVERSITY;1
Operands;INTERCOMPANY;46
Operands;MANUAL;119
Operands;STRATEGY;43
Operands;INTERNAL;54
Operands;INNOVATION;3
Operands;PROBABLY;5
Operands;CONTRAST;6
Operands;TURNOVER;16
Operands;DELINEATE;4
Operands;ACQUIRE;12
Operands;10000;5
Operands;FINDINGS;4
Operands;NONOPERATING;1
Operands;RCO;9
Operands;SIMPLIFIED;18
Operands;SITUATION;57
Operands;TERM;43
Operands;OWN;75
Operands;FAR;19
Operands;ARISING;42
Operands;RESORT;8
Operands;BROKERS;1
Operands;INTEREST;83
Operands;9;58
Operands;RETAIN;10
Operands;RETAIL;7
Operands;DEFENCE;4
Operands;OCCASIONS;1
Operands;ROUGHLY;1
Operands;CONDUCT;43
Operands;AMORTIZATION;3
Operands;LIKELIHOOD;14
Operands;FISCAL;18
Operands;PLANT;14
Operands;PLANS;4
Operands;SCENARIO;19
Operands;ATTENTION;11
Operands;PARTS;22
Operands;OPERATING;206
Operands;IMPROVING;10
Operands;ADVANTAGES;57
Operands;RELIEVING;1
Operands;ADMINISTRATION;272
Operands;REGISTERED;11
Operands;OPPOSED;5
Operands;INTERNATIONAL;178
Operands;ORDER;126
Operands;TERMS;148
Operands;GAINS;4
Operands;OFFICERS;27
Operands;TURN;11
Operands;SWEDEN;1
Operands;NOTING;2
Operands;VALUATION;56
Operands;TYPES;69
Operands;GROWTH;14
Operands;RENEGOTIATION;8
Operands;APPROPRIATELY;17
Operands;COLLECT;5
Operands;AUTHORITY;93
Operands;FUTURE;56
Operands;FLUCTUATIONS;4
Operands;MAIN;47
Operands;REPATRIATION;1
Operands;MARGINAL;2
Operands;CONDUCTED;37
Operands;VARIATIONS;3
Operands;PERFORMED;142
Operands;JURISDICTIONAL;4
Operands;TECHNICALLY;4
Operands;PARENT;109
Operands;300;7
Operands;CONVENTIONAL;2
Operands;AFFILIATES;18
Operands;SUBJECTIVE;5
Operands;COMPETITORS;12
Operands;FOLLOW;24
Operands;GUIDE;16
Operands;PRESUMED;5
Operands;BUYERS;3
Operands;DISTRICT;2
Operands;DEVELOPED;141
Operands;ADJUSTMENTS;194
Operands;74;1
Operands;DISCUSSING;1
Operands;REPUTATIONAL;5
Operands;SUBSTANCE;25
Operands;PREPARE;34
Operands;INTERACTIONS;3
Operands;TECHNICAL;44
Operands;REFUNDED;1
Operands;SUFFICE;1
Operands;ACT;32
Operands;SERVICES;590
Operands;NEW;126
Operands;ENABLES;6
Operands;OPEN;14
Operands;PHARMACEUTICAL;16
Operands;PROLIFERATION;1
Operands;EASE;8
Operands;PARTNERSHIP;3
Operands;SALE;36
Operands;ESTABLISHMENTS;8
Operands;EASY;7
Operands;OUTLINED;12
Operands;HIGHLY;28
Operands;DOWNSIDE;4
Operands;STATEMENT;12
Operands;TYPICAL;13
Operands;PAYABLE;12
Operands;BOOK;4
Operands;OFFSHORE;12
Operands;SUBSTANTIALLY;8
Operands;SHORTTERM;5
Operands;EVIDENCE;42
Operands;SWITZERLAND;3
Operands;EXAMINATION;106
Operands;INCURRED;41
Operands;CLASSIFYING;1
Operands;LINKED;4
Operands;USERS;10
Operands;ACKNOWLEDGE;2
Operands;WELL;126
Operands;IGNORING;1
Operands;ROYALTY;35
Operands;OPERATION;30
Operands;SUFFICIENT;34
Operands;CONSULTS;1
Operands;STANDARDS;50
Operands;SPLIT;74
Operands;TIMING;11
Operands;INVESTMENTS;12
Operands;ESSENTIAL;23
Operands;DEVELOPMENT;216
Operands;BROADLY;24
Operands;NOTE;26
Operands;2000;2
Operands;RATIONALE;16
Operands;2008;14
Operands;2009;29
Operands;MAINTAINING;4
Operands;SIMPLER;5
Operands;STANDALONE;4
Operands;SANCTIONS;2
Operands;PERFORM;54
Operands;ENHANCED;7
Operands;RESEARCH;92
Operands;VIEWED;8
Operands;ENFORCEMENT;12
Operands;OUTBOUND;19
Operands;ADDRESSED;29
Operands;CRITICAL;26
Operands;RELEVANT;192
Operands;MEASURE;41
Operands;PERIOD;80
Operands;ECONOMIC;169
Operands;RELEVANCE;11
Operands;PREMIUM;16
Operands;EXPLANATION;13
Operands;STRUCTURED;8
Operands;ADEQUACY;1
Operands;RECOGNISED;3
Operands;DISCRETION;6
Operands;LAW;173
Operands;STRUCTURES;33
Operands;REALIZE;2
Operands;AREAS;44
Operands;NETHERLANDS;12
Operands;FOREIGN;123
Operands;DEFINED;44
Operands;BRINGING;2
Operands;ORIGINALLY;5
Operands;EXPLICIT;2
Operands;MATERIALITY;8
Operands;FEASIBLE;6
Operands;APPROPRIATE;244
Operands;PRODUCTS;154
Operands;LOCATION;75
Operands;MILITARY;1
Operands;STARTING;25
Operands;SPONSOR;1
Operands;REIMBURSEMENT;2
Operands;ESSENTIALLY;8
Operands;NECESSARILY;23
Operands;ROLLBACK;5
Operands;AGREED;47
Operands;RESPONSIBLE;29
Operands;ACCURATELY;19
Operands;HIGHRISK;3
Operands;PARAGRAPH;34
Operands;FIVE;39
Operands;TECHNOLOGY;66
Operands;INVESTMENT;54
Operands;COMPLETION;2
Operands;CBC;52
Operands;38;2
Operands;32;2
Operands;31;3
Operands;30;34
Operands;37;4
Operands;36;2
Operands;35;1
Operands;34;5
Operands;GROSS;174
Operands;FEATURES;24
Operands;BINDING;11
Operands;APPLICATION;146
Operands;LEVELS;36
Operands;HOME;2
Operands;PUBLICATION;2
Operands;CLARIFYING;3
Operands;POINT;49
Operands;SALARIES;5
Operands;WORDS;18
Operands;CONSULT;6
Operands;EXPECTED;160
Operands;UNIQUELY;2
Operands;HEDGING;1
Operands;WEIGHT;4
Operands;SUFFICIENTLY;22
Operands;SOLID;1
Operands;ALIGN;5
Operands;FULFILMENT;1
Operands;8;51
Operands;OBJECTIVE;28
Operands;EURO;2
Operands;LOSS;42
Operands;CONFIDENCE;8
Operands;RIGHTS;67
Operands;MARK;5
Operands;SECURITIES;6
Operands;CONSISTENTLY;6
Operands;UPDATES;7
Operands;ACCUMULATED;1
Operands;PAGE;4
Operands;ALP;10
Operands;OPERATIONS;101
Operands;750000;1
Operands;LINES;20
Operands;HOLDING;12
Operands;TRYING;3
Operands;INCOUNTRY;1
Operands;ACQUISITIONS;2
Operands;DIVERSIFICATION;1
Operands;UN;67
Operands;BECOME;24
Operands;MARGINS;133
Operands;REALLOCATED;1
Operands;NECESSARY;114
Operands;REMAINS;11
Operands;GUIDELINES;102
Operands;MULTILATERAL;19
Operands;LIQUIDITY;2
Operands;SHAREHOLDING;9
Operands;GENERATES;1
Operands;CHIEF;3
Operands;GENERATED;9
Operands;WIDESPREAD;5
Operands;CYCLES;7
Operands;BACKUP;6
Operands;REFUND;5
Operands;TRANSACTION;387
Operands;TAXING;25
Operands;CERTAINTY;40
Operands;ECONOMIES;30
Operands;132;1
Operands;VALID;3
Operands;137;1
Operands;USUALLY;74
Operands;ADEQUATELY;5
Operands;HELPFUL;19
Operands;CENTURY;5
Operands;FORESEEABLE;2
Operands;SMOOTH;1
Operands;DISCREPANCY;3
Operands;GOALS;7
Operands;ANSWER;6
Operands;INSUFFICIENT;7
Operands;2017;11
Operands;2016;20
Operands;2011;11
Operands;2010;16
Operands;FOUNDATION;1
Operands;LOOPHOLES;1
Operands;STRENGTHEN;3
Operands;COMPANIES;241
Operands;SEGMENTED;4
Operands;NUANCES;2
Operands;BURDEN;99
Operands;ROBUST;9
Operands;TICKET;5
Operands;BEPS;89
Operands;STOCK;12
Operands;REMOTE;1
Operands;ARBITRARINESS;1
Operands;LONGTERM;6
Operands;ORDINARILY;4
Operands;VARIATION;3
Operands;EFFECTS;22
Operands;ENTERPRISE;320
Operands;SERVED;2
Operands;INSPECTIONS;1
Operands;180;5
Operands;SCALE;24
Operands;EVASION;5
Operands;PRODUCES;4
Operands;PRODUCED;15
Operands;89;2
Operands;SHARES;16
Operands;CONTEXT;58
Operands;PRIVILEGE;7
Operands;80;4
Operands;84;1
Operands;WEBSITE;7
Operands;MANAGED;7
Operands;JOINT;26
Operands;NEXUS;2
Operands;BECOMES;17
Operands;FLOW;17
Operands;EFFICIENCIES;10
Operands;VERIFICATION;5
Operands;586;1
Operands;FORMULATED;1
Operands;RANGE;81
Operands;EXPECT;11
Operands;QUARTERLY;1
Operands;WITHHOLDING;2
Operands;ARRIVED;1
Operands;REGIONS;14
Operands;BENCHMARKING;17
Operands;TAXATION;202
Operands;319;1
Operands;PRACTICAL;106
Operands;POTENTIALLY;22
Operands;DECIDE;22
Operands;ALLOWANCES;1
Operands;STRENGTHS;12
Operands;ESTABLISHMENT;11
Operands;PHYSICAL;8
Operands;DIRECTED;4
Operands;RESALE;154
Operands;MANAGEMENT;102
Operands;ODDS;1
Operands;WORK;97
Operands;AMOUNTING;2
Operands;SPREAD;9
Operands;SUSTAINED;3
Operands;BEGINNING;10
Operands;AFFAIRS;5
Operands;PROTECT;11
Operands;INDONESIA;1
Operands;DUE;96
Operands;UNDERLYING;27
Operands;ADAPT;4
Operands;LIBOR;3
Operands;TERMINATION;18
Operands;EFFECTIVENESS;10
Operands;SELLING;19
Operands;TARGET;3
Operands;DISPOSAL;5
Operands;TACKLE;5
Operands;MATTER;23
Operands;PARTIES;248
Operands;REFINED;3
Operands;ADVISORY;7
Operands;PROCESSES;42
Operands;STATEMENTS;35
Operands;NETWORK;14
Operands;STATES;30
Operands;FEE;18
Operands;REALIZED;16
Operands;INVESTORS;9
Operands;MANAGING;11
Operands;RELIABLE;103
Operands;ENTITIES;111
Operands;MITIGATED;4
Operands;RELIABLY;5
Operands;TWOSTEP;2
Operands;CREDITS;1
Operands;EXTERNALLY;2
Operands;QUOTED;16
Operands;JURISDICTION;75
Operands;STRESS;1
Operands;QUALIFICATION;4
Operands;FORWARD;8
Operands;POOL;12
Operands;GEOGRAPHIC;24
Operands;URUGUAY;1
Operands;ACHIEVED;29
Operands;LICENSEE;3
Operands;LICENSED;7
Operands;ACHIEVES;1
Operands;LIKELY;68
Operands;SCOPE;21
Operands;WIDE;15
Operands;ACCRUED;4
Operands;BEST;51
Operands;GLOBE;2
Operands;STELON;12
Operands;ACTIVITY;80
Operands;RETAINING;5
Operands;NATURAL;7
Operands;HISTORICAL;3
Operands;SECTORS;20
Operands;FACILITY;2
Operands;TREATYBASED;2
Operands;120;7
Operands;123;1
Operands;125;13
Operands;DEBT;19
Operands;INDEPENDENT;205
Operands;WELCOME;3
Operands;ACTIONS;51
Operands;REFLECT;62
Operands;ITEM;10
Operands;130;1
Operands;YIELDS;2
Operands;EXEMPTIONS;5
Operands;ENSURES;4
Operands;CONSOLIDATED;17
Operands;INITIAL;39
Operands;MODIFY;4
Operands;DIRECT;69
Operands;LEAVE;7
Operands;RATE;81
Operands;LISTING;1
Operands;FORMULA;13
Operands;MEASURING;3
Operands;ERRORS;3
Operands;INTRODUCTION;29
Operands;LIABILITY;17
Operands;ALLOWANCE;1
Operands;APPROACH;199
Operands;FACED;11
Operands;INCURS;7
Operands;ORIGINATED;2
Operands;ITEMS;17
Operands;REASON;25
Operands;DISPUTES;75
Operands;OPTIONAL;3
Operands;UNIT;98
Operands;DISPUTE;96
Operands;CATEGORY;38
Operands;INITIALLY;13
Operands;FLUCTUATE;1
Operands;YEAR;128
Operands;OBTAINING;12
Operands;PURCHASING;12
Operands;DIVERSE;2
Operands;PREMISE;1
Operands;REALISED;3
Operands;IP;10
Operands;TITLE;8
Operands;PERHAPS;20
Operands;ORGANISATIONS;1
Operands;SOLVENCY;1
Operands;EVALUATION;25
Operands;GOVERNANCE;4
Operands;QUANTUM;9
Operands;SOCALLED;12
Operands;EXCHANGE;51
Operands;SUCCESSFULLY;15
Operands;DISTRIBUTED;6
Operands;460;1
Operands;FREE;14
Operands;STANDARD;44
Operands;STATE;30
Operands;INVENTORY;36
Operands;PROVIDING;79
Operands;ABUSIVE;5
Operands;BENEFIT;155
Operands;LEADS;4
Operands;OECD;184
Operands;BURDENSOME;6
Operands;MEMBERS;103
Operands;STRATEGIES;47
Operands;SUGGESTED;12
Operands;PRESUMPTION;2
Operands;WEIGHTED;6
Operands;ASPECT;20
Operands;AGENCIES;10
Operands;TYPICALLY;70
Operands;DIFFICULT;88
Operands;SUPPLEMENTARY;3
Operands;CONCEPTUALLY;1
Operands;LOWRISK;1
Operands;INDIA;74
Operands;QUALIFY;7
Operands;COUNCIL;6
Operands;PERFECT;4
Operands;INPUTS;16
Operands;WHOLESALE;7
Operands;AMORTISATION;1
Operands;GLOBALIZATION;6
Operands;INABILITY;1
Operands;EARNED;36
Operands;TRANSFER;1560
Operands;YEARS;145
Operands;46;4
Operands;47;1
Operands;CONTINUED;9
Operands;INTERMEDIARY;13
Operands;CONCLUSION;15
Operands;WARRANTY;6
Operands;LICENSE;15
Operands;TOOL;7
Operands;PILLARS;1
Operands;CONSISTENCY;35
Operands;INTRODUCING;8
Operands;STRENGTH;4
Operands;MANUFACTURED;7
Operands;SEPTEMBER;6
Operands;SUPPORTED;9
Operands;TRADEOFF;2
Operands;RESPONSIBILITIES;15
Operands;HUMAN;44
Operands;FACTS;90
Operands;280;1
Operands;ILLUSTRATE;6
Operands;EASIEST;1
Operands;PROVE;14
Operands;CLEAR;46
Operands;ENGAGING;11
Operands;OVERRIDE;1
Operands;PLANNING;19
Operands;POOLS;1
Operands;PARTY;424
Operands;RECEIVING;20
Operands;TRANSFEROR;2
Operands;RESOURCES;150
Operands;EXPERIENCED;18
Operands;PRESSURES;2
Operands;LATE;10
Operands;MATTERS;35
Operands;LENGTH;688
Operands;EXPERIENCES;10
Operands;MODIFICATION;7
Operands;SOUND;9
Operands;ADVANCE;55
Operands;CHALLENGE;29
Operands;DISCUSSED;53
Operands;ACCEPT;13
Operands;ADMINISTER;8
Operands;DEVELOPS;5
Operands;110;10
Operands;REPORT;130
Operands;DISCUSSES;11
Operands;CONSIDERABLE;7
Operands;CENTER;2
Operands;LANGUAGE;24
Operands;SETTLEMENTS;7
Operands;REBATE;1
Operands;BENCHMARKS;1
Operands;CONVENTION;44
Operands;MANUFACTURING;122
Operands;STAGE;33
Operands;FRAUD;2
Operands;DISTRIBUTORS;41
Operands;FUNCTIONAL;147
Operands;SUBPARAGRAPHS;1
Operands;HARMONISATION;1
Operands;NIGERIA;4
Operands;DISADVANTAGES;18
Operands;CLAIMING;3
Operands;US;16
Operands;REPUTATION;4
Operands;LISTED;25
Operands;UK;2
Operands;ACCOUNT;119
Operands;OPTION;39
Operands;DEFAULT;6
Operands;PURPOSES;115
Operands;REPORTS;51
Operands;BROKEN;3
Operands;VENTURE;8
Operands;ILLUSTRATIONS;1
Operands;BRAZIL;33
Operands;BUSINESS;385
Operands;DIAGRAM;4
Operands;CLOSE;12
Operands;SCHEME;8
Operands;AGAIN;6
Operands;CUT;1
Operands;RECENTLY;9
Operands;RECEIVE;30
Operands;WEAK;4
Operands;DESIGNING;9
Operands;WORDING;1
Operands;TRANSITION;4
Operands;ABLE;87
Operands;ANALYSIS;414
Operands;FAILURE;17
Operands;VIETNAM;1
Operands;INCUR;7
Operands;BELGIUM;1
Operands;USING;103
Operands;DISCLOSURE;16
Operands;GROUPS;46
Operands;RETROSPECTIVE;1
Operands;49;1
Operands;RULES;222
Operands;EXPERIENCING;1
Operands;44;1
Operands;42;7
Operands;43;1
Operands;40;13
Operands;PERIODIC;4
Operands;CONTROVERSIAL;4
Operands;EQUITY;28
Operands;RESOLUTION;84
Operands;CHILE;2
Operands;GRIEVANCES;1
Operands;PLAN;20
Operands;LOCAL;155
Operands;RESELL;2
Operands;SELL;7
Operands;DETERMINANTS;1
Operands;DESCRIPTION;34
Operands;MNES;156
Operands;FEASIBILITY;1
Operands;BECAME;7
Operands;ADMINISTERED;2
Operands;HIGHEST;4
Operands;PRINCIPAL;40
Other;;6778
Other;SIS;10
Other;EVERYONE;2
Other;WHOSE;20
Other;LATER;24
Other;LATED;5
Other;AMONG;51
Other;BETWEEN;492
Other;MANY;169
Other;TAX;1352
Other;APPLICABLE;56
Other;0;18
Other;MUCH;32
Other;AVAILA;9
Other;INTANGI;27
Other;P;44
Other;APPLICA;12
Other;SIMILAR;149
Other;ASSO;19
Other;MAY;1308
Other;XYZ;5
Other;WILL;516
Other;PERSON;18
Other;CERTAIN;147
Other;UPON;77
Other;NESS;21
Other;CIAT;14
Other;DRAWING;2
Other;WHAT;102
Other;ANALY;10
Other;TIONSHIP;3
Other;UNION;3
Other;ACTIVI;9
Other;UNDER;298
Other;BLE;73
Other;100;74
Other;COMMENCE;1
Other;GIVING;10
Other;STELONRELATED;1
Other;NOT;903
Other;ING;300
Other;MY;1
Other;GLOBE;2
Other;SHE;1
Other;VERSUS;7
Other;CIATED;18
Other;WHATEVER;2
Other;TROLLED;21
Other;BEYOND;13
Other;DOING;19
Other;WHO;68
Other;AMONGST;6
Other;6;51
Other;OUT;159
Other;ATED;31
Other;EXPENSES;159
Other;VARIOUS;79
Other;ABOVE;136
Other;V;4
Other;ALL;247
Other;WHENEVER;3
Other;WHICHEVER;2
Other;CONNECTED;10
Other;MAKING;58
Other;CATION;22
Other;DEDUCTIONS;8
Other;YSIS;15
Other;CAN;459
Other;NEITHER;14
Other;HIS;8
Other;ORGANISATION;3
Other;INCIDENTAL;13
Other;ONE;251
Other;1;231
Other;POTEN;12
Other;TURING;10
Other;GIVES;9
Other;III;19
Other;A;4058
Other;WOULD;386
Other;PARTIC;9
Other;AGAINST;37
Other;DOCU;21
Other;OTHER;603
Other;WANTING;1
Other;OWNERS;5
Other;MAKE;110
Other;SAME;178
Other;PROPORTIONATE;15
Other;LESS;111
Other;FOLLOWS;42
Other;ITSELF;52
Other;DURING;51
Other;WITH;1264
Other;OUGHT;4
Other;24;11
Other;25;43
Other;COMMODI;1
Other;PRO;16
Other;EXCEPT;6
Other;VIDE;3
Other;RELI;4
Other;EVERY;30
Other;RELA;11
Other;2010;16
Other;SUBPARAGRAPH;2
Other;METHODAPPROACH;1
Other;FAMILY;1
Other;L;2
Other;BASE;79
Other;WAS;164
Other;OVERCOM;2
Other;TRANS;114
Other;VIA;2
Other;SAVE;3
Other;CHAPTER;179
Other;COMMENCING;1
Other;SAVING;5
Other;SOME;334
Other;FOUR;12
Other;EACH;215
Other;DONE;30
Other;FOLLOWING;153
Other;SEVERAL;52
Other;MADE;170
Other;REQUIRED;168
Other;WHEREVER;5
Other;RESIDENT;33
Other;ARTICLE;95
Other;AROUND;23
Other;EG;119
Other;MANUFAC;12
Other;WITHOUT;72
Other;EX;69
Other;EU;20
Other;ADJUSTMENT;134
Other;C2;7
Other;ANYTHING;1
Other;PROP;13
Other;THROUGH;180
Other;PROF;7
Other;INTAN;24
Other;AVAIL;8
Other;ERTY;11
Other;MIGHT;96
Other;FICULTY;1
Other;SEE;133
Other;2;195
Other;ONCE;33
Other;PLUS;138
Other;B;1224
Other;OPPOSITE;2
Other;HERE;15
Other;ASSOCI;30
Other;BILITY;12
Other;TOWARDS;15
Other;SPECIFI;1
Other;BUTIONS;8
Other;ITS;488
Other;DIJK;1
Other;DO;91
Other;AGO;2
Other;MULA;1
Other;OUTSIDE;28
Other;CONSID;15
Other;THROUGHOUT;4
Other;BOTH;169
Other;SOMEONE;1
Other;CUP;95
Other;DISTRIBUTIONS;1
Other;INDIRECTLY;9
Other;EXCLUDING;3
Other;INTO;246
Other;M;9
Other;THEIR;374
Other;75;10
Other;RECOMMENDATIONS;15
Other;FROM;750
Other;RABLE;12
Other;CALCU;5
Other;ENOUGH;11
Other;NOTHING;6
Other;D4;2
Other;WE;2
Other;MUST;143
Other;PENSATION;1
Other;PENALTIES;19
Other;GENERAL;140
Other;BUSI;23
Other;OFF;9
Other;CONSIDER;84
Other;10;64
Other;COULD;128
Other;HAD;32
Other;BACK;9
Other;PAST;16
Other;12;18
Other;THE;14655
Other;HAS;516
Other;WHERE;329
Other;VALU;7
Other;THIS;928
Other;INCOME;173
Other;ANAL;15
Other;CATIONS;2
Other;RATA;3
Other;SUCH;750
Other;PENDING;3
Other;IDENTICAL;10
Other;NONE;2
Other;GET;6
Other;BEING;151
Other;FORTH;13
Other;MINUS;14
Other;PRISES;27
Other;3;192
Other;C;630
Other;FOR;2358
Other;PARTIES;248
Other;FUNC;33
Other;WHOLE;27
Other;UNTIL;7
Other;PROVIDED;183
Other;SHALL;12
Other;TAKING;57
Other;BEEN;270
Other;CHARAC;3
Other;METHOD53;1
Other;ALONG;20
Other;ANY;227
Other;ZEALAND;1
Other;THEM;85
Other;PAYER;4
Other;GIVE;28
Other;THESE;372
Other;FEWER;5
Other;ETC;97
Other;TRANSAC;46
Other;THEY;275
Other;MAKES;19
Other;CON;13
Other;CASE;272
Other;RELATED;345
Other;WHOM;4
Other;WERE;93
Other;C3;2
Other;RELATES;18
Other;C1;12
Other;ACROSS;36
Other;C4;4
Other;DE;10
Other;HER;2
Other;STANDARD;44
Other;TICULAR;2
Other;PARAGRAPHS;16
Other;COME;15
Other;COMPA;49
Other;ARGUABLY;3
Other;ERING;1
Other;MORE;398
Other;GIVEN;81
Other;DID;11
Other;DIF;5
Other;TIAL;12
Other;TURNOVER;16
Other;RELATING;69
Other;GUID;10
Other;TAKES;21
Other;ABSENT;1
Other;LITTLE;14
Other;CALCULATION;21
Other;ANOTHER;104
Other;9;59
Other;I;35
Other;IS;2677
Other;FAILING;6
Other;IT;1126
Other;IV;11
Other;II;35
Other;BELOW;99
Other;IN;4502
Other;Y;27
Other;IE;116
Other;FUNDS;12
Other;ARE;1405
Other;TOWARD;3
Other;HAVING;49
Other;BE;2441
Other;THAT;1986
Other;OVER;113
Other;WITHIN;172
Other;THREE;43
Other;PART;155
Other;HAVE;604
Other;TIVE;36
Other;BY;1268
Other;EVERYTHING;1
Other;ALLO;7
Other;BEHIND;3
Other;INAP;3
Other;4;107
Other;THEMSELVES;13
Other;XYZASIA;4
Other;D;468
Other;JVS;2
Other;PER;38
Other;WHICH;665
Other;TAKEN;87
Other;ON;1459
Other;OF;7332
Other;56;1
Other;TURES;5
Other;50;42
Other;DOES;130
Other;B1;62
Other;B2;43
Other;TION;199
Other;PAYMENT;70
Other;THOSE;187
Other;ABOUT;59
Other;ASIDE;3
Other;DOWN;7
Other;IPATING;1
Other;PRINCIPLE;242
Other;REPORT;130
Other;HE;1
Other;ALONGSIDE;3
Other;TIONS;104
Other;/;7
Other;SOMETHING;8
Other;UNCON;19
Other;YOUR;2
Other;?;11
Other;RESTRICTION;1
Other;UP;76
Other;US;16
Other;PURPOSES;115
Other;CHAPTERS;21
Other;WHILST;12
Other;GRANTS;1
Other;MODEL;98
Other;CONTRIBU;10
Other;REFERENCE;20
Other;NO;163
Other;TERISTICS;3
Other;AVER;3
Other;CONTRI;11
Other;GAVE;2
Other;INTANGIBLE51;1
Other;MINE;13
Other;FEW;18
Other;COSTS;305
Other;FER;66
Other;APPLY;104
Other;Z;16
Other;THEREOF;7
Other;SHOULD;624
Other;PROPRIATE;2
Other;TOOK;4
Other;WHETHER;231
Other;TWO;140
Other;SEEN;25
Other;THAN;228
Other;GIBLE;12
Other;WHEN;240
Other;40;14
Other;A1;8
Other;TO;5675
Other;A3;1
Other;A2;1
Other;5;112
Other;E;12
Other;RESPECTING;2
Other;THERE;339
Other;GENERALLY;139
Other;AN;1404
Other;MOST;198
Other;MENTATION;17
Other;AT;530
Other;REGIME;63
Other;UNLIKE;3
Other;INSIDE;3
Other;ANCE;19
Other;TAKE;90
Unclassified;CONSIDERING;31
Unclassified;CONSIDERATIONS;36
Unclassified;CHOSEN;6
Unclassified;APPEAR;6
Unclassified;CONSIDERED;130
Unclassified;CHANGED;7
Unclassified;LOOKS;7
Unclassified;AIMS;8
Unclassified;CHOICE;19
Unclassified;LOOKING;11
Unclassified;APPEARS;7
Unclassified;CHOOSE;16
Unclassified;CHOOSING;1
Unclassified;CHANGING;3
Unclassified;X;61
Unclassified;CONSIDERATION;80
Unclassified;CHANGES;43
Unclassified;CONSIDERS;24
Unclassified;CHANGE;18
Unclassified;AIMED;4
