Operators;RATIO;72
Operators;RESIDUAL;254
Operators;ADOPTED;6
Operators;NAMELY;5
Operators;FALL;17
Operators;ENFORCEMENT;5
Operators;ADDITIONAL;82
Operators;IMPLEMENTATION;83
Operators;INVOLVED;11
Operators;CASES;47
Operators;DEDUCTIBLE;1
Operators;INVOLVES;9
Operators;DEFINE;12
Operators;ANYWAY;3
Operators;LEAST;32
Operators;COMPARABILITY;14
Operators;ASSESS;62
Operators;ASSESSED;9
Operators;SIMILAR;91
Operators;MAY;204
Operators;AVERAGING;1
Operators;DIFFERENCES;31
Operators;INSTANCE;8
Operators;ONLY;185
Operators;ELIMINATION;2
Operators;CONCERN;4
Operators;ESTABLISHED;3
Operators;THRESHOLDS;31
Operators;NUMERATOR;2
Operators;ESTABLISHES;1
Operators;CALCULATE;1
Operators;PREVENT;2
Operators;ENSURING;5
Operators;COMPARED;75
Operators;ASSUME;25
Operators;+;4
Operators;BELONG;2
Operators;COMPARES;2
Operators;COMBINED;33
Operators;NOTWITHSTANDING;8
Operators;ENSURE;50
Operators;INCORPORATING;1
Operators;DEFINES;1
Operators;DECLINE;8
Operators;AND/OR;12
Operators;FULLY;24
Operators;EQUALS;4
Operators;RESULT;78
Operators;COVERED;47
Operators;BRIEFLY;1
Operators;EXTRA;2
Operators;NEVERTHELESS;12
Operators;APPROXIMATION;11
Operators;ASSUMPTIONS;103
Operators;DETERMINATION;2
Operators;MINIMISE;3
Operators;NOT;465
Operators;QUANTITATIVE;9
Operators;NOR;6
Operators;RAISE;11
Operators;AGGREGATES;7
Operators;HOWEVER;106
Operators;PORTION;3
Operators;IDENTIFY;39
Operators;AGGREGATED;61
Operators;LIMITATIONS;44
Operators;DEFINITION;21
Operators;KEPT;5
Operators;LACKING;1
Operators;&;63
Operators;INVOLVING;14
Operators;CALIBRATE;1
Operators;SETS;2
Operators;WHY;14
Operators;DIFFERENT;112
Operators;DETERMINING;3
Operators;AVERAGE;223
Operators;ALLOWED;4
Operators;THUS;42
Operators;CANNOT;27
Operators;EVEN;67
Operators;CORRESPONDING;56
Operators;LIKE;6
Operators;DEDUCTIONS;2
Operators;SEPARATELY;3
Operators;SO;18
Operators;CIRCUMSTANCES;3
Operators;REFLECTS;10
Operators;EXCEPTION;12
Operators;RELATIONSHIP;46
Operators;TOP;9
Operators;CAP;1
Operators;SINGLE;7
Operators;WILLING;1
Operators;TOO;4
Operators;DIFFERENTIALS;77
Operators;ESTIMATES;210
Operators;TOGETHER;16
Operators;COMPUTATION;6
Operators;FURTHER;72
Operators;ESTIMATED;111
Operators;COMPUTED;96
Operators;ASSUMED;110
Operators;COMPUTES;1
Operators;REFERS;7
Operators;ASSUMES;22
Operators;COMPARE;7
Operators;OVERALL;110
Operators;NEGATIVE;53
Operators;SAME;102
Operators;INSTANCES;2
Operators;GAPS;11
Operators;MULTIPLE;1
Operators;INTENDED;11
Operators;CONSIST;3
Operators;SEPARATE;6
Operators;SEEMS;13
Operators;ALLOCATION;42
Operators;DUPLICATE;2
Operators;LIMIT;9
Operators;ALTHOUGH;32
Operators;PRE;2
Operators;DETERMINES;1
Operators;MEASURED;21
Operators;CORRESPOND;26
Operators;BENCHMARKED;2
Operators;DETERMINED;17
Operators;COMPARATIVE;3
Operators;PERCENTAGE;114
Operators;TOTAL;241
Operators;CONDITIONS;10
Operators;RESTRICTIONS;15
Operators;EXEMPTION;5
Operators;SIMILARLY;5
Operators;RETURNS;20
Operators;SHIFTING;282
Operators;HENCE;3
Operators;FIRST;80
Operators;BECAUSE;56
Operators;COMBINATION;20
Operators;ADDITION;58
Operators;CONTAINS;43
Operators;REGULATIONS;7
Operators;EXIST;1
Operators;EITHER;22
Operators;APART;1
Operators;EXCEEDS;6
Operators;COUNTING;16
Operators;RELATIVELY;97
Operators;MULTIPLYING;2
Operators;REQUIRED;22
Operators;FALLS;8
Operators;MINIMUM;233
Operators;REQUIRES;8
Operators;APPLIED;36
Operators;UNLESS;1
Operators;PERCENTAGES;10
Operators;EG;196
Operators;MITIGATE;2
Operators;EX;11
Operators;APPLIES;10
Operators;POST;6
Operators;TREATED;1
Operators;THEREIN;1
Operators;GRANTING;1
Operators;QUANTIFY;9
Operators;AGGREGATION;13
Operators;EVALUATING;2
Operators;LAGGED;1
Operators;WHEREBY;1
Operators;ALTERNATIVELY;2
Operators;TREATMENT;14
Operators;OTHERWISE;12
Operators;SET;38
Operators;RATIOS;6
Operators;ALLOCABLE;4
Operators;INCREASE;185
Operators;INDICATE;8
Operators;SWITCH;3
Operators;DIFFERS;5
Operators;STILL;37
Operators;EXCEED;4
Operators;ENTAIL;5
Operators;SINCE;58
Operators;DIFFERENCE;24
Operators;SPECIFICITIES;1
Operators;PREVIOUS;20
Operators;REPRESENT;36
Operators;IMPLEMENTED;27
Operators;SPECIFICALLY;16
Operators;INCORPORATION;1
Operators;EXEMPT;3
Operators;DEEMED;35
Operators;PARTICULARLY;17
Operators;DEPENDING;28
Operators;SHIFT;28
Operators;GRANTED;5
Operators;RAISED;6
Operators;IMPLEMENTING;13
Operators;APPROVED;3
Operators;SHIFTED;88
Operators;DEPEND;53
Operators;TESTING;1
Operators;ALLOCATE;12
Operators;AGGREGATE;66
Operators;=;16
Operators;DIVISION;2
Operators;KEEPING;5
Operators;RULE;50
Operators;NONETHELESS;6
Operators;INCLUDES;26
Operators;SMALLER;37
Operators;RELATION;7
Operators;RECOMMENDATIONS;2
Operators;INCLUDED;77
Operators;APPLYING;19
Operators;DEFINED;64
Operators;TEST;6
Operators;PERMITTED;1
Operators;INDICATOR;12
Operators;LACK;24
Operators;COMPARING;7
Operators;WANT;1
Operators;DEFINITIONS;9
Operators;CONFIRMS;2
Operators;ABSOLUTE;12
Operators;LIMITS;2
Operators;ALLOCATES;2
Operators;NEXT;14
Operators;INVOLVE;9
Operators;EXTRACTION;1
Operators;DETERMINE;11
Operators;ASSUMING;73
Operators;ALLOCATED;25
Operators;CONSEQUENTLY;3
Operators;ADJUSTED;24
Operators;FLOOR;3
Operators;COMPLEMENT;4
Operators;RELATIVE;41
Operators;COMPRISES;7
Operators;SETTING;15
Operators;DIFFERENTLY;6
Operators;REPRESENTS;15
Operators;AFTER;56
Operators;ALLOWS;8
Operators;REFLECTED;1
Operators;ACTUALLY;3
Operators;INCLUDING;129
Operators;COMBINE;10
Operators;YET;12
Operators;EXEMPTIONS;6
Operators;ENSURES;12
Operators;RETURN;42
Operators;REVERSE;2
Operators;PREVIOUSLY;7
Operators;DIFFERENTIATION;2
Operators;REQUIRE;12
Operators;EXISTING;43
Operators;DECREASE;14
Operators;EXCESS;8
Operators;INCLUSION;29
Operators;BUT;150
Operators;NOTABLY;13
Operators;FRACTION;5
Operators;RESPECTIVELY;13
Operators;INDICATORS;11
Operators;MEET;1
Operators;THEREFORE;61
Operators;INCREASING;51
Operators;DEFINING;3
Operators;IMPOSED;9
Operators;FOR;1070
Operators;EQUIVALENT;1
Operators;COMBINATIONS;4
Operators;IMPLEMENT;16
Operators;WHOLE;14
Operators;AND;3073
Operators;SELECTION;1
Operators;SHALL;3
Operators;POSITIVE;68
Operators;ATTRIBUTED;4
Operators;EXCLUDED;14
Operators;FACTOR;20
Operators;REFERRED;3
Operators;THEN;24
Operators;ASSOCIATED;29
Operators;FURTHERMORE;7
Operators;ETC;3
Operators;ELIMINATE;10
Operators;SEPARATING;1
Operators;DISTINCTION;5
Operators;DISTINGUISHED;3
Operators;CASE;122
Operators;LIMITATION;15
Operators;COMPUTING;18
Operators;RATHER;41
Operators;IDENTIFIED;29
Operators;WERE;45
Operators;EXCEPTIONS;1
Operators;APPLY;25
Operators;CLOSER;3
Operators;NEEDS;13
Operators;FACTORS;41
Operators;DIVIDED;15
Operators;COVER;11
Operators;SECOND;55
Operators;MOREOVER;7
Operators;WAS;87
Operators;ENFORCE;1
Operators;INCORPORATE;1
Operators;RESULTS;261
Operators;ASSUMPTION;79
Operators;DESPITE;4
Operators;ENTIRELY;1
Operators;LOWER;134
Operators;CONSEQUENCE;7
Operators;INTEGRATE;2
Operators;THEREBY;7
Operators;MEANS;9
Operators;CALCULATION;13
Operators;GAP;3
Operators;ELIMINATING;11
Operators;EXCLUDE;29
Operators;SUITABLE;1
Operators;ASSESSMENT;57
Operators;MEAN;3
Operators;WHEREAS;1
Operators;ACCORDING;13
Operators;ALLOW;11
Operators;ESTIMATE;47
Operators;IE;210
Operators;IF;140
Operators;REQUIREMENTS;5
Operators;ALWAYS;12
Operators;SHIFTS;1
Operators;ADOPTION;5
Operators;SELECTED;6
Operators;THOUGH;8
Operators;APPROXIMATE;6
Operators;TESTED;3
Operators;REGULATORY;9
Operators;ELIMINATED;10
Operators;SUBTRACT;1
Operators;DIFFER;15
Operators;UNIQUE;2
Operators;CLOSEST;5
Operators;COMPUTATIONS;1
Operators;DERIVED;13
Operators;SPECIFIC;42
Operators;THRESHOLD;195
Operators;REFER;5
Operators;DISTINGUISHES;1
Operators;MULTIPLIED;9
Operators;COMPARABLE;11
Operators;ASSESSING;13
Operators;COMPUTE;16
Operators;INDEED;29
Operators;REDUCES;9
Operators;ADOPT;4
Operators;REQUEST;6
Operators;ACCORDINGLY;1
Operators;BALANCE;12
Operators;REDUCED;66
Operators;BEFORE;60
Operators;LIMITED;33
Operators;DERIVE;1
Operators;ESPECIALLY;28
Operators;DOUBLE;63
Operators;ESTABLISH;4
Operators;APPORTIONED;1
Operators;CORRESPONDS;30
Operators;LIMITING;3
Operators;NEEDED;4
Operators;SPECIFIED;1
Operators;RESPECT;13
Operators;ALTERNATIVE;73
Operators;OR;425
Operators;PARTIALLY;4
Operators;IMPOSE;5
Operators;RELATE;6
Operators;REGARDING;17
Operators;ALLOWING;8
Operators;ADDING;7
Operators;ADDED;16
Operators;SELECTING;5
Operators;IRRESPECTIVE;3
Operators;INTEGRATED;1
Operators;AFTERWARDS;2
Operators;CONFIRM;4
Operators;RESPECTIVE;14
Operators;PROPORTIONALLY;2
Operators;QUANTIFICATION;2
Operators;CONTAINED;3
Operators;INSTEAD;33
Operators;INCLUDE;42
Operators;MANDATED;1
Operators;SUBTRACTED;4
Operators;INCLUSIVE;93
Operators;REMOVES;1
Operators;REMOVE;1
Operators;INTRA;1
Operators;REFLECTING;66
Operators;INCORPORATED;2
Operators;REPRESENTED;4
Operators;STRICTER;3
Operators;SUBJECT;103
Operators;CONFIRMED;2
Operators;EVALUATE;2
Operators;SUM;14
Operators;STOP;1
Operators;EVALUATED;3
Operators;WHILE;178
Operators;REFERENCES;6
Operators;NET;32
Operators;EQUALLY;2
Operators;MANDATORY;1
Operators;EXCEPTIONAL;2
Operators;CALCULATED;5
Operators;*;6
Operators;DEPENDS;23
Operators;CONCERNS;12
Operators;CONTRARY;6
Operators;PROXY;71
Operators;RESULTED;2
Operators;IMPLIES;19
Operators;MAXIMUM;5
Operators;EXCLUSIVELY;10
Operators;DISTINGUISH;7
Operators;ADD;2
Operators;OTHERS;15
Operators;NEED;19
Operators;REDUCING;24
Operators;GREATER;32
Operators;PROPORTION;14
Operators;ADJUST;3
Operators;IDENTIFICATION;12
Operators;EXCLUSION;3
Operators;IDENTIFYING;23
Operators;REDUCTIONS;5
Operators;LIKEWISE;1
Operators;EQUAL;21
Operators;RESULTING;24
Operators;COMPARISONS;2
Operators;SEEM;6
Operators;COUNTED;2
Operators;MINIMAL;2
Operators;ENTIRE;1
Operators;ALSO;205
Operators;CONCERNING;5
Operators;REGARDLESS;12
Operators;QUANTIFIED;1
Operators;HOW;31
Operators;AS;985
Operators;NEARLY;2
Operators;APPROXIMATED;8
Operators;OUTWEIGH;3
Operators;DETERMINANTS;1
Operators;INCREASES;69
Operators;CALCULATIONS;78
Operators;COMBINING;14
Operators;SUBTRACTING;3
Operands;LENGTHY;1
Operands;POSITIONS;50
Operands;AGE;3
Operands;UNCERTAINTY;107
Operands;ENVIRONMENT;21
Operands;EFFICIENCY;28
Operands;DEMAND;16
Operands;ACQUIRING;1
Operands;ENGAGE;13
Operands;IMPERFECT;5
Operands;BASELINE;68
Operands;PATENT;8
Operands;INSPECTION;2
Operands;EXPLAIN;1
Operands;NATURE;27
Operands;TAXES;107
Operands;HAND;6
Operands;CURRENT;27
Operands;TAXED;47
Operands;MAP;13
Operands;ASSETS;172
Operands;BRAND;1
Operands;ANNUAL;9
Operands;PRIMARY;14
Operands;FRANCE;34
Operands;STABILITY;1
Operands;SUFFICIENTLY;14
Operands;VALUES;57
Operands;PROPERTY;12
Operands;THANKS;4
Operands;INTELLECTUAL;5
Operands;FIGURES;16
Operands;INNOVATIVE;13
Operands;COMPLIANCE;59
Operands;BEHAVIOUR;24
Operands;COMMON;8
Operands;UNDERTAKE;1
Operands;STANDARDISED;2
Operands;PROPOSAL;5
Operands;CLEARLY;5
Operands;ADDRESSING;1
Operands;PARIS;35
Operands;SOLD;4
Operands;APPEALING;1
Operands;SYSTEMS;11
Operands;ACTIVE;4
Operands;ACCOUNTING;18
Operands;105;29
Operands;CARRYFORWARD;18
Operands;PREPARATION;2
Operands;CONTROLS;1
Operands;PUBLIC;76
Operands;SELLS;3
Operands;INTRODUCED;15
Operands;DETAILED;47
Operands;MEXICO;9
Operands;NOMINAL;5
Operands;DOCUMENTED;2
Operands;ANTICIPATED;2
Operands;METHODS;6
Operands;MEMBER;4
Operands;TAXABLE;4
Operands;TABLE;268
Operands;GOODS;21
Operands;ITALY;14
Operands;CONCLUSIONS;1
Operands;INCENTIVES;157
Operands;EXPENSES;25
Operands;98;2
Operands;BERMUDA;3
Operands;UNITS;1
Operands;90;13
Operands;94;3
Operands;EVALUATION;12
Operands;EARLY;3
Operands;EXPENDITURE;15
Operands;WIDELY;9
Operands;NOTICE;3
Operands;554;1
Operands;PARAMETERS;32
Operands;IIR;65
Operands;SEGMENTS;1
Operands;TRANSACTIONS;15
Operands;SINGAPORE;4
Operands;COMPETITION;78
Operands;DISCRETE;1
Operands;REACHED;11
Operands;LOANS;1
Operands;FORM;30
Operands;DIGITALISED;11
Operands;EXAMINED;1
Operands;ANTE;10
Operands;FOUND;26
Operands;PASSIVE;3
Operands;GUINEA;4
Operands;CFB;150
Operands;SALES;204
Operands;REFORMS;14
Operands;CONTRIBUTION;5
Operands;1000;2
Operands;FUNCTIONS;11
Operands;UNILATERAL;25
Operands;CHALLENGES;59
Operands;AGENTS;4
Operands;JUSTIFIED;2
Operands;SUFFER;4
Operands;ECONOMY;77
Operands;HEAVY;1
Operands;PARTNERS;2
Operands;RELY;18
Operands;SOURCED;20
Operands;INFORM;4
Operands;INFLUENCE;8
Operands;SOURCES;249
Operands;BEHAVIOURS;1
Operands;400;3
Operands;NORWAY;9
Operands;PERTAIN;1
Operands;SAMPLE;20
Operands;HUNGARY;9
Operands;ISSUE;25
Operands;EXPENDITURES;10
Operands;AUSTRALIA;7
Operands;DECISION;12
Operands;ATTACHED;2
Operands;INTERPRETED;7
Operands;PRICING;14
Operands;ADDRESS;31
Operands;PROGRESS;3
Operands;MARGIN;6
Operands;GUIDANCE;1
Operands;BASED;408
Operands;REDUCE;87
Operands;DEFENCE;1
Operands;INDIRECT;43
Operands;OBTAINED;23
Operands;BEGIN;1
Operands;STRENGTHS;2
Operands;BURDENS;2
Operands;LONGER;20
Operands;PERSON;6
Operands;PROFIT;1240
Operands;INCIDENCE;21
Operands;SHARE;180
Operands;MEASUREMENT;4
Operands;SPECIAL;11
Operands;CLASSIFICATION;55
Operands;COUNTRYBYCOUNTRY;14
Operands;MAINLY;22
Operands;POSSIBLE;55
Operands;POSSIBLY;9
Operands;COMPILING;2
Operands;DETAILS;23
Operands;COMPOUND;3
Operands;TIMELY;1
Operands;MOBILE;16
Operands;CONTINUE;11
Operands;TIME;39
Operands;CONFLICTS;2
Operands;KENYA;4
Operands;DESCRIBED;78
Operands;WORKING;52
Operands;SECTION;154
Operands;DESCRIBES;6
Operands;TREATMENT;14
Operands;179;1
Operands;178;1
Operands;176;1
Operands;JULY;11
Operands;174;2
Operands;173;2
Operands;172;1
Operands;171;2
Operands;170;1
Operands;LAND;3
Operands;UTILISE;1
Operands;OUTSTANDING;1
Operands;SIMPLIFICATIONS;2
Operands;TRADE;129
Operands;BELIEVE;1
Operands;MODELS;10
Operands;PERCENT;6
Operands;REPORTED;27
Operands;PRINCIPALLY;1
Operands;NEWLY;3
Operands;EUR;84
Operands;ELIGIBLE;3
Operands;BREAK;5
Operands;MAJORITY;7
Operands;TRADING;2
Operands;ADEQUATE;1
Operands;IMPROVE;10
Operands;DEGREE;17
Operands;PURSUED;1
Operands;FOCUS;74
Operands;INTANGIBLES;4
Operands;NAMIBIA;1
Operands;CORPORATE;151
Operands;OPTIONS;18
Operands;ACQUISITION;3
Operands;EXPLAINED;3
Operands;PRIVATE;5
Operands;CONTRIBUTING;6
Operands;COMPONENTS;30
Operands;ONLINE;25
Operands;INDIRECTLY;2
Operands;CLOUD;2
Operands;LEGAL;7
Operands;DELIVERY;2
Operands;DETRIMENT;1
Operands;VAST;3
Operands;FACE;20
Operands;BREACH;1
Operands;ALIGNED;3
Operands;DECISIONS;52
Operands;EASIER;6
Operands;FACT;42
Operands;DELIVERED;4
Operands;ENABLE;4
Operands;PAY;12
Operands;NARROWER;4
Operands;TAXPAYERS;5
Operands;UNDERSTOOD;3
Operands;EXPENSE;5
Operands;PERU;3
Operands;DISCUSSIONS;8
Operands;LOCALLY;1
Operands;PRESSURE;16
Operands;METHODOLOGY;109
Operands;PARALLEL;1
Operands;FINANCIALS;2
Operands;OIL;2
Operands;REGION;5
Operands;COMMENTS;2
Operands;FREQUENCY;1
Operands;POLICIES;19
Operands;SHARED;10
Operands;CAPTURE;14
Operands;VARIETY;15
Operands;PERSONNEL;3
Operands;MECHANISMS;3
Operands;LARGE;79
Operands;5000;1
Operands;SEEKS;2
Operands;SEARCH;7
Operands;LEAVES;1
Operands;POSSIBILITY;9
Operands;OWNERSHIP;49
Operands;EXTERNAL;5
Operands;INPUT;7
Operands;PROVIDED;30
Operands;FINANCIAL;106
Operands;SITUATIONS;13
Operands;INTERESTED;1
Operands;COMPLICATED;2
Operands;PROVIDES;21
Operands;PROVIDER;1
Operands;REVENUES;192
Operands;ETR;205
Operands;COMMERCIAL;5
Operands;103;1
Operands;COLLECTED;18
Operands;THAILAND;3
Operands;ABILITY;13
Operands;ACCRUAL;1
Operands;EXTREMELY;1
Operands;MALAWI;1
Operands;EXERCISE;5
Operands;SIMPLICITY;11
Operands;PROFITABILITY;162
Operands;ZERO;28
Operands;165;2
Operands;160;1
Operands;REMAINING;12
Operands;162;1
Operands;MAJOR;8
Operands;RESPONDING;1
Operands;NAME;1
Operands;INTERNATIONAL;109
Operands;PERSPECTIVE;9
Operands;EVENT;32
Operands;BASIC;3
Operands;VARY;10
Operands;REALITY;5
Operands;APPLICATIONS;3
Operands;LOW;241
Operands;ACCUMULATE;1
Operands;CREATE;7
Operands;SHORTFALLS;1
Operands;PLATFORM;2
Operands;PAYMENTS;12
Operands;CARRIED;6
Operands;RESIDENT;2
Operands;EFFECT;226
Operands;CRISIS;79
Operands;NOW;1
Operands;INEFFICIENT;5
Operands;DETAIL;19
Operands;ACCESS;1
Operands;SIGNIFICANCE;5
Operands;PRESERVE;6
Operands;SUPPORTING;4
Operands;MOVE;6
Operands;REVIEWED;3
Operands;COMMODITIES;9
Operands;SIMPLIFY;3
Operands;STEPS;29
Operands;VEHICLES;2
Operands;RELIABILITY;5
Operands;SECTIONS;22
Operands;EARNING;2
Operands;PROVISIONS;39
Operands;PROVIDE;46
Operands;OVERVIEW;27
Operands;FEATURE;3
Operands;EXPLORED;6
Operands;CHALLENGING;7
Operands;59;8
Operands;58;8
Operands;VIEWS;2
Operands;55;7
Operands;54;4
Operands;57;9
Operands;51;13
Operands;53;6
Operands;52;8
Operands;HISTORIC;2
Operands;AUTHORITIES;4
Operands;EXPLORATION;2
Operands;OVERLOOKED;2
Operands;PAID;30
Operands;ONGOING;5
Operands;PRINCIPLE;5
Operands;INTERVENTION;4
Operands;CANADA;9
Operands;MARKETING;8
Operands;SUGGESTS;59
Operands;PRODUCTION;24
Operands;MNE;645
Operands;PBT;26
Operands;ADVERSE;4
Operands;TECHNOLOGICAL;2
Operands;REALLOCATION;72
Operands;PLAYING;11
Operands;ILLUSTRATIVE;69
Operands;SIZE;32
Operands;PAYING;2
Operands;PROJECTIONS;1
Operands;SENSE;15
Operands;CHAINS;13
Operands;UKRAINE;2
Operands;SERVICE;18
Operands;PROBLEMS;1
Operands;MECHANISM;22
Operands;PREPARED;3
Operands;BANKING;1
Operands;RATES;182
Operands;AVOIDANCE;7
Operands;CAUSES;1
Operands;INDUSTRIES;17
Operands;CONTRACTS;1
Operands;HARBOUR;1
Operands;GERMANY;11
Operands;PRIMARILY;28
Operands;ADMINISTRATIONS;17
Operands;SUPPORT;63
Operands;LOSSMAKING;22
Operands;PROBLEM;2
Operands;223;3
Operands;221;1
Operands;WAYS;10
Operands;SOLUTION;67
Operands;CBCR;174
Operands;150;30
Operands;155;2
Operands;156;2
Operands;JUNE;8
Operands;NUMBER;120
Operands;MAURITIUS;2
Operands;LOGIC;1
Operands;MARKETS;32
Operands;REGIMES;18
Operands;CONDUIT;2
Operands;JUSTIFICATION;1
Operands;OFTEN;38
Operands;SUBSEQUENT;5
Operands;REASONABLY;1
Operands;REASONABLE;3
Operands;FAILURES;2
Operands;SHOW;8
Operands;SUGGEST;48
Operands;VALUE;49
Operands;SUBSTANTIVE;4
Operands;TRADITIONAL;1
Operands;POTENTIAL;202
Operands;CORRELATION;34
Operands;ELEMENT;2
Operands;SIGNIFICANTLY;36
Operands;FAVOUR;1
Operands;ULTIMATE;304
Operands;DEVELOP;5
Operands;SIMPLE;5
Operands;TEXT;6
Operands;OBTAIN;13
Operands;ACCOUNTS;70
Operands;FOCUSING;25
Operands;INDUCED;6
Operands;ACCURACY;2
Operands;AUDIT;2
Operands;AFTERTAX;5
Operands;FULL;33
Operands;AFFECTED;42
Operands;FIT;3
Operands;MEASURES;92
Operands;ONES;18
Operands;BUSINESSES;30
Operands;VENEZUELA;2
Operands;PATENTS;9
Operands;LEASE;1
Operands;PROCESS;14
Operands;REVIEW;30
Operands;CLAIMS;5
Operands;LARGELY;5
Operands;UNRELATED;3
Operands;RELIES;28
Operands;CONFIDENTIALITY;4
Operands;CIVIL;2
Operands;COMPANY;10
Operands;MODIFIED;5
Operands;HOUSEHOLDS;5
Operands;RELIEF;47
Operands;RELIED;1
Operands;COMMODITY;2
Operands;EMPLOYEES;17
Operands;CONTRIBUTE;13
Operands;AFRICA;26
Operands;INDIVIDUAL;20
Operands;GENERATE;17
Operands;BULGARIA;7
Operands;RELIEVE;1
Operands;ENTERPRISES;17
Operands;STARTS;3
Operands;REAL;30
Operands;HOLDS;2
Operands;MEMBERSHIP;1
Operands;COST;48
Operands;FOLLOW;9
Operands;COMPENSATION;4
Operands;COMPETITIVE;15
Operands;DETER;1
Operands;PRESENCE;21
Operands;TRACING;1
Operands;DOMESTIC;45
Operands;OUTCOMES;8
Operands;ADVANCED;2
Operands;SHAREHOLDERS;6
Operands;STEP;42
Operands;PUT;4
Operands;IMMEDIATELY;1
Operands;REMUNERATION;2
Operands;IMPORTANCE;21
Operands;PLANNING;26
Operands;MEANINGFUL;1
Operands;POLAND;12
Operands;FLOWS;11
Operands;SEGMENT;4
Operands;147;2
Operands;143;1
Operands;140;1
Operands;REST;7
Operands;DIGITAL;121
Operands;PRICES;7
Operands;ALREADY;25
Operands;PUBLICLY;10
Operands;COMPREHENSIVE;14
Operands;COMPLEXITY;4
Operands;HEALTH;2
Operands;EXCHANGES;3
Operands;SPENT;1
Operands;DIFFICULTY;3
Operands;APPROACHES;4
Operands;JUSTIFY;1
Operands;WORLDWIDE;26
Operands;CUSTOMERS;1
Operands;OFFER;17
Operands;SOCALLED;3
Operands;PROPOSED;19
Operands;AMOUNTS;18
Operands;LITHUANIA;9
Operands;AVOID;20
Operands;ZIMBABWE;2
Operands;OPPORTUNITIES;8
Operands;MONITORING;2
Operands;INVESTOR;110
Operands;MATCHING;1
Operands;PROFITABLE;39
Operands;RETAINED;2
Operands;TWICE;3
Operands;POSED;4
Operands;REGULAR;4
Operands;TRANSPARENCY;1
Operands;OCCUR;9
Operands;UPWARDS;1
Operands;CONSTANT;12
Operands;COUNTRY;48
Operands;SOMETIMES;12
Operands;INTERMEDIATION;1
Operands;NEW;91
Operands;FINAL;65
Operands;OPEN;8
Operands;TRANSPARENT;1
Operands;FUNCTION;6
Operands;END;12
Operands;G;28
Operands;DOCUMENTATION;5
Operands;PARTICIPATING;3
Operands;MALAYSIA;3
Operands;DEGREES;2
Operands;EXAMPLES;5
Operands;TECHNOLOGIES;2
Operands;THEORETICAL;19
Operands;LEAD;73
Operands;SUBNATIONAL;6
Operands;PROFITBASED;3
Operands;COMPONENT;56
Operands;AGREEMENT;18
Operands;INACCURACY;1
Operands;513;2
Operands;516;1
Operands;ORIGINS;1
Operands;REGIONAL;5
Operands;DISCREPANCIES;1
Operands;INSCOPE;11
Operands;FINANCE;19
Operands;CARRYOVER;2
Operands;ECUADOR;1
Operands;EARNINGS;8
Operands;LIGHT;13
Operands;WORLD;59
Operands;PRESENT;17
Operands;HIGHER;117
Operands;AFFECTS;4
Operands;ACCURATE;6
Operands;NIGER;1
Operands;11;34
Operands;10;203
Operands;13;26
Operands;12;58
Operands;15;68
Operands;14;40
Operands;17;31
Operands;19;23
Operands;18;28
Operands;REVISED;1
Operands;INTERMEDIATE;30
Operands;CHINA;31
Operands;BRANCH;1
Operands;EUROPE;28
Operands;BASIS;35
Operands;GREECE;9
Operands;LOSSES;23
Operands;QUESTION;10
Operands;COMPOSITION;5
Operands;PRODUCE;10
Operands;ORIGINAL;5
Operands;201;1
Operands;200;22
Operands;203;2
Operands;THIRDPARTY;7
Operands;COPE;1
Operands;SUCCESSFUL;2
Operands;ARGUMENT;4
Operands;COVERAGE;103
Operands;EXTENSIVE;36
Operands;FIXED;31
Operands;CONCEPT;6
Operands;VICE;1
Operands;HYBRID;1
Operands;BUREAU;26
Operands;UNDERWAY;2
Operands;SUBSIDIARIES;22
Operands;PREFERABLE;3
Operands;DOWNSIDE;2
Operands;ORBIS;249
Operands;REVIEWS;3
Operands;EXTENT;51
Operands;AVAILABILITY;5
Operands;CONSTRAINTS;9
Operands;IMPACTED;3
Operands;REMAIN;25
Operands;IMPORTANT;57
Operands;ADMINISTRATIVE;21
Operands;ACTIVITIES;108
Operands;RISK;10
Operands;LEVEL;322
Operands;RISE;23
Operands;ENTER;1
Operands;OPERATE;16
Operands;ACTUAL;19
Operands;RENTS;15
Operands;STRATEGIC;12
Operands;PRACTICES;1
Operands;HELP;2
Operands;NOTES;9
Operands;PURSUANT;3
Operands;COVID19;44
Operands;HELD;2
Operands;COMPLEX;24
Operands;DESIGN;104
Operands;COORDINATED;5
Operands;PROCEDURES;10
Operands;NOTED;5
Operands;PARTICIPATION;3
Operands;PRESENTED;183
Operands;COMMONLY;2
Operands;3;387
Operands;SUBSECTION;3
Operands;CARRY;4
Operands;24;69
Operands;MINERAL;1
Operands;CARRIEDFORWARD;1
Operands;CONTRIBUTED;2
Operands;SLOVENIA;9
Operands;OFFERING;5
Operands;IRELAND;9
Operands;PUBLISHED;12
Operands;UNITED;127
Operands;INDEFINITELY;1
Operands;S;35
Operands;CONCEPTUAL;6
Operands;PARTNER;2
Operands;ISRAEL;9
Operands;HARD;41
Operands;60;17
Operands;61;8
Operands;62;1
Operands;63;6
Operands;64;40
Operands;3000;1
Operands;66;3
Operands;67;3
Operands;68;5
Operands;69;4
Operands;RECLASSIFIED;1
Operands;RECENT;45
Operands;SOURCE;200
Operands;COEXISTENCE;1
Operands;BETTER;10
Operands;NONREFUNDABLE;1
Operands;500;11
Operands;MERELY;3
Operands;FIELD;11
Operands;ABSENCE;29
Operands;PORTFOLIO;1
Operands;WAY;45
Operands;FAIL;3
Operands;FOCUSES;33
Operands;OWNED;11
Operands;FOCUSED;2
Operands;STATISTICAL;11
Operands;DEPRECIATION;76
Operands;OWNER;10
Operands;TYPE;8
Operands;OVERCOME;3
Operands;ACQUIRED;3
Operands;MODEST;8
Operands;REALISTIC;4
Operands;PARTICULAR;72
Operands;CONTROL;8
Operands;TRILLION;12
Operands;INFORMED;2
Operands;INTRODUCE;12
Operands;SUBSTANTIAL;25
Operands;REPUBLIC;31
Operands;ARISE;9
Operands;POLICY;117
Operands;CONFLICT;1
Operands;SOFTWARE;9
Operands;LEADING;20
Operands;CAPITAL;54
Operands;VARIABLE;25
Operands;USERS;37
Operands;HIGH;245
Operands;SECRETARIAT;138
Operands;FACILITATING;1
Operands;WITHDRAW;1
Operands;CRITERIA;8
Operands;BOX;46
Operands;210;1
Operands;211;2
Operands;BOLIVIA;1
Operands;EXPRESSED;8
Operands;ALTER;2
Operands;CONSOLIDATION;1
Operands;RELIANCE;7
Operands;COROLLARY;1
Operands;POINTS;40
Operands;4;321
Operands;HISTORICALLY;1
Operands;SHOWN;14
Operands;DISTRIBUTE;1
Operands;ILLUSTRATION;7
Operands;ADVANTAGES;4
Operands;DESIGNED;11
Operands;UNAFFECTED;4
Operands;EROSION;17
Operands;DESIGNS;1
Operands;ILLUSTRATES;8
Operands;PILLAR;770
Operands;ILLUSTRATED;3
Operands;CREDIT;11
Operands;SHAREHOLDER;1
Operands;OBJECTIVES;8
Operands;65;6
Operands;ATTRACTIVENESS;5
Operands;OUTLINED;11
Operands;PRACTICE;31
Operands;FIND;16
Operands;BUILDS;14
Operands;RESEARCH;44
Operands;MEDIUM;11
Operands;SHEET;6
Operands;JUST;6
Operands;ENCOURAGE;3
Operands;ACCOUNTED;7
Operands;PLACE;24
Operands;OFFSET;18
Operands;INFORMATION;89
Operands;GROUPWIDE;2
Operands;TAXPAYER;3
Operands;REVENUE;337
Operands;INSTRUMENTS;14
Operands;ENGAGEMENT;3
Operands;EFFECTIVELY;5
Operands;CONTROLLING;2
Operands;RECOVER;2
Operands;ISSUED;3
Operands;PROVEN;1
Operands;CASH;2
Operands;PERMANENT;7
Operands;DISTORTIONS;6
Operands;ISSUES;19
Operands;PURCHASES;2
Operands;COMMUNITY;2
Operands;SOURCING;3
Operands;PURCHASED;1
Operands;CONTRIBUTIONS;13
Operands;METRIC;1
Operands;DRAW;2
Operands;750;29
Operands;COUNTRIES;160
Operands;ISOLATION;9
Operands;COSTS;163
Operands;BOOKED;1
Operands;LOCATED;52
Operands;INTENSITY;68
Operands;LATVIA;10
Operands;RISKINESS;1
Operands;BROADER;9
Operands;ECONOMICALLY;3
Operands;REALISED;5
Operands;SECTOR;31
Operands;USE;74
Operands;USD;119
Operands;EFFICIENT;10
Operands;POLITICAL;18
Operands;COMPLETELY;5
Operands;DIRECTLY;28
Operands;BACKSTOP;2
Operands;ALLOWANCES;2
Operands;SEEK;7
Operands;UNCLEAR;2
Operands;COMPLETED;2
Operands;SUPPLIED;3
Operands;5;391
Operands;UNDERTAKEN;19
Operands;FACILITATE;1
Operands;HIGHLIGHTED;4
Operands;START;3
Operands;SIMPLIFYING;12
Operands;IMPOSSIBLE;4
Operands;PROFITS;157
Operands;PRICE;6
Operands;DEVELOPING;42
Operands;SYSTEM;62
Operands;UNDERMINING;3
Operands;SUMMARISED;9
Operands;CHILE;9
Operands;ILLUSTRATING;5
Operands;VOLATILE;1
Operands;GAIN;27
Operands;CUSTOMER;1
Operands;TWOSIDED;2
Operands;EXPANDING;4
Operands;TAX;1325
Operands;INTERMEDIARIES;2
Operands;ACTION;21
Operands;EQUITABLE;3
Operands;FIGURE;208
Operands;STABLE;4
Operands;EMPHASISE;1
Operands;TANGIBLE;152
Operands;SIMPLY;2
Operands;INSTITUTIONS;1
Operands;VIEW;9
Operands;USED;220
Operands;197;1
Operands;RULES;104
Operands;USES;6
Operands;COLOMBIA;4
Operands;MARKET;91
Operands;UNCHANGED;3
Operands;VARIES;6
Operands;POSITION;73
Operands;INDUSTRIAL;18
Operands;THREAT;3
Operands;CAPABLE;1
Operands;GENERATION;1
Operands;RATIONALISED;1
Operands;INTERAMERICAN;1
Operands;ESTONIA;13
Operands;DELIVER;3
Operands;CROSSBORDER;2
Operands;SHOCKS;1
Operands;REPRESENTATIVENESS;2
Operands;CARRYING;2
Operands;MERITS;1
Operands;EXPLORING;1
Operands;CAPACITY;17
Operands;INTERIM;6
Operands;COMMITTEE;16
Operands;6;147
Operands;KNOWN;3
Operands;LEFT;1
Operands;7000;1
Operands;ARGENTINA;6
Operands;CYPRUS;10
Operands;ACHIEVE;8
Operands;ADVANTAGE;11
Operands;CONTROLLED;7
Operands;COHERENT;1
Operands;ACQUISITIONS;2
Operands;UNDERSTAND;1
Operands;DATE;7
Operands;VAN;14
Operands;DATA;1145
Operands;CORRECT;2
Operands;ASIA;46
Operands;AMOUNT;204
Operands;SPAIN;9
Operands;SEGMENTATION;2
Operands;INTERACTION;73
Operands;CREATING;9
Operands;STUDY;11
Operands;616;1
Operands;INTERDEPENDENT;1
Operands;PERIOD;6
Operands;INTENTION;1
Operands;CORRECTLY;2
Operands;JAPAN;8
Operands;PARAGUAY;2
Operands;ADMINISTERING;1
Operands;GHANA;1
Operands;PRODUCT;14
Operands;ANTIABUSE;1
Operands;VERSION;11
Operands;PERIODS;3
Operands;FILING;4
Operands;PORTUGAL;8
Operands;ENTITY;66
Operands;RELEVANCE;3
Operands;PROPERLY;1
Operands;BLENDING;22
Operands;ARGUED;2
Operands;LINE;24
Operands;AVAILABLE;196
Operands;25;46
Operands;26;22
Operands;20;93
Operands;21;21
Operands;22;24
Operands;23;30
Operands;29;42
Operands;LONG;12
Operands;PRIORITY;4
Operands;OPPORTUNITY;2
Operands;BROAD;50
Operands;ISOLATE;1
Operands;COLLECTION;6
Operands;IMPROVEMENTS;1
Operands;ADVERTISING;6
Operands;CLASSIFIED;6
Operands;IMPLICATIONS;60
Operands;REMOTELY;2
Operands;SIGNIFICANT;60
Operands;GENERATING;3
Operands;UGANDA;1
Operands;PRINCIPLES;2
Operands;TACKLE;1
Operands;UNLIKELY;12
Operands;TRANSLATE;5
Operands;175;1
Operands;LIABILITIES;14
Operands;STRICTLY;1
Operands;REPORTING;30
Operands;BROUGHT;3
Operands;7;179
Operands;R&D;90
Operands;BRING;17
Operands;ENDOGENEITY;1
Operands;THIRD;25
Operands;POSE;2
Operands;PROPOSALS;118
Operands;NEUTRALITY;2
Operands;EU;72
Operands;ASPECTS;6
Operands;AREA;10
Operands;DISPERSION;2
Operands;ACTING;1
Operands;INSURANCE;5
Operands;CARVEOUT;170
Operands;PRESSING;1
Operands;SMALL;72
Operands;FREQUENTLY;3
Operands;FORMER;3
Operands;CATEGORIES;15
Operands;TECHNIQUES;2
Operands;EASILY;1
Operands;REASONS;15
Operands;MEDIAN;20
Operands;LOCATIONS;7
Operands;183;1
Operands;180;2
Operands;181;1
Operands;184;1
Operands;185;1
Operands;CENTRAL;24
Operands;JURISDICTIONS;1006
Operands;PROJECTED;2
Operands;MANNER;1
Operands;OUTCOME;9
Operands;EXTENDING;1
Operands;KEY;43
Operands;TRANSFER;17
Operands;DISTRIBUTION;67
Operands;ANALYSING;1
Operands;CREATION;4
Operands;GROUNDS;1
Operands;IMPACT;121
Operands;EARLIER;17
Operands;ADMINISTRATION;27
Operands;UNDERSTANDING;1
Operands;QUESTIONS;6
Operands;VERY;47
Operands;BEAR;6
Operands;77;2
Operands;76;5
Operands;75;12
Operands;INTANGIBLE;18
Operands;73;8
Operands;INCONSISTENT;5
Operands;71;4
Operands;70;12
Operands;EXTERNALITIES;8
Operands;78;10
Operands;SIMPLIFICATION;3
Operands;ENGAGED;14
Operands;ROLE;16
Operands;ENGAGES;2
Operands;LOWINCOME;1
Operands;PARENTS;6
Operands;ASSET;20
Operands;BRINGING;2
Operands;DISCUSSION;29
Operands;MILLION;48
Operands;BINDING;1
Operands;WITHDRAWAL;3
Operands;EMPLOYEE;3
Operands;EMPLOYED;11
Operands;METHOD;19
Operands;CREATED;2
Operands;PHYSICALLY;3
Operands;OPERATES;4
Operands;COMPILE;2
Operands;EXPERIENCE;6
Operands;JOINT;17
Operands;INCOME;585
Operands;FINANCING;7
Operands;GROUP;309
Operands;BRINGS;3
Operands;INTERLINKED;1
Operands;INDONESIA;7
Operands;KOREA;10
Operands;MARKUP;3
Operands;INVESTMENTS;38
Operands;FRAMEWORK;132
Operands;DIFFICULTIES;6
Operands;MONOPOLISTIC;2
Operands;SUBSEQUENTLY;4
Operands;CONSISTENT;78
Operands;GOVERNMENTS;100
Operands;FUNDING;3
Operands;SPILLOVERS;11
Operands;DIGITALISATION;40
Operands;PRIOR;4
Operands;CONCENTRATED;10
Operands;ICELAND;9
Operands;EXPLORE;2
Operands;PURPOSE;37
Operands;READILY;1
Operands;CHECKS;26
Operands;SYNTHETIC;1
Operands;RESIDENCE;4
Operands;GLOBAL;471
Operands;PRESSURES;5
Operands;SUBSIDIARY;6
Operands;ELECTRONIC;16
Operands;CHARACTERISTICS;9
Operands;PERFORMING;1
Operands;VALUABLE;2
Operands;OBSERVED;29
Operands;GILTI;81
Operands;EXAMPLE;173
Operands;VOLATILITY;2
Operands;EARN;2
Operands;INTERCOMPANY;1
Operands;MANUAL;19
Operands;STRATEGY;9
Operands;INTERNAL;5
Operands;INNOVATION;92
Operands;PROBABLY;2
Operands;CONTRAST;24
Operands;TURNOVER;249
Operands;FINDINGS;14
Operands;SIMPLIFIED;12
Operands;SITUATION;28
Operands;SECTORSPECIFIC;1
Operands;TERM;28
Operands;OWN;8
Operands;FAR;4
Operands;ARISING;26
Operands;RESORT;3
Operands;FORMULAIC;65
Operands;STEMMING;5
Operands;INTEREST;18
Operands;9;128
Operands;RETAIN;4
Operands;RETAIL;1
Operands;SAFE;1
Operands;OCCASIONS;1
Operands;ROUGHLY;1
Operands;CONDUCT;2
Operands;LIKELIHOOD;5
Operands;FISCAL;29
Operands;PLANT;8
Operands;SCENARIO;246
Operands;POINTED;2
Operands;CONSULTATION;5
Operands;OPERATING;25
Operands;PURE;1
Operands;IMPROVING;2
Operands;OBVIOUS;3
Operands;RELIEVING;3
Operands;CONSUMERS;10
Operands;REACH;7
Operands;OPPOSED;10
Operands;SCOPE;102
Operands;ORDER;54
Operands;TERMS;34
Operands;GAINS;234
Operands;TURN;23
Operands;SWEDEN;9
Operands;TYPES;15
Operands;GROWTH;31
Operands;YEAR;48
Operands;WIDE;23
Operands;COLLECT;3
Operands;AUTHORITY;4
Operands;STREAMING;2
Operands;FUTURE;33
Operands;MAIN;52
Operands;REPATRIATION;3
Operands;MARGINAL;23
Operands;CONDUCTED;3
Operands;FREEDOMS;1
Operands;VARIATIONS;1
Operands;PERFORMED;3
Operands;JURISDICTIONAL;17
Operands;PARENT;190
Operands;300;3
Operands;AFFILIATES;24
Operands;COMPETITORS;4
Operands;THREESTEP;1
Operands;PERFORMANCE;4
Operands;LINKED;8
Operands;BUYERS;1
Operands;DEVELOPED;17
Operands;ADJUSTMENTS;10
Operands;74;4
Operands;DISCUSSING;2
Operands;REPUTATIONAL;4
Operands;72;6
Operands;SUBSTANCE;9
Operands;INTERACTIONS;12
Operands;TECHNICAL;7
Operands;ACT;18
Operands;SERVICES;114
Operands;AFFECT;47
Operands;ENABLES;2
Operands;STUDIES;32
Operands;PROLIFERATION;9
Operands;SALE;3
Operands;ESTABLISHMENTS;1
Operands;ENSUING;4
Operands;QUALITATIVE;2
Operands;HIGHLY;25
Operands;RISKS;3
Operands;STATEMENT;7
Operands;TYPICAL;2
Operands;CREDITS;6
Operands;INTRAGROUP;16
Operands;SUBSTANTIALLY;10
Operands;RUSSIA;7
Operands;SHORTTERM;3
Operands;EVIDENCE;66
Operands;SWITZERLAND;8
Operands;INCURRED;3
Operands;CLASSIFYING;1
Operands;FASTER;1
Operands;MERGER;2
Operands;WELL;101
Operands;IGNORING;2
Operands;ROYALTY;2
Operands;ADVANCES;1
Operands;OPERATION;1
Operands;PHILIPPINES;4
Operands;DISRUPTIONS;4
Operands;SUFFICIENT;7
Operands;FINLAND;11
Operands;STANDARDS;2
Operands;SPLIT;11
Operands;TIMING;2
Operands;DEVELOPMENT;37
Operands;NOTE;122
Operands;2000;9
Operands;RATIONALE;7
Operands;2008;14
Operands;2009;6
Operands;MAINTAINING;1
Operands;SANCTIONS;1
Operands;PERFORM;4
Operands;ENHANCED;3
Operands;VIEWED;1
Operands;ENFORCEMENT;5
Operands;ADDRESSED;1
Operands;IMPROVES;2
Operands;RELEVANT;34
Operands;ULTIMATELY;21
Operands;ECONOMIC;270
Operands;BANKS;5
Operands;INDUSTRY;24
Operands;STRUCTURED;1
Operands;RECOGNISED;5
Operands;LAW;2
Operands;STRUCTURES;9
Operands;AREAS;12
Operands;NETHERLANDS;10
Operands;FOREIGN;108
Operands;DEFINED;64
Operands;EXPLICIT;1
Operands;APPROPRIATE;2
Operands;PRODUCTS;14
Operands;LOCATION;123
Operands;STARTING;15
Operands;PAKISTAN;2
Operands;ESSENTIALLY;3
Operands;NECESSARILY;19
Operands;AGREED;16
Operands;ACCURATELY;1
Operands;PARAGRAPH;2
Operands;FIVE;9
Operands;TECHNOLOGY;19
Operands;INVESTMENT;583
Operands;39;11
Operands;38;12
Operands;33;14
Operands;32;23
Operands;31;14
Operands;30;50
Operands;37;16
Operands;36;20
Operands;35;21
Operands;34;17
Operands;OUTOFSCOPE;11
Operands;GROSS;22
Operands;FEATURES;5
Operands;SERBIA;2
Operands;APPLICATION;27
Operands;LEVELS;53
Operands;TARIFF;53
Operands;POINT;59
Operands;SALARIES;2
Operands;EXPECTED;76
Operands;WEIGHT;8
Operands;ACKNOWLEDGE;2
Operands;ALIGN;1
Operands;8;177
Operands;OBJECTIVE;3
Operands;CALENDAR;2
Operands;EURO;3
Operands;LOSS;42
Operands;RIGHTS;16
Operands;DISADVANTAGES;1
Operands;MARK;1
Operands;SECURITIES;3
Operands;CONSISTENTLY;3
Operands;UPDATES;1
Operands;COORDINATE;2
Operands;ACCUMULATED;2
Operands;CENTRALISED;2
Operands;PAGE;1
Operands;OPERATIONS;5
Operands;PUBLICATION;7
Operands;LINES;1
Operands;HOLDING;5
Operands;TRYING;2
Operands;BREAKDOWN;6
Operands;REPUTATION;1
Operands;UTPRS;1
Operands;BECOME;19
Operands;MARGINS;1
Operands;REALLOCATED;19
Operands;NECESSARY;12
Operands;REMAINS;17
Operands;REALLOCATES;2
Operands;MULTILATERAL;29
Operands;LIQUIDITY;3
Operands;GENERATES;4
Operands;GENERATED;8
Operands;WIDESPREAD;7
Operands;GEOGRAPHIC;22
Operands;REFUND;1
Operands;TRANSACTION;5
Operands;TAXING;25
Operands;CERTAINTY;28
Operands;ECONOMIES;51
Operands;VALID;5
Operands;137;5
Operands;136;3
Operands;135;1
Operands;USUALLY;1
Operands;138;3
Operands;ADEQUATELY;2
Operands;CENTURY;1
Operands;ORGANISATIONS;4
Operands;2019;78
Operands;GOALS;3
Operands;INSUFFICIENT;5
Operands;2017;56
Operands;2016;89
Operands;2011;13
Operands;2010;10
Operands;FOUNDATION;2
Operands;CONTROLLEDFOREIGNCORPORATION;1
Operands;STRENGTHEN;4
Operands;COMPANIES;32
Operands;REALLOCATE;3
Operands;SEGMENTED;1
Operands;NUANCES;1
Operands;BURDEN;10
Operands;ROBUST;2
Operands;BEPS;50
Operands;ILLUSTRATE;2
Operands;REMOTE;15
Operands;LONGTERM;6
Operands;VARIATION;7
Operands;EFFECTS;202
Operands;ENTERPRISE;1
Operands;TANZANIA;1
Operands;SCALE;19
Operands;BUSINESS;63
Operands;PRODUCES;2
Operands;PRODUCED;6
Operands;89;6
Operands;SHARES;10
Operands;CONTEXT;33
Operands;83;7
Operands;80;14
Operands;86;6
Operands;87;1
Operands;84;3
Operands;85;10
Operands;WEBSITE;3
Operands;MANAGED;1
Operands;DEFERRED;2
Operands;NEXUS;48
Operands;BECOMES;11
Operands;FLOW;9
Operands;RANGE;96
Operands;148;1
Operands;QUARTERLY;3
Operands;WITHHOLDING;5
Operands;REGIONS;10
Operands;BENCHMARKING;17
Operands;CHAD;1
Operands;CHARACTERISATION;1
Operands;TAXATION;122
Operands;LEVIED;4
Operands;454;3
Operands;457;1
Operands;PRACTICAL;3
Operands;POTENTIALLY;38
Operands;DECIDE;10
Operands;STRONG;8
Operands;ESTABLISHMENT;4
Operands;PHYSICAL;19
Operands;DIRECTED;3
Operands;MANAGEMENT;2
Operands;WORK;24
Operands;AMOUNTING;1
Operands;SPREAD;2
Operands;SUSTAINED;1
Operands;BEGINNING;1
Operands;AFFAIRS;2
Operands;PROTECT;3
Operands;PROGRESSIVE;1
Operands;DUE;91
Operands;UNDERLYING;71
Operands;ADAPT;7
Operands;EFFECTIVENESS;15
Operands;SELLING;3
Operands;TARGET;3
Operands;DISPOSAL;2
Operands;MATTER;1
Operands;PARTIES;2
Operands;REFINED;3
Operands;ADVISORY;2
Operands;PROCESSES;6
Operands;STATEMENTS;3
Operands;NETWORK;4
Operands;RECOGNISING;1
Operands;STATES;111
Operands;INVESTORS;40
Operands;4000;4
Operands;RELIABLE;5
Operands;ENTITIES;143
Operands;LEGISLATURE;1
Operands;JURISDICTION;659
Operands;FORWARD;3
Operands;RIGHT;10
Operands;URUGUAY;2
Operands;ACHIEVED;1
Operands;LIKELY;149
Operands;BEST;8
Operands;GLOBE;14
Operands;ACTIVITY;87
Operands;RETAINING;1
Operands;NATURAL;4
Operands;HISTORICAL;2
Operands;SECTORS;70
Operands;TREATYBASED;1
Operands;120;3
Operands;123;6
Operands;125;6
Operands;126;3
Operands;128;1
Operands;DEBT;4
Operands;SYMMETRICALLY;1
Operands;INDEPENDENT;5
Operands;WELCOME;1
Operands;ACTIONS;6
Operands;REFLECT;42
Operands;130;1
Operands;YIELDS;4
Operands;CROATIA;6
Operands;EXEMPTIONS;6
Operands;ENSURES;12
Operands;CONSOLIDATED;75
Operands;INITIAL;4
Operands;MODIFY;6
Operands;DIRECT;72
Operands;RATE;464
Operands;FORMULA;15
Operands;THEORY;13
Operands;MEASURING;16
Operands;ERRORS;7
Operands;INTRODUCTION;50
Operands;LIABILITY;10
Operands;INCUR;1
Operands;APPROACH;112
Operands;FACED;9
Operands;ITEMS;1
Operands;REASON;12
Operands;DISPUTES;36
Operands;USING;111
Operands;DELIVERING;1
Operands;UNIT;1
Operands;DISPUTE;20
Operands;CATEGORY;9
Operands;BANGLADESH;1
Operands;REFINEMENT;2
Operands;INITIALLY;2
Operands;BOTTOM;3
Operands;OBTAINING;2
Operands;COMPETING;2
Operands;EXTREME;8
Operands;IP;5
Operands;EXCHANGE;4
Operands;DISTRIBUTED;5
Operands;STANDARD;14
Operands;STATE;7
Operands;PROVIDING;15
Operands;BENEFIT;32
Operands;LEADS;10
Operands;OECD;464
Operands;BURDENSOME;1
Operands;MEMBERS;20
Operands;STRATEGIES;15
Operands;SUGGESTED;3
Operands;WEIGHTED;12
Operands;AGENCIES;2
Operands;TYPICALLY;28
Operands;DIFFICULT;46
Operands;ROMANIA;6
Operands;CONCEPTUALLY;2
Operands;BENEFITS;22
Operands;INDIA;8
Operands;QUALIFY;1
Operands;COUNCIL;1
Operands;PERFECT;1
Operands;INPUTS;7
Operands;WHOLESALE;1
Operands;AMORTISATION;5
Operands;EARNED;3
Operands;DIVIDENDS;24
Operands;YEARS;26
Operands;INSTRUMENT;4
Operands;BASE;59
Operands;EXPERIENCING;2
Operands;CONTINUED;1
Operands;USEFUL;7
Operands;CONCLUSION;5
Operands;BILLION;74
Operands;PILLARS;36
Operands;CONSISTENCY;38
Operands;INTRODUCING;17
Operands;STRENGTH;2
Operands;SEPTEMBER;2
Operands;HUMAN;4
Operands;STOCK;4
Operands;HARMONISED;1
Operands;CLEAR;4
Operands;ENGAGING;11
Operands;PARTS;5
Operands;265;1
Operands;POOLS;1
Operands;PARTY;6
Operands;RECEIVING;12
Operands;RESOURCES;12
Operands;UNAFFILIATED;1
Operands;SENSITIVE;19
Operands;MATTERS;2
Operands;EXPERIENCES;1
Operands;CONCENTRATION;23
Operands;SOUND;2
Operands;ADVANCE;1
Operands;CHALLENGE;5
Operands;DISCUSSED;129
Operands;ADMINISTER;4
Operands;252;1
Operands;ENTITYLEVEL;4
Operands;110;4
Operands;113;2
Operands;REPORT;95
Operands;DISCUSSES;6
Operands;CONSIDERABLE;7
Operands;CENTER;2
Operands;BROADLY;28
Operands;BENCHMARKS;2
Operands;MEASURE;105
Operands;MANUFACTURING;6
Operands;STAGE;12
Operands;DISTRIBUTORS;4
Operands;FUNCTIONAL;1
Operands;NIGERIA;2
Operands;LAUNCH;1
Operands;US;198
Operands;UN;1
Operands;LISTED;14
Operands;UK;3
Operands;ACCOUNT;195
Operands;OPTION;3
Operands;PURPOSES;17
Operands;REPORTS;17
Operands;PRODUCING;1
Operands;BROKEN;4
Operands;BRAZIL;7
Operands;EVASION;1
Operands;CLOSE;17
Operands;SCHEME;7
Operands;AGAIN;7
Operands;CUT;1
Operands;RECENTLY;8
Operands;RECEIVE;3
Operands;WEAK;4
Operands;DESIGNING;1
Operands;DESCRIPTION;12
Operands;ABLE;17
Operands;ANALYSIS;162
Operands;FAILURE;12
Operands;SLOVAKIA;2
Operands;BELGIUM;11
Operands;AFTERMATH;1
Operands;GROUPS;339
Operands;CIT;143
Operands;48;10
Operands;49;7
Operands;46;10
Operands;47;9
Operands;44;6
Operands;45;10
Operands;42;12
Operands;43;3
Operands;40;26
Operands;41;5
Operands;EQUITY;3
Operands;LOSSCARRY;1
Operands;RESOLUTION;4
Operands;COORDINATION;1
Operands;RECEIVES;2
Operands;PLAN;2
Operands;MIXED;5
Operands;LOCAL;12
Operands;SELL;5
Operands;DETERMINANTS;1
Operands;UTPR;64
Operands;MNES;433
Operands;HIGHEST;19
Operands;PRINCIPAL;1
Other;;4408
Other;BE;750
Other;WE;2
Other;ALONGSIDE;1
Other;HERE;7
Other;ADJUSTMENT;29
Other;WHOSE;3
Other;FOLLOWS;7
Other;OVER;86
Other;WITHIN;41
Other;THREE;44
Other;PART;34
Other;HAVE;339
Other;DURING;11
Other;WITH;913
Other;THAN;282
Other;MUST;2
Other;24;70
Other;AMONG;77
Other;EVERYTHING;1
Other;MANY;43
Other;GLOBE;14
Other;LESS;114
Other;TAX;1325
Other;APPLICABLE;6
Other;GENERAL;26
Other;0;284
Other;MUCH;34
Other;PLUS;9
Other;4;322
Other;THEMSELVES;5
Other;ONTO;4
Other;20178;1
Other;75;13
Other;V;9
Other;LATER;4
Other;OFF;2
Other;CONSIDER;23
Other;COULD;259
Other;HAD;9
Other;L;28
Other;BACK;3
Other;PAST;10
Other;P;21
Other;FEWER;12
Other;BASE;59
Other;CHAPTERS;8
Other;WHICH;390
Other;TAKEN;68
Other;THE;8119
Other;HAS;195
Other;SIMILAR;91
Other;ON;1758
Other;HONG;11
Other;VIA;16
Other;THIS;1039
Other;OF;4910
Other;56;10
Other;50;43
Other;STTR;2
Other;WILL;141
Other;MAY;204
Other;WHATEVER;1
Other;ITSELF;8
Other;B1;8
Other;B2;6
Other;INCOME;585
Other;PAYMENT;11
Other;THOSE;64
Other;CHAPTER;296
Other;ABOUT;70
Other;SAVING;2
Other;IV;6
Other;SOME;159
Other;ASIDE;4
Other;FOUR;53
Other;CIAT;2
Other;DONE;18
Other;PRINCIPLE;5
Other;REPORT;95
Other;SUCH;96
Other;SEVERAL;61
Other;MINUS;10
Other;DRAWING;2
Other;HE;2
Other;IDENTICAL;6
Other;WHAT;7
Other;MADE;33
Other;EXCLUDING;31
Other;PERSON;6
Other;BEING;35
Other;MIGHT;24
Other;REQUIRED;22
Other;WHEREVER;2
Other;C3;9
Other;/;5
Other;BY;737
Other;RESIDENT;2
Other;3;388
Other;DOES;59
Other;INTO;210
Other;ARGUABLY;3
Other;DISTRIBUTIONS;2
Other;C;109
Other;UPE;3
Other;AROUND;70
Other;FOR;1070
Other;25;47
Other;UNION;16
Other;M;58
Other;EG;196
Other;PARTIES;2
Other;DSTS;50
Other;VERSUS;4
Other;WITHOUT;72
Other;EX;11
Other;W;5
Other;UNDER;219
Other;EU;72
Other;100;54
Other;KONG;9
Other;WHOLE;14
Other;C2;3
Other;PROVIDED;30
Other;PARAGRAPHS;1
Other;20182;10
Other;THEIR;264
Other;TAKING;48
Other;UP;47
Other;US;198
Other;WHERE;243
Other;THROUGH;95
Other;THEIRS;1
Other;NOT;465
Other;ALONG;4
Other;TURNOVER;249
Other;ANY;39
Other;SHE;1
Other;ZEALAND;7
Other;THEM;39
Other;243;1
Other;GIVE;20
Other;THESE;441
Other;RECOMMENDATIONS;2
Other;PURPOSES;17
Other;PER;37
Other;EXCEPT;19
Other;ETC;3
Other;GRANTS;5
Other;AMONGST;4
Other;THEY;142
Other;MODEL;67
Other;C4;3
Other;MAKES;17
Other;RELATES;16
Other;CASE;122
Other;BEYOND;20
Other;REFERENCE;9
Other;NO;236
Other;DOING;1
Other;WHO;10
Other;RELATED;77
Other;UNTIL;6
Other;WHOM;2
Other;SEE;153
Other;2;376
Other;WERE;45
Other;COME;12
Other;APPLY;25
Other;C1;3
Other;ACROSS;276
Other;RELATING;7
Other;OUT;81
Other;B;164
Other;ADS;158
Other;OPPOSITE;5
Other;UPON;10
Other;6;148
Other;D;74
Other;EXPENSES;25
Other;FEW;14
Other;COSTS;163
Other;VARIOUS;34
Other;ABOVE;195
Other;BETWEEN;187
Other;GILTI;81
Other;Z;1
Other;WAS;87
Other;222;3
Other;10;204
Other;ALL;191
Other;TOWARDS;28
Other;CERTAIN;111
Other;THAT;1079
Other;SHALL;3
Other;DEDUCTIONS;2
Other;SHOULD;41
Other;CAN;136
Other;EACH;193
Other;MAKING;20
Other;ONCE;9
Other;ITS;98
Other;MORE;326
Other;DIJK;3
Other;DO;56
Other;GIVEN;92
Other;WHETHER;30
Other;DE;18
Other;TWO;595
Other;2010;10
Other;FOLLOWING;72
Other;OUTSIDE;7
Other;BEEN;216
Other;SEEN;13
Other;R;21
Other;THROUGHOUT;4
Other;INSIDE;1
Other;TAKES;39
Other;AHEAD;3
Other;BOTH;116
Other;LITTLE;13
Other;HIS;2
Other;NONE;6
Other;CALCULATION;13
Other;ORGANISATION;1
Other;WHEN;87
Other;40;27
Other;ONE;404
Other;1;449
Other;TO;2905
Other;BEHIND;2
Other;A2;8
Other;5;392
Other;ANOTHER;40
Other;9;129
Other;GIVES;3
Other;III;17
Other;INDIRECTLY;2
Other;TAKE;51
Other;A;2151
Other;E;31
Other;WOULD;589
Other;ABSENT;1
Other;I;62
Other;IS;1604
Other;THERE;72
Other;GENERALLY;68
Other;IT;325
Other;AGAINST;41
Other;AN;490
Other;II;45
Other;MOST;90
Other;BELOW;134
Other;OTHER;325
Other;RESTRICTION;4
Other;AT;326
Other;IN;3753
Other;Y;1
Other;WANTING;1
Other;DOWN;7
Other;STANDARD;14
Other;IE;210
Other;A1;11
Other;REGIME;13
Other;OWNERS;11
Other;FROM;710
Other;UNLIKE;2
Other;FUNDS;13
Other;MAKE;32
Other;SAME;102
Other;PROPORTIONATE;1
Other;ENOUGH;1
Other;TOPUP;14
Other;ARE;1081
Other;NOTHING;2
Other;12;59
Other;HAVING;27
Unclassified;CONSIDERING;23
Unclassified;CONSIDERATIONS;20
Unclassified;AIMED;3
Unclassified;APPEAR;4
Unclassified;CONSIDERED;199
Unclassified;CHANGED;3
Unclassified;AIMS;12
Unclassified;APPEARS;8
Unclassified;LOOKING;5
Unclassified;CHOSEN;7
Unclassified;CHOOSE;5
Unclassified;CHOOSING;1
Unclassified;CHANGING;10
Unclassified;CONSIDERATION;38
Unclassified;CHOICE;14
Unclassified;CHANGES;85
Unclassified;CONSIDERS;9
Unclassified;CHANGE;50
Unclassified;LOOKS;3
