RIGHT”33;1
REQUESTED;15
DELAY;2
BOTTLED;1
SETTLED41;1
B2G;1
EARLIEST;1
EFFORT;2
B2B;5
MANDATING;1
FINALISING;1
DETECT;1
LAST;8
POWER;3
CONFECTIONARY;1
“GEOGRAPHICAL;2
APPROVING;1
ENGINEERING;1
REPRESENTATION;5
TRANSLATION;1
CATEGORY”;2
FOLLOWUP;1
NONTRANSPARENT;1
SUPPLY;14
“S/R”;1
UNWORKABLE;2
TIMEFRAME;3
GO;4
ENTRY;4
SOVEREIGNTY;1
TRANSACTION141;1
RELIEVED;7
MONEY;1
DELIBERATE;1
TELEPHONE;1
INTERMEDIATED;1
HEALTHCARE;1
TRANSLATED;1
DEVICE’S;1
HIGHLEVEL;2
ACCESSIBLE;6
FAITH;1
NORMAL;4
VOLUME;6
PURELY;2
COMPLAINTS;1
LOOKTHROUGH;1
HYDROGEN;1
BROADENING;4
COMBINES;1
COMPANY’S;2
MULTILATERALLY;2
“P/R”;4
SECURITY;5
RECIPIENT;3
METHOD”;1
DISTRIBUTOR”;1
BLOCKS;5
USED149;1
TODAY137;1
EXEMPTS;1
PEOPLE’S;2
THEREAFTER;1
MONETISED;3
SCALABLE;1
STOP”;1
108;1
109;1
“CONSUMERFACING;1
UNSUCCESSFUL;4
102;1
FALLING;1
101;1
MONETISES;1
107;1
NON;6
INTRODUCES;2
FIFTEENTH;1
SEGMENT”81;1
TRAFFIC;1
FOURTH;2
NEGATIVELY;1
REASSESSMENT;2
PHYSICIANS;2
SAFEHARBOUR;1
SIMULTANEOUSLY;2
PERMITS;1
DEVELOPER32;1
UNRELIABLE49;1
TRANSFORMATIONAL;1
BOOSTING;1
PROMOTION;3
CUSTOMERS22;1
REFUSE;1
TASK;2
RETURNING;1
ENTERTAINMENT;3
UNITHOLDERS;1
PACIFIC;1
MITIGATION;1
AKIN;3
DOCUMENT;10
“DEVELOPER”;1
“TRANSFER;1
CUSTOMER’S;7
PACKAGE;37
EXPANSIVE;1
SUMMARY;10
99;1
GROSSED;1
93;1
92;2
RECURRING;17
“PAYING;8
97;1
HOTELS;2
MECHANISMS”;2
1994;1
PRESCRIPTIONS;1
AIRCRAFT;1
DISTORT;2
BUYER’S;1
COMMUNICATION;1
FACTORIES;1
EVOLVE;2
IDS;1
NEGOTIATION;3
CALLS;1
BEARS;5
SUBSTANCEBASED;1
CURRENTLY;24
DISAGREEMENT;2
PROCURE;1
NONTECHNICAL;1
REGIONALLY;1
ASSURANCE;3
DESIRE;1
SUPPLEMENTED;4
EMBEDDED;3
5050;4
REACHES;5
PRESENTS;1
UNDERPINNING;3
INFORMATION59;1
HOBBIES;1
MINIMIS;12
“EARNOUT”;2
PANEL;262
STORING;1
CROPS;1
FORE;1
MINISTERS;2
MAP123;1
MUSIC;10
“FREE”;1
DEVICE;45
MONETARY;2
TRAVELLING;2
PROFILE;69
GEOLOCATION;43
BIND;1
A”;1
CONTEXTS;1
ALGORITHMS;1
AGREEMENTS;13
FALLBACK;1
CARTOON;2
RAISING;1
STEEL;2
UNUSUAL;4
FISHERY;4
CHALLENGED;1
GENERIC;10
VARIANT;1
JUSTIFIES;1
RECORDING;1
MLI162;1
ENTERING;2
CONTAIN;9
DEADLOCKED;1
EVIDENTIAL;1
CONSTRUED;1
“INTANGIBLE;1
401;1
“REMOVAL”;1
TRANSFORMATION;2
CONDITION;5
“SURROGATE;2
LOGISTICS;3
RENDERED;2
TWOPILLAR;1
REVISIT;1
ALP126;1
ONBOARDING;1
MRI;1
~4100;1
BALANCED;1
OBJECTIONS;17
COMPULSORY;1
APP;2
“INREGIME”;1
MONTH;7
STATUTORY;1
API;2
PRIVATELY;2
SPANS;1
TENSIONS;2
BARRIERS;5
ORDINARY;50
APA;4
TPSM;1
COUNTERPARTY;3
INVITE;3
OVERSEE;1
BASEL;3
BASES;3
OFFLINE;1
OCCUPIED;1
HTTPS//GORG/EN/G/DOCUMENTS/COMMUNIQUECC81FINAL22;1
CLEARANCE;1
CONTEMPLATED;6
PROFITS109;1
ASSEMBLES;2
MODELLING;2
CONTEMPLATES;6
MONOPOLIES”;1
ASSEMBLED;1
𝑆;3
APPEARING;2
DELINEATION;6
PAYS;4
BURGERS;1
ANCILLARY;2
WARRANT;1
COUNTING”;5
PLACES;1
PILOTS;1
FREELY;1
“ELIGIBLE;1
PLACED;2
PREPARING;2
COMMODITIZED;1
UNPACKAGED;1
𝑊;2
NETTED;1
MATERIALS;7
READYMADE;2
MNUCHIN;1
×;10
RESTAURANTS;1
MUTUAL;6
ALTERING;1
“S”;2
CLOUDBASED;1
CONSTITUENT;30
COLLATED;1
CLICK;1
ARCHITECTS;1
CONSENSUSMINUSONE;1
WORKED;2
CHANNEL;5
HOUSEHOLD;1
DIFFERENTIAL;1
DISRUPTED;1
SEPARATES;1
CONTRIBUTOR;1
SPEED;2
MNES’;1
BRIDGE;10
CLARIFICATIONS;1
EFFECTIVE;10
“SOLD”;3
“SERVICE”;1
DIMENSIONS;1
ECONOMIES43;1
“CONTROL”;1
CARVE;2
PURSUES;1
FEBRUARY;1
TEMPORARY;1
PUBLICPRIVATE;1
INTERACT;5
NEVER;1
SPIRIT;1
SITUATED;1
TEACHING;11
REDRESS;1
CERTAINTYRELATED;2
CONSUMPTION;5
THREATENING;1
LEASED;3
CAPPED;2
“POSITIVE”;2
CONTEMPORANEOUSLY;1
	PROFIT;1
MULTITUDE;1
ELECTING;1
ARTICLES;2
INDUSTRY’S;1
RETURNS”;1
WHOLESALERS;2
FEELS;1
ADVERTISEMENT;17
ROLLOUT;1
PROCEDURAL;1
ENGINE;4
FOLLOWED;7
SOMEWHAT;1
TAILORING;1
OBJECT;9
DEBATED;1
SYSTEMIC;2
“CONSUMERFACING”;2
STEPS110;1
STANDING;1
FUNDED;1
FRANCHISEE21;1
FILTERS;1
“SMALLER”;1
WEB;2
~8000;1
SPECIFICATION;1
COOKING;1
COVERS;7
FACETOFACE;1
EXTENDS;2
AGRICULTURAL;5
STANDARDISE;3
FINDS;1
NONRESIDENT;3
SHORTFALLS”;2
CAP122;1
PURCHASES”;1
SUPPLYING;2
CONSTITUTED;2
DISAGREE;2
PASSPORTING;4
DELINEATING;1
MODEL’S;1
PARTICULARITIES;2
OPINION;2
REPEATING;1
REPRESENTING;2
MULTINATIONAL;2
BUY;3
“FOREIGN”;1
“CLOUD;1
STOREFRONT;5
SIMULTANEOUS;1
COOPERATIVE;2
BEHAVIOURAL;3
UNCOORDINATED;2
RESPOND;2
DIVISIONS/ENTITIES;1
REGISTRATIONS;1
HALF;2
95;1
“NEXT;5
BOTTLERS;1
DISAGREEMENTS;1
DESIGNATE;1
LOWCAPACITY;1
“PLUS;3
PROFITS119;1
CONCEPTS;11
ALONE;4
STRONGLY;2
CERTIFICATE;1
B’S;1
SAMPLING;1
BULK;7
EXPANDS;1
BORDERS;3
EXPAND;1
WITHDRAWS;3
BUSINESSES”;1
106;1
BUSINESSES’;1
CONVENTIONS;2
CIRCUMSCRIBED;3
PRINCIPALS;1
WITHDRAWN;3
SORT;1
DESTINATION;2
CO;3
AGENDA;3
WAREHOUSING;3
OBJECTION;8
ARTICULATING;2
WHOLESALE153;1
CD;1
PARTIES’;1
NATIONALITY;1
GENOA;1
	SCOPE;1
INFREQUENT;3
EQUIPMENT;6
“Y”;2
CONTINUAL;1
OBJECTIVELY;2
OFFICIALS;5
PURCHASER’S;7
HUBS;2
	REVENUE;1
LAW128;1
UNDERGONE;2
ELEMENTS;45
CHIEFLY;2
PRIVACY;6
ADVERTISEMENTS;6
FAVOURING;1
DENOTE;1
DOWNLOADED;2
CULTURAL;1
APPOINTING;1
ELECTION;2
LOT;1
MULTIJURISDICTION;1
RODS;1
RENTAL;2
UNDERMINE;3
SELLER’S;3
MOTIVATED;1
SUBMISSION;3
“PLUS”;1
CORRECTED;4
RECORD;4
NONTAX;7
HOSPITALS;2
ANSWERS;2
EMERGE;1
CAPITALISED;2
CARRIES;2
VS;1
UNCONSTRAINED;1
PARCELS;1
PERSPECTIVES;1
ADMINISTRABILITY;3
EBB;1
EBT;1
COMMISSION;5
INDICATION;2
FRANCHISE;13
SPOOFING;2
801;1
INPUTTED;11
UNCERTAIN;1
SUPERSEDE;6
PETROL;3
PROFIT”105;1
UPES;1
5M;1
DISTRIBUTORS154;1
LABELLED;1
APPLIANCES;1
“LOSS”;1
BASIS40;1
STATEMENT”76;1
NETWORKING;2
EXTRACTIVES;1
ENHANCING;2
DEMANDS;1
DISCOURAGING;1
KEEP;13
NONROUTINE;7
FREIGHT;4
MECHANICAL;1
WIDER;11
UNTRANSFORMED;1
DATING;1
EXPENSIVE;1
EXPLORES;2
‘NARROW;1
LEAVING;1
REOPEN;1
SOUGHT;4
INDUSTRIES26;1
FRUITBASED;1
SUITABILITY;1
EXPLOITING;5
INTERFACE;4
“UNAVAILABLE”;1
ORDINATING;1
INEVITABLY;1
SIGNUP;3
MODULES;3
PLENTIFUL;1
GAMES;3
FRANCHISOR’S;8
RETAILERS;1
WELLKNOWN;1
RESPECTS;1
DEDICATED;2
SCHEMES;2
OBLIGED;2
SPEEDIER;1
MIGRATION;3
“EARLY;1
~350;1
MLI;9
BILATERAL;37
TOPICS;1
AIDING;1
COURSE;8
TEMPORARILY;1
TIMES;1
IMPLEMENTABLE;1
ADAPTING;1
WHEAT;1
ASPHALT;1
FRANCHISOR;39
HEADQUARTER;1
CUSTOMS;4
WOOD;1
BIDDING;2
FILED;7
CROSSING;1
ADVERTISERS;4
REQUISITE;1
REMOVED;5
QUALITY;6
ACCOMMODATION;3
EVIDENCING;1
MANAGERS;9
SUB;2
RENEWAL;1
SUN;1
EMERALDS;1
SACK;1
SIGNATORIES;1
APPORTIONING;1
SIGNATORY;1
GAME;9
DEEM;2
AFFILIATE;2
FOCUSSES;1
AUTOMATICALLY;3
DIFFERENTIATED;7
UNRESOLVED;4
OFFER”;1
COMMITS;1
THRESHHOLDS;1
1990S;1
“DOMESTIC;9
PRACTICALITIES;1
MEDICATIONS;1
PROMPT;1
REFERRING;1
CONCLUDE;1
SHOES;2
CAP”;1
OPINING;1
RENT;3
HABITUALLY;1
BORDER;2
FRIDGE’S;1
BOOKINGS;1
LEGISLATORS;1
OVERTIME;1
ARCHITECTURE;3
GPSDERIVED;1
STREAMLINED;2
DUTY;1
CUSTOMISATION;2
MEDICAL;14
PAYPAL;1
CHARACTER;3
DELIVERABLE;2
BACKGROUND;3
PREVALENT;1
JEWELLERY;2
BUSINESSTOBUSINESS;1
PROBLEMATIC;1
ONETIME;2
CATEGORISATIONS;2
PROFESSIONAL;13
–;72
SHOP;1
ANNUM;1
REMUNERATING;2
MEDICINES;1
LOCALISED;1
FMCG;1
DEBATE;1
CONCLUDED;5
ACTED;1
PERSON’S;2
WEBSITES;4
GARAGE;1
‘SAFE;1
SUBMITTING;1
DEVELOPED113;1
BOUGHT;3
CLICKS;1
VIEWERS;6
REMEDIES;15
	AMOUNT;1
STORES;1
SPITE;1
“PURCHASER”;1
EMBEDS;1
EOI;1
FRAMEWORK”;1
HARDWARE;2
91;1
RANDOM;1
STORED;4
SCREENING;2
LOWERRISK;1
ANALYSES;5
ADAPTED;2
TAXCERTAINTY;4
RESELLS;1
“PREDOMINANTLY”;1
DIRECTION;1
EXTEND;5
PEELING;1
SELFSTANDING;1
CONCRETE;1
PRINTED;1
DEADLINES;2
ONE8;1
96;2
APPOINTED;4
TRIGGERING;1
CHEESES;1
BRUGES;1
EARTH’S;1
FIX;2
INSTRUCTION;1
GOVERN;6
OPALS;1
VAT;2
ENGAGEMENTS;1
LAWYERS;1
NONEXHAUSTIVE;1
ASKING;1
DIFFERENTIATE;1
FRUSTRATED;1
OVERTHECOUNTER;1
OWNERSHIP”;1
ASSESSMENTS;4
DEPLOYMENT;2
SHIPPING;20
OPPORTUNITY115;1
INSTRUCTIONS;2
PENETRATING;1
INSIGNIFICANT;3
AVAILABLE”;1
ANYWHERE;1
PHASED;10
HALLMARKS”;10
FREQUENT;1
UNILATERALLY;2
THOUSAND;1
COMMUNIQUÉ;1
2320FEBRUARYPDF;1
FAVOURS;1
ARBITRARY;1
	TAX;2
RESTRUCTURINGS”;1
𝑃/𝑅;2
“MICROTRANSACTIONS”;1
PROFITS”;1
AGENCY;2
GASOLINE;3
FACILITATED;3
TEND;4
LESSER;2
INSURED;1
TYRE;3
SOCIAL;13
UNFAIRNESS;1
FACILITATES;2
REMAINDER;2
FITTEDOUT;1
EXPANDED;2
READ;2
AFFILIATED;1
WHOLESALER;1
EBIT;2
INACCURATE;2
PLANTS;1
POSTIMPLEMENTATION;2
LATIN;1
LOCATIONBASED;1
A’S;2
EXECUTIVE;1
“DEEMED”;1
TOLERANT;1
EXPLOIT;6
OBJECTS;3
DESELECTED;1
PATTERN;2
COMPUTING”;1
AMERICA;1
IN/TRANSITION;1
OUTSOURCED;1
NONFOSSIL;1
FILES;4
“VIEWER”;1
F;1
DECEMBER;1
CHARACTERISE;4
CONTENT;62
DAILY;1
INVESTOR’S;1
DESCRIBING;2
DATABASE;4
PERSONAL;29
LOSS”;8
QUID;1
ENUMERATED;1
ARRANGEMENTS25;1
EXERCISES;2
ACCESSED;3
ADVERTISE;1
LOCATED6;1
SAUDI;1
REPAIRS;1
REACHING;6
INVOICES;1
ARRANGEMENT’S;1
DESCRIBE;1
OWNERSHIP/LEASE;2
POSSIBILITIES;3
ANTICIPATING;1
“P”;2
ACCOMPANIED;10
SETTLED;2
REBUT;3
INVOICED;1
BLUEPRINT;33
INDICATED;11
BRANDING30;1
MAINTAINS;1
2223;1
GOVERNING;8
CELL;1
DEPOSITORY;1
BRIDGED;1
VPN;19
SOFT;2
RISKMANAGEMENT;1
PLAYED;1
ALMOST;6
PRICED;1
PLAYER;2
COMPUTER;6
MODULE;1
CELLULAR;1
FACTUAL;3
MANIPULATE;1
EXCHANGED;11
PURCHASERS;2
DIGITALLY27;1
COMMENCES;1
~2300;1
ENJOYMENT;9
CHIPS;1
TRANSACTION129;1
EFFECTUATED;1
RESTRICTED;1
124;1
DEVELOPER;1
CONSENSUSBASED;6
REPRESENTATIVE;4
CARGO;1
CUSTOMISE;1
“STRONG”;1
CREATES;2
COMPUTERS;2
AGGREGATE144;1
RATIFIED;1
FILE;10
129;1
MASS”;1
FAIREST;1
FILM;2
ALUMINIUM;1
PERMANENCE;2
ARTICULATION;1
BUSINESS14;1
PACKAGING;6
RE;1
TIWB;2
CAUSED;2
QUALITATIVELY;3
FRAMING;1
TPG;12
APARTMENT;1
PREVALENCE;2
ENABLED;2
ENERGY;5
SPECIFICITY;1
EYEWEAR;1
CHOICES;2
PROPOSES;4
ENQUIRIES;7
TRANSMITTED;8
SOLICIT;1
INFORMATION55;1
CAUSE;3
FILTER;2
RESPONDS;2
VPN54;1
DETECTED;1
PURPOSE111;1
“PROFIT;12
PILOT;8
LICENSORS;4
CATALOGUE;1
OUTFLOW;1
ÁNGEL;1
SEEIII;1
MARCH;2
AMENDED;7
WARRANTED;1
“COMPONENT;1
LICENSEES;6
WHOLESALING;1
OFFERS;4
FEEBASED;1
COMPETENT;30
CLARITY;4
INCONSISTENCY;2
ADMINISTRATIVELY;1
GUIDED;1
EQUIPPED;1
TAXES”;1
INTENSIVE;3
OVERBURDENING;1
REFINE;2
“OUTLINE”5;1
OWNING;1
PATENTED;1
NEGOTIATED;1
REGULATING;1
DAYS;1
ITSELF116;1
EQUATE;1
NONBINDING;7
PRESCRIPTIVE;1
“DOUBLE;5
SENSORS;1
PROXIES;5
𝑦;4
𝑧;4
𝑤;2
DENOMINATOR;4
DRAWS;3
NONSERVING;2
TRAVELS;1
TREATIES;36
CERTAINTY”;1
SUFFICIENCY;1
DRAWN;4
RENTALS;1
1M;1
MERE;9
ENJOY;2
𝑅;3
𝑃;2
APPROACH3;1
~1300;1
𝑎;2
CUSTODIAN;1
CUSTODIAL;2
PAYROLL;6
AGENT;7
OUTBREAK;1
“R”;2
EDUCATIONAL;1
AEROPLANES;1
CARS;4
LETTER;1
OBLIGATION;8
PROGRAMMES;4
16;1
LIST;86
ELEVEN;1
BEVERAGE;1
DEFERRAL;2
UNCOOPERATIVE;1
DISCUSS;4
INSPECTORS;2
“EXISTING;2
“IN;1
DRIVING;1
BENEFITING;2
RESOLVING;2
RESELLERS;1
CONTACT;4
“UNIFIED;2
“OTHER;11
SEEKING;5
ENDCUSTOMER;1
INVEST;3
VIEWER’S;2
ENVIRONMENTAL;1
ENCOURAGED;1
NONPRESCRIPTION;1
USER/MARKET;1
NEEDING;1
“MARKET;1
“SUFFICIENT;2
COPY;3
DOWNWARD;1
ENDEAVOURS;1
RESIDENCE”;1
WEBPAGE;1
FEES’;1
“REVENUE”;1
SOLVED;1
D2;1
SPEAKING;1
EUROPEAN;1
PROSPECT;2
LOGOS;1
INDEPENDENTLY;3
SELFASSESSED;1
VOLUNTARY;4
VIDEOS;1
AUTHORISED;2
RAPID;1
NONALLOCATION;1
SHARING;2
RESPECTFUL;1
GURRíA;1
PEOPLE;1
MONTHLY;1
INTERPLAY;1
CBCR37;1
“EYEBALLS”;1
HYDROCARBONS;4
DWELLING;2
NATIONAL;4
ENCOMPASSES;1
INVENTORY139;1
GROUPED;1
CARVED;1
COORDINATING;27
ENDEAVOUR;2
SILVER;1
MARKETSPECIFIC;1
FORTH23;1
LISTS/CUSTOMER;2
“DEEMED;1
ADDS;2
GATHER;1
“INAPPROPRIATE;1
LISTS;19
UPDATEABLE;1
INVENTORIES;1
GOES;3
INTERNET;27
PATIENTS’;1
TFDE;1
LETTING;2
PROGRAMMING;1
DECREASES;1
TERRITORIES;1
“CONSUMER”;2
AUDITOR;1
DYNAMICS;1
EXTRACTIVES28;1
ROOM;2
DEPENDENT;4
PROPOSE;2
CONNECTIONS;1
INFORMS;3
UNCONSOLIDATED;2
REFINING;1
ADVISE;2
DRAMATICALLY;1
FOOD;6
PROXIES142;1
“ADVERTISING;1
OPERATIONS”;1
FUND’S;2
FUND;8
MAGNITUDE;1
FACTUALLY;1
CRYSTALS;1
CONTRIBUTES;1
TODAY;5
RECEIVABLE;1
PRUDENTIAL;1
PROVIDERS;6
MANUALS;1
PROPOSITION;1
INACCURATELY;1
RETENTION;1
WIND;1
UNDIFFERENTIATED;4
“LIMITED”;1
OFFICIAL;3
FISH;1
EXPECTATION;1
FOOT;1
IDEAL;2
COD;1
CONTRACTUAL;9
PREDOMINANT;1
TRACKING;3
POSSESSION;5
ACCOMPANYING;2
ATTRACTS;1
REGISTER;1
ANALYSE;4
TRUSTS;1
FORESTRY;5
FLUX;1
IMPACTING;1
ONEOFF;1
STEMS;1
UNCONNECTED;1
SHOWROOM;1
CARDBOARD;1
OCCURS;2
DENOMINATORS;1
OPT;3
LOGGING;1
PHONES;1
DEMOGRAPHIC;2
COMMITMENT;8
OVERLAP;1
JURISDICTIONBYJURISDICTION;1
CATEGORISED;3
𝐴;2
CONSEQUENTIAL;2
“ORDINARY;1
SELFASSESSMENT;59
VALUEADD;1
RUN;3
LIGHTLY;2
MORTGAGE;1
PARTICIPATES;2
CHECK;1
ADVERT;1
SMALLEST;1
EXHAUSTION;4
REJECT;1
PARTICIPATED;1
ENJOYED;3
NEIGHBOURHOOD;1
APPOINT;1
DISSIMILAR;1
FEEL;2
“OWNER”;6
AIR;12
AIM;1
WEBHOSTING;2
FEES;19
AID;2
NOMINATIONS;1
PROOF;2
SUBSTITUTES;1
RECORDED;1
SURROUNDING;1
FRUIT;2
CONSUMER’S;3
OVERBROAD;1
~1000;1
IX;2
LAND118;1
BANKS’;2
LOCATING;1
“ACTIVITY;1
EMPHASISED;1
DIMENSION;1
PROGRAMME;15
PASSENGER;4
401ON;1
INDIVIDUAL’S;2
COVERING;4
NEGOTIATE;1
REFLECTIVE;2
PRECISELY;2
PROFESSIONALS;2
COMMONLY”;2
INVITED;2
FRAMED;1
PROTECTED;1
PREDICTABILITY;1
SERVING;5
AIRPORTS;2
INVOICING;1
CENT;1
“RECYCLED”;1
EXPLICITLY;4
LUXURY;1
NONCFB;1
COMMISSIONAIRES;10
OVERSIGHT/CONTROL;1
RECIPROCALLY;1
ENVISAGED;7
DISCOVERED;1
AWARDS;1
PRESALE;1
COMES;4
SHOWS;5
“USER”;1
“SUBSTANTIAL;1
RENOUNCE;1
RESTART;1
TREATY;43
“ROBUST;1
LOCATIONSPECIFIC;1
CONSTRAINED;1
‘BASELINE;1
FLASH;1
FAVOURABLE;1
STAND;1
AVIATION;1
THOUSANDS;1
GLOBALISATION;2
RENTED;1
SUBCATEGORIES;1
RETAINS;3
DOMESTICALLY;4
CUTTING;1
ACTIVITIES146;1
FILLED;1
“THE;1
GAMING;10
SQUARE;1
GEMSTONES;4
ACTIVITIES”;4
DEVICES19;1
ACTIVITIES’;1
IMMOVABLE;3
SUSTAINABLE;1
BROKERDEALER;1
BIOFUELS;2
“USERS”;1
USUAL;6
MARKETPLACE;2
VALIDATION;8
TEMPORAL;3
𝑀;4
INDEPENDENCE;2
AMEND;2
AUTOMOTIVE;2
LOCALISATION;1
PHARMACEUTICALS;12
UNSUCCESSFUL51;1
“PHYSICAL;2
NEGATE;1
PROSPECTIVE;3
CORRELATE;3
IDENTIFIABLE;6
LUBRICANTS;1
DELAYS;1
DISPLAYED;3
BINDING160;1
CONFIRMING;2
MASTER;5
ODD;2
ATTRACTIVE;1
ORIGIN;1
ONSITE;1
RAPIDLY;1
LITTLEUSED;1
CAPACITIES;1
RETAILER;3
CONSTRUCTION;20
STREAMS;15
DISPLAYING;2
TUNNELS;1
INAPPROPRIATELY;1
LED;2
SECURING;1
TRANSMISSION;1
MEASUREMENTS;1
“CAP”;2
PRODUCERS;1
FLEXIBILITY;8
INDIVIDUALS;10
CONTRACTORS;1
ADDITIONS;1
COFFEE;1
SEES;2
608;1
REMOVAL;3
CLICKED;1
TESTS”;1
COMPARED148;1
SIXTEENTH;1
VALUEADDING;1
CONSTITUTION;12
INSTITUTIONAL;3
CAUGHT;2
COMPROMISE;2
OBSERVATIONS;4
LIMITEDRISK;1
SUPPLIES;5
DWELLINGS;1
FIRM;3
COPPER;1
TAXPAYER’S;2
CONTINUING;3
CONTAINING;1
RESOURCES”;1
FACTORY;2
BUDGETS;1
SERVICE53;1
SERVICE50;1
ICT;2
RECEIVED;5
LAYER;1
PANELS;15
CENTURIES;1
3500+;1
HENCEFORTH;1
CORROBORATE;1
RADIUS;1
EXACTLY;1
“DIGITAL;4
KNOWLEDGE;1
ACTIVITY”;1
SIX;4
“OF;3
REFRAIN;2
FORCE;9
IMPACTS;4
“ALLOCABLE;1
THINGS;4
TURNS;1
	NEXUS;1
NONADS;6
ARTIFICIALLY;2
SUGGESTING;1
PARLIAMENTS;1
FEEDBACK;2
FORUM;7
OBSTACLES;3
NONRENEWABLE;3
SITES;1
PRESENCE”;3
SCARCE;1
FRANCHISEE;48
FRANCHISED;2
REPLACEMENT;3
EFFECTED;1
TRIBUNAL;1
LOOK;8
STAGES156;1
HOUSE;1
CONSUMED;3
EXPRESS;4
AWARENESS;1
“BINDING”;1
CHARGING;2
PACE;1
SUPPLEMENT;2
ROOMS;1
CONSUMER;110
PRACTICABILITY;1
PREFER;6
LABEL;1
HIGHWAYS;1
CLOTHING24;1
USER;172
AGGRESSIVE;1
FIRMS;7
CONFLATION;1
COMMERCIALISING;2
LICENSEE’S;2
HUB;1
SUBSTANTIATE;1
COMPRISED;3
MEDIA;13
CONSUMER”;1
SUPPORTS;5
TARGETS;1
“M”;2
SENDING;2
“BASELINE;4
TOBEDEFINED;1
PROTECTION;4
DISAGREES;1
VALIDATE;1
ADDRESSES;8
CONSEQUENCES;2
CHANCES;1
BELIEVES;2
PLI;1
PRECEDING;1
MANUFACTURERRETAILER;3
USABLE;3
PRIORITISE;4
FORWARDER;1
MET46;1
AWAITING;1
−;5
HOLDER;3
PROJECTS;4
TRAINING;7
KNOWS;1
852;1
PREVENTED;3
“DIFFERENTIATION”;1
CONTRACTED;6
PLATFORMS;19
ELECTIVE;7
DECREASING;1
EXTRACTIVE;2
CONNECTION”;2
HOSTING;5
“THROWIN”;1
HAPPEN;2
COUPLED;7
COMPLEXITIES;1
COMPLYING;2
ACTUARIAL;1
ICAPLIKE;1
MARITAL;1
INCENTIVISED;1
IMPLY;2
ANALYSIS10;1
SUSPENDED;2
ROADS;1
ROUGH;1
QUO;1
NOVEL;1
PREDOMINANTLY132;1
CEASES;1
CAR;8
KEROSENE;1
TO”;2
STEPS”;6
ACCOMPANIES;1
STEM;1
DRAFT;3
SIGNED;4
ENHANCE;8
WEEKS;2
BLOOD;2
ADVERTS;1
MINDFUL;4
LOCATE;6
AVERAGING”;1
AUXILIARY;1
UNDERTAKING;8
COLLECTIVELY;5
CENSORSHIP;1
FAKE;1
HARBOURS;3
PUBLISHING;2
MANAGER’S;3
SOPHISTICATED;1
RUNNING;2
REVISIONS;3
ALP152;1
ALP150;1
CRUST;1
INCENTIVE;1
CHANNELS;2
MIX;3
TRENDS;1
LINK;2
AIRLINE;3
“MARKETING;2
INDICTORS;1
27;1
COMPARATIVELY;1
28;3
BATTERIES;1
MODIFYING;1
THOUGHTS;1
SUIT;1
PRESUPPOSES;2
CLIENT;4
INSTITUTION;1
DEEMING;1
‘NEGATIVE;3
COSTLY;1
INCREASINGLY;6
MAINTAINED;2
“TANGIBLE;2
STEVEN;1
LOSSES”;1
USER’S;22
MANUFACTURER;3
JURISDICTION’S;8
FUNCTIONING;4
PRESCRIPTION;19
ACTS;2
“AFFECTED;1
“RETAILER”;3
ATTACH;2
BOOKS;2
OCCASION;1
“REASONABLE;1
EXPLOITS;3
LOCATES;1
GOVERNMENT;6
FITNESS;1
BUNDLES;1
QUICKLY;7
PLANNED;2
HIGHLIGHT;1
BUNDLED;8
JOINING;3
FUELS;2
CHAIN;15
WATCHING;1
LINKAGES;1
PHONE;12
DISTINGUISHING;1
CONTINUOUSLY;1
CHAIR;11
REITERATING;1
CATEGORISATION;2
ACTIVATE;1
RECONSIDERED;1
ACCEPTS;4
BECOMING;3
“INTERNET;2
STRUGGLE;1
FRANCHISEES;6
NONBASELINE;2
DESTINATIONS;1
“AUTOMATED”;3
FRANCHISING;49
OBJECTIVE158;1
INSTRUCTED;1
PAPER;2
IMPORTANTLY;1
“SELLER”;1
APPROACH”;6
MULTIFUNCTIONAL;2
FAVOURED;2
POSITON;1
“TANGIBLE”;2
COURT;6
/SERVICES;1
CONFIGURED;2
FORMED;7
IDEA;1
ENTITY”;5
VOLUMES;2
DATASET;2
COHERENCE/SUSTAINABILITY;1
HOSPITAL;2
HOTEL;6
APPS;2
JURISDICTION7;1
FRANCHISORS;4
DISABLE;1
ADMINISTRATION’S;12
COMMIT;4
CONCLUSIVE;4
EFFICIENTLY;3
RELATIONSHIPS;11
125000;1
BILLING;33
XM;1
CIRCULATED;1
FINTECHS;2
“CHANGE;2
PROGRESSES;3
RESTRICTIVE;1
PINPOINT;1
HOMOGENEOUS;1
IMPOSITION;1
2020;14
PLEASURE;1
SPECIFY;2
DISTRIBUTORS135;1
GRADUALLY;3
INFRASTRUCTURE;20
“JURISDICTIONAL;1
INTERMEDIATING;2
DISTORTIVE;1
ZINC;1
BRANDED;3
PROCEEDS;1
TEMPLATES;2
SEVERABLE;1
RESOURCE;12
CLASH;1
7M;1
MARKETED;1
MOVED;1
DRUG;13
EXPOSES;1
MENTIONED;9
INITIATIVES;1
BASE”;1
SPECTRUM;5
ICAP;8
RISKBEARING;1
STORE;7
RESERVE;1
PE’S;1
EXHAUSTED;2
OTC;15
BENCHMARK;2
XX;1
	EXECUTIVE;1
“NETTING;1
FRANCHISEE’S;4
FUEL;2
CLAUSES;2
DESIGNERS;1
HEREINAFTER;1
COMMITTED;1
IMPRACTICAL;2
RIYADH;1
EXCEPTIONALLY;2
BODY’S;1
PERFUME;1
CONSENSUS;11
ENTREPRENEURIAL;5
VIRTUALLY;2
CONSUMERS”;1
SHIP;1
BEHALF;10
PRECISE;7
SATISFYING;1
PARA;5
REALTIME;22
ARRIVING;1
ENTITY”131;1
EMPLOYER;1
CORRESPONDINGLY;2
UNDERPIN;1
INSISTING;1
PROBABILISTIC;1
PROVIDER136;1
ENTITLEMENT;7
SCREEN;1
PERCEIVE;1
SOON;3
ASSIGNED;3
FUTURE163;1
AUDITS;5
COOKIES;1
ADVOCATING;1
ECONOMY155;1
PROFIT”;1
AWARE;4
NEUTRAL;3
BIOGAS;2
THIN;1
EXEMPTION”;9
DELINEATES;1
SHORT;5
JOBS;2
“W”;4
LICENCES;2
“SAFE;3
WELLBEING;1
TIED;5
INDEPENDENCY;1
DELINEATED;7
COMPONENTS”;1
“DIGITAL”;2
BRUSSELS;1
PORT;1
PERVERSE;1
TRIED;1
COMPLEMENTARY;2
NOTIFICATION;2
ADMINISTRATIONS”;2
SERVE;3
COMPRISING;1
EMAIL;1
ENDED;2
LIST’;6
~620;1
“DIFFERENTIATION;3
RELYING;4
UNCERTAINTIES;1
OUTSET;1
TIMEFRAMES;4
TARGETING;4
CUSTOMISED;9
	ELIMINATION;1
BOOKING;1
SUBSCRIPTION;7
MONETISING;2
IMPORTED;2
TOURIST;2
GROUPLEVEL;1
CHARITIES;2
AUDIENCE;1
HARDENS;1
ATTRIBUTES;3
PROVISION;36
POSSESS;1
TWOFOLD;2
OFFICE;3
FRAGMENTED;2
PREPARATORY;1
“NETTINGOFF”;3
ABIDE;1
INTENTIONALLY;1
GLOBALLY;3
STANDARDISATION;1
ENTITLE;1
RESOLVES;1
FASHION;1
PACKAGE”;2
PRORATA;18
TRACED;1
B”;1
PERSONALISE;1
PHASE;2
“REALLOCATION;1
SPILLOVER;4
MOMENTUM;2
APAS;4
DEVOTED;2
DEFINITIVE;1
TENSION;1
PREMISES;2
PACKAGED;1
COMFORT;5
“SOURCING”;1
“PRIOR;1
SCHEMA;1
AMENDMENTS;4
COMPLETENESS;1
SOLICITS;1
IMPARTIALITY;1
PREFERRED;6
JURISDICTIONS”;1
DECIDED;1
BACKDROP;1
UP”;1
TAXATION107;1
REMAINED;1
DIVERGENCE;1
DOSE;1
FACILITIES;3
TERRITORIAL;1
INDICATIVE;1
ENGAGEMENT”;1
SPANNING;1
FOLLOWING112;1
BUILT;4
OFFERINGS;1
SUSPEND;3
VERSIONS;1
CONTRACT57;1
MATERIALISATION;1
AWAY;2
PRINCIPLEBASED;1
EXPRESSLY;2
ANOTHER’S;1
STACK;1
LEVY;2
GOOD;50
SHORTLY;1
LISTENING;1
DISTRIBUTORS125;1
GOOD/SERVICE;1
PETROLEUM;4
REPATRIATE;1
‘ASSEMBLED’;1
NATIONS;3
BUSINESSFACING;1
REPEATEDLY;4
JURIDICAL;3
RIDES;1
INDICTED;1
“STRONGEST”;1
BLENDED;9
MONTHS;23
DEFINED124;1
PHARMACY;1
WINDOW;1
DIAMONDS;1
“ATTRIBUTION;1
LIST/CUSTOMER;1
DOCUMENTS;5
STRAIGHTFORWARD;3
CHARGES;1
ANALOGOUS;1
50/50;1
EVIDENCES;1
RETURN”;3
CODES;2
FORMATS;1
EVIDENCED;1
INTERNETCONNECTED;2
TELECOMMUNICATIONS;2
CHARGED;2
RESTRUCTURINGS;1
ASKS;1
CONSENT;1
MUTUALLY;2
UPFRONT;4
DERIVES;9
THEORETICALLY;2
LICENSOR’S;1
“SOLD;2
IDEALLY;3
TRANSMITTING;3
DESIGNATING;1
SUBLICENSES;1
UPDATABLE;1
EXTRAPOLATE;1
TRIGGER;1
DATABASES;6
PORTS;1
REMOVING;3
VARYING;2
MAIL;1
PLURAL;1
EXPLAINING;3
BENEFICIAL;2
PART”;1
GOING;3
INSERTED;1
ESTABLISHMENTS”;1
TREATING;2
ERRORS”;1
ACKNOWLEDGED;3
“RELEVANT”;1
CONNECTING;1
PASSED;1
▪;14
RESPONSES;1
ESTABLISHMENT130;1
AFTERSALES;2
HEART;1
HEATING;1
CONSTRUCTIVE;1
REGULATES;1
TRANSFORMED;1
MARKET138;1
RELEASE;1
CONTENTIOUS;1
“DELIVERED”;1
CONVENTIONS34;1
RELIANT;1
PRECISION;2
EXPANSION;2
NONCASUAL;1
“NEGATIVE”;2
“DEPENDENT;1
INDIVIDUALLY;3
“BLENDED;1
USERS’;2
INTEGRATING;1
RAILWAYS;1
REMUNERATE;2
“A;2
MACHINES;1
MEETS;12
INDUSTRYBASED;1
REPLACES;1
WIDENED;1
SPENDING;1
BILATERALLY;1
CONDITIONAL;2
ROBUSTNESS;2
INVESTORS’;2
“UNRELIABLE”;1
LABOUR;1
REPLACED;1
79;2
EARTH;3
‘FRANCHISE;1
INTERACTS;2
FAILS;3
ENTITIES”;4
REGULATOR;1
ADAPTATION;1
ROUTINEFUNCTION;1
~6800;1
NETWORKS;1
GDP;4
POOLMEMBERS;1
HIRE;1
GROUPPE;5
BEVERAGES;2
ENTERPRISE”;1
CUSTOMERFACING;1
LIQUEFIED;1
BUDGET;1
QUESTIONED;2
BORNE;1
FURNITURE;1
“MATERIAL”;3
GOLD;1
112;1
DIGITALISING;3
OCTOBER;1
SURGICAL;1
UNRELIABLE;99
DECLINED;1
ACCESSING;6
ASSUMPTIONDEPENDENT;1
ASSISTANCE;6
OVERCOMING;1
OUTLINES;1
NONMINERAL;1
STATUS;5
UNINTENDED;2
CONFIDENT;2
INVESTED;1
DEMONSTRATIONS;1
IMPLICATION;1
ASKED;1
BUILDING;10
FABRIC;1
“GEOBLOCKING”;1
TRILLIONS;2
SCOPING;5
ENHANCES;1
NONMARKET;2
G20;4
VIEWER;21
RANKED;1
“FIXED;1
PERCENTAGES39;1
ORDERS;4
MOTION;1
COMPLICATE;1
IMPROVED;6
GOODS”;1
DEFINITION29;1
~2000;2
RESTRUCTURING;1
TREASURY;1
SITE56;1
SEGMENT”;1
PERCEIVED;3
REVENUE36;1
UPDATED;5
RESOLUTION”;1
VITAL;1
PREFERENCE;7
RESTATED;1
JOIN;3
INFORMATION”;3
PROCEDURE;7
RANGES;2
RECOGNISES;16
TRACKERS;1
AVOIDING;1
ASSETINTENSIVE;1
RETAILING;1
COMFORTABLE;1
WATER;3
PURSUE;3
LAY;1
STRESSED;1
VARIANCE;1
OVERWHELMED;2
CODE;15
EVOLVED;1
SEAS;1
MOVIE;1
UNIFORM;4
3M;1
FILMS;6
SELECT;4
ORDINATE;2
ATTEMPTING;1
ADMINISTRATION”;1
LATTER;2
“INDIRECT”;1
CONSULTANTS;1
VIEWING;3
OFF”;1
SERVICES”;5
COMMENT;3
PENTANES;1
TRANSPOSES;1
SUBSEGMENTS;1
ELSE;2
FTA;11
“CONNECTED”;1
HAUL;1
MAINTENANCE;7
NONFS;1
INDEXED;1
FERRY;1
PREVIEW;1
ACHIEVING;2
DEVELOPMENTS;2
NARROWLY;1
BREADTH;6
POPUP;1
DILIGENCE;1
INEQUITABLE;1
PARTYIES;1
◦;291
NOTION;4
SECONDARY;15
FS;22
RECIPIENTS;1
COMING;3
SCENARIOS;2
MOVING;1
COOPERATION;2
DIRECTIONS;1
CHARACTERISED;7
MEETING;3
REFORMING;1
CONTRACTUALLY;1
LENGTH134;1
ADMINISTRATOR;1
PATIENT;6
FACTORS”;1
DRUGS;38
GENDER;2
CHOCOLATES;1
EXACERBATE;1
“NATURAL;2
“INCOME;2
SOLUTIONS;2
COSTBENEFIT;1
FOOTPRINT;1
EXTRACT;2
LAUNCHED;1
ESTATE;20
APPARENT;3
SITE;3
DEVICES;6
HOST;1
STRENGTHENING;1
MACHINERY;5
LARGEST;3
ACTIVITIES143;1
“Z”;2
TAILORED;2
INITIATED;1
SUBSCRIPTIONS;1
NONTAXATION;2
ENDUSERS;2
FORMULA9;1
SATISFIED;1
VIII;1
ACCEPTING;2
EXECUTION;2
RENEWABLES;1
OFFERED;8
STRUCTURE;6
CONSULTING;1
COEXIST;2
ENTITIES108;1
DOLLARS;1
LINER;1
PROFIT”96;1
GREEN;2
CACHING;1
UNUSUALLY;1
HIP;1
DIRECTIVE;1
OVERLOOK;1
WISHING;1
EXHIBITED;1
OCCASIONAL;1
“THROWBACK”;1
THINGS”;2
ALIENATION;31
”CRITICAL;1
REVISE;3
ARISES;3
NONAMOUNT;1
ENGINES;10
TIMELINE;1
DELIVERY35;1
PROJECT;5
EXEMPTED;2
ARABIA;1
SELLER48;1
BANK;12
PRONOUNCED;2
INTERNALLY;1
CTPA/CFA/WP2/NOE22020;2
ACCEPTANCE;1
TOOLS;16
NONAFFECTED;1
GUARANTEE;1
TAXI;1
BRIDGES;1
SMELTED;1
131;2
NONSPECIFIC;2
BUY/SELL;3
EGA;1
CLOTHING;4
BROADBASED;1
CAPABILITY;4
SATELLITE;1
OFFSETTING;1
	MARKETING;1
DOWNLOADS;1
ONSHARING;2
RAW;9
MANIPULATED;2
IMPERATIVE;1
“BLUEPRINT”;1
EMBODIES;1
2015;4
DOWNLOAD;1
“EXCESS;1
ROAD;1
REINFORCED;1
MOTIVATIONS;1
ASSEMBLY;2
PARCEL;5
ELECTRICITY;4
GROUP’S;123
VESSELS;1
BROKER;4
TRADERS;3
CONNECTIVITY;2
𝑆/𝑅;1
MONETISATION;1
IMPORTATION;1
“ENTITYLEVEL;1
ENTITY’S;16
REIMBURSE;1
VII;1
DELEGATES;1
SERVES;1
SERVER;1
PATIENTS;1
PROVES;2
APPLICABILITY;1
A&P;6
INTERNETENABLED;2
PREVENTION;47
SURVEYS;1
TRANSPORTATION;8
88;1
PROTECTIONS;1
SEND;1
82;1
EFFORTS;4
81;1
MINERALS;4
CONFERENCE;3
“MANUFACTURER”;1
EXPIRATION;1
ALLEVIATING;1
COMPLETING;1
COOPERATES;1
MANAGER;9
INHERENT;7
PULP;1
“STREAMING”;1
“QUANTUM”;1
SURROGATE;4
UPDATE;3
HIGHLYREGULATED;1
AGREEDUPON;1
KILOMETRE;1
OUTS;1
CRUISES;1
WOODEN;1
CONTRADICT;1
MIDDLEWARE;1
WIFI;2
SENT;4
SPEEDY;1
RENEWABLE;8
SUSPENSION;6
COLLABORATION;1
SPEEDS;1
TYRES;1
EXECUTED;1
TOFACE;1
CBCRS;1
ANTIBASE;1
METERS;1
CHAT;1
BUSINESS’;6
WORKS;3
BUSINESS”;3
LEASING;6
ORDERING;1
“INDEPENDENT;1
B147;1
INFLUENCED;1
SUPPLIERS;1
GROSSING;1
TASTES;1
APPEALS;2
BEDROCK;1
BRANDS;3
SENIOR;1
REVISITED;3
CAPTURED;5
APAEQUIVALENT;1
KNOWING;2
SITTING;1
RETIRED;3
HEADQUARTERED;1
INDIVIDUALS’;1
REPORTING58;1
YEAREND;1
OPERATIVE;1
AUTOMATED;20
NARROW;18
DISPROPORTIONATE;5
VPNS;3
RECIRCULATE;1
POLISHED;1
COMPLETE;11
STATED;4
ADVISORS;1
HABITUAL;1
RAMPUP;1
RECOMMENDED;5
DEADLINE;17
PROCESSED;1
DURATION;3
POSITIVELY;1
GEOGRAPHICALLY;2
LONGSTANDING;3
C94;1
AUTOMOBILE;1
MATERIALISES;1
MONITORS;1
DIMENSIONAL;1
“DELIVERY”;1
SERIES;4
DOZENS;1
UPGRADED;1
“CONTINUITY;1
REFUNDS;1
DEVELOPED11;1
LAPTOP;4
BATCH;1
METALS;3
ENDING;2
NATION’S;1
SHIPPED;1
GREATLY;1
HOLD;3
THINK;3
ENDUSER;2
TELEVISION;2
CONSUME;1
EXACT;1
RESTAURANT;8
WHOLESALERRETAILER;3
HTTPS//UNCTADORG/EN/PUBLICATIONSLIBRARY/UNCTADSDDINS6_ENPDF;1
FIRMSPECIFIC;1
GOVERNORS;1
MEANING;17
PROMOTING;5
“FACE”;2
WRITEDOWNS;1
ADVOCATED;1
UNAVAILABLE;93
FORMAT;7
ANNUITY;1
PROHIBITED;1
“USED”;1
UPSTREAM;1
PROPRIETARY;1
LASTBEST;1
BRACELET;1
“ACTIVE;1
PREVENTING;1
CONTRACTING;4
INTANGIBLERELATED;1
EXPERTS;3
INCOMPLETE;6
ROTATING;1
SELFSERVE;1
NONTRANSFER;1
PROCESSING;12
“BACKSTOP”;5
121;1
122;1
“BACK;1
INSTRUMENT/GUARANTEE;1
VISITED;1
CONSUMERFACING;45
GPS;5
GAINED;5
BRACKETS;1
NUMEROUS;1
WORKOUT;1
METHOD121;1
HIERARCHY;35
DISTORTED;3
OTHER157;1
DUTIES;3
“A”;5
CHAIRED;1
NUANCE;2
SUITED;1
ONDEMAND;1
DISPENSED;2
HIERARCHICAL;3
FUNCTIONALITY;8
COLLECTS;3
REALLY;1
ADJUSTING;2
LARGER;4
TRANSPOSE;1
FOURSTEP;1
OECD’S;1
PB;10
DAYTODAY;1
AGREES;10
PANELLISTS;7
NINE;3
CLOSELY;9
PE;25
ENDORSED;1
P3;1
DISPUTED;1
TRANSACTING;1
RESIDES;3
ANTWERP;1
NAMED;1
VIRTUAL;7
ERROR!;4
BROWSERS;1
INQUIRY;1
DRINKS;1
WANTS;1
ACCOMPANY;1
TRACE;1
TRACK;3
UNDERMINED;2
SUPERMARKET;2
ASCERTAINING;1
ETHANE;1
EXPENSING;1
STRIKE;1
AVOIDED;2
STAFF;2
ACUTE;1
CENTRALISING;1
UTILITIES”80;1
“BUNDLED;1
ACCELERATED;2
GAAP”;1
INVARIABLY;1
“USER;1
ENTERS;2
ALTERED;1
BRANDS140;1
DESIRED;1
ACCESSORIES;1
MISLEADING;1
MOTOR;2
BROWSING;1
ELECTRICAL;1
PROMOTE;2
EXPLAINS;6
“SOFTWAREASASERVICE”;1
2018;5
PRACTICALLY;2
AUTHORISE;1
“ROUTINE”;1
FRONT;1
“ELECTRONICALLY;1
BEANS;1
“SCALE;1
PRECIOUS;2
SEGMENTLEVEL;2
RANGING;1
STATISTICS;1
TRAVEL;2
UNREGULATED;1
NONEXISTENT;1
SERVICES18;1
DOUBT;1
SIDE;2
MECHANISM”;1
“PROFITBASED;2
“RESIDUAL;2
SCEPTICISM;1
€750;1
‘POSITIVE;3
FACTOR”;2
“X”;2
SETTLEMENT;1
OECD/G20;7
UPDATING;2
SECRETARY;2
AMENDMENT;5
REFLECTION;1
“AN;1
ASSESSMENT12;1
GAS;6
ENCOUNTER;1
JUDGEMENT;1
USE”;1
SCOPE’;1
“DUAL;5
“ALTERNATIVE;1
GROUP117;1
ETHANOL;1
INGREDIENTS;1
SUSCEPTIBLE;2
SHIPS;1
BARCELONA;1
PIECES;2
HOLISTIC;1
“SEGMENTATION;12
DECADES;1
WORTH;1
SUSTAINABILITY;1
TOURISM;2
CONTINUES;4
ESTABLISHMENTRELATED;2
INSTALLED;1
MAPS;1
EXISTENCE;7
REFERRAL;1
RISKS114;1
UPWARD;1
REPAIR;1
PERMITTING;1
PERISHABLE;1
PENALTIES/INTEREST;1
PHASING;1
“ALL;1
SUBMITTED;19
“COMMONLY;1
ASSEMBLE;3
FUNDAMENTAL;4
CRUDE;1
UNDERGO;1
EVERYDAY;1
APAS159;1
STREAM;8
INTERVENTIONS;1
AGENT”;1
FACING;6
COUNTRIES20;1
JURISDICTIONS’;11
EXHAUSTIVE;1
EVENTS;1
LOGS;2
DESIGNATION;3
EARNINGS/REVENUE;1
CLIENTS;6
BENEFITTING;1
PURCHASER47;1
REDUCTION;2
BUILD;5
FLEXIBLE;1
LOGO;2
GAAPS;1
SATISFACTION;1
BORDERLINE;3
SUPERVISORS;1
MANUFACTURERWHOLESALER;3
SWIFTLY;1
PREFERENCES;5
FORWARDER52;1
“ISSUE;1
FAMILIARITY;2
INCOME”;7
115;1
114;1
INTENDS;1
116;1
111;1
JOINTLY;2
BORROWER;2
FRAMEWORK’S;2
119;1
118;1
GYPSUM;1
NOTIFIED;1
ASSISTANT;1
INFERRED;1
DIFFERENTIATION”;3
CUP151;1
“LAST;1
“ROUTINE;1
RESOLVE;17
FINTECH;11
SPECIALITY;1
SPILL;1
POSITIONING;1
SUPPLIER’S;1
TRIANGULATE;1
DEALS;2
DEALT;5
USAGE;1
RESPONSE;7
INDICIA;13
POSES;1
WAREHOUSES;1
DIESEL;3
BOUND;13
INCREMENTAL;1
STAGES;1
PANEL’S;15
MODERN;1
CROSS;2
VOTE;2
ALAS;1
CROSSED;1
MNE’S;29
BANKING/WEALTH;1
ABROAD;5
ENTITY145;1
TRIGGERED;9
“JURISDICTION”;1
FAST;3
REPLACE;1
INVOLVEMENT;20
HISTORY;1
PERSISTENTLY;1
SECRETARIAT4;1
FED;1
PARTLY;1
AUTOMATE;1
JANUARY;6
POWERFUL;1
CHOOSES;3
OFFICES;3
ARM’S;21
TOWER;1
CFB42;1
NOTIONS;1
CONFLICTING;1
DOWNLOADING;3
EXPRESSION;2
REPORT1;1
©;1
REPORT2;1
TRANSMIT;1
TRANSPORT;3
BACKOFFICE;1
XML;1
SECURE;1
VERIFYING;1
RESIDENTIAL;16
BLOGS;1
INTEGRAL;1
DRIVE;4
ISOLATED;2
WRITTEN;1
CARVEOUTS;1
INCONSISTENCIES;1
NEWS;1
ENTERPRISE133;1
SLOWER;1
SEPARATED;1
COMPARISON;2
ASSIGNS;1
MODELS45;1
“PROCESS;1
TARGETED;9
HARBOUR’;1
LUMBER;1
HARBOUR”;3
WEALTHY;1
ORGANISED;1
PREVAIL;2
DAY;1
ARBITRATION;3
PHYSICIAN;1
PLAY;3
STANDARDISING;1
PROCEED;3
SPACE;1
BANDAGES;2
WRAPPER;1
•;114
PROFILE”;2
CFBS;2
“DISTRIBUTION;1
FUNGIBLE;1
INCREASED;4
QUALIFYING;2
SELF;11
THRESHOLDS38;1
PROFITGENERATING;1
OWING;1
REVIEWING;1
CATASTROPHE;1
INFLOW;1
