ENTLY;3
PREDICTION;1
DELAY;3
POSTSALES;1
EMPHASIZE;2
OVERWHELMING;1
EFFORT;13
LAST;21
HTTP//WWWUNORG/ESA/FFD/WPCONTENT/UPLOADS/2016/10/12STM_;1
✓✓✓;4
BAMIDELE;1
SPE;3
TAINTY;1
DESIGNRELATED;1
MEASURES”;2
TIMEFRAME;1
COMPLETENESS;1
SOVEREIGNTY;2
BOOST;1
PROBABLE;4
	EVOLUTION;1
OPCO’S;3
RECIPROCAL;1
ORGANISATION87;1
REMU;1
NINTH;1
ORIENTED;3
CREDAF;1
REME;1
HAPPENED;4
ACCORD;9
MULTITIERED;1
BEN;2
CIAL;22
NO1;1
SIZING;1
PROBABILITY;7
D	INTRODUCTION;1
MINIMIZE;20
RESTATEMENT;1
TRANSCRIPTION;1
AUTHORITIES31;1
TRANSFERRING;2
PATIENCE;1
YARDSTICK;1
NON;2
RITY;2
MATCHES;1
FURTHERED;1
“ENHANCED;1
AFFIRMATIVELY;1
PAGES;1
LAWSUIT;2
MATCHED;2
PLAYERS;2
HTTP//WWW;1
APPENDIX;5
PROMOTION;7
REFUSE;1
UNIT/;1
ONTHEJOB;2
CROSSLICENSING;1
20000—FOR;1
ARTI;2
“TRANSFER;7
DIVI;3
EQUALFOOTING;1
DIVERGENCE;2
GANIZATION;1
CONSORTIA;1
91;4
93;2
92;5
95;3
97;1
96;1
UNDERVALUED;3
SHIPPING;11
EDS;2
OWED;2
INTELLIGENCE;11
DISAGREEMENT;1
PROCEEDINGS;5
MIROUDOT;1
TAX/TRANSFERPRICING/PDF;1
ADMINIS;15
AIDED;1
LA;1
PRESENTS;5
HEAD;10
EXAMINER;7
CONSOLI;3
MISUNDERSTANDING;1
HEAV;1
PRESCRIPTIVE;2
SUBJECTMATTER;1
CFO;4
IMF/OECD/UN/WBG;2
COMMERCIALIZED;1
CFC;11
TRADITIONS;1
CHALLENGED;2
INFORMING;2
CONTAIN;14
	OPCO;1
CONSTRUED;1
PANTS;1
VICES;2
CORRESPONDENCE;4
MINES;1
ARBITRA;3
RENDERS;1
LOSING;3
MINED;3
ACCOMMODA;1
RELIA;3
YEATS;1
INTERVIEWEE;2
INTERVIEWED;1
OTHER’S;1
ORG/1787/9789264241480EN;1
“THE;12
BARRIERS;1
APA;69
DISAGREE;3
TOPICS/KEYISSUES/REVENUEPACKAGE/~/MEDIA/36DE1A4DC54B47109514FFCD;1
NONREGISTERED;2
“UPSTARTS”;1
COLLEAGUES;5
ENVISIONED;2
ASSEMBLER;1
B31;1
PROFIL;1
RESTRICTIVE;1
UCTS;5
ASSEMBLED;5
DELINEATION;6
PAYS;5
	23;3
CELEX3A52015DC0302;1
EXTENSIVELY;4
VISITS;2
	27;1
LIAISON;1
GUISH;1
1970S;2
ANCILLARY;9
SIGNED;4
ADVANCE	PRICING	AGREEMENTS	ARE	DISCUSSED	IN	PARAGRAPH;1
INITIATE;2
HIGHLEVEL;4
NATIONWIDE;1
“DISCOUNTED;1
“INBOUND;3
ORGANIZATIONAL;13
HIGHLIGHT;1
RATIO48;1
ALTERING;1
HAYSTACK;1
LANZ;1
MARKETBASED;1
“LIFE;2
EMBOD;1
HAMID;1
INSTRUCTS;1
“OUTSID;1
CHANG;1
PIECE;2
“BOUGHTIN”;1
50000—IN;1
“BURDEN;1
–;11
AUGUST;1
PURSUES;1
PREVAILS;1
INSIGHT;1
INTANGIBLES	591;1
UNDERCHARGING;1
EXHAUSTIVELY;1
	COST;1
OUTCOMES15;1
C1124;1
MULTITUDE;1
INSTALLATIONS;1
SKILLS;24
CREATIVE;1
ATMOSPHERE;1
10A;1
DEBATES;3
“PACKAGE;1
STANDING;2
JECT;1
CO”;1
MARILY;1
CERTAINLY;3
RESENT;1
SEND;5
INSTITU;1
ODS”;1
TAXPAYER?;2
SUPPLYING;2
PREESTABLISHED;1
USEFULLY;2
REOR;1
NONPROFIT;1
DISCRETIONS;4
REDUNDANCY;1
COMPARABLE’S;3
STARTED;3
UNJUSTIFIED;3
IMATELY;2
“UNCONTROLLED”;1
COOPERATIVE;17
PDF/TOPICS/KEYISSUES/REVENUEPACKAGE/15_WCOGUIDETOCUSTOMS;1
CYCLE”;1
CONSUL;1
DISCLO;1
GREW;2
BCO’S;13
HTTP//WWWUNORG/ESA/FFD/TAX/GMAP/GUIDE_MAPPDF;1
ENFORCEABILITY;1
AUTHORIZATION;1
COMPLICATES;1
PSM;2
OPENING;2
RECRUITING;1
MILLENNIUM;1
PROPOSE;4
BCO;8
EXPANDS;1
EXPAND;6
101;1
MUTUALLY;2
NEGOTI;1
UNFORESEEABLE;1
DUPLICA;1
	RATIONALE;1
TREES;3
OBJECTIVELY;1
SITE/TAXNEWSFLASH/TP/2011/TNFTP11_02EGYPTHTML;1
QUALI;2
EXTERNALIZING;1
ERED;8
STRUC;5
SENTATIVE;1
FIDENTIALITY;1
INTANGIBLES/;1
WASHING;2
HARMONIZATION;1
LOBBYING;1
LOWING;1
DOWNLOADED;1
TAINING;2
THRESH;1
LOT;2
5050;2
LEMS;2
POLIT;1
JUAN;1
UNDULY;3
RECRUITMENT;3
CRAFTED;1
RESTRUCTURED;2
RECUR;1
NATION;9
CARRIES;15
UPON105;1
SUBSTITUTION;1
HTTP//ECEUROPAEU/TAXATION_CUS;1
GUATEMALA;1
CLASSIFY;1
NISMS;2
SIMPLIFI;1
SCRUTINIZED;1
ROMAN;1
CONE;1
SIZES;2
INTERESTFREE;1
SETTLE;1
HANDBOOK;2
THELESS;1
EXPLORES;1
HTTP//WWWIRSGOV/PUB/IRSUTL/PATA_;1
NEEDLE;1
INSIST;1
“CULTURE”;1
SOUGHT;11
ERNST;1
ARRANGEMENTS”;1
PACKS;1
RISK—THERE;1
HONDURAS;1
DEALERS;3
ACTION”;1
SATISFACTION;1
	COMPARABILITY;3
LOWMARGIN;2
ARGENTINA59;1
SOUNDS;1
DISPUTES32;1
AUTHORIZES;1
SCHEMES;3
PARTY’S;8
ACTIVITIES	589;1
“EX;2
SIONDRAFTATOOLKITFORADDRESSINGDIFFICULTIESINACCESSINGCOMPARABLES;1
TOPICS;2
CAPI;6
CAPA;3
WASEDA;1
HTTP//UNCTADORG/EN/PAGES/PUBLICATIONARCHIVEASPX?;1
“JUSTIN;2
CUSTOMS;40
CONSULTED;4
ENTHUSIAS;1
FOCUSSED;3
RECRUITS;1
BELONGS;5
AFFILIATE;3
MOTORCYCLE;5
BOX”;4
EVALUATES;3
GRASS;1
AUTOMATICALLY;9
“STANDARD;1
COUNTRY’S;34
19760;3
DIARY;1
MICROPROCESSOR;2
ARRAY;1
HTTP//WWWOECDORG/TAX/BEPS/BEPSACTIONSHTM;1
ADMIN;29
JAPANESE;12
FRESH;3
CIPAL;1
4600;1
DETERRENCE;1
REWRITE;1
DISSEMINATED;1
GOING;2
SAVING/PROFIT;1
DUTY;6
LOWERING;2
CONFIDENTIAL;9
YOUNG;1
ONWARDS;1
RECORDKEEPING;1
SIONAL;1
ADVANTAGEOUS;3
NISM;2
SUBSID;2
VALUES127;1
NISE;1
PROVIDING57;1
ICANCE;1
NORMS;2
INDICATING;4
OBLIGA;1
DISCOUNTING;3
EPILOGUE”;1
DEBATE;2
TRATE;1
FYING;4
PRICING?;2
SALESPERSONS;1
B	IN;1
INTERMEDIARY”;1
PRACTI;2
THERETO;2
TOMERS;2
PANELS;1
BUDGETED;9
PUBLISHERS;1
SIMPLI;1
IRRATIONAL;2
CARTS;1
HARDWARE;2
SCREENING;34
FIRMS;14
REPATRIATED;1
MAP_GUIDANCE__FINALPDF;1
LIMITATIONS”;2
RECURRING;2
SKEW;1
SEARCHING;4
810;2
HOTELS;1
817;1
TOPICAL;1
GOVERN;3
VAT;2
COUNTRYBY;1
ASSOCIATION’S;1
TAPE;1
EXTERNAL/PUBS/NFT/OP/215/;1
INFORMATIONINTENSIVE;1
DITIOUSLY;1
MANIPULATING;1
INSTRUCTIONS;1
PROVISIONS89;1
C	CASE;1
RENDERING;1
ACCOUNTANTS;2
EMPHASIZING;1
REFRAINED;1
TIONAL;23
ASSUMP;2
CONTRACTS—WHICH;1
NEGOTIATIONS;6
COMPILATION;1
DEVELOPMENT	AND	IMPLEMENTATION	OF	CLIENT	SATISFAC;1
HOULE;1
MR;4
PESSOA;1
ANALYT;1
READ;4
SUITS;1
MIND”;1
MAY—FOR;1
PROFITMAKING;1
REPRE;3
BOOSTS;1
REAS;1
EXECUTIVE;1
CUSTOMIZED;3
27000;1
NONTRANSFER;2
2DAY;1
CUSTOMIZES;1
CONTEND;3
EMERGING;4
ERATION;1
MATERIALIZ;1
DISPOSALS;1
MATERIALIS;1
INTRODUCTION	395;1
B/EMEA;1
PERSONAL;10
PRICINGRELATED;2
ACCESSED;1
SERVICESE;1
PUR;2
TRANSACTIONS56;1
HTTP//EURLEXEUROPAEU/;1
DESCRIBE;7
OVERRELIANCE;1
BAD;2
CIES;5
DEPLOYED;3
INDICATED;3
“CAPITAL”;1
REGIONALLY;1
MAINTENANCE/EXPANSION;1
FULLYOWNED;1
INDICATES;5
ACADEMIA;1
ASSURANCE;2
CONTRASTS;1
HAPPENING;1
SESSIONS;2
NY’S;1
FER_PRICING/FORUM/JTPF/2012/JTPF_CCA_REPORT_ENPDF;1
PARTIES38;1
LEAGUE;1
RISES;2
“FAIR;1
AROSE;1
CLUSTERED;1
OVERT;1
GUIDELINES’;2
UNCTAD;6
LIM;1
ROYAL;1
CORPORATIONS;4
B	TRANSACTIONAL;1
ADMINISTRA;21
RECONSTRUCTED;1
STANDARD90;1
ENERGY;10
TECHNIQUE;1
OBLI;2
CHOICES;4
EDITORIAL;1
GRADINGS;1
FN7;1
WISE;3
LIC/GLOBAL/PDF/TOPICS/FACILITATION/INSTRUMENTSANDTOOLS/TOOLS/CUSTOMSTAX;1
GIAMMARCO;2
UNREASONABLE;4
ORGANIZATIONS;19
BACKWARDS;2
PLETHORA;1
NONENGLISH;1
PEAK;2
MARCH;3
AMENDED;4
AGREEMENT’;1
TODAY’S;1
MATERIALS/DATABASES;1
COMPETENT;49
OBSERVATION;2
MULTILATERALLY;1
TRANSACTIONS”;6
13”;1
ADVISING;1
PATENTED;2
HAVEN;2
ATE;14
DRAWS;2
FIRSTROUND;1
TREATIES;51
DRAWN;1
MERE;8
GLOBAL/REGIONAL;1
PLICATED;1
AGENT;16
GAUGE;1
CONVENTION28;1
EXISTED;1
LOTTERY;3
CLAUSE;5
NERS;1
DEARTH;1
HOPES;1
DECLARATIONS;1
LETTER;2
OBLIGATION;14
CARF;3
VANILLA”;1
SATISFAC;1
BASICS;1
CHRISTOPH;1
	FINANCIAL;1
TREATY;88
DISCUSS;8
PROVINCES;1
RESELLERS;2
PRODUCTS’;1
IRRELEVANT;1
TANCY;1
PERSPECTIVES;4
ENDCUSTOMER;1
INVEST;7
CESS;2
TANCE;5
TIMES;20
FORCE”;1
PREFERABLY;3
REPORTEDLY;1
LICENSES—WHICH;1
ASIAPACIFIC;2
SIGNIF;6
BOUGHT;2
INDEPENDENTLY;3
VOLUNTARY;6
EXERTING;1
NESSES;2
DIVESTITURE;1
4600/3;1
HANDLING;6
FRAME;12
PEOPLE;2
INTERPLAY;3
LOGISTIC;1
ENTHUSIASM;1
IOTA;1
✓;3
PUBLICATIONSPDF;1
COORDINATING;1
SHOPPING”;1
TOSHIO;2
FACTURE;1
LISTS;3
ACCOUNTS’;1
GOES;1
EXPER;3
YES;3
“LEARNING;1
CONCURRENTLY;1
RECOGNIZING;11
CORRUPTED;1
DEPENDENT;9
“MIXED;1
REFINING;6
STRETCHED;1
CLIENTS;5
SPECIFICATIONS;6
“SOFT;1
RISKBEARER;1
AFFECTING;5
CONTRIBUTES;5
RECEIVABLE;7
LEVEL40;1
MANIPU;1
OVERCENTRALIZATION;1
“PARTICIPATE;1
REQUIREMENTS94;1
HMRC;1
PRI;1
TWENTYFIRST;1
DCFS;1
KINGDOM;5
SIGNING;2
ADOBE;1
ARTIFICIAL;1
TAXPAYER’S;76
UNSPECIFIED;3
YUAN;1
REVEALS;2
PLE”;1
RUN;6
“MAKE;1
COMMUNICATIONS;8
BICYCLES;23
“PROFITBASED”;1
CONFUSION;3
ENJOYED;2
DIL;1
FEEL;5
BASIS36;1
FEES;16
C11;1
RECT;3
DIS;5
MANPOWER;4
SURROUNDING;8
TRADITIONALLY;3
UTE;4
COMPLIES;1
IRS;10
RECTLY;1
IRC;5
LIVESTOCK;1
INTIMATELY;1
QUICKEST;1
DICTATE;2
DURES;4
MENTED;4
B–B;1
HANDLED;3
COP;4
ERAL;5
NAL;7
TASKED;1
COR;1
TIMETABLE;3
TRATES;1
INVOICING;5
SECONDED;5
	ADVANCE;1
SEGREGATE;1
LOWEST;2
EXTERNALIZED;1
MONETARY;5
DISCOVERED;1
PREDICT;1
TURER;1
NATED;1
STRIPPING;1
TRANSACTIONS79;1
LOCATIONSPECIFIC;4
TURED;2
NIFICANT;2
ANDREAS;1
RESULTS?;1
GENETICALLY;3
NONARM’S;13
MATELY;1
STANDABLE;1
PREDOMINANT;1
EDUCATIVE;2
CARLOS;1
THIRDPARTIES;1
PARAB;1
ACTIVITIES—;1
SQUARE;1
“TRANSACTING”;1
PARAS;16
CENTRALISING;1
DIPJ;1
SUSTAINABLE;2
TRANSFERPRICING/PDF;1
{SEC2007;1
STRENGTHENING;3
MEANTIME;1
TIATING;2
SANTIAGO;1
PATING;2
DEMAND/SUPPLY;1
INTRAFIRM;5
PROSPECTIVE;2
EFITTING;1
ANTE”;1
PRESUMPTIONS;4
ENTRANCE;1
DOMINICAN;1
ITEMIZE;1
FIABLE;1
STRAINS;1
CAPITALINTENSIVE;1
SIBILITY;2
393;1
THEREON;2
GOVERNS;1
ATTEN;1
SHOWING;4
EMBARKING;2
TOSHIYUKI;1
ADDITIONS;1
“INBOUND”;1
“MATERIALS;1
CUTTINGEDGE;2
RUNS;3
UNDERTAKES;6
CONSTITUTION;2
CRITICS;1
FLEXIBLE;2
PETER;1
NONPERSUASION”;1
RAINER;1
RESOURCING;3
CONTINUING;8
TOBIAS;1
ADVANCEMENT;1
“SPECIAL;1
CATA;2
LAYER;2
CATE;3
PROFITS?;1
GROWN;1
KNOWLEDGE;44
CORRECTION;2
CONVINCING;1
CONSEQUENTIAL;2
GROWS;1
TIMETABLES;1
WAR;2
A5;3
ANTICIPATES;1
TRANSFEREE;4
REJECTION;2
UPGRADING;1
SCARCE;4
CHILDREN;1
SUBSTITUTE;5
COMPENSATIONS;1
LOOK;5
HOUSE;3
EXPRESS;2
PACE;1
CONSUMER;3
CONSUMES;2
CORRECTLY77;1
SEARCHABLE;4
PREFER;7
RESENTMENT;2
USER;3
REASSURING;1
REPORTS92;1
SHAR;1
MANAGEMENT”;1
DERSTANDINGS;1
VARIED;4
SUBSTANTIATE;2
BREAKING;1
STRONGER;1
DECISIONMAKER;1
	48;1
DILUTION;1
‘IMAGE’;1
TARGETS;1
	41;1
RETROACTIVELY;1
RESOURCESRELATED;1
PROCUREMENT/SOURC;1
CONCEDE;1
“KEY;1
CARIES;1
SPECIFICA;2
21ST;1
TERMINAL;1
SPECIFICS;2
REPRODUCIBLE;1
INDUS;6
GATION;2
TRAINING;48
KINDS;5
TICES;3
853;1
PLATFORMS;1
STOOD;1
PLACING;7
DOMES;9
201314;1
SAVINGS”;4
FINALIZING;1
EMERGED;1
ENDORSEMENT;1
HAPPEN;3
DIAGNOSTIC;14
TAXPAY;20
COMPLYING;7
CONTINU;1
EXTRAORDINARY;5
OBSOLESCENCE;3
IRBM;6
NOVEL;2
“UNDER;1
“D”;1
NEWCOMER;1
PREDICTED;1
CONCLUSIVE;1
ACCOMPANIED;2
“MNE”;1
TOWER”;1
STREAMLINING;3
MEANT;1
BANK34;1
		COVERAGE;1
COMPUTERIZED;2
ISSUING;2
GENERALIST;3
PLIS;9
RSP;2
“ONE;1
RATIOA;1
EVAL;1
SEPARATELY	150;1
“MARKETING;2
495;1
REPRESEN;1
493;2
DELIB;1
SAFEST;1
DEMONSTRATES;2
STEADY;1
MODIFYING;3
NIEKERK;1
CONCENTRATE;2
“MISSION”;1
DELIV;1
INSTITUTION;1
URE;4
COSTLY;9
CONTEN;1
ATHLETIC;1
PECTED;2
QUENT;1
TY’S;1
“CASH;1
NONCONTRACTUAL;2
HYBRIDS;1
REPORT”;2
ATTACH;1
BOOKS;12
INVENTORIES;5
RETRIEVES;1
EXTRACTING;1
OBSERVANCE;1
TRALIAN;1
PASSAGE;2
BUNDLED;2
JOINING;4
TEMPERATURE;1
POSI;1
PARTIES74;1
BECOMING;3
IMPLYING;2
PRECEDES;1
CIRCUIT;1
WELLPLACED;1
COMPOSITE;4
TURINGS;1
FULLYDEVELOPED;1
FAVOURED;1
AFFORDED;1
MATERIALS/INPUTS;1
INDEPEND;12
BASED/PANEL;1
MULTINATIONALS;4
CHOOSING”;1
ADMINISTRATION’S;15
KOREAN;1
PROGRAMME;31
QUANTITY;9
HANDLE;5
SCHEDULE;5
PROGRESSES;1
DEALER;1
PAPERWORK;2
	DISPUTE;3
DISALLOWING;1
23000000;1
ONCALL;8
HTTP//WWWWCOOMDORG/~/MEDIA/WCO/PUB;1
EMPLOYMENT;2
TEMPLATES;4
CROSSFUNCTIONAL;1
COUNTRY/TAX;1
FACTFINDER;1
“DIFFER;1
MANSOR;1
CALLED;21
CONFER;4
ICAL;3
B	DETERMINING;1
“MAKING;1
RULE”;3
FASHION”;1
NEIGH;1
CORNERSTONE;1
ATTAINED;1
WORKINPROCESS;1
INTERNA;8
HEREINAFTER;4
EVOLVED;1
SUBTLE;1
BEHALF;9
PRECISE;4
ENSU;1
RECTIFY;1
ENTERPRISES11;1
24250;1
GRADUATES;1
CORRESPONDINGLY;1
FOREIGNBASED;2
REFUSES;1
WRONGFULLY;1
PATHS;1
CHECKED;1
SCREEN;1
CREATES;5
RECHARACTERIZE;1
PROCEEDING;3
AUDITS;51
TREMENDOUS;1
CLEARING;2
EMPLOYERS;1
ZACK;1
312;7
B	WHAT;1
GRAIN;10
DELINEATED;7
ENGLISH;11
METHODS	361;1
NARY;1
COMPLEMENTARY;1
COMPRISING;6
RULES27;1
HTTP//WWWOECDILIBRARYORG/;1
UNCERTAINTIES;6
TARGETING;1
ANALYSIS”;3
XYZASIA’S;7
CUSTOMISED;1
COUNTRIES”;3
DISPERSED;2
COUNTRIES’;6
OGNITION;1
INTANGIBLE”;1
UFACTURED;1
“CHERRY;2
RATELY;1
UNDERPINNINGS;1
PROVISION;53
HTTP//ECEUROPAEU/TAXATION_CUSTOMS/TAXATION/;1
FURTHERING;2
WARRANTS;2
INTENTIONALLY;1
EXERCIS;1
LITIGATION;25
OPTI;1
MARCOS;2
APPLI;9
ACHIEVING;10
MENTION;2
PATA110;1
COMPETENCE;2
APAS;59
XML;1
SELEC;4
OBSERVER;1
TANGI;5
COINCIDES;1
YORK;4
FINDING;17
DECIDES;11
GOAL;4
COMPE;1
INVESTIGA;1
WWWOECDORG/TAX/BEPS/BEPSACTIONSHTM;1
TURERS;1
PREFERRED;10
JULIUS;1
DECIDED;10
FORMULATING;1
LISH;1
PARADOX;1
ECONOMICS;2
BACKGROUNDS;2
IZATION;2
RESPONSIVENESS;1
LETTERS;2
VIEWPOINT;4
AWAY;3
ELIMI;5
FIED;7
REEVALUATE;1
PETITORS;1
SERVICE’S;1
HTTP//WWWIRSGOV/PUB/IRSUTL/;1
JURIDICAL;2
JURIS;10
AFFIRMATIVE;3
MANUALS;1
AUSTRALIAN;3
CREATURES;1
COLLATE;1
DOCUMENTS;52
PARTICIPANT;41
ADAPTATIONS;1
CHARGES;24
DOCUMENTA;10
CHARGEA;3
CHARGED;37
RESTRUCTURINGS;23
MILESTONES;1
COM2011;2
PARABILITY;1
VALUATIONANDTRANSFERPRICING_FINAL_ENPDF?DB=WEB;1
FOSTER;2
DERIVES;5
PROSPECTS;1
BONTIS;1
“STATUTE;2
BIAS;2
THRUST;1
OM;3
WIDG;1
“FLAGGING”;1
EXPLOITING;8
CRIMINAL;3
EXPLAINING;3
FF;1
DER;1
REGU;2
COUN;50
REINSURED;1
ACKNOWLEDGED;4
INCOMETAX;2
NOTAXATION;1
ADJUSTMENT/CORRECTION;1
FN;1
ACKNOWLEDGES;1
REINSURER;2
LEADER;6
TRANSGRESSION;1
DEPARTURES;2
EXAMINATION98;1
RECEIPTS;3
ERS/ASSESSORS;1
SEVERELY;1
HTTP//;5
RELIANT;2
INDIVIDUALLY;2
ENABLED;2
INKIND;2
COUNTRY/REGIONAL;1
NEY;1
RING;2
‘THE;1
APPARENTLY;1
US10;1
REPLACED;3
CUSTOMIZATION;1
PRELIMINARY;4
SUMMARIZE;1
LEVERAGED;1
QUAL;1
EMBRACED;2
SOLDERING;2
ERTIES;1
HIRE;1
FULFILLING;1
ENTERPRISE”;3
PREDETERMINE;1
PUTTING;2
ARTISTIC;1
MISCONCEPTION;1
ATTRACTING;5
WALL;1
FREQUENT;3
PRESELECTED;1
NOTIFYING;1
UNRELIABLE;5
DECLARAçãO;1
ACCESSING;4
INSTALLATION;3
HTTPS//WWWOECDORG/TAX/DISCUSSIONDRAFTATOOLKITFORADD;1
EXPLICITLY;4
STATUS;10
HERKSEN;2
PARED;4
DRILLING;4
OBVIOUSLY;4
INTENTIONAL;12
ASKED;7
BUILDING;26
FACTORS?;1
DIVERT;1
SUPER;1
INCOMESHIFTING;1
CPM;2
TAXPAYERSPECIFIC;2
GAMES”;1
ELGAR;1
ORDERS;4
FACTURER;1
IMPROVED;8
ANTICIPATE;2
FLUID;1
MARGIN46;1
RESTRUCTURING;77
TREASURY;17
ASSUM;1
IMPRESSION;1
UPDATED;22
INTERPRETATIVE;1
PREFERENCE;5
OUTCOMETESTING”;2
ARBI;2
CESSFUL;1
AUTHORI;3
AUTHORS;4
PROHIBIT;1
HTTP//UNCTADORG/EN/DOCS/WIR1993_ENPDF;1
A/ASIAPACIFIC;1
DECENTRAL;1
SELECT;14
INTEGRA;1
AGGRESSIVELY;1
OFFERCOMMISSION;1
PROFIT/NET;1
FLOWON;1
JOLANDA;2
DEVELOPED/OWNED;1
“METHODOLOGIES”;1
SECRETS;5
140A;1
EAGER;1
CAREER;2
SIXTHMETHOD;1
INERS;1
SECONDARY;3
FORMULAS;1
339;2
RECIPIENTS;2
INSTITUTE;2
330;1
332;1
NEGOTIATORS;1
HORIZON;1
RECOVERED;1
SCENARIOS”;2
DEVIATIONS;2
NONRESIDENTS;2
FACTORS”;1
DRUGS;1
EXACERBATE;1
HEARD;3
SUBCOMMITTEE’S;2
LAUNCHED;1
BOND;1
ESTATE;1
		COORDINATION;1
DEVICES;1
MACHINERY;3
SCARCITY;1
NONRESIDENT/;1
“ABOVE;1
SESS;1
LOST;7
CLASSI;1
PURSUE;8
PROBE;1
PROBA;1
HOLIDAY”;1
LOSE;1
ASSISTED;2
TLED;2
FORMA;1
DECI;5
DOLLARS;1
DRAFTERS;2
FORMS;16
		EXAMPLE;1
FORMU;2
LASTMENTIONED;1
OPRO;1
WISHING;2
CAPABILITY;42
JURíDICA;1
UCT’S;1
REVISE;1
EMPLOYEE’S;1
–1;1
INFLUENCED;9
REGULA;2
CHARACTERISTIC;4
OUTCOMETESTING;2
TAXA;9
PARTLY;4
SUITED;2
SECURELY;2
BELGIAN;2
OCCASIONAL;1
SHORTCOMINGS;1
MODERNI;1
NONUSERS;2
CENTRALIZED;35
DESIRED;5
TICAL;1
AUTOMOTIVE;1
2015;16
2014;2
PROCURING;1
2013;9
COMMUNICA;1
ASSEMBLY;5
TOKYO;1
VALUE	3;1
VALUE	2;1
VII;1
ANSWERS;3
INTENSIVENESS;1
STAT;2
FUR;1
FOURTHLY;1
DISFAVOURED;1
FUL;1
MINERALS;6
HTTP//WWWETSGORG/ETSG2010/PAPERS/SEIDELPDF;1
LACKED;1
MINIMIZATION;1
RELATIONS;12
BICY;3
“FULLYFLEDGED”;1
HIGHTECH;1
PRICING39;1
FORCED;1
PERSPEC;1
CONSTANTLY;2
PROCURE;2
ICANT;4
SENT;2
FORCES;4
458;2
TENDERING;1
455;1
COURTS;3
ENCES;10
WORKS;10
RESPONDED;1
BROWN;1
WELLDESIGNED;1
PREEXISTING;13
EXECUTING;2
DETECTING;1
SAVINGS/RENTS;2
ARRANGE;16
	405;1
INVESTIGATIONS;1
PENALIZ;1
SUPPLIERS;10
RELATIVES;1
CONTIN;2
BRANDS;1
UNI;1
BENCH;3
ON68;1
PREDICTABLE;7
COSTS”;2
ITY;43
OMY;1
SECTIONESAFEHARBOURSTPGUIDELINESPDF;1
B’S;1
COMPLETE;11
PROCESSED;2
DUCTED;1
OUTCOMES?;1
JOUR;1
	SAFE;1
AUTOMOBILE;4
BID;1
MANAGERS—PEOPLE;1
PENANG;1
SIGNMENT;1
CAPACITIES;1
POOR;4
INFLUENCES;1
HEADED;1
FUNDAMENTALS;1
SERVICES	3;1
SERVICES	2;1
NEGO;3
**;2
GINS;1
HOLD;6
THINK;1
ABILITIES;1
CONSUME;2
DENTIALITY;1
MAQUILA;2
AFTERSALE;2
MOUNTED;1
WANG;1
MATERIALS/COMPONENTS;3
RESTRUCTURINGS”;1
ABSORPTION;2
COMPELLED;1
ALLEGATION;1
LTU/LTO;3
DISCHARGES;1
“EXTERNAL;2
TEAM’S;2
GRATING;1
PRICESETTING”;2
LATIONS;2
ATTRAC;2
AGREEMENTS—ESPECIALLY;1
ASSETMANAGEMENT/OECD/TAXATION/TRANSFERPRICINGDOCUMENTATIONAND;1
DUTIES;5
MARKETCORRELATED;1
CRE;2
PP;2
ADJUSTING;7
WARNING;1
RECREA;1
PE;3
ANALYTICAL;5
ENDORSED;3
RANEOUS;1
MEDIATION/CONCILIATION;1
ERS”;1
INQUIRE;2
VIRTUAL;1
“CONTEMPORANEOUS;2
DOCUMENTATION71;1
INQUIRY;2
PRERESTRUCTURING;2
FACES;6
ORIGINATES;1
OPT;6
NBDR;3
SUBSIDIARY’S;1
CUSTOMARY;1
TOMS/SITES/TAXATION/FILES/RESOURCES/DOCUMENTS/TAXATION/COMPANY_TAX/TRANS;1
B00;1
TRACK;2
“CONTROLLED”;1
PROCESS”;1
B02;1
TWENTIETH;1
STAFF;25
“INTANGIBLE”;1
DOWNSTREAM;2
INVARIABLY;3
HARMONIZE;2
FACTURING;4
FUNCTIONALLY;2
DIFFICULTTO;1
B	SAFE;1
PRETATION;1
AFFILIATIONS;1
ASSETS	100;2
GEOGRAPHICAL;12
COMMISSIONING;2
PROMOTE;4
MADARIAGA;1
>;1
AND/;5
FORMULARY;7
COUNTRIES2;1
NEURIAL”;1
MARKS;4
DUPLI;1
LUCA;1
2012;5
“RISK;1
SIDE;11
ELIM;1
SECRETARY;1
AMENDMENT;2
TOOLKITS;1
SATIONS;1
WORKED;2
ASSURE;2
PRICING”;4
EGYPTIAN;1
PURSUING;4
DECADES;3
G20/OECD;2
FLUCTUATION;3
FORCEFUL;1
CONTINUES;4
ENCOMPASSING;1
355;2
7500;4
HINDER;1
SOON;4
“UNIQUE;2
LABOR;1
LUDOVICI;1
ROUTINELY;1
APEX;1
METER;1
FEATURES—;1
METHODS”;3
FEATURES”;1
OBSERVATIONS;6
MISCOMMUNICATIONS;1
OFFER”;1
PANT’S;4
COUNTRYSPECIFIC;1
RESOLUTION	376;1
SPECIFIES;1
ADDITIVE;3
CHART;8
TRANSLATING;1
SUBHOLDINGS;1
JUDGE;4
TWELVE;2
SERVES;6
COMPANYSPECIFIC;1
DANGERS;2
SUFFERING;1
LATTER’S;3
DEFAULTS;1
SPECIALIZES;1
BHAT;1
SPECIALIZED;7
PAYOR;1
MAXIMIZING;1
VOL;1
ARM’SLENGTH;9
BOUND;4
PROMOTES;2
MNE”;2
HTTPS//WWWNTAGOJP/FOREIGN_;1
BLES;20
BROKER;2
BLED;1
PERTI;1
VOLUNTARILY;2
HOLIDAY;1
CHAPTERC;1
CONSULATES;1
DISCRIMINATION;2
EDITION;11
SIGNIFI;4
INCREAS;5
SUBORDINATE;1
§6641;1
SERVICEPROVIDER’S;1
“ESTIMATES”;1
MINI;3
EXPORTER;1
ADJUSTMENT”;3
POWERFUL;1
PAMPHLETS;1
STAY;1
DIED;1
CONFLICTING;2
§;1
DENCY;1
®;7
FORMULATIONS;1
DEFICIENCIES;3
DENCE;2
HCO’S;3
MID20TH;1
NONPRICING;1
SUPERVISOR;1
CIF;1
CJ;1
SECONDMENTS;2
INTEGRAL;1
CIR;1
WRITTEN;17
DETERMI;4
INCONSISTENCIES;7
ELECTRONICALLY;1
COMPARISON;48
“UNJUSTIFIED;1
SENTS;1
DAY;4
PAUSE;1
PROCEED;6
OMISTS;1
PATENTABLE;1
UTMOST;1
472;1
PROFITABILITY?;1
GROUP?;1
FACTBASED;1
“HIERARCHY”;1
FUNCTIONALITIES;1
GUIDELINESFOR;1
WORKLOAD;1
POWER;18
NISHED;1
SAFEHARBOUR;3
TINY;1
TING;1
ENGINEERING;6
PROBABIL;1
REPRESENTATION;1
OVERSEAS;8
CATEGORY”;1
CLEARCUT;1
MISUN;1
LEGITIMATE;8
ENTRY;4
TRIBUTORS;1
MAR;4
CONTACTED;1
ZONES;1
PRICE”;3
TRANSLATED;2
MAL;1
MAN;8
ASSOCIATIONS;1
FAITH;8
UNDERESTIMATED;1
NORMAL;6
584;1
VOLUME;25
585;1
GIBLES;11
COMPANY’S;24
LSA;1
581;2
ALLOCAT;1
DOWNLOADABLE;1
METHOD—;2
SECURITY;4
METHOD’;1
CERTIFIED;1
METHOD”;6
EXEMPTS;1
PEOPLE’S;1
STOP”;1
EXCLUSIVITY;2
BAER;1
CAPABIL;1
ANOMALIES;1
THRICE;1
BOOSTING;1
RESIDENTS;1
ATTORNEYCLIENT;4
REPOSITORY;2
RETURNING;1
“BUSINESS;1
MINISTRIES;1
SECRET;15
MITIGATION;9
BASICALLY;1
STYLES;1
REASSURE;2
PUBLISH;3
OPMENT?;1
INATING;1
WHOLLYOWNED;1
EDUCA;1
UNIT—;1
1990;2
1993;4
1995;1
1994;1
SPEAKER;1
ORGANIZES;1
EVER;2
EVOLVE;4
UTILIZES;1
A’S;4
BEARS;16
D37;1
557;1
CURRENTLY;14
550;3
ECONOMY”;1
UTILIZED;6
CRITE;2
DESIRE;4
PREDETERMINED;3
SPECIFICITY;2
MINIMIS;2
INTERGOVERNMENTAL;4
LATEST;9
NATIONALLY;1
IMPAIR;1
DEVICE;6
PROFILE;19
4	ISSUES;1
LOWVALUEADDING;3
FALLBACK;1
OECD”;1
LEGISLATIVE;24
UTED;3
RECORDING;3
“GOODWILL”	500;1
CONSERVE;1
COMMERCE;1
“RELATED;3
LTU/LTOS;1
PAPERS;2
SCIENCE”;1
SUFFICES;2
CONDITION;7
SUPPLYCHAIN;1
“CONTEMPORANEOUS”;6
CCCTB;1
500000/1050;1
LEARNING;4
PESSIMISTIC;4
SPECIFYING;3
370;1
ATTACHES;2
	EXAMPLE;1
SUCCEEDS;1
CONCEN;1
COUNTERPARTS;1
BASES;8
FAVOURING;1
DOCUMENTARY;1
REFRAIN;1
SHARP;1
ISES;1
INVESTIGATED;3
LIES;3
WARRANT;9
PLACES;1
AMERICAS;2
PLACED;4
AMERICAN;1
KATHERINE;1
PREPARING;9
CREA;3
RICA;2
FRAGMENTATION;1
LADING;1
IMPROVEMENT;5
TRANSLATORS;1
INCEN;1
“PICKING;1
HEAVILY;4
NET”;1
CUSTOMERS’;1
REQUESTING;4
CONVINCE;1
ENCAPSULATING;1
EXPLANATIONS;1
SERVICE”;1
OBJEC;2
SHIP;5
“SUPPLY;2
SELFEXECUTING;1
UNIT’S;4
ERALLY;1
DUNNING;1
SIZABLE;1
TECHNOL;2
CHASER;1
BRIDGE;2
PEERS;1
EFFECTIVE;59
SERVICEPROVIDER;3
EXISTS”60;1
GOTIATION;1
“CONTROL”;3
TRONIC;3
FEBRUARY;1
UNIVERSITY;8
DON’T;1
CONSUMPTION;2
“CBC;2
COMMENTARIES;3
LEAFLETS;1
ADVERTISEMENT;3
SIDIARIES;1
INTRAENTITY;2
✓✓;2
PROCEDURAL;4
ENGINE;1
OVERSEEING;1
DISCRE;1
DISSEMINATE;2
CONSULTING;3
138C;1
DISTURBED;1
AFOREMENTIONED;1
PREDIC;1
HEADING;1
DCO;4
MANCE;4
DCF;19
FUNDED;2
OVERARCHING;2
FUNDER;2
ESA/FFD/DOCUMENTS/UN_MODEL_2011_UPDATEPDF;1
PATA_BAPA_GUIDANCE__FINALPDF;1
COVERS;6
FACETOFACE;1
CULT;3
14500;1
‘NEXT;1
MATTER”;1
B	NONARM’S;1
B/ASIAPACIFIC;1
417;2
410;1
411;1
SURRENDER;1
STANDARDIZED;4
BUDGETING;1
DEPARTURE;2
DENOTES;1
HARMONIES;1
REPRESENTING;1
STITUENT;1
CODIFIED;1
BUY;1
MEXICAN;1
AUTHOR;22
HTTP//WWWIRSGOV/PUB/IRSDROP/;1
NUMEROUS;7
INCORRECT;6
COMMAND;1
TOUCHED;1
HENDERSON;2
BILITIES;1
PRIORITIZED;1
UTILITIES;10
UNIVERSALLY;3
MON;1
ATTITUDE;2
ALONE;1
USED—;1
ETS;1
LECTURES;1
ETY;3
	INTRODUCTION;12
ISSUES—INCLUDING;1
MENTALITY;1
CONVENTIONS;16
SUBSTAN;3
	VALUING;1
PARTIES’;4
PARTIES”;1
C’S;2
AIMING;1
GORIES;1
REASONABLENESS;1
HONEST;1
“CONTACT”;1
OFFICIALS;19
UPSIDE;3
“FALLING;1
“HOMEGROWN”;1
UNDERGONE;1
HTTP//WWWOECDORG/TAX/TREATIES/OECDMTCAVAILABLEPRODUCTSHTM;1
FLOWTHROUGH;2
TARIFFS;1
VARI;6
RANKING;1
CONVEYS;2
COORDINA;3
CIAT102;1
DISAD;1
ASSEMBLING;4
“DEVELOPING;1
SUPPLEMENTING;1
LEADERSHIP;2
HTTP//WWWCRAARCGCCA/TX/;1
NONCOMPLIANCE;9
1979;1
SECONDARY	SCREENING	VERIFICATION	AND	SELECTION	OF;1
DIVERSION;1
BIG;1
EQUIP;1
PROXIMITY;1
COMPETITIVENESS;1
INNOVA;1
UNCERTAIN;11
“FLAGS”;2
CANT;2
INTERVIEW;11
RESPOND;9
DISCOURAGING;4
KEEP;20
KEEN;1
PROJECT133;1
AGENDA;1
MECHANICAL;1
ATION;9
SUPERIORITY;1
CONCLUDING;5
ALEXANDRA;1
COSTEFFECTIVE;1
SIGNOFF;2
DERIVA;1
PANY’S;1
537;2
‘CUSTOMER’;1
530;2
INTERFACE;1
538;1
GUIDELINES117;1
JURIDI;1
STREAMLINED;3
RETAILERS;1
WELLKNOWN;1
INDEPTH;5
DEDICATED;2
OBLIGED;4
UNEQUIVOCALLY;2
MATERIALIZE;2
BILATERAL;39
DUES”;1
ADAPTING;2
INCORPORATES;1
DIRECTORATE;5
REORGAN;1
INCOMPATIBLE;2
PRINCIPLE16;1
NEGLIGIBLE;2
ENTERPRISERELATED;1
REQUISITE;6
FAULTY;1
COMMISSIONAIRE;2
REPU;1
APPROX;3
DEEP;1
EXTRA1;2
DEEM;2
FLEET;1
DCF—USING;1
NEGA;1
COMMITS;1
BARGAINING;2
PROJECTIONS66;1
UNEXPECTED;2
CONCLUDE;8
STRIPPED;2
“QUALITY;1
CROSSPROVISION;1
ORGANIZATION;26
ENGINEERS;2
ISTS;1
COMPETENCES/SKILL;1
REIMBURSED;1
NORWEGIAN;1
REIMBURSES;1
EDUCATED;1
B	TYPES;1
OVERCHARGED;1
BACKGROUND;3
EFFI;3
METH;9
TION_CUSTOMS/SITES/TAXATION/FILES/DOCS/BODY/SEC2007246_ENPDF;1
COMPANIES/GROUPS;1
SHOP;2
	PRESUMPTIVE;1
GENEROUSLY;1
REMUNERATING;1
VALUA;4
SHOE;1
PREJUDICED;1
DECADE;3
NEGOTIATION;7
GFA;5
WEST;1
DUPLICATING;1
WEBSITES;3
“JUSTINTIME”;3
TOUR;1
CONCLUDES;1
RISKFREE;6
SATISFACTORY;3
CLES;4
20000;2
ADACHI;2
ADVAN;2
DIVULGING;1
DIRECTION;4
OPERATORS;2
246};1
EXTEMPORANEOUS;1
CCAS;31
INTEG;2
NONEXHAUSTIVE;1
EXTER;4
CHELTENHAM;1
DOUBLECOUNTED;1
OWNERSHIP”;1
PRICE35;1
INDISPENSABLE;1
TAXATION”;1
“ASSOCIATED”;2
UTILIZING;4
PHASES;4
LEADERS;2
ISSUES91;1
WRONG;1
ACCEPTABILITY;1
PROFIT”;2
TRATIVE;2
INGS;7
DISTIN;1
“BLACK;1
INR;1
TEND;26
OFFERINGS;2
“MANAGEMENT”;1
SOCIAL;5
INE;2
435;1
430;2
TENT;1
US90;1
INDICATORS”;1
FICATION;2
AUTOMATION;2
INDEXPHP/CBDTSADVANCEPRICINGAGREEMENTGUIDANCEWITHFAQS/;1
WHOLESALER;1
REGULATES;1
CONTRACTING;12
5700;3
INTANGIBLERELATED;2
OVERSEES;1
“HOLIDAY”;1
F;8
REPRESENTATIVES;5
THIRDLY;2
PROFITSHIFTING;1
“TRUST”;1
UNLOADING;2
IMPLEMENTS;2
DESCRIBING;3
DATABASE;16
PLAUSIBLE;1
IMPLEMENTA;2
SARY;6
“Z”;1
SARS;3
FORWARD/;1
“GAIN”;1
REGISTERING;1
ERS;24
UTERS;1
ERY;1
NIGERIA’S;1
ERA;1
ERO;1
2013	VII;1
CATED;1
COMPANY/GROUP;1
INFLU;1
1980S;4
CATER;3
CATES;1
‘LIST;2
ROTC;2
COMMENCEMENT;6
LINEAR;1
ALLOCATED	1;2
ALTERNATIVES;11
“2016;1
D	STRENGTHS;1
“ONGOING;2
GENT;1
GENU;1
EDGE;6
HANDS;5
STRUCK;2
AFRICA–;1
CAPCITY;1
ECON;3
RENEGOTI;1
“CULTURES”;1
“WHO;3
SUPERVISING;1
TERTIARY;1
RT;1
LENDER;4
NAMED;2
BICYCLE;14
PROVID;3
PACKAGING;5
INHOUSE;12
QUALITATIVELY;1
CONFORMITY;1
EXAMI;2
AVAILABILITY/;1
DISSIPATE;1
HIGHVALUE;1
BRACKETS;1
TRAIN;9
ANALYSTS;1
BROADLYTRAINED;1
TRALLY;1
“LOCATION;6
DEBTS;2
B1?;1
“CODES;1
FINAN;12
DEADLY;1
PRICESETTING;5
FULLYFLEDGED;11
TINUOUS;1
OBSERVE;2
613;2
LENGTH”;2
610;2
INCONSISTENCY;6
APAS	629;1
INTENSIVE;8
TEST”;1
KEIJI;1
FORMULATE;4
TERMINATE;4
THOROUGH;8
518;1
EQUATE;1
ENCOUNTER;2
ASCER;1
SIVELY;1
TED;1
ENJOY;2
NONEU;1
TUNE;4
“PRESUMPTIVE;1
DETERRING;1
PRICING/THIN;2
PLACE—;1
PROGRAMMES;21
CHARACTERIZED;4
CONDUCIVE;1
INTENTIONAL/;2
EXPECTS;4
LITERARY;2
BUSINESSES72;1
ECOMMERCE;3
SUBSTANCEOVERFORM;2
UPDATED	387;1
TRIAL;5
BASIL;1
FOUNDING;1
OP/S;2
SEEKING;26
“ALIGNED”;1
STANDARD”;2
UNNECESSARILY;4
DEDUCED;1
CHARACTERIZATION;1
NEEDING;1
“MARKET;2
MODERNIZATION;1
“COMPARABILITY;3
FINALIZATION;1
OPING;8
WEBPAGE;1
ALTERATION;1
GEOGRAPHICALLY;1
PROSPECT;3
COMPARABLES”;2
DOCUMEN;9
THOUGHT;1
SHARING;36
WILLINGNESS;2
ECONOMIES100;1
EXPANDED;6
OUTSOURCE;8
LIMITA;1
DIRECTORS’;2
TECHNOLOGY?;1
IMPORT;15
OVERLAPS;1
SURPRISES;1
NATIONAL;41
COMPANY_TAX/COMMON_TAX_BASE/INDEX_ENHTM;1
LEVER;2
AWARENESS;4
TRANSACTIONBYTRANSACTION;3
WARRANTED;6
PUBLICATIONS;7
TOTALITY;3
INVESTI;1
COMPARABLE/EXTERNAL;1
INVESTS;1
TERMS?;2
INFORMA;12
ROOM;3
STIG;2
ADVISE;4
FURTHERDEVELOPED;1
WEBBASED;1
MENT”;2
“PLAIN;1
WINS;1
ULTI;1
“INTRAGROUP;1
INTERNALIZED;3
PROPOSITION;1
INVENTIONS;1
QUESTIONABLE;1
OFFICIAL;5
UNEQUAL;2
CIPLES;1
MANUALLY;1
IDEAS;4
IDEAL;2
ASSOCIATES;2
COM;23
COL;1
ILY;2
WORSE;4
WHOLE125;1
ATTRACTS;1
MATERIAL/INPUT;1
COMMUNI;1
APPLIED—;1
INEX;1
WORST;2
INES;1
MAKING”;1
COMMITMENT;10
OVERLAP;3
PROTECTS;2
CONTRAVENING;1
SELFASSESSMENT;5
ADVISES;2
LIGHTLY;2
ALIGNING;2
PARTICIPATES;2
TYPI;4
TELE;1
REJECT;4
PARTICIPATED;2
HTTP//WWWWCOOMDORG/~/MEDIA/WCO/PUBLIC/GLOBAL/;1
AIR;1
AIM;17
AID;4
GATIONS;2
TWELFTH;2
SYSTEMATIZING;1
PROMOTIONS;1
MEAS;9
CATEGO;2
BUTION;3
RABILITY;9
DOCUMENTATION”;1
HTTP//EURLEXEUROPAEU/LEGALCONTENT/EN/TXT/?URI=;2
CONCESSIONS;1
LISHED;3
ACCEPTS;1
POST”;1
REDEPLOY;1
ALTERNA;1
CENTRALLY;3
PROFIT/LOSS;4
PRETRANSFER;1
COVERING;3
ADVISERS;4
NEGOTIATE;4
ST/ESA/;1
HARMFUL;1
TRADER;3
BERGAMO;2
PARA;33
PRIATELY;1
BREWERIES;1
MULTI;3
FTES;1
EXPRESSES;1
B	CCA;1
OPENED;2
DIVERGENCE?;1
CENT;3
DEVEL;27
APPROXIMATING;1
HTTP//WWWITATONLINEORG/INFO/;1
OPERA;8
ENVISAGED;3
REMUNERATES;2
CONSIGNMENT/;1
SHOWS;11
GENCE;1
FRUITFUL;1
ATTRIB;4
PENSABLE;1
MENTARIES;1
BILLIONS;1
MANUAL6;1
FAVOURABLE;3
STAND;7
DISCARD;1
COMPENDIUM;1
BLE’S;1
NIFICATION;1
THOROUGHLY;2
INTERVIEWEES;1
SPELL;1
RECESSIONARY;1
DOMESTICALLY;1
GRATED;2
FILLED;3
UNPRODUCTIVE;1
ERED—;1
1936;1
AGREEMENTS/ARRANGEMENTS	375;1
USUAL;2
SETOFFS;7
COURTS78;1
MATERI;2
REFORM;3
SELFDEVELOPED;1
“ROAD;1
INTRODUCTION	379;1
WHEELBARROWS;1
FORMALIZATION;1
PRICINGARBITRATIONCONVENTION_EN;1
PHARMACEUTICALS;3
PROGRAM;2
ARBITRATOR’S;2
OBSERVERS;2
“MULTINATIONAL;1
NUMBERS;3
RAPIDLY;4
REVOKED;1
FRAGMENT;1
J;4
CONSTRUCTION;1
LEARNED;1
MINUTES;2
STRUCTURAL;8
ORGANIZATIONALLY;1
ELSEWHERE;12
PIONEER;1
DISREGARDS;1
OUTWEIGHED;2
DECORATED;1
604;2
601;1
600;7
603;3
	GLOBAL;1
RESPEC;3
608;1
SEED;1
NETTING;1
NITION;1
POLICYMAKERS;6
INVOLV;3
INSTITUTIONAL;3
ARNDT;1
COMPROMISE;2
OPTIMIZE;3
FIRM;10
BUDGETS;1
HISTORY;7
UNEXPLOITED;1
“OTHER;1
PROOF	364;1
HASSAN;1
ESPE;7
CONSISTS;2
STRATEGY?;2
LINKAGES;2
FORCE;6
FINALIZED;1
‘CALL;1
MINISTERS;1
SCHELLING;1
REPLACEMENT;1
LOGISTICS;5
JURISDIC;5
JOURNAL;2
SLOW;1
GREAT;17
NAVIGATE;1
P’S;2
SGATAR’S;1
CIATIONS;1
TANT;8
SUPPORT/;1
LATERAL;1
DRIVER;4
DRIVES;2
DRIVEN;5
EMBASSIES;1
CONSEQUENCES;23
DETRIMENTALLY;1
GLOSSARY;1
BELIEVES;2
LIGHTS;1
GATHER;2
	LEGAL;1
BELIEVED;2
VALUEADDED;5
CONSOLIDATING;1
ILLUS;3
OPINIONS;3
REY;1
REP;1
REV;1
	NARROWING;1
PRODUCTS/;1
MANUAL“”;1
REL;2
REC;2
REA;1
KNOWS;1
EXAMINATION/EXAMINATION;1
PREVENTED;1
RATIONALLY;2
ROME;1
LEGIS;2
KNOWL;4
CLAS;1
TICKS;2
COMPLI;6
GEUN;1
PUTS;2
UNDERVAL;1
COMPLEXITIES;5
OUTPUTS;1
IMPLE;7
PUTE;1
“DIPLOMATICALLY”;1
IMPLY;7
DUNAHOO;1
GEOGRAPHY;1
INACCURATE;1
CAR;1
DAILY;4
CAO;1
CAL;4
WEEKS;1
KOBETSKY;2
1050;2
OUSLY;1
ADVENT;1
PALLET;1
PROVIDER’S;1
“ADVANCE;1
IMPORTANTLY;1
LOCATE;2
URUGUAY54;1
SYSTEMATIC;2
DESCRIP;1
OGY;2
PUBLISHING;4
ALERT;1
RUNNING;1
TIMECONSUMING;3
INCENTIVE;13
MIX;9
TRENDS;7
STRAT;4
EXPECTATION;5
STRIKES;1
HANGING;1
CHECK;7
PRODUCT/SERVICE;1
PRESUMPTIVE;15
MAINTAINED;2
REDUNDANCIES;1
BILLS;1
MANUFACTURER;54
	ESTABLISHING;1
ACTS;9
ACTU;2
CUTTING;1
REDUC;1
ATTORNEY;3
EXPLOITS;1
GOVERNMENT;34
MANUFACTURING	PRODUCTION	PROCESS	ENGINEERING	AND;1
“EXIT;1
WISHES;3
200812;1
APPAREL;1
VALUEADDING;21
SURFACES;1
MATRIX;8
DEVCO;1
KNOWHOW?;1
CONTINUOUSLY;3
QUESTIONNAIRE;1
ORGANIZE;7
ORGANIZA;1
TIFY;3
	THEORY;1
INELAS;1
ICANTLY;1
B1–B;1
IDEM;3
IDEN;6
COURT;17
INADEQUATE;3
IDEA;2
RENCY;2
VOLUMES;8
EFFECTIVE”111;1
OPTIMISTIC;5
TAXPAYERS131;1
RESTRICTS;1
AFORESAID;1
COMMIT;4
CONFIGURATION;1
HENSIVE;3
COMMIS;1
EFFICIENTLY;8
FIRSTMOVERS;1
CUMSTANCES;1
_____?;1
COMMODITYRICH;1
1915;1
MATCH;1
IMPOSITION;3
IMF/OECD/UN/WORLD;2
MEDIARY;1
LATION;3
SPECIFY;4
880;1
LECTING;1
BARRI;1
BRANDED;4
TICIPANTS;1
QUESTIONA;1
EDUCAT;1
IMMEDIATE;3
REACT;1
UNSUC;1
RESENTATIVES;1
INITIATIVES;5
UTILIZE;4
PRESENTVALUE;1
EXISTENCE;19
PENCO;4
STORE;1
CONCEIVED;1
		ESTABLISHING;1
KINGDOM120;1
OPTIMISED;1
SUBSTI;2
AGES;2
MISMANAGEMENT;1
SITUA;6
NONRENEWABLE;1
AGEN;1
VIRTUALLY;1
VARIABILITY;1
VALUABLE’;1
VALUABLE”;1
UNDERVALUATION;1
TEAMING”;1
HABITS;1
FITS;9
EXAMPLES49;1
MULTIPLICITY;1
AWARE;6
SYMBOLS;1
PRICES18;1
NEUTRAL;2
INDEX;2
COOR;1
LICENCES;1
“DEDUCTIVE”;2
“SAFE;1
INDEM;1
MONITORS;3
TREATIES112;1
TRIED;1
REVE;1
ENTERPRISES”;10
MILESTONES”;1
TRIES;38
DOCUMENTATION	395;1
DOCUMENTATION	396;1
DISTORTIONARY;1
ATTUNED;1
ADJUSTMENTS/ASSESSMENTS;1
IED;1
TWINED;1
TRACTUAL;3
ACCOUNTANCY;2
REQUESTED;12
JUDGES;1
SATISFIED;17
CONTEMPORANE;1
ATTRIBUTES;6
NOTIFY;1
COMMENDATIONS;1
GLOBALLY;3
PAYEE;1
AIRPORT;1
RESOLVES;1
LOADED;2
CONTEXTUAL;1
EXERT;4
	CALCULATING;1
CONDUCTS;5
OVERLOAD;1
FAITHFULLY;1
PHASE;19
DEVOTED;3
PROCEDURES116;1
TARGETED;8
“ASSOCIATED;10
BEGAN;6
CALCULAT;1
N;8
INITIATIVE;5
TREATY58;1
PARAME;1
RISKBASED;3
RECEIVABLES;5
SAKE;1
MOUNTING;2
INDIAN;4
SPECIALIZE;1
DATED;3
SIMULTANEOUSLY;3
PREMATURE;1
FACILITIES;7
SERVICE123;1
BROTHERSISTER;1
HTTP//WWWOECDORG/TAX/DISPUTE/;1
YING;1
UTABLE;3
FLEDGED;2
CONTEXTS;4
TREATY’S;2
FAC;1
CHART”;1
SHORTLY;1
TIME”;3
STEADILY;1
000;111
	CASE;1
IMPAIRED;1
MANUFACTURING/ASSEMBLY;2
LINE”;2
TAGES;2
MONTHS;1
PARLIA;1
TIFICATION;1
760;1
764;1
CCA;158
TELECOMMUNICATIONS;4
LOWTAXATION;1
COGS;20
AUTHORITIES/;1
INAC;1
TERMI;2
ALLENCOMPASSING;1
FELLOW;1
CUSSION;1
FALCãO;1
FULFILLED;2
IPANTS’;1
WHISTLEBLOWER;1
EGIES;4
VARYING;2
LABORATORIES;1
CONDI;3
CONTINGENT;5
PROSPECTIVELY;2
MISHRA;1
PASSES;1
CONTROVERSIES;2
COUNTRYBYCOUNTRYREPORTINGACTION132015FINALREPORT_9789264241480;1
NWC;2
WEAKENS;1
PRESUMES;1
CONSTRAINTS—IT;1
QUANTIFYING;1
MIXTURE;2
LOYALTY;1
EXPANSION;7
PATED;2
INSOFAR;1
DOWNSIDES;1
PHAR;2
COMPETE;1
COMPETI;1
ZHANG;1
CONDITIONAL;1
ASCERTAINED;2
COOPERATE;3
DISADVANTAGING;1
LABOUR;12
1999/1;1
PRETAX;1
TAXATION/OECDTRANSFERPRICINGGUIDELINESFORMULTINATIONALENTERPRISES;1
BORROWS;1
DIFFI;3
RISKY;4
FLUCTUA;1
UCT/SERVICE;1
2350;1
UALLY;1
ROLES;9
ABDUL;1
DERS;1
DISCOUNTED;5
ASSISTANCE;37
TP;17
USHER;1
A4;1
XYZ’S;1
AE;9
AD;5
14000;1
AL;1
INVESTED;2
ACCELERATE;1
IMPLICIT;3
CONTENT;6
DEPARTING;4
SIMPLES;1
SUMMARIZES;1
UNDERSTANDS;2
COMMITTING;2
G20;8
HOSTED;1
ACCRUE;3
DISCREPAN;1
SUMMARIZED;5
“POLICY;1
RECREATIONAL;1
EXPORTS;5
PROCEDURE;54
IMPARTIALLY;2
AVOIDING;13
HTTPS//ECEUROPAEU/TAXA;2
DEMANDING;2
COMFORTABLE;3
STRESSED;2
TRANSACTIONS	597;1
EN#VN2WFCA0DU;1
SEAS;1
SEAT;1
MOTORCY;1
DENTS;1
SUPPLEMENTAL;2
ELEC;3
S’S;1
ATTRIBUTED”;1
STATES’;1
HIGHYIELD;7
UTOR;3
COARSE;1
COMPANYWIDE;1
MIDDLE;1
CONTRACTS’;2
SITUATED;5
JECTED;1
SLOWLY;1
	AUDITS;1
MEETING;10
AUDI;1
4MONTH;1
3TIERED;1
LIFESPAN;1
VISES;1
JUDGEMENTS;2
AUTHORITIES”;1
PARLIAMENT;2
AUTHORITIES’;5
APPARENT;2
CORRECTNESS;2
LARGEST;4
MARC;1
JOURNEY;4
STRUCTURE;56
INDICA;1
TOR;2
TURNS;2
UNUSUALLY;1
HIT;2
INCOR;2
TREND;4
CIRCUMSTANCES65;1
FACTURER’S;1
INCON;1
ACCORDINGLY”25;1
TRANSACTION”;5
ARABIC;1
DEVELOPMENTAL;1
FERRED;1
CAPITALIZATION;19
ASSIGNMENTS;1
“AGGREGATION”;1
ACADEMIC;1
ECONOMIST’S;2
RELOCATION;3
LEGES;1
RAW;23
ELECTRICAL;1
MNES85;1
“RESIDUAL;1
COURSE—;1
DICTIONARY;2
CONNECTIVITY;2
CONSULTANCY;4
ARRIVING;5
MIZE;2
PERSUADE;1
EXCELLENT;3
EVALUATIONS;1
PRUDENT;2
POSTBEPS;1
TRANSPORTATION;8
PRODUCER;2
DISSAVINGS;1
700;3
FIRM’S;1
EFFORTS;17
EGYPT;4
CEN;1
PLAYED;1
CER;1
RECOMPUTING;1
REJEC;1
MOTIVATING;1
“BELOW;1
WILLFUL;1
HTTP//DXDOI;2
1980;1
INFORMATION/COMMUNICATION;1
CONFI;4
PLASMA;1
LENGE;1
CONCILIATION;2
READABLE;1
CHAL;2
OPERATING/;1
MUM;1
“CHERRYPICKING”;1
NOTWITH;1
WORD;2
PAYABLES;3
ASK;2
NUE;1
COMPETENCES;1
CONVEN;1
TIED;2
CONVEY;1
INTELLIGENT;1
CONVER;1
EASILY—CONSIDERABLE;1
TNMM?;1
COMPARABLES	362;1
NARROW;4
CLIMATE;5
WELLDOCUMENTED;1
STATED;19
ADVISORS;5
EQUIPMENT;21
RECOMMENDED;7
PATE;1
DURATION;5
PATH;2
CUR;2
FERENCES;3
NONDOMESTIC;1
560;3
GRAVI;1
TRIBUTION;1
DOZENS;1
“DIFFERENT;1
MIND;14
YIELD;9
GREATLY;6
		PRACTICAL;1
RESPONSES;7
GENER;8
FIRMSPECIFIC;1
SKILLS”;1
ADVOCATED;1
UNAVAILABLE;4
SEARCHES;4
“BUYOUT”;2
ADVOCATES;3
RMBD;1
EXPLA;2
PROPRIETARY;4
EXPERT;7
USERFRIENDLINESS;1
COMPUTATIONRELATED;1
“TAXPAYER’S;1
EXPERI;2
WARRANTIES;4
D	COMMENTS;1
REGIMES	385;1
121;2
122;2
FLAGS;1
129;2
30DAY;1
ENCOUNTERED;2
FAILED;3
JURISDICTION/S;1
CONSERVATISM;1
TOOLING;4
EQUIPPED;1
PRICINGSTUDYPDF;1
CAPAC;6
VALIDITY;6
B1	CASE;1
INLAND;1
FUNCTIONALITY;2
ENSURED;2
QUICK;1
REALLY;2
TUAL;2
LARGER;9
CHEAPER;2
DAYTODAY;3
“GAPS”;1
PLEAD;1
SWIFT;1
LAW”;1
EXIST126;1
ATTRACTED;1
BOCHSLER;1
FORECASTED;1
	8;2
“PANACEA”—A;1
	1;2
‘UNIQUE;1
	2;1
	6;2
SEVERE;4
EDWARD;1
EXPERTISE;34
RETRIEVE;1
ABSORB;3
SUFFI;5
	DOCUMENTATION;1
POSTBUSINESS;1
MAKERS;7
SECURE;3
DENIES;1
ENTERS;4
RECEIV;1
KYUNG;1
ACADEMICS;2
MOTOR;1
IMPORT/EXPORT;1
NEVERTHE;1
OPCO?;2
CENTRE;14
2ND;1
BEANS;1
IMBALANCE;2
PRESUMP;1
HE/SHE;1
BILL;1
TEMPLATE;6
RENEGOTIATED;3
BUDGET;10
JURISDICTIONBY;1
MIRROR;1
PONENTS;1
OECD/G20;33
UPDATING;5
PPA;6
“PARKING”;1
AUDIENCE;1
FIRMS14;1
ABREAST;1
INDIS;1
JUDGED;1
JAPAN107;1
EVERCHANGING;1
SUSCEPTIBLE;6
HTTPS//WWWOECDORG/TAX/DISCUSSIONDRAFT;1
VIABILITY;2
LARLY;6
MAPS;2
TIALLY;3
ASSIGNING;2
MARKING;1
INTERQUARTILE;5
GST;1
“BUYIN”;3
TOOLS?;1
CRUDE;1
TIE;1
THEMSELVES13;1
“WHILE;1
TIC;11
CESSES;2
IRM_04060HTML;1
INTERVENTIONS;1
FACING;3
TIOUS;1
78000000;1
CONVERSIONS;1
VENDOR;2
BUILT;4
DESIGNATION;3
DEFICIENT;1
PREDICTING;1
B	;1
BENEFITTING;3
GENERATION’;1
SYNERGIES”;1
BUILD;6
HTTP//WWWOECDORG/CTP/DISPUTE/MANUALONEFFECTIVEMUTUALAGREEMENT;1
B4;22
B5;25
B6;18
INTRO;1
B0;38
B3;26
B8;17
B9;10
107500;1
HTTPS//WWWIRS;1
982;1
GANAPATI;1
EES;1
RESIDENCEBASED;1
PROBLEMSOLVING;1
CIENT;7
CHAMBERS;1
HTTP//UNCTADORG/EN/DOCS/WIR2004_ENPDF;1
INTERNALIZATION;1
	GENERAL;1
FULLFLEDGED;4
ROA;6
LEGISLA;8
DELIBER;1
ENTIRETY;2
OVERREPORTING;2
ASCRIBED;3
COMING;2
USAGE;2
PROPORTIONAL;6
PETITIVE;1
STAGED;1
HANDED;1
MOLLA;1
“DATA;1
STAGES;13
CUTOFF;4
CONSOL;1
CROSS;5
REVIEWABLE;1
EMPHASIZED;7
ABROAD;10
DEDUC;3
POLICYMAKING;3
NONLOCAL;2
MANUFACTUR;8
ZATION;4
CGS;1
COMMONWEALTH;2
BEGINS;1
FEA;2
CHOOSES;2
IMPLIED;1
OFFICES;7
OFFICER;6
LOWTAX/NOTAX;1
INSISTED;1
APRIL;2
SYNERGY”;1
720;1
APTLY;1
PARTICIPANT’S;24
MARKET/INDUSTRY;1
DRIVE;1
MINDS;1
POSTACQUISITION;1
AVAILABILITY/PRIORITY;1
ATHTTP//WWWKEEPEEKCOM/DIGITAL;1
NEWS;1
“GOODWILL”	400;1
“EXPECTED;1
MAPPING;2
PREMISES;10
HARBOUR”;1
KENYAN;1
GUIDELINES5;1
DIVISIONS;8
MOSTLY;3
MILLIONF;1
DEPENDENCY;1
‘TIPPED;1
DETECT;4
SKILLSETS;5
PERPET;1
ALFONSO;1
UNDERLIE;1
“POOL”;1
PLACEMENTS;1
FOLLOWUP;2
PRODUCTION”;1
ENDS;1
SUPPLY;28
UNABSORBED;2
22000;1
SUPPLE;1
DISMISSIVE;1
VALUED;11
WEALTH;1
GROUP17;1
B28;1
TELEPHONE;3
	38;1
INVESTING;1
JUSTI;2
	30;1
	34;1
PURELY;9
KEYWORDS;1
“RETURN;1
10B;1
SYNERGETIC;1
10E;1
RECIPIENT;22
COMMOD;4
THEREAFTER;1
108;1
109;1
102;3
153154;1
106;1
107;2
SUBSIDIES;4
HTTP//WWWOECDORG/CTP/TRANSFERPRICING/REVISED;1
SENIOR;14
INTANGIBLES?;4
”INBOUND;1
EVOLVING;1
PERMITS;2
RICKSHAWS;2
SIZED;6
		TRANSFER;2
“JUST;1
TASK;11
TABLY;1
MONIQUE;2
PACIFIC;3
GUIDES;2
ENACTED;2
ORDINANCE;1
RETAINS;2
SUMMARY;16
UNSUITABLE;1
EMERG;1
		OWNERSHIP;1
BACKUPS;3
LITER;1
POSAL;1
UNIVERSAL;1
SEAMLESS;1
CHASE;1
UTILITY;4
VANTAGE;1
CALLS;3
CALLY;7
DAVID;1
DOCST/CTC/56;1
SUPPLEMENTED;5
RESTRICTED;1
HELPDESK;1
HTTP//SEARCHOECD;1
RESPECTED;2
PILOT;3
COMPETENCIES;1
DEFINITION/VALUE_CHAIN;1
“HOW;1
ANTS;1
CLASSES;3
BIND;3
POLICYMAK;1
AUTOMOBILES;2
SKILL;10
NIZING;1
SIGNPOSTING;1
ERATES;1
UNUSUAL;1
RAPID;3
JUSTIFIES;2
ECONOMI;1
ENTERING;9
CURTAIL;1
“PPA”;1
GAAR;3
“SIGNED;1
SUGGESTIONS;2
JOB;3
RELO;1
RELE;7
APPOINT;1
MONETARILY;1
TRATED;1
ROCE;6
BALANCED;3
COMPLIED;3
URES;3
AE’S;2
MONTH;1
CFOR;1
ADJUSTMENTS	374;1
ORDINARY;14
GOOD;33
MANUALS/INTERNATIONALMANUAL/INTM422010;1
STRAIGHTFORWARD;1
QUES;3
FIXTURES;1
FREELY;2
“WHICH;1
100000;1
DISCRETION82;1
ONTHEJOBTRAINING;1
MUTU;1
MISSION;10
MATERIALS;32
BORROWINGS;1
“TERMINAL;1
RABLES;9
MUTUAL;38
ECO;4
RECOGNIZE;6
RMB;5
TERMINA;1
REQUIRED—;1
EXPE;5
HAPPENS;4
DAUNTING;1
ORG/1787/9789264241244EN;1
PRIMAR;1
WEIGH;3
“COST;1
JOHN;1
FALSE;2
TWENTY;2
INTERPRETA;1
NEURIAL;1
AUTOMA;1
OILSEEDS;2
MNES’;2
FRAGMENTED;1
INTERPRETATION;6
RESTS;4
SIFICATION;2
NOTAX;3
		RELATIONSHIP;1
EVOLUTIONARY;1
TERMINATED;5
CARTONS;1
TEMPORARY;4
GRAINS;2
INTERACT;2
NEVER;5
POS;2
CARS;3
ASSISTANTS;1
LEND;1
LEASED;2
LANGUAGES;5
LEASES;1
SMES;23
ARTICLES;3
IMPRESSIVE;1
“SIXTH;6
PRICE”75;1
SKILLS129;1
HTTP//WWWOECDORG/TAX/BEPS2015FINALREPORTSHTM;1
MENTS;38
IBLE;1
ISSUANCE;4
NARROWED;1
“TRADE;1
“CAPTIVE;1
CLOSURE;5
“TRANSFERS”;1
COMPANIES”19;1
EXEMPTED;2
HELPED;1
DISRE;2
EXTENDS;2
B	OWNERSHIP;1
SUMMONS;2
“INCORRECT;1
MARGIN”;1
ALEXANDER;1
GATHERED;6
DELINEATING;3
ECONôMICOFISCAIS;1
STATIC;1
OPINION;9
MULTINATIONAL;40
OGNIZED;1
07;1
WILLFORS;1
B	THE;2
GENUINE;2
GENEVA;1
CIAT’S;4
AOYAMA;1
REGISTRATIONS;2
DEALINGS;5
B03;1
ACTIVELY;6
B05;1
B04;1
HALF;1
NONADVERSARIAL;1
IN”;1
DESIGNATE;1
GROUND”;1
RCO—R&D;1
DRYER;1
NIZABLE;1
ECONOMICAL;1
CONCEPTS;10
	14;1
	10;2
COMPETITOR’S;1
BULK;2
“VISION”;1
B	CALCULATING;1
C+;1
16D;1
16E;2
16A;1
	ASSESSING;1
C9;1
C8;1
C0;2
C7;1
C6;1
C5;3
INVALIDATE;1
AGEMENT;4
CO;229
CM;1
WAREHOUSING;2
OBJECTION;1
LAWATOGOVAU/ATOLAW/VIEWHTM?DOCID=TXR/TR19991/NAT/ATO/00001;1
HTTPS//ENOXFORDDICTIONARIESCOM/;2
MISUSE;1
CP;2
TRANSACTIONS/MNES;2
SELLING/DISTRIB;1
“CHECK;1
DELIBERATE;9
“Y”;1
CHARTS;7
THEORETICALLY;1
PUBLICA;1
B	COMPARABILITY;1
“MISPRICING”;2
APPEAL;4
ARRANGEMENT?;1
‘SIXTH;1
DEMAC;1
PROFITS/INCOMES;1
ELECTION;1
LIABIL;1
REORGANIZATIONS;1
MOTIVATED;1
SUBMISSION;4
HYPOTHESISING;1
RIALLY;1
“TRANSAC;1
MOXNES;1
EMERGE;1
ASSISTING;5
COMPROMISING;1
“LOSS;1
INEVI;1
MISSES;1
INDICATION;4
2	THEORY;1
KOREA’S;2
LOADING;6
“WORLD;3
SION;8
SCHENK;2
EXPIRY;1
EXPIRE;1
LABELLED;2
GRAMME;1
NITIES;1
ITIES;13
FREIGHT;3
ALLY;17
FORMALLY;1
BAKER;4
RP06PDF;1
LIVING;1
CUSTOMARILY;4
PEREZGOMEZ;1
TWOYEAR;1
OMIES;1
LOWCOST;11
REMOVING;2
OUTPUT;3
DOMAIN;3
SURE;6
CONSTI;2
STEFAAN;1
PORATE;1
RESPECTS;5
CONCUR;1
PROTRACTED;2
READONLY;1
SPEEDIER;1
METHOD”52;1
STATUTORILY;2
ENUES;1
OPERATOR;1
LUTION;2
JOURNALS;1
Z’S;1
HEADQUARTER;1
MATE;5
REMOVED;3
IMPERFECTIONS;1
SUC;1
SUB;5
PRICE	=	US;1
INTEGRALLY;1
HORIZONTAL;1
BACK”;1
TEN;7
FRUIT”—MEANING;1
CONTRACTU;1
	METHODS;1
RECHARACTERIZING;2
TIONS”;1
FAVORABLE;1
1990S;3
TER;5
RENE;1
REFERRING;2
FRAUGHT;1
COUNTERPART;1
COMPLIANT;2
RENT;6
BORDER;4
ENDEAVOUR;1
RESSINGDIFFICULTIESINACCESSINGCOMPARABLESDATAFORTRANSFERPRICING;1
PROCEEDING”;1
REPLICATING;1
VIABLE;1
LESSONS;3
CARIBBEAN;1
DEDICATE;1
DISA;1
DISC;1
HELPS;9
NATIONAL/INTERNA;1
VIOLET;3
DISK;1
PROBLEMATIC;2
CIATGIZ’S;1
TRADES;1
HTTP//WWWOECDORG/CTP/ADMINISTRATION/LISTOF;1
SIONALS;1
SPECIALISTS;10
		ORGANIZATION;1
‘STAND;1
HOC;4
TRADE4;1
ALLOWABLE;2
COMPRE;3
“TEMPLATE”;2
FAXES;1
ANALYZESPDF;1
REPLACING;2
TECHNO;4
DIALOGUE;6
1ST;2
TREATMENTS;1
“INTERNATIONAL;2
SUPPLEMENT;4
LYING;1
CONCERTED;3
B	PARTICIPATION;1
INGELA;1
CONCRETE;1
DEPARTMENT;21
CONSISTING;3
92C;1
PASSED;3
FIX;1
OUTREACH;1
DINATION;1
FOREIGNOWNED;3
GAINING;3
ETHICAL;1
AMR;1
LAWYERS;6
TECHCO;7
UTORY;1
GROUPINGS;1
UTORS;2
REALISTI;2
LAWYER;9
PERIODIC/EXTRAOR;2
NNRSDNTS/CMP/MP_RPRT_20142015ENGHTML;1
CONTROL”;1
NERSHIP;2
“CONTROLLED;1
ENACT;4
LIKEMINDED;2
	SETTING;1
UNPROFITA;1
COOP;2
NOTIFI;1
FAVOURA;1
TERED;2
	SELECTION;1
FLAG;1
FAVOURS;2
ARBITRARY;3
NECES;7
ENTAILS;4
RCO’S;1
“LAST;1
CONVENTION33;1
MILESTONE;1
THINLY;1
ENQUIRY;1
DELAYING;1
STRAIN;1
AFRICA’S;1
CONTRAC;2
LATIN;1
BRANCHES;6
OUTSOURCES;1
INVOICE;3
AMERICA;2
OUTSOURCED;7
	62;1
INTERMEDI;2
DEPARTMENTS;5
AUS;1
TIATION;1
JOIN;4
NEUTRALLY;1
OVERRUN;1
ADVERTISE;1
REPAIRS;1
BRAZIL’S;1
“LOW;1
NONCOMPULSORY;1
INVOICES;4
LTOS;1
VANCE;1
APPROXIMA;1
SIMUL;1
POSSIBILITIES;2
PRIORITIZATION;2
ATAF’S;1
DISSEMINATION;1
JUDGMENT;6
INVOICED;4
DINARY;2
GUIDE_MAPPDF;2
MAINTAINS;4
“DIFFICULT;1
CORPO;1
SOFT;1
TECHNOLOG;1
RIENCE;3
ACTIVITIES/TRANSACTIONS;1
COMPUTER;6
PROMOTING;4
MANIPULATE;1
EXCHANGED;1
PURCHASERS;2
COMBATING;1
EXACT;8
APPROACHED;1
COMPUTERS;3
HTTPS//WWWOECDORG/TAX/DISCUS;1
HEADQUAR;1
FURNISHED;2
PARTY/;2
WTO;4
CONSUMING;3
DISTORTING;1
COMMERCIALLY;11
CENTRES;13
DISPROPORTIONATELY;2
CAUSE;5
INVITING;1
COPIES;2
JOINTLY;3
“PROFIT;2
RECOG;6
NONOECD;2
SIMILARITY;6
RECOM;3
EDITORS;1
ISTRATION;14
VIEWPOINTS;1
PERMA;1
HENRYK;1
ADMINISTRATIVELY;1
DATAFORTRANSFERPRICINGANALYZESPDF;1
GUIDED;1
ATTORNEY’S;1
BONUSES;1
A™;4
ADAPTATION;1
STIMULATE;1
NEGOTIATED;4
DAYS;6
INDIA’S;1
“CUT;1
INTERCHANGEABLE;1
QUARTERED;1
PLAN—WHAT;1
URED;1
UNKNOWN;5
IST;1
1A;1
BASIS”;1
GOV/PUB/IRSAPA/482_REGSPDF;1
1B;1
TEMPORALITY;1
ISTRATIONS;11
LAYING;1
ECONOM;5
SARILY;1
PROFIT/OPERATING;1
PARENTSUBSIDIARY;1
D	SERVICES;1
FORETELL;1
INCOMPATIBILITY;1
PUBLICIZE;1
GUARANTEES;1
16;6
LIST;40
AVAILED;1
ROUNDTHECLOCK;1
ELEVEN;1
PENETRATION;13
CONGLOM;1
“EXISTING;1
ACCI;1
DA;1
RECOMMENDS;2
OLIVIER;1
BROCHURE;1
NENT;2
DT;2
CCA’S;1
SUB’S;1
INFREQUENTLY;1
VIOLATIONS;1
PARTY/PARTIES;1
IENCE;1
INTE;3
METERING;1
TENDS;4
SERIOUS;3
COPY;4
ENDEAVOURS;1
RAISING;4
REVISION;1
D1;3
REMEDIES;2
WC;1
TIFIED;3
92F;1
REMEDIED;1
PROFILER/ASSESSOR;1
“DISSAVINGS”;1
DISCOUR;1
RIG;4
FORMANCE;1
LANGUAGE/MAPREPORT/PDF;1
RIA;2
RECONSTITUTED;1
THEM86;1
GROUPED;3
REPRESENTATIVE;1
PENETRATED;1
ANTICIPATION;1
SAFEGUARDING;1
IMPROV;2
926;1
STATES108;1
COORDINATES;1
HUNDREDS;2
SVEN;1
AUDITOR;7
TATIVE;1
“RELEVANT;1
SCIENTISTS;1
ADVI;1
MAGNITUDE;2
SUSTAIN;1
FOB;1
FOL;1
DEFINITION/SUPPLY_CHAIN;1
SPOTTING;1
DONORS;2
UNFORTUNATELY;3
ENVIRON;1
SUBCOMMITTEE;33
FACTFINDING;6
CONTRACTUAL;70
SALES/COMMISSION;1
ACTIONAID;1
ACCOMPANYING;5
REGISTER;1
IMPACTING;1
EXPIRATION;1
UNCONNECTED;1
EXAMINERS’;5
OCCURS;11
MINECO;7
SEATS;9
UPTURN;1
JURISDICTIONBYJURISDICTION;1
MAXIMIZE;7
TIVE/MARGINAL;1
PRIVI;1
INAPPLICABLE;4
MINISTRY;6
TIONATE;2
BENON;1
RELIEVED;4
ACCOUNTING/ASSESSMENT;1
REJECTING;1
UNAVAILABILITY;1
MATERIALS”;1
ACQUIRER;1
PROOF;64
REPLACEMENTS;1
FINANCED;3
RECORDED;6
CARMEN;1
FINANCES;2
INSTILL;1
®®;7
“NOTIFICATION”;1
EMPIRICAL;1
JOHAN;1
NONCORE;2
PURPORTED;2
	DEVELOPING;1
RATIONALITY;3
INCEPTION;3
PRECISELY;2
SECRETARIAL;1
PROFESSIONALS;3
PARTICIPANTS’;3
PURPOSES44;1
“SELFEXECUTING”;1
PREDICTABILITY;3
FIRSTTIER;1
‘FLAGSHIP’;1
CUSTOMS’;1
KEMMOCHI;1
GRANT;4
100000C—IF;1
INSIGHTS;1
MISPRICING;11
INTERFERE;1
	58;2
	54;1
COUNTERPRODUCTIVE;1
TUTED;1
OUTLINES;1
FOLLOWS55;1
AUDITING;9
TRANSFERPRICINGANALYZESPDF;1
SCALABILITY;1
DOCUMENTING;3
	CONCEPTS;1
BEGUN;1
TUNITIES;1
PRESENTATIONS;2
IMMOVABLE;1
SHEET/WORKING;1
REQUIREDB;1
840;2
NITY;2
6038AE;1
NITE;1
INDEPENDENCE;3
“CURRENT”;1
UNILAT;3
RANT;1
VENDORS;1
STANCES;14
IDENTIFIABLE;9
PROVING;1
COST/;1
ENABLING;3
MASTER;20
ATTRACTIVE;3
COSTA;2
MANUFACTURES?;1
SERIES;8
APPRECIATION/DEPRECIATION;1
RULES	371;1
OBLIGATE;1
“TICK;1
TRANSMISSION;2
PASSTHROUGH;2
SENSITIVITY;1
SHANWU;1
ANALYST;2
TRANSACTIONSPECIFIC;2
PERTAINING;2
COFFEE;1
USC;1
USA;7
RESISTANCE;1
USU;1
DISADVAN;2
REQUIR;1
GATHERING;11
LIMITEDRISK;5
UNREALISTIC;4
482;6
480;2
RECEIVED;22
INTERMEDIARY’S;2
SUMMARISES;1
CONTACTS;7
ENSUR;1
GIES;1
CIVIL_100122_SOC_AGENDA_FOR_OECDPDF;1
LOWERS;1
DEEPER;1
PROMINENCE;1
SIX;7
“CORPORATE;1
SIG;1
ANTIDUMPING;1
SUBSTANTIATION;1
EMAILS;1
B	INTRODUCTION;5
MERIT;1
SUGGESTING;2
RATING;3
PARLIAMENTS;1
FEEDBACK;4
FORUM;8
UATE;1
BUNDLE;4
TIGHT;1
INFLUENCING;2
CASEBY;1
DETERMINATIVE;4
SPECIALLY;3
“UNCONTROLLED;1
THEM130;1
NONCONFORMITY;1
BIGGEST;2
AGGRESSIVE;3
NONRECOGNITION;1
TUNING;2
REFLEC;1
TALKING;1
OBTAINS;1
CAREFULLY;14
GLOSSARY	631;1
BLY;6
MELINDA;1
K;1
SUPPLEMENTS;1
MULTINA;3
HCO;7
ADDRESSES;10
FRUITLESS;1
CLEARER;3
DRAFTING;8
UNANTICIPATED;2
PRUDENTLY;1
–B10;1
RECONSIDER;1
GLOBALIZED;2
HOLDER;2
PROJECTS;4
ENGINEER;2
B	PREDICTING;1
IRS’S;1
HTTP//WWWHMRCGOVUK/;1
PANIES;4
OPTIMIZATION;1
OUS;3
	BURDEN;1
AFFORD;3
URABLE;1
ORDERLY;1
LTO;1
JUDI;3
COMPANY´S;1
STATES121;1
AMPLY;1
PATTERN;6
TRAINEES;1
RIGOROUS;3
INSURING;2
IGNORED;2
COHERENCE;2
CHOO;1
FLEX;1
CABLE;2
TRANSPAR;1
SIONAIRE/COMMISSION;1
		EXPERIENCES;1
COLLECTIVELY;2
HTTP//WWWOECDORG/CTP/DISPUTE/MAPSTATISTICS2006HTM;2
INDIVID;3
CEDING;2
HARBOURS;28
CONCURRENCE;1
PROB;3
IMPUTE;2
TRAINED;5
BROKERAGE;1
REVISIONS;1
ENDORSE;5
PRISE’S;2
‘SOFT’;1
27;3
GENERALISTS;1
PROMO;1
IMPORTS;8
28;2
SHORTAGE;2
ERATION/CUSTOMS_TAX_GUIDELINES_EN_FINALPDF?DB=WEB;1
LENGTH73;1
KINSHIP;2
CORPORATION99;1
JURISDICTION’S;1
SHORTCUTS;1
RELAT;2
INSPEC;1
“REASONABLE;1
INTERPRET;5
EXAMINER’S;1
CONTEMPO;3
PATA122;1
QUICKLY;11
		ORGANIZATIONAL;1
WORKINPROGRESS;4
DISCOURAGE;3
CHAIN;44
HTTP//WWWOECDORG/TAX/;1
EXACTLY;4
EQUALIZATION;1
DENT;1
LICATIONSTAXCOMMITTEEHTML;1
PRESS;4
LSAS;18
INQUIRIES;1
OPERAT;6
“ESTABLISHED”;1
EE;1
ED;1
RISK/HIGHER;1
NARROWING;1
AUDITOR’S;2
“IMPERFECT”;1
PAPER;7
MULTIFUNCTIONAL;1
EXAMINERS;30
RECIPI;2
LEGISLATION37;1
MOTIVE;2
AMBIGUITY;1
STRINGENT;1
RECOGNIZED43;1
RELATIONSHIPS;17
INTERNATIONALLY;5
BERRY;10
BUNDLE	250;1
PROCEDURESMEMAPHTM;1
“PRINCIPAL/ENTREPRE;1
THIRTY;1
DISTINCTION47;1
MECHA;4
2020;1
EXAMINA;4
“BUY;2
GRATITUDE;1
GRADUALLY;3
BUILTIN;1
ASSISTANCE	IN	PLANNING	AND	IMPLEMENTING	CAPITAL;1
“INCUBATOR”;1
RISKS”;1
MENTIONED;20
RPM;8
CRIMSON;8
UNEX;2
WATCH;1
MICROPROCESSORS;1
CLAUSES;2
PUBLISHED76;1
CIALLY;8
PRODUCTRELATED;1
CLIMATE”;1
IPANTS;3
CONSENSUS;8
ENTREPRENEURIAL;4
OUT”;2
D	LOCATION;1
OPERATE?;1
DISCUS;1
WAIT;1
“ZERO”;1
FUJITA;2
ENTITLEMENT;1
	VALUE;1
ASSIGNED;6
FRAMED;1
HANDLES;2
525000;1
ATIONHTML;1
REPRESENTA;1
AGGRES;1
PARENT’S;1
FORCING;2
PORT;1
OVERCHARGING;1
RESTRUCTURE;1
NOTIFICATION;6
CONSTITUTIONAL;2
PPAS;1
GEN;1
REVIEW”;1
VISIT;8
SERVING;2
MANDA;1
OFFICE’S;1
RESOLUTION	598;1
SHIFTING—YEAREND;1
SUBSCRIPTION;1
SESSION;4
COMMISSIONAIRES;2
BILAT;2
ENJOYS;3
TWOFOLD;1
OFFICE;20
REGIS;3
NATIVE;2
FASHION;4
HTTP//WWWUNORG/ESA/FFD/DOCUMENTS/UN_MODEL_2011;1
MEDIUMSIZED;5
TOOLKIT;6
IMPUTATION;2
OPPORTU;3
OCCU;1
TRUSTED;2
UNEXPLORED;1
COMFORT;1
USING?;1
PREM;1
AMENDMENTS;2
960;1
TISE;3
TRAL;1
RUDIMENTARY;1
INDEMNIFICATION;5
PRES;1
NERATED;1
CUMBER;1
INTERNATIONAL/MAPHTM;1
PAPER’;2
EARLYSTAGE;1
EXPORT;13
ORGANIZING;4
OVERRIDING;1
THREETIERED;1
RURITANIA;1
VERSIONS;1
AGGRESSIVE/STRICT;1
TERY;1
BUYS;1
TERS;1
OPMENT;5
LEVY;1
OCTOBER;9
◦;251
“INTER;1
CONT’D;2
NATIONS;36
STRIVE;1
SPEYER;1
ACCESSION;1
PENALIZED;1
50/50;1
1961;1
NATE;6
REMUNER;1
“ECONOMIC;1
OUTRIGHT;1
APPROPRI;7
INFANCY;1
“UNIFORMITY”;1
GREE;1
CONDUCT”;1
TURE;2
OECD/GROUP;1
IDEALLY;14
UTILIZATION;3
PREDOMINANTLY;1
TRIGGER;6
ORDINANCES;1
EXPEDITE;3
HEARING;2
INFLATION;2
WWWCIATORG/INDEXPHP/ENHTML;1
BENEFICIAL;6
PERCEPTION;1
NONCHARGEABLE;3
COMMISSION’S;1
CHANCE;3
IZATIONS;1
INTENSITIES;1
PARTIES7;1
BENEFICIAR;1
ABUSED;2
TICK;6
PROCE;7
MODERNIZA;1
VISION;11
CONTRACTUALLY;12
301;1
303;1
“TAX;2
ERROR;2
RELEASE;1
AFFILIATED;9
PHARMACEU;1
FOLLOWON;3
AGREEMENTS/ARRANGEMENTS;1
PROFITCOMPARISON;1
SISTENT;2
DEVELOPER;1
TRACE;2
—2015;3
I*H;1
201642;1
FLAGGED;1
MEETS;5
BILATERALLY;1
DENOMINATOR;3
DIREC;2
SOUTHSOUTH;2
DISCLOSURES;1
FAILS;7
AGGRESSIVENESS;1
NONCOMPLIANT;3
NETWORKS;5
PROCESSORS;1
FIRMS’;1
OVERESTIMATE;1
WORKFORCES;1
FURNITURE;1
DECLINES;1
MELBOURNE;2
MECHANICALLY;3
ONE’S;1
UNINTENDED;2
DELE;1
CHOSE;1
SEVEN;3
IDENTIFIED69;1
LITIGATING;1
2002;3
2001;2
2006;1
2007;11
2004;5
MENTING;1
POSSESSION;3
CANADA’S;1
CURATE;1
RITTER;2
COURSES;2
COMMISSIONAIRES/COMMISSION;2
ADDED”;1
HOUSED;1
INTERVIEWS;12
EFITS;1
PERCEIVED;9
RATIONAL;8
GRAMMES;1
	BASIC;1
CANADA106;1
MARKETER/DISTRIBUTOR;1
DICTIONS;6
	RELATIONSHIP;1
REBATES;1
SYSTEMIC;2
“COM;1
CAROL;1
AUTONOMOUSLY;1
DRIVERS;4
CHARACTERIZE;1
NONEXISTENCE;1
DISTRIBU;5
DEVELOPMENT/;1
TEMPTATION;1
HYPOTHETICAL;3
“TRANSACTIONAL;2
MINATION;2
OCCURRING;4
RECONCILING;1
440;2
ELSE;3
FTA;2
PRODUCT?;1
AGREES;8
DEVELOPMENTS;24
REPRODUCING;1
DILIGENCE;1
CODES;4
SCENARIOS;2
MOMENT;1
KNOW;4
COOPERATION;18
TAL;6
‘INVEST’;1
SME;4
FETCH;1
POLI;3
ADMINISTRATOR;1
EXTRACO;3
REVAMPING;1
MATION;24
SOLUTIONS;16
EXTRACT;1
LITERATURE;1
EXCLU;1
CONTINGENCIES;2
MEASURABLE;3
DISALLOW;1
ACCUSATIONS;1
ARDIZED;1
TAILORED;7
F3;1
TRATION;6
“THINLY;1
ACCEPTING;1
EXECUTION;2
COMMISSIONER;1
APPROPRIATE81;1
VALUATIONS;5
KINGDOM109;1
UNRE;3
MITI;2
LOCAL/REGIONAL;1
GORIZE;1
REASONED;1
ROUTERS;1
APPRECIATION/;1
“HOME”;1
ESSEN;1
WEI;1
ABC;1
RESOURCEINTENSIVENESS;1
ERLY;1
TRIANGULAR;1
SéBASTIEN;1
AZIAN;1
CERTIFICATIONS;1
OUTPERFORM;1
TAXDRIVEN;1
ELEARNING;1
CAROLINE;2
TOOLS;14
GUARANTEE;11
ONEROUS;1
JOSé;1
FINANC;2
MANAGERIAL;5
TRUTH;1
PERSONS”;1
DONOR;4
TIVELY;3
ANTICORRUPTION;1
TAXPAYER—IT;1
COORDINATOR;3
NONPARTICIPANT;1
REINFORCED;1
TANKS;1
ELECTRICITY;3
WITHDRAWING;1
GROUP’S;26
OPENLY;1
PERSUADED;1
HEADQUARTERS;7
APPLICABILITY;1
ORDER—IN;1
LEAFLET;1
INFORMATIVE;2
ARISES;9
PERIODICAL;1
LITIGANT;2
AIRFARES;1
COMPLETING;1
VOLUMINOUS;1
MANAGER;1
MANAGES;3
CONVERGENCE;1
CONFRONTED;2
587;1
RECEITA;1
SUBSE;1
582;1
580;1
INTERME;1
CRUCIAL;5
UPDATE;7
GATHERS;1
CAPRICIOUS;1
AVERSION;1
EXECUTED;4
C	EFFECTIVE;1
PATIENT;1
ACCRUING;2
ASYMMETRIES;1
STEEP;1
WORTHWHILE;3
ORG/OFFICIALDOCUMENTS/DISPLAYDOCUMENTPDF/?COTE=TAD/TC/WP201027/;1
	CCA;1
PRIORI;1
EXCELLENCE;1
BANK;9
CHAIN”;3
CONTRIB;4
“SLIP;1
MOTORCYCLES;4
SPLIT?;1
PROFITEARNING;1
PENDENT;14
KNOWING;1
SCRU;1
ESSENCE;2
HEADQUARTERED;4
ASSISTS;3
“GUIDELINES;1
DIMINISHES;1
INTERPERSONAL/RELATIONSHIP;1
DISPROPORTIONATE;5
MAP”;2
ERATE;1
SIDIARY;1
DEADLINE;3
“DAEMPE”;2
“ARM’S;8
	WHAT;1
COMMU;1
“GAP;1
SURPLUS;1
TRANSACTED;2
	DISADVANTAGES;1
HELPING;4
REALIZES;2
IMPORTING;1
328;1
HTTP//WWWWCOOMDORG/EN/;1
SHIPPER;7
LONGERTERM;1
MACHINE;1
SHIPPED;3
EMPHA;2
WARE;2
CIENCY;2
GRADE;3
TRADE”;2
MEANING;6
		COUNTRY;1
	TYPES;1
“STRIPPED”;1
INTEN;1
INCONSISTENTLY;1
TENDED;2
PROHIBITED;1
INTER;24
EXACERBATED;1
ELMONAYER;1
ABSORBING;1
DEMON;2
90/436/EEC;1
MATURITY;2
RESTRUCTUR;4
FORTHCOMING;1
SPORTING;2
MAGNETIC;1
PROCESSING;11
WINNING;1
SAVINGS;41
SONS;1
USE50;1
“FUZZY”;1
GAINED;7
RELEASED;2
ACADEMY;1
NONBINDING;5
UNFAIRLY;1
COLLECTS;1
CONCEPTION;2
ASSESSMENT97;1
OECD’S;3
BOUNDARIES;3
ADAPTIVE;1
INCURRENCE;1
RELATIONSHIP”;1
TAGE;2
NONEXCLUSIVITY;1
AGENCY’S;3
MORE—MUCH;1
CLIENT;5
AVOIDED;7
RAL;1
ROODBEEN;1
ERATIVE;1
VARIABLES;3
PRECLUDED;1
EXPLAINS;3
EXAM;26
465;1
464;1
*EXAMPLES;1
FTA103;1
DIRECTORS;12
OPTIMAL;1
RANGING;1
REQUI;4
CATORS;1
UNADJUSTED;1
RULES—THE;1
OPPOR;3
ARM´S;3
MACEUTICALS;1
ASSERTING;1
GENEROS;1
NONEXCLUSIVE;1
BACKED;1
ER’S;4
SETTLEMENT;14
DOCUMENTATIONA;1
SUPERIOR;3
REFLECTION;2
GAS;4
MARKETED;1
WCOOECD;1
JUDGEMENT;4
PROFILERS/ASSESSORS;1
MODERATE;4
BOURING;1
AUTO;1
ADJUSTS;1
JCO;4
WORTH;11
EIGNERS;1
ANDTAXADMINISTRATIONS_20769717;1
DECISIONMAKERS;2
SIONS;7
DETECTION;5
LIHOOD;2
SUBSIDI;1
RESIDE;2
PERMITTING;2
“CRITICAL;1
1GPM;1
SUBMITTED;8
SUBSIDY;5
MACEUTICAL;1
FUNDAMENTAL;4
COMPARABLE”;4
FRENCH;1
CONNEC;2
TERMED;2
288;1
CAPITAL”;1
EXHAUSTIVE;10
EVENTS;10
PERMUTATIONS;2
LENNARD;2
SPECIALIZING;3
TREA;4
HTTP//WWWUNORG/ESA/FFD/DOCUMENTS/PUBLICATIONS/PUB;1
WELLFUNCTIONING;3
PROFITA;1
PRAC;8
VALIDLY;1
LOOP”;1
PREFERENCES;1
FAMILIARITY;2
ARGU;1
GARDED;1
DIVESTITURES;1
MENTIONING;1
“FIRST;1
EXPERIENCE—NOT;1
INATION;4
KIND;1
“REVERSE;1
NOTIFIED;3
UNORG/ESA/FFD/DOCUMENTS/UN_MODEL_2011_UPDATEPDF;1
DETECTABLE;1
SOURCEBASED;2
OECDTRANSFER;1
CONTENTION;1
REQUEST/SUPPLEMENTAL;1
ACTIV;6
DEALS;9
ARGUMENTS;2
DEALT;13
RESPONSE;9
NEEDED135;1
TRANSACTION—IE;1
TRANSFER/SALES;1
PRINCIPLE”;3
EDUCATION;8
HTTPS//WWWGOVUK/HMRCINTERNAL;1
HOLDERS’;1
BURDENED;1
MNE’S;48
1986;1
TRIGGERED;4
PROSECUTIONS;1
TELECOMMUNICA;1
ADVERTISE?;1
SCENE;1
1988;2
QUITE;12
TIEAS;3
CUS;2
AUTOMATE;2
PARTNERING;1
JANUARY;6
MITTED;2
14250;1
ARM’S;531
STANDS;1
ABLY;2
PROCURED;3
25	=	US;1
PEDICABS;1
SENTED;1
FREEDOM;2
COUNTER;2
MORE—THAN;1
CONTENTS;12
PREFERRED—INAPPLICABLE;1
ECONO;1
CIPLE;11
OECD/;1
ARBITRATION;45
PERPETUATE;1
•;140
4I;2
BELONGING;1
—;35
CEO;4
OWING;9
“LIVED;1
INTERPRETIVE;2
“ONESTOP”;1
GROWING;11
OVERTURN;1
SANJAY;1
OFFICERS’;1
ACCOUNTSDETAILS;1
TRANSLATION;7
MINATIVE;1
TANEOUSLY;1
VALUE”;3
CAPITALIZED”;1
GO;9
AUTOMATIC;2
MONEY;7
XIAOYUE;1
ACCESSIBLE;4
CENTRALIZE;5
POSSI;11
UNAVOIDABLE;1
AFRICAN;7
TAXRELATED;1
CONDUCTED?;1
TRANSACTIONBASED;1
COUNT;1
PRODUCTS/SERVICES;2
GARD;1
CCCTB”;1
UNSUCCESSFUL;2
HTTP//WWWCIATORG/INDEXPHP/EN/PRODUCTS;1
BORDERS;3
SOLU;1
TRAFFIC;1
PRODUCTIVE;1
NOLOGY;4
PLACEMENT;5
OUTSOURCING;10
POPULAR;1
YEARS132;1
“NOFAULT;1
DEVIATE;1
GATED;2
RECES;1
DOCUMENT;8
PREVALENT;1
PACKAGE;6
LIBERALIZED;1
UNBIASED;2
ALLOCA;2
ATES;4
“TRADITIONAL;2
PARAMOUNT;1
PROBLEMATICAL;1
REASSURANCE;2
UNILATERALLY;1
“COMMON;1
NONCOOPERATIVE;1
FOREGOING;2
CONSE;3
AGREEMENT?;2
DISCREPANCY?;1
PROACTIVE;3
MISPRICING—EG;1
EMBEDDED;5
PANEL;2
NOOR;1
FORA;1
FORE;4
COUNTRIES83;1
TOMORROW;1
PUBLICITY;1
“PRINCIPAL”;1
AGREEMENTS;42
DOWNWARD;4
CONTAINERS;2
PREVAILING;1
GENERIC;6
TAXPAYERS’;4
407;1
	APPLICATION;1
401;1
TRANSFORMATION;1
RENDERED;10
CONFUSED;1
SLOWDOWN;1
DOCTRINE;5
BRAZILIAN;10
COMPULSORY;1
MOTIVATE;1
CHAP;3
STRUCTURING;6
STATUTORY;9
PROSPEC;1
FAMIL;1
CROSSSECONDMENT;1
INTERPRETER;2
INVITE;1
COLLEC;5
INDIVIDUALS;7
GROUPS/;1
SGATAR;2
	PLANNING;1
CONTEMPLATED;1
COMMUNICATE;1
CAPABILI;2
SOCIETY;4
PORATED;2
ENFORCED;1
OPTED;1
“COVERED;1
STUDY”;1
SEEDS;2
FLOWING;3
UNNECES;1
ENCOMPASS;2
BIGGER;1
UNDERPERFORM;1
STUDYING;2
OFFIC;2
DETERMIN;3
FRUITS;2
COMPARABIL;10
PROD;12
UNDOUBTEDLY;1
ROYALTYFREE;1
RIES;3
HABITUALLY;1
PEJORATIVE;1
GENEROUS;1
CONSTITUENT;3
_UPDATEPDF;1
ASSOCIATION;9
“FLAG”;1
TRADEMARK	250;2
ISTRATIVE;4
RISKBEARING;4
CHANNEL;1
EGGER;1
COMPETITORS’;2
MCDONALD;2
LISHMENTS;1
OVERLY;4
MARKUPS;8
PERCEIVING;1
“OPERATING;1
INFOR;24
“CUSTOMIZE”;1
SEEING;1
AGREEMENTS?;1
AGREEMENTS/;1
KINGDOM’S;1
INDEMNITY;3
EXAMINING;6
ENTHUSIASTIC;1
1967;1
ARDS;2
1963;1
DISTRIB;7
GRAZING;1
CAME;5
TRANSACTIONS/RISKS;1
JTPF/008/;1
CHARGEABLE;20
MISUSED;1
GROUND;2
OVERVIEW	357;1
NICK;1
PARTLYOWNED;1
BAETS;1
ATING;12
LIFECYCLE;3
BUREAUS;4
FOLLOWED;25
PORTABLE;1
ENTI;9
SERVICES	595;1
ENTS;1
TRIBUTOR;1
BANK/IFC;1
COHESIVE;1
DETERMINA;2
CAPTURED;3
REALI;1
WEB;1
PRESERVES;1
SPECIFICATION;1
FOREGONE;1
TUTE;3
BRIEF;4
PARTIAL;1
TRAINTHETRAINER;1
REALITIES;6
RENEWABLE;1
“RESTRUCTURING”;1
ALLEGED;1
ADHERENCE;1
ATTEMPTS;4
OUTSOURC;1
“OUTBOUND”;1
1960S;2
C/A;1
SIMULTANEOUS;3
C/F;1
READHEAD;7
PANCY;1
NOTICE”;1
PROCUREMENT;18
DISAGREEMENTS;1
ATIONS;4
STRONGLY;2
SPECIALIST;13
STREAM;3
ARIES;1
DEVELOPMENT/SALES;1
WITHDRAWS;1
TORO;1
NEGOTIATING;5
TORS;8
ANDRUS;2
MATERIALIZATION;2
TORY;4
SORT;4
DEPART;5
ALGORITHM;5
SORS;1
ASSUMPTIONS”;1
DENOMINATED;1
INTANGIBLES/TOTAL;1
ATTRIBUTING;2
NONOECD/G20;1
VIDUALS;1
DEFI;2
CLARIFICA;1
PRECEDENTS;1
SUBSTANTIATED;1
“BENEFIT;1
ELEMENTS;15
EXPLOI;1
SHORTER;2
CULTURAL;1
LEARN;6
WWWRESOURCEGOVERNANCEORG/SITES/DEFAULT/FILES/DOCUMENTS/NRGI_TRANSFER;1
IPANT;4
APPOINTMENT;3
INSIG;1
RECORD;9
NONTAX;3
CONCLUSION	630;1
80000;1
VERIFIABLE;2
COMPAR;6
SYSTEMATICALLY;2
GROUP	5;2
COMMISSION;18
DECLINING;2
EQUIVALENTS;4
EXPOSURE;7
“LOSS”;1
ELABORATION;1
ENHANCING;3
DEMANDS;5
537500;2
INEXACT;3
OWNERSHIP/SHAREHOLD;1
COPYRIGHTS;1
WIDER;13
EXPENSIVE;10
QUENTLY;1
LEAVING;1
ACCOMPLISH;1
ISSUES84;1
INEVITABLY;2
DICTION;4
HR;1
HTTP//WWWTRANSFERPRICINGCOM/PDF/EU_COMMUNICATIONPDF;1
MENDED;2
CONVERTS;1
“GOODWILL”;2
AVOID/MINIMIZE;1
INEVITABLE;2
RESOURCEEFFECTIVE;1
422;1
WHOM”;1
	EFFECTIVE;1
TAINED;1
“ALLOCATION;1
QUARTERS;1
COURSE;20
ASDF;1
FILES;4
WHEAT;1
BROCHURES;2
“CLIMATE”;1
ILKA;2
CLIENT/TAXPAYER;1
FILED;15
SENSI;1
QUALITY;47
EVIDENCING;1
AMBIT;2
MANAGERS;3
MEDIATOR;1
OSTWAL;4
CAUSED;7
CAPITALIMPORTING;1
PREPARES;1
REVEAL;5
DIFFERENTIATED;2
UNRESOLVED;1
		INTERNATIONAL;1
UNDERSTANDINGS;1
“HOME;1
ADR;1
SOLLUND;2
“SIDE”;1
“VALUE;3
WORKFORCE;21
PASSEDTHROUGH;1
PROMOTIONAL;2
ENTERPRISE’S;20
BRL;1
DEFENDING;1
RATE?;1
PAYER’S;1
HEADINGS;1
PROFES;1
LOCALE;1
MULTIDISCIPLINARY;3
CHARACTER;3
QUENCES;2
SETOFF;6
KEYS”;1
YIELDING;2
OPPORTUNISTIC;2
IDNO;1
NEIGHBOURING;1
PROFESSIONAL;5
ACCEPTANCES;1
IMPLICATIONS”;1
DECLARED;1
EST;5
METHODOLOGIES;8
PROFITMARK;1
HITHERTO;1
TOLERANCE;2
TUNITY;2
30000—IN;1
1800;2
CELEX3A52011DC0016;1
PAIDUP;1
ACTIVITY”;1
“SIMILAR”;1
UNCER;1
NIES;8
ADAPTED;1
CASHFLOWS;1
“ENVIRON;1
STIPULATES;3
MARKEDLY;1
DEFINI;2
RIDING;1
GAME”;1
STIPULATED;5
TRIGGERING;2
ONE?;1
UNDERSTANDABLY;1
2850;2
MEETINGS;11
LABELS;2
DISREGARD;9
AUDIO;1
TOWER”—;1
D2	RESALE;1
MNE”/;2
DISTRIBUTOR’S;1
COUNTRY/REGION;1
INCOMEGENERATING;1
INCORRECTLY;3
DESTROYED;1
SHARING?”;1
SERVICES62;1
527;2
520;2
ABOVEMENTIONED;4
BLINDLY;1
REASSESSED;1
528;1
“IVORY;2
CHUN;1
LITERALLY;1
SAMPLES;1
MARKETABLE;1
PRISE”;1
PROFITS”;1
PARTICU;12
ATTEMPTED;1
AGENCY;8
FACILITATED;1
LESSER;1
OPERATIONALIZE;1
PURSUIT;2
ISONS;1
MATERIALITY96;1
FACILITATES;3
PARTICI;9
REMAINDER;1
REPORT”113;1
“MODEL;2
PIONEERS;1
EBIT;2
BENEFITS?;1
EXPLOIT;14
OBJECTS;1
DETEC;1
BORNE;18
PRODUCT/SERVICES;1
UNJUS;1
AXES;1
SERVICES’;1
SERVICES”;2
EXERCISES;2
COMPOSED;3
HTTP//WWWUNORG/ESA/FFD/TAX/GMAP/;2
DEVELOPMENT/CAPABILITY;1
REACHING;6
CORPORA;1
	TRANSFER;3
HTTP//WWWWTOORG/ENGLISH/TRATOP_E/CUSVAL_E/CUSVAL_EHTM;1
LEGITIMATELY;1
BONUS;1
MINIMIZED;1
GOVERNING;3
PRICE?;2
MINIMIZES;1
	MANAGING;1
DIFFUSION;1
TACTICS;2
“INTERNAL;1
ALMOST;10
PRICED;5
FEASI;1
RESI;1
RESO;2
ROTATION;2
FACTUAL;8
FRACTIONS;1
DRAFTED;1
CHARTER;3
APPEALS;9
PROFITS/PRICES;1
COMMENCES;2
JUDGMENTS;1
“JOURNEYS”;1
“HYBRIDS”;1
TECTION;1
COMMENCED;1
SUCCEED;1
124;1
INTENSE;2
CARGO;2
COUNSEL;2
FOREWORD;5
UP/DOWN;1
REQUIREMENTS67;1
FILE;47
RARE;4
RARY;2
“ENTRY;1
TPG;2
A/B;1
DIVISIONAL;3
FINAL&DOCLANGUAGE=EN;1
PARTICULARS;4
ENQUIRIES;2
AUTHORITIES93;1
CONSIDERA;3
TOPIC;2
CANTLY;2
ENTITLEMENTS;2
FULFIL;2
	CONCLUSION;1
STATUTES;1
ESTS;2
ASSESSMENT?;1
SEGREGATED;1
INGLY;5
OFFERS;3
EIGHT;1
REASONS—;1
CLARITY;3
SMES114;1
ADVANCING;1
FAIRLY;8
1993”;2
OVERBURDENING;1
ENT;30
OWNING;3
CORNERS”;1
IARIES;2
=	US100;1
FILINGS;3
NORM;1
;3
ASSESSMENTS;7
INDIA119;1
B	TRANSFER;1
SER;4
HOUR;1
PAYROLL;4
ETC41;1
SEC;1
DUCING;1
SEL;1
EDUCATIONAL;2
EXPONENTIAL;1
IMF;3
CLE;2
UNINTENTIONAL;5
SOMEWHAT;3
INFLATED;1
EMPLOYING;2
AMPLIFIES;1
A/AMERICAS;1
AMPLIFIED;1
REFORMED;1
INSPECTORS;2
“IN;1
RESOLVING;9
DEPTH;1
CONTACT;11
“IT;2
SOPHISTICATED;9
LIEVED;1
	PARTICIPATION;1
ANDSERVICES/TRAININGHTML;1
QUARTILE;1
EXPECTATIONS;6
ENVIRONMENTAL;1
WWWOECDORG/TAX/TRANSFERPRICING/PDF;1
INITIATOR;1
REGISTRA;1
HIGHCOST;4
RESILIENCE;1
MIYATAKE;4
SCHEDULES;5
SECONDMENT;3
RIAL;4
SPEAKING;1
EUROPEAN;20
RESELLS;5
EXTEND;3
EMPOWERED;1
EMEA;1
SUMMARIZING;1
SOUTH;21
DESTI;1
TRULY;3
DAEMPE;15
ARIS;5
ITABILITY;2
YULCHON;1
H;87
ENCOMPASSES;1
PASS;2
“EXTERNAL”;1
SONABLY;1
ADDS;5
MATURE;2
INTERNET;8
ADDI;5
A/EUROPE;1
DECREASES;1
TWOPRONGED;1
46	ANALYZING;1
TERRITORIES;1
“PLAYING;1
#3;4
#2;2
#1;4
FUNCTIONGEOGRAPHIC;1
ESTIMATING;1
CALIBRATORS;1
ONGO;1
“SCREENING”;3
REALISTICALLY;11
FUND;10
DOWNLOAD;1
TODAY;2
DIFFERENTI;1
PROVIDERS;11
SURFACEMOUNT;1
EXANTE;1
STRATES;1
99;1
LOWTAX;6
SERVICES80;1
TRACKING;2
IMMATERIAL;1
TRUSTS;3
PROFILED;1
503;1
PROFILE?;1
CONTRIBUTORS;1
FACTORY;3
CONSTRUCTIVELY;1
GROW;3
STABILIZ;1
HIGHLIGHTS;1
“FILL;1
JOHOR;1
NORMATIVE;1
DISSIMILAR;2
ORGAN;2
GOVERNMENT’S;3
POSSIBIL;2
TIVES;2
TEAMS;15
“SHAM”;1
VIRTUE;2
SMALLSCALE;1
ETHICS;1
SUBSTITUTES;3
INDUSTRY134;1
INCREASINGLY;10
FUNCTIONING;4
HTTP//WWWOECDORG/;1
“ONESTOP;1
PANT;1
PANY;6
“SECRECY;1
D+EF;1
NOTICES;1
DIMENSION;3
SENSIBLE;1
PREPONDERANCE;1
PROTECTED;6
OUTLOOK;1
CONFERENCES;3
STEPBYSTEP;2
APPRECIATE;1
“PAIN”;1
HIGHTAX;2
REITERATED;1
VALOREM;1
ENTERPRISES	359;1
COMES;2
‘S;1
FOOTWEAR;2
CHINA’S;2
CONSTRAINED;1
B	SELECTION;1
REORGANIZE;1
RENT”;3
HAFIZ;3
FINE;4
MONTES;1
ABUSIVELY;1
IMPOR;13
DIALOGUES;2
LOCALIZATION;1
TRY;25
MOLECULAR;1
MARKETPLACE;4
PRODUCTIVITY;1
OFFERED;7
LENDERS;1
HTP;3
ORGANI;1
GOSAI;2
ENTITY’S;3
ORGANS;1
TECT;1
UED;2
ODS;7
CONFIRMING;1
TECH;5
ODA;1
SETUP;2
ORIGIN;4
CONCLUDED;12
PARABLE;4
“APPLES;2
“NET;1
“NEW;1
STREAMS;1
SURREN;2
RESPONSIVE;2
OLDS;1
LED;3
LEE;1
HIERARCHY;1
MEASUREMENTS;1
OVERHEADS;2
PRODUCERS;1
FLEXIBILITY;6
LET;1
ORGANIZATION’S;5
CRP4_DISPUTESPDF;1
STAFFING;5
MANIPULA;1
REPAT;1
VISàVIS;4
DIVERTING;1
EVALUATION/DETERMINATION;1
PICKING”;2
BENEFI;1
EIGN;1
SGA;6
SUPPLIES;4
SUPPORTERS;1
DEALS”;1
ICS;2
“EXAMINATION”;2
ICT;3
TENANCE;2
INDE;14
MAGAZINES;1
INDI;8
ENCE;14
“ON;2
PRIN;13
PRIC;67
AGERS;1
SHOPS;1
ENCY;4
LUNDAN;1
EQUITABLY;2
THINGS;3
SELDOM;3
UNIFORMLY;4
NUMERIC;1
FORECASTS;3
CHICAGO;2
FOOTING;1
ATOOLKITFORADDRESSINGDIFFICULTIESINACCESSINGCOMPARABLESDATAFOR;1
GIC;1
RESTRUC;4
“ADJUSTMENTS”;1
CENTRALIZING;5
EFFECTED;1
MENT;58
FOCAL;2
MEND;1
X’S;5
EU22;1
IZES;1
GETTING;1
IMPOSING;1
IZED;7
“FUNC;1
JURE;1
SPIRIT;1
INFRINGE;2
CONTEMPORANEOUSLY;1
RESTRICTING;2
CONSERVATIVE;1
LATING;2
AMASSED;1
RELATED/ASSOCIATED;1
SENDING;1
PROTECTION;21
EC;1
AMICABLE;3
WAGE;1
IZING;3
MATERIALIZES;4
ICALLY;3
FORWARDED;1
BENE;13
SHAPED;1
HTTP//WWWUSKPMGCOM/MICRO;1
“NBDR”;1
“PAID;1
COMMITTED;3
SYSTEMICALLY;1
NONGOVERNMENT;1
HOSTING;2
TNMM/CPM;1
“MMD”;3
RESELLER;17
COUPLED;1
DEPICTED;1
FISHING;2
NICATION;1
CONTROLLER;13
DRAFT;12
CIFIC;3
ENHANCE;11
IDENTI;8
FISCALLY;2
®®®;29
EMPLOY;9
CEDURES;1
VERIFICA;1
DISCOURAGED;1
DUPLICATION/SHAREHOLDER;1
618;1
612;1
UNDERTAKING;10
47600;1
615;1
TECHCO’S;2
SIMI;8
MANUFACTURER45;1
WCO;5
PERIODB;1
EXERTED;1
HTTP//WWWTAXJUSTICENET/CMS/UPLOAD/PDF/;1
ECONOMIST;4
“INTERNAL”;1
STRUCTURES/SCHEMES;1
COUPLE;1
WAIVE;1
CHANNELS;1
REGULARITY;1
LINK;4
AIRLINE;2
COSTCONTRIBUTION;3
SUIT;3
ADVERSELY;1
	NONARM’S;1
“NET”;1
EXPORTING;1
SCHEDULING;3
LOSSES”;1
BOOKKEEPING;1
DAMAGE;1
NONTREATY;1
SUSPECTED;1
UTING;1
MID1990S;1
PLANNED;2
PRINCIPLED;2
CONTAINING;4
BARRIER;1
“WORKS”;1
PHONE;1
DISTINGUISHING;2
REBUTTAL;2
CHARGING;17
VERTICAL;2
GUARAN;1
HELMETS;4
ERODE;2
CLARIFIED;2
ARBITRATORS;7
“PHASED”;1
APPROACH”;2
SYMBOL;1
FORMED;4
PARTY—IN;1
	500;1
ORIENTATION;2
TIMELINESS;1
COTTANI;2
SUSPENDING;2
REASONA;4
DIVER;2
BILLING;3
LYZED;1
SPANISH;1
APPROXIMATELY;4
CALLING;1
RISING;2
DUPLICATED;4
HOMOGENEOUS;1
“CONSUME”;1
TODAY?;1
CANTONS;1
ANALYZING;12
TODAY!;1
LABORIOUS;1
ENCOUR;1
CIRCULARS;1
INFRASTRUCTURE;4
PACKAGED;1
SPACES;1
GUAR;1
UCT;5
RESOURCE;38
7A;1
EXPOSED;3
“INTRAFIRM;1
		SELECTION;1
MOVED;3
DRUG;2
LEVELLING;1
2’S;1
TEAM;69
QUESTIONNAIRES;1
RATE”;1
MARKETER;1
GROUPING;1
RECESSION;7
BIASES;2
79;1
TAXRELEVANT;1
BENCHMARK;4
INCLUD;6
HTTP//WCOOMDPUBLICATIONSORG/VALUATION/COMPENDIUMCUSTOMSVALU;1
FINAL/2012/EN;1
ASSEM;2
COMPRISED;3
TREATIES70;1
ASSER;1
PICKED;1
SERVICERELATED;1
ADVISABLE;7
INSCRIPTION;1
REALTIME;1
B/AMERICAS;1
EQUIPPING;1
POLICYSETTING;2
ANYWHERE;1
SUMMONED;1
GROUNDWORK;1
	TRADITIONAL;1
UNNECESSARY;5
“SET;1
LARITY;1
PRODUCTION8;1
CATING;1
IAR;1
TIN;1
PATTERNS;1
THIN;18
JOINS;2
USEFULNESS;2
SHORT;13
INTERNATION;2
TEXTUAL;1
TAX/DISPUTE;1
KIERZKOWSKI;1
12500;2
SERVE;11
NONCOMPARABILITY;1
SURVEY;3
“COMPETENT;1
HISTORIES;1
IMPOSES;2
ANTEE;1
UNBRANDED;2
IMPORTED;6
ANA;1
ORDI;1
NEWSPAPERS;1
YEAREND;1
RECOMPUTED;1
IMPORTER;1
COMPREHENSIVELY;2
PROPRIATELY;1
JAPAN’S;1
IRARRAZABAL;1
ADMINISTRATORS;13
CAPITALIZA;1
INTERNETBASED;1
CAPITALIZE;1
	TRANSACTIONAL;2
APAS118;1
ARMS;2
SHIPMENT;12
LIFTING;1
LOCA;3
SILBERZTEIN;2
KRW;4
PENETRA;1
EXPEDITIOUS;1
NONRISK;1
YESTERDAY;2
COURTS”;1
FERENCE;1
LENGING;1
SAVED;2
MINING;13
INDICATIVE;4
CO’S;17
BUYOUT;4
PRISE;13
KETING;3
TNMM/COMPARABLE;1
MATERIALISATION;1
DOUBLECHECKING;1
LACKS;4
PRIVILEGED;1
STYLE;1
HARBOUR	600;1
MEDIATION;9
REPEATEDLY;1
DESK;3
RARELY;4
“COMMODITY;3
SPECI;1
WAIVED;2
APPRO;12
POINTER;1
IMPORT/PURCHASE;1
NOPENALTY;1
MINIMIZING;3
SUBDEPARTMENTS;1
EVIDENCED;1
PASSING;1
NALLY;1
TOUGH;1
MANUALONEFFECTIVEMUTUALAGREEMENTPROCEDURESMEMAPHTM;1
LOANS/FINANCIAL;1
DEFICITS;1
ALITY;2
PRESENTATION;2
PLAN”;1
DEVOTE;3
REJECTED;6
DATABASES;37
15500;1
PROFILING;1
“TAXING;1
INTANGIBLES”;3
7602;1
BALANC;1
READY;2
PRINCIPLE	369;1
LITIGA;1
INTERCOM;1
INVESTIGATE;1
MISUNDERSTANDINGS;1
SIGNATURE;3
CUPS;2
SEIDEL;1
INFORMAL;5
EXPERTS128;1
RIATED;1
LOOKED;5
B7;11
▪;523
B	VALUING;1
PRICES63;1
AFTERSALES;3
PLES;1
SPECTRUM;3
TAXATION”20;1
CAUTIOUS;1
DEFEND;5
PRECISION;2
“BUBBLE”;2
UNION”;1
OPER;20
ESTAB;5
INTERRELATIONSHIP;1
REMUNERATE;2
“A;2
DESCRIPTIONS;5
OPED;13
MACHINES;1
INDUSTRYBASED;1
CONTRIBUT;1
SPENDING;1
SALA;1
GUARANTEED;2
SEMINARS;3
HTTP//WWWUNORG/;1
NEWER;1
SYNER;1
EAST;1
LAWS;35
ENTITIES’;1
CONCLU;1
ODOLOGIES;1
ANTIBUSINESS;1
SUPRA;1
“TREATY;1
CATEGORIZED;5
DETERRENT;1
PROCEDURES104;1
PERCEPTIONS;1
NOT?;1
PERFOR;4
HTTP//WWWIMFORG/;1
119;1
GOVERNED;1
BENEFICIARIES;3
‘GUIDELINES;2
INVESTIGATION;10
37600;1
WAGES;4
INSERTING;1
JOSEPH;2
FOUNDATIONS;2
INTERRUP;1
MOTIVATION;5
VISIBILITY;1
SHELL;2
“ADDITIVE”;2
“ROLLBACKS”;1
TRATIONS;9
MANU;7
MOBILIZATION;1
UAL;3
DRYERS;1
ATTRACT;9
DISASTERS;1
NIZES;1
2000+X;1
NOMIC;4
IDATED;1
NIZED;1
“GUIDANCE;1
MINUTE;1
RANGES;1
TIATE;1
LAG;2
LAY;3
LAR;13
CODE;7
PERTINENT;1
EUROS;3
REDEPLOYMENT;3
UNIFORM;5
VERSA;5
ATTEMPTING;1
LATTER;19
OFF’;1
CONSULTANTS;1
OFF”;1
NBTA;2
VANT;6
CAPACITYBUILDING;1
MAINTENANCE;17
MMD;7
INTERRE;1
THREETIER;1
TEMPORAL;1
	THE;2
“ZERO;1
AFFILIATION;2
RESOURCEINTENSIVE;3
NOTION;6
PROFITSPLIT;3
APPLES”;1
IMPROPER;3
MOVING;3
TICE;5
ISTICS;2
CHARACTERISED;2
HIGHMARGIN;3
CORRELATED;1
CONTENTIOUS;1
TION_CUSTOMS/BUSINESS/COMPANYTAX/TRANSFERPRICINGEUCONTEXT/TRANSFER;1
DANGER;1
COSTBENEFIT;1
DIAGRAMS;1
NONCOMPLEX;1
NISHANA;2
IBID;4
SITE;5
SITY;2
HOST;4
	PRACTICAL;1
VIOLET’S;1
SITU;3
INITIATED;3
“SECRET;2
NONTAXATION;3
COMMUNICATION;10
NTS;3
NTA;1
500000;1
CONTINGENCY;1
HUGE;2
MATERIALIZING;1
SKILLED;11
PRIORITIES;2
1’S;1
“GROUP;2
SUBGROUP;2
“PRESUME”;1
GAPS”;1
B	SETTING;1
INTANGIBLES42;1
PROJECT;37
EXERCISE”;1
ARISEN;2
SUBJEC;1
INTERNALLY;3
SIGNAL;3
ACCEPTANCE;7
RESOLU;3
RESOLD;3
B	SUPPLEMENTAL;1
REGIMES	379;1
DURE;3
131;1
SOUNDLY;1
IGENCE;1
CATEGORIZATION;5
REDEVELOP;1
AGREEMENTS	599;1
MANIPULATED;1
IMPERATIVE;1
COMMODITY”9;1
MOTIVATIONS;2
ADJUSTMENTS”;1
VERIFYING;2
DEDUCT;1
EMPHASIZES;2
ASSESSMENT”;1
PRINCI;9
“WHERE;1
NONDISCRIMINATION;1
LINKS;1
PROGRAMS;1
CUSTOMIZE;1
INTRODUCTORY;2
SPEAK;2
CROSSCHECKS;1
HIRING;2
88;1
PROTECTIONS;1
MCKENZIE;4
PROFITSEEKING;1
82;1
81;1
CONFERENCE;3
HTTP//WWWIRSGOV/IRM/PART4/;1
ELUCIDATE;1
INHERENT;9
CHAMPIONS;1
WON;1
PROMISING;2
CHOUDHURY;3
ORANGES”;1
DECISIVE;1
TRANSLATION95;1
METERS;11
MISVALUATION;1
LEASING;1
ORDERING;2
MULTIFACTOR;1
VICES’;1
“WORK;2
SARIANNA;1
REGIME	379;1
ADORNED;1
“FASHIONABLE”;1
INTERNALIZE;1
“OECD/;1
COMPARA;28
SELECTIVELY;1
AUTOMATED;4
DENTIAL;1
UPGRADE;1
EXTENSION;2
DESTINATION;5
NOTIONAL;2
OPCO;30
	SUPPLEMENTAL;1
77–;1
BRUSSELS;2
INCOME?;1
TOLL;8
IZE;3
FORUM21;1
BLATANT;1
RESELLING;1
0AAE6B0AASHX;1
CEILING;1
COMPENSATED;15
	ECONOMIC;1
BETTERRESOURCED;1
REASONS—IN;1
CUSTOM;1
STAFFED;3
FORMAT;12
DISTRIBUTORS’;2
ACCRUES;1
DEPLOYMENT;2
RESTRUCTURING”;1
BEHAVED;1
FORMAL;20
ADORNMENTS;1
SIMILARITIES;2
PREVENTING;7
ARBITRATOR;2
EXPERTS;37
INCOMPLETE;3
GPM;1
COMMER;8
	DETERMINING;1
SUPPORT/DISPUTE;1
OXFORD;6
VISITED;1
PROTECTING;2
TAIN;2
ITED;1
CONTACTING;2
TATIANA;1
PLAYS;5
PROBABILITYWEIGHTED;5
OUTSET;8
FDR;3
ENCOURAGED;7
EVANT;2
PRIORITIZE;1
DRIV;1
REVOLU;1
CLOSELY;16
DISTRI;2
PROPOR;2
DISPUTED;2
TRANSACTING;2
RESIDES;1
CATALOGUES;1
CASESPECIFIC;3
DEFICIENCY;3
INFORMAçõES;1
SUPPORTIVE;1
“MULTICOUNTRY;2
MEMAP;3
PRESENTLY;1
RELOCATING;1
	DOMESTIC;1
VALADãO;2
PUNISHING;1
STRIKE;2
LCO;7
_________________;3
ACUTE;1
INFRINGEMENT;1
ALLEGATION”;1
ALTERED;3
SURROUND;1
HARMONIZED;1
DEDUCTIVE;4
72EG;1
TATION;12
ECONOMISTS;15
REGIME’S;1
FINAL64;1
IES;1
CAPITAL3;1
ENVIRONMENTS;1
CAPITAL/;1
TEES;1
STATISTICS;3
UNFORESEEN;3
MATERIALIZED;2
TRAVEL;3
BUYIN;8
PLE;27
POSTRESTRUCTURING;4
TRIVIAL;1
PLI;16
CIRCUM;14
MOVER”;1
YEAR?;1
SHOP”;1
ENED;1
WIDGETS;2
OBJECTIVITY;1
INTACT;1
COMPETITION”;1
“AN;1
SEPARATED;3
SHIPS;3
SERRANO;1
SIVE;1
ATAF;3
UNWILLING;2
ANALYZE;19
MISSIONS;2
ART;2
ARY;2
SPORTS;1
ARC;1
ARD;1
PURPORTEDLY;1
UPWARD;3
REPAIR;1
SIZEABLE;1
PRIATE;11
AMERICAS88;1
ANTICI;2
BORE;2
UNDERGO;1
DECENTRALIZED;6
FACTO;2
“COMPARABLES”;2
BRIEFING;1
JURISDICTIONS”;1
LEXURISERV/LEXURISERVDO?URI=CELEX41990A0436ENHTML;1
EXPLOITABLE;2
EXPRESSLY;4
STRATE;2
PROVI;4
RONALD;1
REDUCTION;7
T;2
REARRANGEMENT;1
LOGI;1
SOLIDATED;1
ENTREPRE;1
FIGURATIVELY;1
CONSIDERABLY;3
CONVERT;2
115;7
114;2
INTENDS;1
116;1
111;1
BORROWER;1
112;1
NOWADAYS;1
118;1
CATA’S;1
PROBLEMS—;1
PERSUASION”;1
	INTRAGROUP;1
COUNTEREVIDENCE;1
UNCOM;1
NECESSITY;2
RESOLVE;24
SCIENCE;4
MICHAEL;7
SG&A;2
CIARIES;1
SHEETS;3
“OUTBOUND;4
4	MANAGING;1
INCREMENTAL;5
4II;2
CONTEMPORANEOUS;12
PRODUC;5
LISTEN;1
DEPUTY;1
MODERN;5
ARRANGEMENTS?;2
“CORRESPONDING;3
SELVES;1
REPLACE;2
INVOLVEMENT;10
TOUCH;1
SCHEMA;1
RIENCES;1
TATE;1
WIN;3
CORRUPTION;1
EFFEC;8
CUSTOMERS?;1
TRANSPORT;4
PUBLICATIONID=348;1
OMISSION;1
UNACCOUNTED;2
INVOKE;2
DOUBT;1
TRANSNATIONAL;3
DEMANDDRIVEN;3
“INVESTMENT;1
ASSIGNS;1
RELUCTANT;1
PLAY;10
SPACE;1
INTEGRATION;11
GEARED;2
HARRY;1
BUYING;1
MISCLAS;1
INCREASED;29
INVEN;1
REVIEWING;8
THROW;1
