LENGTHS;1
DELAY;2
EFFORT;2
€100;4
LAST;3
POWER;2
SAFEHARBOUR;9
SUBJECTS;1
FULLTIME;1
UNDERLIE;1
REPRESENTATION;1
ENDS;1
“FINANCIAL;1
SUPPLY;6
𝐴𝑑𝑗𝑢𝑠𝑡𝑒𝑑;3
CORRELATIVE;1
“BASEERODING;1
GO;8
ENTRY;1
SOVEREIGNTY;1
AUTOMATIC;4
𝟐𝟎𝟎;3
GROUP12;1
WEALTH;18
RECIPROCAL;1
MONEY;5
“PARENT;1
HEALTHCARE;1
AGRICULTURE;5
HIGHLEVEL;3
ACCORD;3
ENTITIES	144;1
NORMAL;5
INVESTING;4
𝟕𝟓;4
VOLUME;2
EXHIBIT;2
TIERED;4
COMPANY’S;12
RULE	148;1
CERTIFIES;1
𝐽𝑢𝑟𝑖𝑠𝑑𝑖𝑐𝑡𝑖𝑜𝑛;1
COMPATIBILITY	171;1
RESTATEMENT;1
SECURITY;10
RECIPIENT;6
NONCHARITABLE;2
EXEMPTS;4
PAYEE’S;1
PEOPLE’S;3
TRANSFERRING;2
𝟑𝟎𝟎;2
“STATELESS”;1
109;1
“PERMANENT;1
FALLING;5
KNOWLEDGEBASED;1
CONDITIONALLY;1
NON;4
FINALIZED;1
INTRODUCES;3
TRAFFIC;3
MATCHED;1
COMMONALITY;2
SIMULTANEOUSLY;3
PERMITS;5
SIZED;2
VEHICLES2;1
OVERVIEW	142;1
BOOSTING;2
𝟔𝟔;4
PROMOTION;1
ARMSLENGTH;1
NONECONOMIC;1
TASK;2
RETURNING;1
EXTRACTIONS;1
EXPIRES;2
SOON;1
AKIN;1
DOCUMENT;1
EXPIRED;2
COMPATIBILITY;7
ENACTED;1
DISTURB;2
PUSHES;4
PACKAGE;6
PUBLISH;1
SUMMARY;4
MARKUPS;1
PUSHED;2
UNIT”;2
WHOLLYOWNED;10
EXPENSED;2
95;2
AMELIORATES;1
SHIPPING;11
RESIDENT8;1
𝑖𝑛𝑐𝑜𝑚𝑒;2
UNILATERALLY;1
NECESSARY11;1
“ALL;1
OWED;1
RISKASSESSMENT;1
CALLS;1
SUBSTANCEBASED;9
CURRENTLY;10
FOREGOING;1
HTTPS//WWWOECDORG/TAX/TAXPOLICY/OECDCLASSIFICATIONTAXESINTERPRETATIVEGUIDEPDF;1
SAUDI;5
PERSIST;1
ASSURANCE;1
DESIRE;2
SUPPLEMENTED;2
𝟓𝟖;2
“FISCAL;2
RESTRICTED;8
NEUTRALISING;2
MINORITIES;5
UNDERPINNING;2
ETRS;2
RELATED”;3
HTTPS//DOIORG/1787/TPG2017EN;1
MINIMIS;19
INTERGOVERNMENTAL;1
HEAD;16
FOOTING;4
PAYMENTS”;1
PROFILE;4
DEPRIVED;1
CFC;44
STRADDLE;2
A”;3
AGREEMENTS;1
DOWNWARD;1
AWAY;5
NONPOLITICAL;1
REVISION;1
LEGISLATIVE;1
UNUSUAL;1
GENERIC;1
JUSTIFIES;1
RECORDING;2
PREJUDICE;1
CONTAIN;11
SPINSOFF;1
EVIDENTIAL;1
OCTOBER;3
TAXPAYERS”;2
COMMERCE;1
3RD;3
OVERTAXED;2
1379;1
TRANSFORMATION;2
CONDITION;9
CAPS	130;1
RENDERED;5
FELT;1
VALUED;1
COMPULSORY;1
NONCURRENT;3
GROUP17;1
DECONSOLIDATED;1
JV’S;3
1C;2
STRUCTURING;7
STATUTORY;7
“THE;1
INVENTORIABLE;1
ORDINARY;9
MOTIVE;1
COUNTERPARTY;3
RECORDS20;1
BENEFITTED;2
INDIVIDUALS;6
PENSION;37
STRAIGHTFORWARD;8
ENVISIONED;1
𝟏𝟎𝟎𝟎;2
COMMUNICATE;1
“SALVAGE”;1
COEXISTENCE	19;1
ARRANGEMENTS11;1
“GLOBE”;1
ROOTED;1
A’S;4
ISSUER’S;3
PAYS;21
“COVERED;1
299;1
EXCLUSION	106;1
𝑜𝑓;9
LIEU;13
ANCILLARY;3
WORD;2
FIXTURES;1
39B;1
TAX	100;1
PARTTIME;2
SUPPLEMENTING;1
PLACED;3
BASE4;1
PREPARING;5
“LOWRISK”;1
SCHEDULAR;1
LEGITIMATE;1
“DIRECT;1
FRAGMENTATION;4
CONTROL?;1
STRUCTURES”;2
PROPORTIONS;2
HABITUALLY;2
ORGANISATION’S;1
𝐿𝑜𝑤;2
;1
MUTUAL;7
DELIMITATION;1
VENTURER;2
UNECONOMIC;3
	INCOME;1
MID2021;1
CONSTITUENT;640
EXPLANATIONS;1
HAPPENS;1
DISALLOWING;1
OVERPAYMENTS;1
EXAMPLES	193;1
WORKED;2
EXAMPLES	198;1
“COST;1
“TOPUP;2
INTERLOCKING;1
TWENTY;2
DEPRECIABLE;12
“PERIOD;1
“OPERATING;2
SPEED;2
HTTPS//DXDOIORG/1787/17BFA30DEN;1
PUSHING;3
INTERPRETATION;6
EFFECTIVE;68
RESTS;1
NOTAX;1
CARVE;7
“DETERMINED;1
CONSOLIDATION”;1
FEBRUARY;1
TEMPORARY;36
RECOVERY;4
POW;3
INTERACT;3
NEVER;4
DON’T;1
CAME;2
CONSUMPTION;5
LEASED;5
ASSIGNMENTS;1
CAPPED;3
“EXEMPT;2
LEASES;2
SMES;6
GROUND;1
ARTICLES;6
‘OTHER;2
MINIMIZE;2
INVERSIONS;3
AMOUNT13;1
PROCEDURAL;1
10A;1
PRICE16;1
DEPARTS;3
SYSTEMIC;1
ISSUANCE;3
RECOVERABLE;2
RATIOBASED;1
PROGRAMMES;1
PROPERTY8;1
FUNDED;4
LINEBYLINE;14
PRESERVES;4
APPLIES?;1
BRIEF;2
COVERS;8
EXTENDS;3
AGRICULTURAL;3
MAAC;3
DEVIATION;1
MODEL”;1
PARTIAL;3
“AMOUNT;1
𝟑𝟑;6
RULES2;2
RULES5;1
RULES6;1
ELIMINATES;10
VENTURES	142;1
𝟑𝟒;2
STANDARDIZED;1
TENTATIVE;1
UNDERTAXED;51
DEPARTURE;2
COMPLEMENTS;3
REPRESENTING;3
TWOCOMPLIANT;1
CODIFIED;5
MULTINATIONAL;5
STARTED;1
SIMULTANEOUS;6
COOPERATIVE;2
CAPITALISATION;5
GROUP”;7
RESPOND;1
CHRONOLOGICAL;3
PROCUREMENT;7
STAGGER;1
JURISDICTIONS15;1
HALF;1
COLLECTS;2
INDEFINITE;1
NOTES	139;1
GLOBE’S;2
DEMANDS;1
TONS;1
CONCEPTS;3
ALONE;2
CONSTRUCTED;3
STRONGLY;2
“FINANCE;2
MARKET/USER;1
SPIKE;2
GROSSUP;1
EXPAND;1
ENTAILED;2
FRINGE;2
SME’S;2
CONVENTIONS;10
CO;473
“SHOULD;1
ATTRIBUTING;1
C’S;2
	SCOPE;1
SITUATION?;2
70000;1
OF”;6
ENTERPRISES1;1
CREDIT”;8
DIMINISHING;1
CONFORMING;2
CONTEMPLATE;1
NOTIONAL;3
PAYERS;1
APPEAL;1
OBVIOUS3;1
ELEMENTS;18
OVERVIEW	169;1
FAVOURING;1
CULTURAL;1
ELECTION;2
EXAMPLES	181;1
𝑒𝑥𝑝𝑒𝑛𝑑𝑖𝑡𝑢𝑟𝑒;2
RENTAL;3
MOTIVATED;1
HOLDER’S;1
UNDULY;3
CORRECTED;2
RECORD;2
CRAFTED;1
ANSWERS;3
4M;2
ASSISTING;1
𝐿𝑇𝐶𝐸;4
CAPITALISED;2
CARRIES;3
SUBSTITUTION;3
CIRCUMVENT;2
ISSUERS;3
RETIREMENT;7
BII;1
“STEPPEDUP”;1
COMMISSION;2
INDICATION;3
𝑝𝑎𝑟𝑡𝑦;1
FRANCHISE;5
YEARBYYEAR;1
MATERIALISES;2
UNCERTAIN;3
PARENT’S1;1
“NET;1
UPES;2
EQUIVALENTS;3
5B;1
AUTHORISING;2
EXTRACTIVES;1
ENHANCING;3
NOTES	192;1
COLLECTIVE;8
KEEP;1
𝐼𝑛𝑐𝑜𝑚𝑒;1
MECHANICAL;9
WIDER;2
100+100;2
EXPLORES;2
OVERVIEW	82;1
UPDATED;1
LEAVING;2
REASSESSMENT;1
CLAUSE”;2
SOUGHT;1
WWWOECDORG/TERMSANDCONDITIONS;1
EXAMPLES	224;1
ACCOMMODATES;1
CONTINUITY;1
NONINCOME;2
SURE;1
DEALERS;3
ASSIGNMENT;17
FACTINTENSIVE;1
AIFMD;2
R’S;1
STRIPPING;1
PAYER’S;4
LOWMARGIN;1
RESIDENTS;14
RESPECTS;4
SCHEMES;1
HTTPS//WWWOECDORG/TAX/BEPS/PUBLICCONSULTATIONDOCUMENTGLOBALANTIBASEEROSION;1
OBLIGED;9
OBLIGES;2
BILATERAL;16
NOTES	234;1
SCHEME?;1
OPERATES17;1
HARBOURS;3
ADAPTING;3
INCORPORATES;2
MULTIMILLION;1
FRANCHISOR;1
ENTITYIN;1
LOWTAXED;84
FILED;11
REMOVED;3
REVALUATION;28
COMMISSIONAIRE;1
RECEIPT;3
MANAGERS;2
AMOUNTED;3
CAUSED;2
APPORTIONING;1
BELONGS;4
AFFILIATE;1
NOTES	120;1
FOCUSSES;1
PREPARES;6
HORIZONTAL;4
BACK”;2
AUTOMATICALLY;3
TEN;1
PREVENTS;3
COUNTRY’S;4
FORMATTING;1
APPLES;2
BASIS7;1
UNEXPECTED;1
COMPLIANT;1
CORP;78
RENT;4
DEALS;3
250+200;2
PAYMENT11;1
𝑇𝑎𝑥𝑝𝑎𝑦𝑒𝑟𝑠;2
ENTERPRISE’S;1
GOING;1
SOMEWHAT;1
PREPAYMENTS;1
RATE1;1
IIR	111;1
REIMBURSES;1
NEUTRALISE;6
VIABLE;1
DEACTIVATES;1
HO;2
DUTY;1
CUSTOMISATION;1
“PUSH;1
MEDICAL;2
CHARACTER;9
FOREWORD	3;1
PRINT;1
HELPS;3
BACKGROUND;2
𝑎𝑓𝑡𝑒𝑟;1
RECORDKEEPING;1
UTPR30;1
DIVIDING;8
D?;2
PROBLEMATIC;1
FRAMEWORKADDRESSINGTAXCHALLENGESDIGITALISATIONPDF;1
MAXIMISING;1
PROFESSIONAL;2
PARADIGM;1
DIRECTLYOWNED;1
SUFFERS;1
HINDERS;1
OVERVIEW	110;1
OFFENSES;1
DISCOUNTING;1
DIAGRAM	22;1
NEGOTIATION;2
𝐷𝑖𝑟𝑒𝑐𝑡;1
CONNECTEDPERSON;1
PERSON’S;3
CONCLUDES;1
DIALOGUE;1
SPITE;1
YEARS1;1
CORPORATIONS”;1
91;1
SUPPLEMENT;2
CREDITS”;2
FIRMS;3
HAPPEN;1
VOLUNTARY;1
DIRECTION;1
NONGROUP;1
PRECEDING;16
“PRODUCTS;1
KEY34;1
STAYS;1
810;2
JURISDICTION’;1
CONSISTING;3
TRIGGERING;1
“IFRS”;1
INACCURACIES;1
SENTENCE;5
DILUTED;1
DISPARITY;1
GOVERN;2
VAT;2
DEBTOR;2
PURPOSES6;1
PURPOSES4;1
OUTPUTS;2
EVENLY;1
PARITY;1
DOUBLECOUNTED;1
43M;1
ACCRETION;1
ESTABLISHMENT”;1
DISTORT;3
EXAMPLES	235;1
SORTS;1
INSTRUCTIONS;2
HIDE;1
LEADERS;1
RULES	45;1
IMPLEMENTATION	170;1
REASSESSES;1
P19;1
MODIFIES;1
FREQUENT;3
SUBGROUPS;2
BRIGHTLINE;2
FLAW;1
CONFIGURED;1
𝑡ℎ𝑒;2
AUTHORITY’S;1
NEGOTIATIONS;5
PENSION’S;1
BLOW;1
NOTES	21;1
“SPLITOWNERSHIP;2
INSURES;2
COURSE;6
THRESHOLD3;1
THRESHOLD2;1
FACILITATED;2
CO’S;8
TEND;3
CARRYFORWARDS	84;1
INSURED;3
“GLOBE;1
SOCIAL;11
UNFAIRNESS;1
FACILITATES;3
REMAINDER;5
ENTITY31;1
ORIP;3
INHERITED;1
CONTEMPLATION;2
STRAIN;1
ANALOGY;1
WELLESTABLISHED;1
𝐹𝑜𝑟𝑒𝑖𝑔𝑛;2
BRANCHES;1
YEAR’S;4
CIRCUMSTANCES?;3
𝟕𝟓𝟎;4
EXECUTIVE;2
TANTAMOUNT;2
EXPLOIT;2
INTANGIBLERELATED;3
PATTERN;7
CUSTODIANS;1
BORNE;5
EMERGING;2
AFFILIATES10;1
F;5
DECEMBER;5
WORKABLE;2
550;6
CONTENT;5
PROFITSHIFTING;2
INVESTOR’S;1
COLUMNS;2
UPPER;2
AMORTIZE;1
JOIN;2
STEPS	13;1
DATABASE;1
PERSONAL;4
PLEASE;1
SERVICES”;1
DISTORTIONS”;1
SLIGHTLY;1
TWO	11;1
COMPOSED;1
REACHING;1
ARRANGEMENT’S;1
DESCRIBE;5
BAD;4
EXCHANGE2;1
SETTLED;2
BLUEPRINT;18
INDICATED;1
LEGALISTIC;4
GOVERNING;4
REASSESSING;1
FORGIVABLE;1
FLOWCHART	20;1
SURCHARGES;1
GOVERNMENT”;1
LEVIES;3
𝒙;11
REMITTED;1
ALMOST;7
CORPORATION’S;9
SMOOTHOUT;2
EURVALUE;5
MANIPULATE;1
FUND”;3
LEAGUE;2
AROSE;5
HANDS;13
CONSENSUSBASED;5
VATS;1
D’S;11
FOREWORD;1
COMPUTERS;1
OVERVIEW	104;1
PARENTED;3
FORTIORI;1
ROUTING;1
FILE;6
CORPORATIONS;13
NONSAUDIS;1
MISSTATEMENTS;1
EXAMPLE	179;1
RARE;3
UNDERPINS;2
𝟒𝟓𝟎;1
UPE’S;6
PAYMENTS24;1
“EXCLUDED;2
CONFORMITY;3
YEARAFTERYEAR;3
DISTORTING;3
CHOICES;3
PROPOSES;1
CONVERTED;1
SCOPED;1
	UNDERTAXED;1
DISPROPORTIONATELY;1
JURISDICTION18;1
CAUSE;4
RETURN13;1
STEPPEDUP;6
ENTITY?;1
RELEASING;1
ENTITY1;1
JOINTLY;2
𝑙𝑜𝑤;1
OWNER’S;19
51A;1
𝟗𝟑;1
DEBTS;4
COMPUTED?;2
5/20;1
BRIBE;4
EARTHQUAKE;1
HTTPS//DXDOIORG/1787/9789264241480EN;1
MARCH;3
AMENDED;3
ROUNDING;2
TODAY’S;1
BASIS26;1
AGREEMENT”;1
INFORMATION12;1
OFFERS;3
EIGHT;1
COMPETENT;3
CLARITY;1
𝐴𝑙𝑙;1
ADMINISTRATIVELY;3
GUIDED;2
EQUIPPED;1
TAXES”;1
INTENSIVE;2
BONUSES;2
REFINE;2
EXAMPLES	241;1
𝑇𝑜𝑝;2
€80;1
OWNING;2
EXPANSIVE;1
“SANTIAGO;2
CONSIDERATIONS	17;1
ASSESSMENTS;2
PROXIES;1
𝑥;3
DRAWS;2
RULES	175;1
1A;19
TREATIES;31
UNOECD;1
1B;9
DRAWN;1
1M;3
MERE;3
ENJOY;3
COLUMN;3
𝑍;2
PAYROLL;51
AGENT;7
OFFENSE;1
GRACE;6
NONQUALIFIED;2
EDUCATIONAL;1
IMF;4
ACRONYMS	8;1
ACRONYMS;1
OBLIGATION;27
15POINT;1
GUARANTEES;1
16;11
TORNADO;1
INTERACTS;1
PERSON”;1
LIST;19
SUPPOSITION;1
DEFERRAL;9
€40;6
DISCUSS;1
STANDARDS”5;1
BELONGING;5
“IN;8
NOTES	109;1
“IF;1
RESOLVING;1
NOTES	102;1
UNDERWITHHOLDING;1
CONTACT;1
LEGISLATED;1
MOVEABLE;6
PUSHDOWN;7
IRRELEVANT;2
𝟏𝟐;4
SEEKING;3
INVEST;6
DEPOSITS;2
BOTH”;1
LABOURRELATED;1
VIOLATIONS;1
“TOPDOWN;1
ZAKAT;24
MLI;10
TIMES;2
RULE	119;1
TENDS;1
SERIOUS;1
CITY;1
DEDICATE;1
SELLER’S;6
201511;3
EUROPEAN;5
REMEDIES;1
INDEPENDENTLY;3
WB;1
EXTEND;9
RIGHTOFUSE;12
EXEMPTED;2
DISTORTION;11
THOUGHT;1
“CONSTITUENT;6
1300;8
INCREASES/DECREASES;4
INFORMS;1
BORDER;1
FRAME;1
EXPANSIONS;1
INTERPLAY;1
RIG;1
𝑟𝑒𝑙𝑎𝑡𝑒𝑑;1
H;1
NATIONAL;7
COORDINATING;3
FLOWCHART;1
𝑓𝑟𝑜𝑚;2
SUMMARISES;4
“DEEMED;1
MICRO;1
ENDORSED;2
GATHER;1
SURPLUSES;2
GOES;1
HORTICULTURAL;1
𝑔𝑟𝑜𝑢𝑝;1
TFDE;2
GRAPHIC;1
DECREASES;12
HUNDREDS;1
AUDITOR;6
“MINOR;1
INVESTS;1
STANDARDS’;2
DEPENDENT;2
ESTIMATING;1
MODEL17;1
KEY10;1
PUBLISHER;1
BYCOUNTRY;1
FUND’S;1
FUND;68
𝑃𝑎𝑟𝑒𝑛𝑡;1
AFFECTING;2
CROSSJURISDICTIONAL;1
𝟖𝟖;4
TODAY;1
CERTIFICATE;3
FEE”6;1
SURFACE;2
ALLUDES;1
DEDUCTIBILITY;4
EXANTE;3
PACKAGE”;1
TAX25;1
BELOWMARKET;1
ASSOCIATES;16
LOWTAX;153
CONTRACTUAL;3
KINGDOM;3
TRACKING;6
IMMATERIAL;1
FINALITY”;1
𝑇𝑎𝑥;4
ATTRACTIVE;1
UNCONNECTED;4
OCCURS;1
NONDEDUCTIBILITY;1
50M;1
PREDOMINATELY;1
FULFILS;1
TAXPAYER’S;15
COMMITMENT;3
RECOVERIES;1
“BIOLOGICAL;1
“SUM;1
𝐴;4
GROW;1
SELFASSESSMENT;9
6A;3
6B;2
RUN;1
YEARENDS;1
ALIGNING;2
6M;1
PE3;1
RELATEDPARTY;1
ENTITY12;1
REPAYMENT;5
ELABORATED;1
REJECTING;1
ENTITY19;1
AIM;4
VIRTUE;4
FEES;13
AID;1
HOLDERS;17
DIP;1
MEANT;1
SUBSTITUTES;3
MEASURESTOPREVENTBEPSPDF;1
RECORDED;11
ATHLETIC;1
CLIENT;4
PROCESS’;1
FUNCTIONING;1
FINANCES;2
“NOTWITHSTANDING;1
LIMBS;1
ACCEPTS;4
EMPIRICAL;1
PROGRAMME;12
NONCOVERED;1
DISCRIMINATE;2
MINDFUL;2
COVERING;3
ADVISERS;1
IIR/UTPR;1
2F;6
BASE14;1
APPROACH	112;1
FELL;1
REFLECTIVE;1
PROFESSIONALS;3
PARA;1
RULE	121;1
GOVERNED;1
STOCKBASED;26
“SUBSTANTIALLY;1
𝑁𝑒𝑡;1
“RECYCLED”;1
HIGHTAX;7
𝑢𝑝;2
SHIELD;2
“CONSOLIDATION;1
GRANT;6
MONETARY;1
ENVISAGED;4
DISCOVERED;2
VALOREM;1
COUNTERING;1
RULES”;1
SHOWS;1
𝟏𝟓𝟗;1
TREATY;116
𝟏𝟓𝟎;1
CONSTRAINED;1
OVERVIEW	122;1
DEMINIMIS;1
FAVOURABLE;2
UNALLOCATED11;1
STAND;3
FINE;6
GLOBALISATION;1
AUDITING;3
POPULATIONS;1
OPTIONS	104;1
𝑡𝑎𝑥;1
ROUTED;1
SERVICE/INTANGIBLE;1
“ADJUSTED;3
RULES”12;1
INCLUDIBLE;1
VOTES;1
SUBHOLDING;2
ACTIVITIES”;1
HINGE;1
IMMOVABLE;1
𝑃𝑒𝑟𝑐𝑒𝑛𝑡𝑎𝑔𝑒;2
SUSTAINABLE;5
ATTENDANT;1
MERGERS;2
USUAL;2
OFFERED;3
MEANTIME;1
DRILLING;1
SWITCHOVER;13
INURE;1
“INTERMEDIATE”;2
PAIRS;1
ENTITY’S;95
BRIGHT;2
HTTPS//DXDOIORG/1787/97892642446EN;1
𝑖𝑛;1
ISSUER;1
IDENTIFIABLE;2
“FRANCHISE;1
IMPLICIT;1
MASTER;2
2003/;1
LEAKAGE;2
OVERVIEW	45;1
INSERTING;1
SERIES;2
CAPACITIES;2
LOSES;1
	SIMPLIFICATION;1
CONSTRUCTION;1
STREAMS;1
TAXES	45;1
ERODING;8
STRUCTURAL;3
1027;1
LED;3
SOAK;1
5/4;1
FLEXIBILITY;1
BASES;1
CONTRACTORS;5
ADDITIONS;1
STAFFING;1
STRENGTHENED;1
SORTING;1
DEFERRING;1
ADDRESSED?;1
EUROS;1
RUNS;1
VISàVIS;2
CORP’S;2
PURPOSEBASED;1
SUPPLIES;1
SUFFERED;4
REINVESTMENTS;1
SUCCESSOR;2
FIRM;1
“PARENT”;2
CONTINUING;2
DISCOURAGE;1
DISPLACE;2
“ENTITY;1
𝑇𝑎𝑥𝑝𝑎𝑦𝑒𝑟;2
RECEIVED;34
LAYER;5
OCCASIONALLY;1
CONTEMPLATED;4
JURISDICTIONBYJURISDICTION;1
MECHANIC;4
TENTH;1
SECTORAL;2
BASE	51;1
SPUNOUT;1
QUANTITIES;1
WORKERS;1
DIFFERENCE5;1
CONSISTS;5
DISTORTS;1
FORCE;5
IMPACTS;3
SOCIETY;1
THINGS;3
ARTIFICIALLY;1
CONFLICTED;1
PRIMA;6
FORUM;1
CFC’S;1
DISGORGE;1
OBSTACLES;2
MINISTERS;1
€20;2
SUBSTANTIVELY;1
RECAPTURED;3
FRANCHISEE;1
SUBSTITUTE;2
INSURANCE/REINSURANCE;1
DETERMINATIVE;2
LOOK;1
DELAYED;1
“UPE”;1
X’S;5
GETTING;3
IMPOSING;8
KICKBACKS;2
INDEMNITY;1
DELINEATION;1
ACCELERATION;1
PROMULGATED;2
CRITICALLY;1
VARIED;1
RESTRICTING;1
UTPR’S;2
COMPRISED;6
CAVEAT;1
PARTIALLYOWNED;1
𝟖;2
ELIGIBILITY;1
TARGETS;5
𝟓;2
19652017;1
RETROACTIVELY;1
DRIVEN;5
DELETERIOUS;1
PROTECTION;4
UNPRECEDENTED;1
HTTPS//WWWIFSWFORG/SITES/DEFAULT/FILES/SANTIAGOPRINCIPLES__PDF;1
CONSEQUENCES;6
MINIMISES;5
INSTRUCT;1
DRAFTING;4
VALUEADDED;1
JURISDICTION21;1
HOLDER;7
PROJECTS;1
ENGINEER;1
850;2
KNOWS;1
INCOMPATIBLE;1
PREVENTED;6
“USE;1
UNREQUITED;2
CONTRACTED;2
SWITCHINGOFF;2
ELECTIVE;1
COMMITTED;4
ORGANIZATION;1
ORDERLY;1
CHAPTERBY;1
BASIS15;1
ANTICONTRACT;1
PROFITSIZE;1
SPIN;1
PUTS;3
COUPLED;1
SHELTER;6
COMPLYING;3
	SUBJECT;1
JURISDICTION”;4
OWNEROCCUPIED;1
INCENTIVISED;1
PREREQUISITE;1
“REFRESH”;1
NOVEL;1
UNDISTRIBUTED;2
CERTIFY;6
DAILY;2
PERIOD4;1
DRAFT;1
“PARENTS”;1
RIGOROUS;2
ENHANCE;3
BYLINE;2
EXPORTS15;1
INITIATE;1
COHERENCE;1
LENDER;2
ORGANISE;2
100000;1
“PUSHEDDOWN”;1
PREPAYMENT;1
UNDERTAKING;2
COLLECTIVELY;2
LAYERED;1
SYSTEMATIC;3
“ASSOCIATE”;1
PUBLISHING;17
RUNNING;1
CODIFYING;2
UNTAXED;4
BROKERAGE;6
COUNTERPARTY’S;1
“ONE;1
ORGANICALLY;1
NOTES	80;1
MIN;4
INCENTIVE;5
CHANNELS;1
MIX;1
SCOPE	24;1
UNDERTAXATION;1
STATEMENTS?;1
50000;3
GUARDS;1
27;1
CAPTIVE;1
DEMONSTRATES;2
OFFICIAL;1
28;2
PANDEMIC;3
STRIKES;1
RESPECTIVELY1;1
ADVERSELY;1
LOWERTIER;1
DEEMING;2
ADOPTS;3
GOVERNMENT’S;2
EXCLUDED1;1
ORDINATION;1
INCREASINGLY;2
𝟓𝟎;2
2D;10
2E;4
MAINTAINED;8
2G;6
2A;7
2B;4
2C;4
2M;2
2H;2
2I;2
2J;2
JURISDICTION’S;37
ACTS;2
DISPOSED;2
𝑝𝑎𝑦𝑚𝑒𝑛𝑡𝑠;2
ATTACH;1
BOOKS;4
NOTES	244;1
THEREAFTER2;1
PECONSTITUENT;3
INTERPRET;1
“PURCHASE;1
CONTESTED;1
EXPLOITS;1
GOVERNMENT;73
MULTITIER;1
PASSAGE;1
200815;1
INVESTEE’S;1
BLUSH;1
ERODED;1
CONTAINING;2
CHAIN;23
DISTINGUISHING;1
PRACTISE;1
423424;1
ENTITIES	30;1
BECOMING;3
MONEY’S;1
NARROWING;1
CLARIFIED;1
IMPORTANTLY;3
APPROACH”;1
NONCONTROLLED;1
CLARIFIES;1
GONE;1
COURT;1
REVERSEHYBRID;14
SYMBOL;1
FORMED;1
201810;2
YEARS21;1
“PARAGRAPH;1
ENTITY”;8
KEEPS;1
ENTITY–;1
JURISDICTION1;1
“RESULTS;2
JURISDICTION3;1
PROCESS7;1
X8;1
FACIE;6
ADMINISTRATION’S;2
PUSH;3
CENTRALLY;1
X6;1
QUANTITY;1
INTERNATIONALLY;13
PROGRESSED;1
INVESTEES;1
XX;1
CONVERTING;1
𝐺𝑙𝑜𝐵𝐸;3
VESTING;1
RESIDENTS”;1
IMPOSITION;15
	IMPLEMENTATION;1
HIGHLYMOBILE;1
2020;10
DISALLOWANCE;1
DEPRECIATIONBASED;1
EFFICIENTLY;1
SPECIFY;2
…”;1
INFRASTRUCTURE;3
PERSON9;1
DISTORTIVE;1
BUILTIN;1
PAYMENTSBASED;3
ASCERTAINABLE;2
EMPLOYMENT;9
PROCEEDS;2
RESIDENT’S;1
BARRELS;1
PICTURE;2
RESOURCE;8
PREFERENTIAL;8
EXPOSED;11
HTTPS//WWWOECDORG/TAX/TREATIES/MULTILATERALCONVENTIONTOIMPLEMENTTAXTREATYRELATED;1
7M;2
MOVED;1
IMMEDIATE;13
2’S;1
TAXED”;2
MENTIONED;5
“CONFORMITY;1
MOVES;1
CALLED;2
PROSPECTIVELY;3
BEAT;3
“NEARLY;1
“ALLOCABLE;1
PE’S;2
NOTE	147;1
RULE”;1
LITIGATED;1
CIVIC;1
	EXECUTIVE;1
FRANCHISEE’S;1
WAGES;4
CAVEOUT;1
𝑙𝑖𝑚𝑖𝑡𝑎𝑡𝑖𝑜𝑛;1
ROYALTIES7;1
REINFORCING;1
CONSENSUS;9
ENTREPRENEURIAL;1
VIRTUALLY;1
PERFECTLY;1
SITUS;1
BEHALF;7
PRECISE;6
DISCONTINUING;1
DEALER;1
CORRESPONDINGLY;1
OF7;1
SHAREHOLDER’S;10
UNDERPIN;3
BOTTOMUP;1
OVERVIEW	23;1
ENTITLEMENT;10
𝐸𝑛𝑡𝑖𝑡𝑦;3
UNNECESSARY;1
ARRANGEMENT”;1
ASSIGNED;65
CERTIFYING;1
TAXPAYING;2
MAINTAINS;2
𝑑𝑖𝑟𝑒𝑐𝑡;1
RESTATING;1
QUASIGOVERNMENTAL;2
AWARE;1
CHARITABLE;3
NEUTRAL;5
“SAVING;2
SHORT;1
WELLBEING;2
TIED;1
COSTLY;1
NONLISTED;1
PARENT’S;30
REPLICATED;1
RESTRUCTURE;1
AGGREGATING;1
DISPOSITIONS;4
NOTIFICATION;1
SERVE;9
ADMINISTRATIONS’;1
PREDICTABILITY;2
FRAGMENTING;1
SURVEY;1
HIGHLYTAXED;1
PURPOSES11;1
HARMS;1
CO‑OPERATING;1
“LOWRISK;1
	“FOREIGN;1
“CONNECTED;1
IMPOSES;6
EMPLOYEES’;1
DISPERSED;1
COUNTRIES’;1
REQUESTED;1
YES;1
SAUDI’S;1
SATISFIED;4
COMPREHENSIVELY;2
ATTRIBUTES;5
CONTRASTED;1
PROVISION;18
OFFICE;18
FURTHERING;2
𝑖𝑛𝑡𝑟𝑎𝑔𝑟𝑜𝑢𝑝;5
WARRANTS;1
“NONQUALIFIED;2
ADMINISTRATORS;1
PAYEE;44
RESIDENCY;3
ENTITLE;2
RESOLVES;1
CE’S;1
SEGREGATE;1
UTPR	136;1
APPLE;1
UTPR	134;1
COORDINATION	169;1
	CALCULATING;1
CONDUCTS;4
“CLOSELY;3
IMPUTATION;7
RECALCULATIONS;1
NONCOMMERCIAL;1
000M;1
REVALUES;1
OPTS;1
DEFINITIVE;3
NOTEWORTHY;2
TARGETED;12
“ASSOCIATED;1
ADAPTATIONS;2
INTEGRATION;1
“PRIOR;2
𝑎𝑙𝑙;5
EXPEDITIOUS;1
SMES12;1
AMENDMENTS;2
RISKBASED;1
TURNING;1
GOAL;2
NONCIT;2
MULTITIERED;1
ENTITIES	142;1
PREFERRED;8
JURISDICTIONS”;1
BELOW1;1
SAVED;1
COMPILATION;1
20151;2
AGENCY;8
20157;8
ENTERTAINMENT;1
DIVERGENCE;1
MINING;1
TERRITORIAL;1
INDICATIVE;2
KINGDOM’S;1
“MATERIAL;1
BOLD;2
LESSER;3
STABILISING;1
THREETIERED;1
EQUALLED;1
PRIVILEGES;2
BUYS;1
IIRS;4
TEMPLATES;2
LEVY;5
GOOD;7
SHORTLY;1
STAMP;2
NATIONS;3
IIR?;8
IMPAIRED;6
JURIDICAL;2
SHELTERED;1
ORDER	169;1
BLENDED;3
MONTHS;2
LINE–;1
YEAR”;2
DOCUMENTS;2
“INCLUDED;2
CHARGES;6
NONEMPLOYEES;2
OUTBREAK;1
RETURN”;1
FILTER;3
TWO9;1
STATEMENTS”;1
NONPROFIT;16
CHARGED;2
OPENING;1
READ;1
RESTORATIONRELATED;1
DERIVES;8
BIAC;2
IDEALLY;4
UNDERSTATING;1
PREDOMINANTLY;1
TRIGGER;18
𝟏𝟑𝟎𝟎;3
CREDITABLE;3
DISQUALIFY;1
REMOVING;1
ASSIGN;2
READS;2
UNADJUSTED;2
VARYING;2
LIMITATION”;1
ADMINISTRATIONS11;1
BENEFICIAL;9
REFERENCES	245;1
CONTINGENT;7
OFUSE;2
CHAMBER;1
INTRAGROUP3;1
CONVERGED;1
CIRCUMSTANCES”;1
PROPOSALPILLARTWOPDFPDF;1
”OPERATING;1
TREATING;5
ERRORS”;2
CHARACTERISED;7
NATIONALS;2
ACKNOWLEDGED;2
LOOKED;1
RECOVERED;1
PASSED;1
TONNAGE;5
ACKNOWLEDGES;1
PERMISSIVE;1
BOUNCE;1
“TAX;2
RULES17;1
ABUSE1;1
ERROR;4
RELEASE;5
RECEIPTS;5
SPLITOWNERSHIP;37
MIXTURE;1
LOWRETURN;13
‘MULTILATERAL;1
NFE”;1
	REDUCES;1
MATERIALISE;1
“RECOGNISED;3
TRACTS;4
𝐶𝑜𝑛𝑠𝑡𝑖𝑡𝑢𝑒𝑛𝑡;3
STTR1;1
“A;1
COMPETE;1
ENTITY18;2
THRESHOLD14;1
“S;1
NONDEPRECIABLE;3
MEETS;13
COMMENTARIES;2
SPENDING;1
LTCE”;2
BILATERALLY;2
DENOMINATOR;7
GUARANTEED;1
FRONTIERS;1
CONVENTION”;1
LABOUR;6
OMISSIONS;1
PRETAX;7
LAWS;39
ENTITIES’;2
SCIENTIFIC;1
ENTITIES”;8
LEASES”;5
LESSEE’S;10
TREATY2;1
REGULATOR;2
BORROWS;1
LAW4;1
GDP;1
RECOMPUTE;5
ACCOUNTS9;1
TRUNCATED;1
ENTERPRISE”;1
𝑆𝑢𝑚;1
“LOCAL;1
PUTTING;4
ARTISTIC;1
CATEGORIZED;1
HTTPS//DOIORG/1787/9789264216525EN;1
PROHIBITIVELY;2
FURNITURE;1
OPERATION13;1
COMBAT;2
DIGITALISING;3
EXEMPTING;2
“SIMILAR;1
“CONSERVATIVELYLOW”;1
DIVIDENDS”;1
MECHANICALLY;1
THOUSANDS;1
ASSISTANCE;15
OWNERS’;2
LEVERAGES;2
BENEFICIARIES;2
EXPENSES”;1
STATUS;10
UNINTENDED;4
AD;1
20149;1
CONFIDENT;1
INVESTED;2
Z”;2
ASKED;1
STANDARD18;1
BUILDING;7
SEVEN;1
RECIPIENT’S;3
X200;1
SUPER;1
SEVER;2
ENHANCES;1
G20;10
“CLIFFEDGE”;1
ACCRUE;4
“BUSINESS;2
PROFITS29;1
IMPLICATION;1
HTTPS//WWWOECDORG/CTP/GUIDANCEONTHEIMPLEMENTATIONOF;1
COMPLICATE;2
ADDRESSES;13
DISTRIBUTIONBASED;5
CUMULATIVE;5
TAXPAYER	133;1
RESTRUCTURING;3
ATTRACT;1
REVERSING;2
IT’S;1
INTERPRETATIVE;1
PREFERENCE;3
YEARS	107;1
EXPOST;9
PROCEDURE;3
RECOGNISES;20
AVOIDING;10
“PORTFOLIO;1
𝟐𝟕𝟓;7
STRESSED;2
GUIDANCE	108;1
CODE;1
PERTINENT;1
COMPLEMENTED;3
DRIVERS;1
MEMORANDUM;5
MAXIMISE;3
UNIFORM;1
2829;1
VERSA;2
COLLOQUIALLY;1
3F;3
3D;10
HTTPS//WWWOECDORG/TAX/BEPS/POLICYNOTEBEPSINCLUSIVE;1
LATTER;10
STATES’;3
HYPOTHETICAL;2
IMPLICATE;1
COMMENT;1
LEGITIMATELY;2
MISMATCH;4
“CONNECTED”;1
FTE;1
MAINTENANCE;3
TARGETING;7
SITUATED;5
INSTRUMENTALITY;1
BREADTH;2
3?;2
SCENARIO?;4
TRUCKING;1
◦;39
ONEANOTHER;1
HTTPS//DOIORG/1787/9789264241138EN;1
SECONDARY;2
CREDIBLE;1
TRACKED;4
RECIPIENTS;1
DEALT;1
SCENARIOS;4
KNOW;4
COOPERATION;3
SME;3
EMPLOYER;8
MEETING;2
REFORMING;2
CORRELATED;1
NONRESIDENTS;5
TOPUPTAX;1
SOLUTIONS;3
DISPOSITION;14
EXTRACT;3
BOND;4
THEREWITH;1
ANNUALISED;5
LAUNDERING;1
APPARENT;1
SITE;1
HOST;1
MACHINERY;3
LARGEST;1
CONSECUTIVE;1
BLUEPRINTS;4
INITIATED;5
ASSETINTENSIVE;1
COMMUNICATION;1
TOPDOWN;35
LOSE;2
ENTITYBYENTITY;4
ENSHRINE;2
STRUCTURE;20
“RIGHTOFUSE”;1
CONCLUDED;2
LINEDRAWING;1
COEXIST;2
𝟏𝟎𝟎;4
SIFTING;1
“LOWTAX;2
FORMS;10
PRIMACY;1
DIRECTIVE;2
€5;4
OVERLOOK;1
DEPRIVING;3
TAX”;1
SUBGROUP;1
ARISES;15
PROJECT;10
“FOREIGN;1
EMPLOYEE’S;6
ARABIA;4
STOCKS;1
ANTICONDUIT;1
BANK;5
CREATES;11
CERTIFICATIONS;7
AROSE3;1
ACCEPTANCE;1
INNOVATIONS;2
TOOLS;2
GUARANTEE;7
ONEROUS;2
STAKEHOLDER;2
201914;1
BRIDGED;1
BUY/SELL;1
PRIVATISATIONS;1
SHORTCOMINGS;1
OFFSETTING;2
𝟖𝟓𝟎;4
“PERSONS”;1
MANIPULATED;1
IMPERATIVE;1
2018;6
2015;9
2014;2
“EXCESS;3
2013;1
DEDUCT;6
GROUP’S;48
NONRESIDENT;11
BROKER;3
TRADERS;3
HTTPS//DXDOIORG/1787/9789264115606EN;1
NONDISCRIMINATION;2
SWIFTLY;1
INCOME”;3
SERVES;11
BRIBERY;3
DELIBERATELY;1
APPLICABILITY;3
PREVENTION;7
OCI;11
TRANSPORTATION;1
	CARRYFORWARDS;1
OBLIGATES;2
88;6
ABC;2
EFFORTS;1
81;2
FAIRER;1
20195;4
20194;4
20193;1
COMPLETING;2
MANAGER;4
MANAGES;1
CONVERGENCE;1
DISCHARGE;2
FUNGIBILITY;1
UNUSED;3
“MNE;4
OVERTAXATION;15
ADHERE;1
SAFEHARBOUR	104;1
ASSETS”;1
REFUNDABLE;55
INURING;2
UNDERMINE;10
PRINCIPLES”;2
STRIKING;1
SHOCK;2
ANTIBASE;2
COMPLICATIONS;1
3510;1
WORKS;1
RESPONDED;1
“ORPHAN;4
INTRODUCTION	14;1
LEASING;5
𝑛𝑒𝑡;1
ORDERING;5
PREEXISTING;3
EXECUTING;1
LIABILITIES”;1
RULES	23;1
IMAGINE;3
SUMMARY	14;1
SUMMARY	15;1
ARRANGE;2
LESSOR;6
CAPTURES;1
INHERIT;1
PERMANENTLY;1
REVISITED;1
HEADQUARTERED;10
ITC;5
NOTES	43;1
PREDICTABLE;1
COSTS”;2
NARROW;3
DISPROPORTIONATE;8
B’S;10
𝟐𝟓𝟎;1
EXTENSION;5
STATED;2
ABBREVIATIONS;2
DESTINATION;1
2011/61/EU;1
EQUIPMENT;37
DEADLINE;1
€120;2
DURATION;6
PATH;1
IIR	TAX	PAID;1
INCOME4;1
LONGSTANDING;3
INCOME3;2
OUTCOMES7;1
RETROSPECTIVELY;1
DENIABILITY;1
WELFARE;2
POOR;3
REFUNDS;8
HEADED;1
NOTES	178;1
UTPR	122;1
FINALITY;2
BLENDING	72;1
HOLD;88
PAVED;1
CEILING;3
COMPENSATED;1
GROUP32;1
𝑈𝑇𝑃𝑅;4
“FOREIGN”;1
MEANING;4
“UTPR;2
INEQUITY;2
UNAVAILABLE;1
CORRECTIVE;5
FORMAT;5
ACCRUES;7
EXACERBATED;1
PROPRIETARY;1
“FIT”;1
SIMILARITIES;3
“ACTIVE;1
PREVENTING;1
CONTRACTING;26
DUALRESIDENCE;1
PICK;1
PARTNERSHIP’S;3
BASEEROSION;1
993;1
20166;2
CARVEOUT	82;1
SAVINGS;2
PRIORITISES;1
RESTORE;2
COMPUTATIONAL;1
“ORPHAN”;2
UNCOORDINATED;1
UNSTABLE;1
DISTORTED;1
201913;1
ENCOURAGES;2
PERSONS”;1
“ENTERPRISE”;2
	A;1
AUTHORISATION;1
PERCENTAGE”;2
AGEING;1
ADJUSTING;8
LARGER;8
CROSSALLOCATION;1
OECD’S;1
BOUNDARIES;1
“QUALIFIED;8
CLOSELY;5
PE;38
ANALYTICAL;1
CONSENSUSSOLUTIONTOTHETAXCHALLENGESARISINGFROMTHEDIGITALISATIONOFTHEECONOMYPDF;1
SWIFT;1
ESCAPING;1
ACCOUNTING”;1
LESSEE;8
‘THE;1
INCENTIVISE;2
MAAC14;1
EXCLUDES;13
SUBSIDIARY’S;6
CUSTOMARY;1
PRESENTLY;1
TRACE;1
TRACK;1
𝟐𝟒𝟐;2
UNDERMINED;3
ACTIVELY;1
EXPENSING;9
ANTIMONEY;1
STRIKE;1
AVOIDED;2
PAGES;1
STAFF;2
ACUTE;1
MISMATCHES;2
PERTAINING;1
ACCELERATED;12
GAAP”;1
MAKERS;1
FUNCTIONALLY;1
DENIES;1
EUR120;1
ENTERS;2
REFORM;2
FORGIVENESS;1
EXPLORATIONRELATED;1
MOTOR;1
PROMOTE;1
EXPLAINS;5
“BLUEPRINT”;1
DEDUCTIVE;1
1ST;1
2ND;1
202016;1
EASEMENTS;1
STATISTICS;2
FLOODING;1
UNREGULATED;1
CARVEOUTS;4
TEMPLATE;4
PROHIBITS;1
SCOPES;1
750M;2
YEAREND;4
+100;1
MIRROR;2
RULES	110;1
OECD/G20;16
AMENDMENT;1
ORDINATED;1
GAS;3
JUDGEMENT;1
SOR;12
SUSCEPTIBLE;5
COMMERCIALLY;3
WORTH;1
PROPORTIONATELY;4
ALIGNS;3
EXISTENCE;3
ASSIGNING;7
PERMITTING;3
JURISDICTION14;1
BI;1
SUBMITTED;1
SUBSIDY;2
USEFULNESS;1
FUNDAMENTAL;1
RETURN14;1
TIE;1
NOTES	167;1
FACTO;18
“ESTABLISHED;1
INTERVENTIONS;1
BENEFICIALLY;11
OMIT;1
JURISDICTIONS’;1
201117;1
EVENTS;2
TICKETS;2
INVERSION;1
BUILT;1
EXPRESSLY;4
RESOLUTION	176;1
REDUCTION;26
DOWN”;1
BUILD;6
“ALLIN”;1
ESCAPE;5
DOUBLECOUNTING;2
PARTNER’S;1
BINARY;2
ADDITIVE;1
CODIFY;2
ASSET’S;1
CREDITED;1
CHART;12
CHARITIES;1
GLOBE?;1
HTTPS//DOIORG/1787/MTC_COND2017EN;1
TAX	124;1
TAX	125;1
CONSIDERABLY;1
UPSET;1
HEADQUARTERS;2
CARVEOUT	92;1
CEDED;1
BORROWER;3
TIEBREAKER;2
UNDERPAYMENTS;1
CONSOLIDATE;15
KIND;1
MIRRORS;3
NOTIFIED;1
WITHHOLD;3
	SPECIAL;1
DEFAULTS;2
SOURCEBASED;1
“MAAC”;1
“ROUTINE;1
RULES”8;1
RESOLVE;2
𝑈𝑙𝑡𝑖𝑚𝑎𝑡𝑒;1
SETUP;1
DIVERGING;2
THRESHOLD	41;1
EXAMPLES	179;1
PROPORTIONAL;3
RESPONSE;5
NONMOBILE;1
NATURALLY;1
MNE2’S;3
PAYOR;2
REFUNDABILITY;4
ARM’SLENGTH;1
DISSOLUTION;1
“ULTIMATE;1
APPLY19;1
INCREMENTAL;13
REVALUED;3
TRACED;6
BASEERODING;4
CROSS;1
HOLDERS’;1
CROSSED;5
“CARRYING;1
MNE’S;63
HTTPS//DXDOIORG/1787/9789264293083EN;1
TRIGGERED;7
FEE”;1
NUMEROUS;2
INTERESTBEARING;1
𝟐𝟐;1
𝟐𝟓;3
OPERATIVE;1
JANUARY;4
𝑟𝑒𝑣𝑒𝑛𝑢𝑒;2
MIND;1
CHOOSES;1
OFFICES;1
ARM’S;14
COUNTRYBYCOUNTRYREPORTINGBEPSACTIONPDF;1
INCREASED;15
FORMAT33;1
©;1
COMPATIBLE;5
INSTANCE16;1
“CROSSJURISDICTIONAL”;1
DISTINCTIONS;2
“GROUP”;4
SECURE;3
INVOKE;1
VERIFYING;1
INTEGRAL;2
𝑡𝑜;2
MULTICOMPONENT;1
MNE1;6
POSTACQUISITION;1
WRITTEN;1
DOUBT;1
DEPART;1
HTTPS//DOIORG/1787/BEBA0634EN;1
CONTENTS;1
“INVESTMENT;2
800M;1
TRIGGERS;2
OBSERVES;1
DEBTFINANCED;1
MINERALS;1
ORGANISED;6
NEUTRALISES;3
PLAY;3
RULE8;1
PROCEED;1
CARVEOUT7;1
•;57
…;1
BUYING;1
4A;1
BEGINS;2
–;92
CONSULTATIONS;4
—;3
“REFUNDABLE”;4
QUALIFYING;1
SELF;1
REVIEWING;3
1361;1
GROUP?;1
