ACTIVITY”;1
“DIGITAL;2
“S/R”;1
“ALL;1
RETURN”;3
“X”;2
“MARKETING;2
“LOSS”;1
AVAILABLE”;1
STATEMENT”76;1
“GEOGRAPHICAL;2
“RECYCLED”;1
JURISDICTIONS’;1
SEGMENT”;1
GROUP’S;16
“SEGMENTATION;12
𝑆/𝑅;1
PROFIT”105;1
LOSSES”;1
“ENTITYLEVEL;1
“ROUTINE;1
“INREGIME”;1
INCOME”;6
SHORTFALLS”;1
“PROFIT;11
EXEMPTION”;9
GAAP”;1
“A”;5
OWNERSHIP”;1
“W”;4
“SAFE;2
ERRORS”;1
“P/R”;4
“COMPONENT;1
DIFFERENTIATION”;3
“ALLOCABLE;1
OFF”;1
“DIFFERENTIATION;2
HALLMARKS”;10
“CONTINUITY;1
A’S;1
PEOPLE’S;2
TAXES”;1
	TAX;1
𝑃/𝑅;2
COUNTING”;4
“ELIGIBLE;1
𝑎;2
SEGMENT”81;1
◦;61
APPROACH”;4
UP”;1
𝑦;4
𝑧;4
𝑤;2
“NETTINGOFF”;3
“A;1
ENTITY’S;1
ENTITY”;5
BUSINESS’;1
−;4
×;10
𝑆;3
𝑅;3
𝑃;2
𝑀;4
BUSINESSES”;1
“DIFFERENTIATION”;1
“S”;2
𝑊;2
“DEEMED”;1
“INCOME;2
“DOMESTIC;9
TAXPAYER’S;2
“EXISTING;2
“THROWIN”;1
“PRIOR;1
“CHANGE;2
𝐴;2
ARM’S;1
“SCALE;1
INVESTOR’S;1
“PAYING;4
MECHANISMS”;1
“Y”;2
“CAP”;2
ENTERPRISE”;1
LOSS”;8
“M”;2
“Z”;2
MECHANISM”;1
“PROFITBASED;2
B’S;1
€750;1
“JURISDICTIONAL;1
ARRANGEMENT’S;1
PROFIT”96;1
“CONTROL”;1
“P”;2
“OTHER;7
C94;1
“THROWBACK”;1
HARBOUR”;2
“EARNOUT”;2
AVERAGING”;1
BASE”;1
UTILITIES”80;1
•;16
“DOUBLE;4
	PROFIT;1
79;1
“R”;2
–;16
CTPA/CFA/WP2/NOE22020;1
“REVENUE”;1
“NETTING;1
