COOPERATES;1
G20;2
SIX;4
DELAY;2
RANKED;1
LOWERRISK;1
FOLLOWED;2
ANALYSES;1
EARLIEST;1
ADAPTED;1
HAPPEN;1
LAST;4
IMPACTS;3
FORMAT;2
APPROVING;1
REPRESENTATION;2
APPOINTED;4
TRIGGERING;1
NONTRANSPARENT;1
FORUM;3
INSTRUCTION;1
MINISTERS;2
RESOLUTION”;1
VITAL;1
PREFERENCE;5
RESTATED;1
TIMEFRAME;2
GO;1
TRIBUNAL;1
RELIEVED;1
“EARLY;1
RECOGNISES;2
EXPRESS;4
AWARENESS;1
“BINDING”;1
COMFORTABLE;1
ROOMS;1
HIGHLEVEL;2
FAITH;1
IMPARTIALITY;1
NORMAL;2
PREFER;2
VOLUME;2
SQUARE;1
NONEXISTENT;1
RECONSIDERED;1
ADMINISTRATION”;1
MULTILATERALLY;1
PHASED;2
SUPPORTS;4
SUSPENDED;2
THEREAFTER;1
“BASELINE;2
2320FEBRUARYPDF;1
ELSE;1
FTA;8
DISAGREES;1
	TAX;1
IMPROVED;4
BORDERS;2
PREVIEW;1
AGREES;9
NON;3
CONSEQUENCES;1
INTRODUCES;1
“LAST;1
BELIEVES;2
FILTER;2
QUO;1
◦;111
SENIOR;1
SECONDARY;2
SIMULTANEOUSLY;1
RECIPIENTS;1
SCENARIOS;2
COOPERATION;1
AWAITING;1
MEETING;2
PROJECTS;1
HEART;1
TRAINING;4
A’S;1
PREVENTED;3
OFFER”;1
LASTBEST;1
OBJECTS;2
DESELECTED;1
ELECTIVE;4
COMMITTED;1
FOOTPRINT;1
LAUNCHED;1
BORNE;1
PACKAGE;27
SUMMARY;7
CONTENT;1
STRENGTHENING;1
LARGEST;1
IMPLICATION;1
RECURRING;1
JOIN;2
INITIATED;1
COUPLED;6
PURSUE;3
COMPLYING;1
ICAPLIKE;1
QUID;1
IMPLY;1
UNILATERALLY;1
ACCEPTING;1
OFFERED;2
STRUCTURE;1
SAUDI;1
NOVEL;1
INACCURATE;2
CALLS;1
REACHING;3
CURRENTLY;10
DISAGREEMENT;2
DEADLINES;2
OBJECTIVE158;1
DRAFT;2
ANTICIPATING;1
ENHANCE;3
ACCOMPANIED;7
WEEKS;2
SETTLED;1
ASSURANCE;2
BLUEPRINT;9
SUPPLEMENTED;1
EMBEDDED;1
RESTRICTED;1
NONAFFECTED;1
WISHING;1
2223;1
REACHES;5
UNDERPINNING;1
FRAMING;1
MINIMIS;1
REVISE;3
PANEL;249
RANDOM;1
ALMOST;2
UNDERTAKING;5
COLLECTIVELY;1
PREPARING;1
ARABIA;1
FACTUAL;1
BANK;1
PROFILE;1
APPEALS;2
INDICATED;3
ACCEPTANCE;1
FACTOR”;1
AGREEMENTS;2
CONSENSUSBASED;1
REVISIONS;1
HEADQUARTER;1
CORRECTED;3
INCENTIVE;1
MIX;1
LINK;1
ENTERING;2
CONTAIN;1
DEADLOCKED;1
NAMED;1
OFFICIAL;3
ONSHARING;2
EXPECTATION;1
2018;1
EXHAUSTION;4
“SURROGATE;2
RENDERED;2
GROUP’S;75
PROPOSES;2
ENQUIRIES;7
PHASING;1
ARRIVING;1
OBJECTIONS;17
JURISDICTION’S;4
“AFFECTED;1
JOINTLY;2
MONTH;7
PILOT;2
VALIDATION;8
PREVENTION;25
INVITE;3
BINDING160;1
DISAGREE;2
QUICKLY;6
INDIVIDUALS;3
PLANNED;1
JOINING;3
CONFERENCE;2
HTTPS//GORG/EN/G/DOCUMENTS/COMMUNIQUECC81FINAL22;1
AMENDED;3
CONTEMPLATED;1
COMPLETING;1
EXACTLY;1
CONTEMPLATES;2
COMPETENT;29
CHAIR;11
INCONSISTENCY;1
CATEGORISATION;1
APPEARING;2
DELINEATION;2
SURROGATE;4
UPDATE;1
SENT;3
SIGNED;4
IMPORTANTLY;1
NONBINDING;7
SUSPENSION;6
ASSESSMENTS;4
COLLABORATION;1
COURT;6
TOFACE;1
CBCRS;1
FORMED;7
TREATIES;1
CERTAINTY”;1
DRAWN;4
MULTIJURISDICTION;1
MUTUAL;5
ADMINISTRATION’S;12
COMMIT;4
CONCLUSIVE;4
EXCHANGED;11
CIRCULATED;1
CONSTITUENT;30
CONSENSUSMINUSONE;1
OBLIGATION;5
PROGRESSES;1
COMMENCES;1
SITTING;1
RETIRED;3
SUITED;1
LIST;21
2020;8
DEFERRAL;2
UNCOOPERATIVE;1
DISCUSS;3
DISPROPORTIONATE;2
INSPECTORS;2
BRIDGE;4
CONTINUES;2
COMPLETE;6
EFFECTIVE;3
RESOLVING;2
ROTATING;1
RECOMMENDED;2
CONTACT;3
DEADLINE;17
DURATION;2
PURSUES;1
TEMPLATES;2
FEBRUARY;1
RESOURCE;4
PERSPECTIVES;1
INTERACT;2
APAEQUIVALENT;1
SERIES;1
MENTIONED;5
DOZENS;1
INITIATIVES;1
NEEDING;1
ICAP;8
HOLD;2
ENDEAVOURS;1
RESPONSES;1
EXHAUSTED;2
TOOLS;12
GEOGRAPHICALLY;1
FEELS;1
ROLLOUT;1
STREAMS;1
REMEDIES;14
INDEPENDENTLY;1
IMPRACTICAL;1
VOLUNTARY;3
EXTEND;3
RIYADH;1
OBJECT;2
EXCEPTIONALLY;1
BODY’S;1
CONSENSUS;3
DEPLOYMENT;1
DEPENDENT;1
BEHALF;1
COMMENT;2
PROGRAMMES;1
INFORMS;2
EXPANDED;2
SIMULTANEOUS;1
EXPERTS;2
PENALTIES/INTEREST;1
INCOMPLETE;6
DIRECTIVE;1
NONTRANSFER;1
MODULE;1
FACETOFACE;1
EXTENDS;1
REPRESENTATIVE;1
COORDINATING;27
AUDITS;4
TIWB;2
GAINED;5
ADDS;1
ECONOMY155;1
BRACKETS;1
NUMEROUS;1
SEND;1
AWARE;4
WIDENED;1
GOES;1
OTHER157;1
ENCOUNTER;1
CONSTITUTED;2
SHORT;2
JOBS;1
FILE;1
OPINION;2
ENCOURAGED;1
ROOM;2
COMPLEMENTARY;1
GOVERNORS;1
NOTIFICATION;2
ADMINISTRATIONS”;2
LARGER;1
ENDED;2
ACHIEVING;1
PANELLISTS;7
NINE;2
CLOSELY;1
ADVISE;1
UNCOORDINATED;1
TIMEFRAMES;4
DISPUTED;1
COMMUNIQUÉ;1
VIRTUAL;3
HALF;1
DOWNLOAD;1
DISAGREEMENTS;1
REQUESTED;13
UNDERMINED;2
YEAREND;1
PROPOSE;2
ALONE;1
AVOIDED;2
STAFF;1
STRONGLY;2
GLOBALLY;1
ACCELERATED;1
INFRASTRUCTURE;3
RESOLVES;1
WITHDRAWS;3
PRORATA;1
CONVENTIONS;1
IMPACTING;1
EXPIRATION;1
PROMOTE;1
EXPRESSION;2
WITHDRAWN;3
MOMENTUM;2
APAS;2
XML;1
CO;3
LOWCAPACITY;1
OBJECTION;8
COMFORT;4
COMMITMENT;3
CONSEQUENTIAL;2
SELFASSESSMENT;58
AMENDMENTS;1
COMPLETENESS;1
PARTICIPATES;2
PREFERRED;1
OBJECTIVELY;2
OFFICIALS;5
CONDITION;3
REJECT;1
PARTICIPATED;1
APPOINT;1
ELEMENTS;19
FEEL;1
FAVOURING;1
“PLUS;1
AID;2
NOMINATIONS;1
BUILT;1
SUSPEND;3
MOTIVATED;1
SUBMISSION;3
CONTEXTS;1
AWAY;2
RECORDED;1
ANSWERS;2
LEVY;1
GOOD;1
SHORTLY;1
ACCEPTS;3
NATIONS;1
VS;1
LEAVING;1
DIMENSION;1
PROGRAMME;8
MONTHS;22
MAINTAINED;1
ESTABLISHMENTRELATED;2
MAPS;1
INDICATION;2
EXISTENCE;1
801;1
REFERRAL;1
CHARGES;1
INVITED;2
SOON;3
SUBMITTED;18
UPES;1
BALANCED;1
FUNDAMENTAL;3
EMAIL;1
RESPOND;1
APAS159;1
SERVING;4
ENHANCING;1
CONSENT;1
CENT;1
AGENDA;2
UPFRONT;1
WIDER;1
JURISDICTIONS’;8
APPOINTING;1
EXPLORES;2
IDEALLY;3
DESIGNATION;1
EXPRESSLY;1
ENVISAGED;2
DISCOVERED;1
REOPEN;1
RENOUNCE;1
TREATY;5
ORDINATING;1
BENEFICIAL;2
APA;4
STAGES156;1
“ISSUE;1
FAMILIARITY;2
SATISFACTION;1
STREAMLINED;2
LOCALISED;1
MOTION;1
DOMESTICALLY;1
▪;14
ENGAGEMENTS;1
FILLED;1
RESOLVE;14
BILATERAL;12
TOPICS;1
ACTIVITIES”;2
CONSTRUCTIVE;1
COURSE;3
DEALT;3
ENDING;2
RESPONSE;2
USUAL;1
POSES;1
MANUALS;1
BOUND;12
FILED;7
CONTINUAL;1
STAGES;1
INDEPENDENCE;1
INVENTORIES;1
PANEL’S;15
PROVES;2
MNE’S;4
MEETS;1
UNRESOLVED;4
TRIGGERED;8
COMMITS;1
DELAYS;1
ROBUSTNESS;2
NONSERVING;2
REPLACE;1
CONFIRMING;2
MISLEADING;1
REPLACED;1
COPY;3
ODD;2
PERSISTENTLY;1
SCHEMA;1
RECIRCULATE;1
CONCLUDED;2
FAILS;3
JANUARY;1
CHOOSES;2
PROMOTING;1
POOLMEMBERS;1
ENDEAVOUR;2
SECURING;1
CHAIRED;1
OCCURS;1
FLEXIBILITY;1
ARCHITECTURE;1
SELF;10
SEES;1
SECURE;1
INTEGRAL;1
WRITTEN;1
BACKGROUND;1
UNRELIABLE;1
DECLINED;1
ACCESSING;1
CONSTITUTION;12
PROBLEMATIC;1
ASSISTANCE;3
SOLUTIONS;1
COMPROMISE;1
OBSERVATIONS;3
FLEXIBLE;1
ARBITRATION;3
ANNUM;1
CONTINUING;1
CONFIDENT;2
•;7
VOTE;2
ASKED;1
BUILDING;3
RECEIVED;3
–;3
PANELS;15
ACTED;1
RESTART;1
ORDINATE;2
REVIEWING;1
PILOTS;1
