PERSON ASSOCIATED WITH A SECURITY-BASED SWAP DEALER OR MAJOR SECURITY-BASED SWAP PARTICIPANT;EconomicOperands;5
ASSOCIATED PERSON OF A SECURITY-BASED SWAP DEALER OR MAJOR SECURITY-BASED SWAP PARTICIPANT;EconomicOperands;5
THE FEDERAL DEPOSIT INSURANCE CORPORATION IMPROVEMENT ACT OF 1991;LegalReferences;2
THE EMPLOYEE RETIREMENT INCOME SECURITY ACT OF 1974 29 USC 1002;LegalReferences;8
HOUSING ENTERPRISES FINANCIAL SAFETY AND SOUNDNESS ACT OF 1992;LegalReferences;1
ASSOCIATED PERSON OF A SWAP DEALER OR MAJOR SWAP PARTICIPANT;EconomicOperands;5
THE WALL STREET TRANSPARENCY AND ACCOUNTABILITY ACT OF 2010;LegalReferences;33
DODD-FRANK WALL STREET REFORM AND CONSUMER PROTECTION ACT;LegalReferences;6
WALL STREET TRANSPARENCY AND ACCOUNTABILITY ACT OF 2010;LegalReferences;1
ACCURATE CONFIRMATION PROCESSING NETTING DOCUMENTATION;EconomicOperands;2
THE SECURITIES EXCHANGE ACT OF 1934 15 USC 78A ET SEQ;LegalReferences;15
THE EMPLOYEE RETIREMENT INCOME SECURITY ACT OF 1974;LegalReferences;3
THE INTERNATIONAL BANKING ACT OF 1978 12 USC 3101B7;LegalReferences;1
THE INTERNATIONAL BANKING ACT OF 1978 12 USC 3106A;LegalReferences;1
COMMITTEES ON AGRICULTURE NUTRITION AND FORESTRY;EconomicOperands;1
THE BANK HOLDING COMPANY ACT OF 1956 12 USC 1841;LegalReferences;2
THE BANK HOLDING COMPANY ACT OF 1965 12 USC 1841;LegalReferences;1
THE SECURITIES EXCHANGE ACT OF 1934 15 USC 78P-2;LegalReferences;1
COMMITTEE ON AGRICULTURE NUTRITION AND FORESTRY;EconomicOperands;3
THE COMMODITY FUTURES MODERNIZATION ACT OF 2000;LegalReferences;1
THE SECURITIES EXCHANGE ACT OF 1934 15 USC 78CA;LegalReferences;13
THE SECURITIES EXCHANGE ACT OF 1934 15 USC 78DD;LegalReferences;1
THE SECURITIES EXCHANGE ACT OF 1934 15 USC 78FA;LegalReferences;6
THE SECURITIES EXCHANGE ACT OF 1934 15 USC 78IB;LegalReferences;1
THE SECURITIES EXCHANGE ACT OF 1934 15 USC 78MF;LegalReferences;1
THE SECURITIES EXCHANGE ACT OF 1934 15 USC 78MM;LegalReferences;2
THE SECURITIES EXCHANGE ACT OF 1934 15 USC 78OB;LegalReferences;2
THE SECURITIES EXCHANGE ACT OF 1934 15 USC 78SB;LegalReferences;1
COMMITTEE ON BANKING HOUSING AND URBAN AFFAIRS;EconomicOperands;2
THE FARM CREDIT ACT OF 1971 12 USC 2001 ET SEQ;LegalReferences;1
THE SECURITIES EXCHANGE ACT OF 1934 15 USC 78F;LegalReferences;3
THE SECURITIES EXCHANGE ACT OF 1934 15 USC 78I;LegalReferences;1
THE SECURITIES EXCHANGE ACT OF 1934 15 USC 78L;LegalReferences;1
THE SECURITIES EXCHANGE ACT OF 1934 15 USC 78M;LegalReferences;3
THE SECURITIES EXCHANGE ACT OF 1934 15 USC 78O;LegalReferences;4
THE SECURITIES EXCHANGE ACT OF 1934 15 USC 78Q;LegalReferences;1
THE SECURITIES EXCHANGE ACT OF 1934 15 USC 78Y;LegalReferences;1
THE FEDERAL DEPOSIT INSURANCE ACT 12 USC 1813;LegalReferences;2
COMMITTEE ON FINANCIAL SERVICES OF THE HOUSE;EconomicOperands;2
EXTERNAL AUDIT FINDINGS SELF-REPORTED ERRORS;EconomicOperands;1
THE FEDERAL ADVISORY COMMITTEE ACT 5 USC APP;LegalReferences;1
THE SECURITIES ACT OF 1933 15 USC 77A ET SEQ;LegalReferences;5
THE SARBANES-OXLEY ACT OF 2002 15 USC 7246B;LegalReferences;1
SECTION 552A OF TITLE 5 UNITED STATES CODE;LegalReferences;1
BANK PRODUCTS ACT OF 2000 7 USC 27 ET SEQ;LegalReferences;2
COVERED JUDICIAL OR ADMINISTRATIVE ACTION;EconomicOperands;7
OFFICE OF THE COMPTROLLER OF THE CURRENCY;EconomicOperands;3
THE COMMODITY EXCHANGE ACT 7 USC 1 ET SEQ;LegalReferences;10
THE FEDERAL RESERVE ACT 12 USC 601 ET SEQ;LegalReferences;1
SECURITY-BASED SWAP EXECUTION FACILITY;EconomicOperands;48
THE SECURITIES ACT OF 1933 15 USC 77BA;LegalReferences;3
FEDERAL DEPOSIT INSURANCE CORPORATION;EconomicOperands;5
FINANCIAL STABILITY OVERSIGHT COUNCIL;EconomicOperands;11
MAJOR SECURITY-BASED SWAP PARTICIPANT;EconomicOperands;157
REVISED STATUTES OF THE UNITED STATES;LegalReferences;1
STANDARDIZED ALGORITHMIC DESCRIPTIONS;EconomicOperands;2
THE COMMODITY EXCHANGE ACT 7 USC 12A7;LegalReferences;1
THE COMMODITY EXCHANGE ACT 7 USC 21R1;LegalReferences;1
THE COMMODITY EXCHANGE ACT 7 USC 25A1;LegalReferences;1
THE COMMODITY EXCHANGE ACT 7 USC 6CA1;LegalReferences;1
THE COMMODITY EXCHANGE ACT 7 USC 7A-1;LegalReferences;1
THE SECURITIES ACT OF 1933 15 USC 77E;LegalReferences;1
THE SECURITIES ACT OF 1933 15 USC 77Q;LegalReferences;2
COMMODITY FUTURES TRADING COMMISSION;EconomicOperands;97
FEDERAL ENERGY REGULATORY COMMISSION;EconomicOperands;9
INTERNATIONAL FINANCIAL INSTITUTIONS;EconomicOperands;1
THE BANK HOLDING COMPANY ACT OF 1956;LegalReferences;2
THE COMMODITY EXCHANGE ACT 7 USC 2A1;LegalReferences;4
THE COMMODITY EXCHANGE ACT 7 USC 2C2;LegalReferences;6
THE COMMODITY EXCHANGE ACT 7 USC 6C1;LegalReferences;4
THE COMMODITY EXCHANGE ACT 7 USC 6M3;LegalReferences;2
ALASKA NATIVE CLAIMS SETTLEMENT ACT;LegalReferences;1
BANK PRODUCTS ACT OF 2000 7 USC 27A;LegalReferences;1
SECURITY-BASED SWAP DATA REPOSITORY;EconomicOperands;40
THE COMMODITY EXCHANGE ACT 7 USC 12;LegalReferences;1
THE COMMODITY EXCHANGE ACT 7 USC 13;LegalReferences;6
THE COMMODITY EXCHANGE ACT 7 USC 16;LegalReferences;2
THE COMMODITY EXCHANGE ACT 7 USC 21;LegalReferences;1
THE COMMODITY EXCHANGE ACT 7 USC 24;LegalReferences;1
THE INVESTMENT ADVISERS ACT OF 1940;LegalReferences;4
THE SECURITIES EXCHANGE ACT OF 1934;LegalReferences;19
APPROPRIATE FEDERAL BANKING AGENCY;EconomicOperands;21
BANK FOR INTERNATIONAL SETTLEMENTS;EconomicOperands;2
REGIONAL TRANSMISSION ORGANIZATION;EconomicOperands;2
SECURITIES AND EXCHANGE COMMISSION;EconomicOperands;90
THE COMMODITY EXCHANGE ACT 7 USC 2;LegalReferences;13
THE COMMODITY EXCHANGE ACT 7 USC 6;LegalReferences;15
THE COMMODITY EXCHANGE ACT 7 USC 7;LegalReferences;17
THE COMMODITY EXCHANGE ACT 7 USC 9;LegalReferences;3
THE INVESTMENT COMPANY ACT OF 1940;LegalReferences;4
DERIVATIVES CLEARING ORGANIZATION;EconomicOperands;168
PREDISPUTE ARBITRATION AGREEMENTS;EconomicOperands;1
THE FEDERAL DEPOSIT INSURANCE ACT;LegalReferences;1
FEDERAL RULES OF CIVIL PROCEDURE;LegalReferences;1
PREDISPUTE ARBITRATION AGREEMENT;EconomicOperands;2
SAVINGS AND LOAN HOLDING COMPANY;EconomicOperands;2
COLLECTIVE BARGAINING AGREEMENT;EconomicOperands;1
ENVIRONMENTAL PROTECTION AGENCY;EconomicOperands;1
MATERIAL ANTICOMPETITIVE BURDEN;EconomicOperands;8
SECURITIES EXCHANGE ACT OF 1934;EconomicOperands;2
THE FUTURES TRADING ACT OF 1982;LegalReferences;3
ACCURATE TRADE RECONSTRUCTIONS;EconomicOperands;5
EDUCATION INITIATIVES DESIGNED;EconomicOperands;1
IMPLEMENT CONFLICT-OF-INTEREST;EconomicOperands;3
INSURED DEPOSITORY INSTITUTION;EconomicOperands;16
PAYMENT AND SETTLEMENT SYSTEMS;EconomicOperands;1
UNITED STATES COURT OF APPEALS;EconomicOperands;8
ELIGIBLE CONTRACT PARTICIPANT;EconomicOperands;25
INTERNAL REVENUE CODE OF 1986;EconomicOperands;3
SECURITY-BASED SWAP AGREEMENT;EconomicOperands;24
ADMINISTRATIVE PROCEDURE ACT;LegalReferences;1
AUDITED FINANCIAL STATEMENTS;EconomicOperands;1
DISTRICT OF COLUMBIA CIRCUIT;EconomicOperands;7
ELECTRONIC MATCHING PLATFORM;EconomicOperands;1
ELECTRONIC TRADING PLATFORMS;EconomicOperands;1
REVERSE REPURCHASE AGREEMENT;EconomicOperands;1
SELF-REGULATORY ORGANIZATION;EconomicOperands;6
FEDERAL SAVINGS ASSOCIATION;EconomicOperands;1
FUTURES COMMISSION MERCHANT;EconomicOperands;31
GLOBAL RULEMAKING TIMEFRAME;EconomicOperands;1
MEMORANDUM OF UNDERSTANDING;EconomicOperands;2
TECHNOLOGICALLY PRACTICABLE;EconomicOperands;2
THE SECURITIES EXCHANGE ACT;LegalReferences;3
WRITTEN PETITION REQUESTING;EconomicOperands;2
DAMAGES PROXIMATELY CAUSED;EconomicOperands;1
DEPARTMENT OF THE TREASURY;EconomicOperands;1
FARM CREDIT ADMINISTRATION;EconomicOperands;3
FREEDOM OF INFORMATION ACT;LegalReferences;1
GAINS AND LOSSES RESULTING;EconomicOperands;2
REAL-TIME PUBLIC REPORTING;EconomicOperands;12
SECURITY-BASED SWAP DEALER;EconomicOperands;179
SIMULTANEOUSLY MAINTAINING;EconomicOperands;1
STATUTORY DISQUALIFICATION;EconomicOperands;8
THE COMMODITY EXCHANGE ACT;LegalReferences;53
THE SECURITIES ACT OF 1933;LegalReferences;4
BANK PRODUCTS ACT OF 2000;LegalReferences;2
CENTRALIZED RECORDKEEPING;EconomicOperands;2
COMMITTEES ON AGRICULTURE;EconomicOperands;1
COMMODITY TRADING ADVISOR;EconomicOperands;5
COVERED FINANCIAL COMPANY;EconomicOperands;1
FEDERAL REGULATORY AGENCY;EconomicOperands;7
INDEMNIFICATION AGREEMENT;EconomicOperands;3
MASTER AGREEMENT CONTAINS;EconomicOperands;2
NONBANK FINANCIAL COMPANY;EconomicOperands;4
SECRETARY OF THE TREASURY;EconomicOperands;9
SPECIAL DAMAGES SUSTAINED;EconomicOperands;1
STATE SAVINGS ASSOCIATION;EconomicOperands;1
SUBPARAGRAPHS A THROUGH C;LegalReferences;1
SUBPARAGRAPHS D THROUGH F;LegalReferences;1
SUBPARAGRAPHS E THROUGH G;LegalReferences;1
ADMINISTRATIVE LAW JUDGE;EconomicOperands;4
COMMITTEE ON AGRICULTURE;EconomicOperands;4
CONTINUING QUALIFICATION;EconomicOperands;1
DEMONSTRATES INTENTIONAL;EconomicOperands;1
ELECTRIC ENERGY APPROVED;EconomicOperands;1
FOREIGN EXCHANGE FORWARD;EconomicOperands;16
HOUSE OF REPRESENTATIVES;EconomicOperands;4
INFORMATIONAL PARTITIONS;EconomicOperands;3
INSTITUTIONAL SAFEGUARDS;EconomicOperands;3
SECRETARY OF AGRICULTURE;EconomicOperands;1
THE HOME OWNERS LOAN ACT;LegalReferences;1
ASSET-BACKED SECURITIES;EconomicOperands;1
BROAD-BASED ELIGIBILITY;EconomicOperands;1
COLLATERAL REQUIREMENTS;EconomicOperands;2
COMMODITY POOL OPERATOR;EconomicOperands;6
CULTURALLY DIVERSE POOL;EconomicOperands;1
DEPOSITORY INSTITUTIONS;EconomicOperands;10
EXTERNAL AUDIT FINDINGS;EconomicOperands;1
IN CONNECTION THEREWITH;LogicalConnectors;1
MISTAKENLY TRANSMITTING;EconomicOperands;1
RECORDED COMMUNICATIONS;EconomicOperands;2
SUBCLAUSES I THROUGH VI;LegalReferences;1
SUBPARAGRAPHS B C AND F;LegalReferences;1
SUBPARAGRAPHS C D AND E;LegalReferences;1
SUBSECTIONS D E G AND H;LegalReferences;1
SWAP EXECUTION FACILITY;EconomicOperands;77
TAKE INTO CONSIDERATION;EconomicOperands;6
THE FEDERAL RESERVE ACT;LegalReferences;5
UNREGULATED COMBINATION;EconomicOperands;1
WITHHOLD VOTES ENTITLED;EconomicOperands;2
WRITTEN REPRESENTATIONS;EconomicOperands;2
AND DERIVATIVE MARKETS;EconomicOperands;2
ATTEMPTED MANIPULATION;EconomicOperands;1
CEASE AND DESIST ORDER;EconomicOperands;2
COMMODITY EXCHANGE ACT;LegalReferences;3
CONTINUING ELIGIBILITY;EconomicOperands;1
DEPOSITORY INSTITUTION;EconomicOperands;12
ELECTRONICALLY CAPTURE;EconomicOperands;2
EXTERNAL AUDIT FINDING;EconomicOperands;6
GRAMM-LEACH-BLILEY ACT;LegalReferences;24
MAJOR SWAP PARTICIPANT;EconomicOperands;150
PARAGRAPHS 1 THROUGH 3;LegalReferences;2
PARAGRAPHS 1 THROUGH 4;LegalReferences;1
PARAGRAPHS 2 THROUGH 5;LegalReferences;1
REPORTING REQUIREMENTS;EconomicOperands;10
SELF-REGULATORY BODIES;EconomicOperands;1
SMALL BUSINESS LENDING;EconomicOperands;1
SUPPORT INFRASTRUCTURE;EconomicOperands;2
SYSTEMICALLY IMPORTANT;EconomicOperands;2
UNREASONABLE RESTRAINT;EconomicOperands;8
AGRICULTURAL PRODUCER;EconomicOperands;2
ANTICIPATES INCURRING;EconomicOperands;1
ANTICIPATES PROVIDING;EconomicOperands;1
CLAUSES I THROUGH III;LegalReferences;1
CLEARING ORGANIZATION;EconomicOperands;13
CLEARING REQUIREMENTS;EconomicOperands;6
CONFLICTS OF INTEREST;EconomicOperands;42
DEPARTMENT OF JUSTICE;EconomicOperands;7
EDUCATION INITIATIVES;EconomicOperands;2
EXCESSIVE SPECULATION;EconomicOperands;4
FINANCIAL INSTITUTION;EconomicOperands;2
FOREIGN EXCHANGE SWAP;EconomicOperands;20
INDIVIDUAL PREVAILING;EconomicOperands;1
PARTICIPANT DIRECTION;EconomicOperands;1
POLITICAL SUBDIVISION;EconomicOperands;4
PREDOMINANTLY ENGAGED;EconomicOperands;6
PROCEEDING INSTITUTED;EconomicOperands;1
SECTION 10 15 USC 78J;LegalReferences;1
SECTION 15 15 USC 78O;LegalReferences;1
SECTION 16 15 USC 78P;LegalReferences;1
SECTION 20 15 USC 78T;LegalReferences;1
SECTION 408 7 USC 27F;LegalReferences;1
STABLE VALUE CONTRACT;EconomicOperands;8
SUBCLAUSES II AND III;LegalReferences;1
SUBCLAUSES III AND IV;LegalReferences;1
SUBPARAGRAPHS A AND B;LegalReferences;6
SUBPARAGRAPHS B AND C;LegalReferences;2
SUCCESSFUL RESOLUTION;EconomicOperands;2
THE FEDERAL POWER ACT;LegalReferences;4
TO THE MAXIMUM EXTENT;Attributes;4
ACTIVITIES CONDUCTED;EconomicOperands;2
BANK HOLDING COMPANY;EconomicOperands;10
CAPITAL REQUIREMENTS;EconomicOperands;18
CLEARING REQUIREMENT;EconomicOperands;27
CONFLICT OF INTEREST;EconomicOperands;10
CREDIT DEFAULT SWAPS;EconomicOperands;2
EXECUTED BILATERALLY;EconomicOperands;2
EXECUTION FACILITIES;EconomicOperands;17
FINANCIAL STATEMENTS;EconomicOperands;1
LESS FREQUENTLY THAN;LogicalConnectors;4
MARGINING CONFORMING;EconomicOperands;1
ORIGINAL INFORMATION;EconomicOperands;7
PARTICIPANT CREATING;EconomicOperands;2
PRUDENTIAL REGULATOR;EconomicOperands;71
REPURCHASE AGREEMENT;EconomicOperands;1
RULE OF CONSTRUCTION;Other;10
SECTION 402 7 USC 27;LegalReferences;1
SECTION 9 15 USC 78I;LegalReferences;1
SELF-REPORTED ERRORS;EconomicOperands;1
SEPARATELY ACCOUNTED;EconomicOperands;4
SUBSTANTIAL POSITION;EconomicOperands;8
SWAP DATA REPOSITORY;EconomicOperands;50
VALIDATED COMPLAINTS;EconomicOperands;2
30 LEGISLATIVE DAYS;Attributes;1
CIVIL MONEY PENALTY;EconomicOperands;4
CLAUSES I THROUGH V;LegalReferences;1
COMPROMISE POSITION;EconomicOperands;1
CREDIT DEFAULT SWAP;EconomicOperands;1
DEPARTMENT OF LABOR;EconomicOperands;1
DERIVATIVES MARKETS;EconomicOperands;1
ENTERPRISE OPERATED;EconomicOperands;1
FINANCIAL CONDITION;EconomicOperands;3
FINANCIAL STABILITY;EconomicOperands;3
GOOD FAITH MISTAKES;EconomicOperands;1
HEDGING TRANSACTION;EconomicOperands;3
IMPOSING PRUDENTIAL;EconomicOperands;2
IN CONJUNCTION WITH;FunctionWords;1
INFORMATION-SHARING;EconomicOperands;7
INTERAGENCY WORKING;EconomicOperands;2
LIQUIDITY PRESSURES;EconomicOperands;1
MANAGERIAL STRENGTH;EconomicOperands;1
MARKET MANIPULATION;EconomicOperands;3
MATURITIES SUITABLE;EconomicOperands;1
ON THE GROUNDS THAT;LogicalConnectors;1
PARAGRAPHS 3 AND 32;LegalReferences;4
PHYSICAL DELIVERIES;EconomicOperands;1
POSITION REDUCTIONS;EconomicOperands;1
PROPRIETARY TRADING;EconomicOperands;2
PROTOCOLS GOVERNING;EconomicOperands;1
READILY SUSCEPTIBLE;EconomicOperands;5
RECRUIT INDIVIDUALS;EconomicOperands;1
SAVINGS ASSOCIATION;EconomicOperands;2
SECTION 20 7 USC 24;LegalReferences;1
SECURITY-BASED SWAP;EconomicOperands;384
SUBPARAGRAPH A OR B;LegalReferences;9
SUBPARAGRAPH F OR H;LegalReferences;2
SUBSECTIONS A AND B;LegalReferences;2
SUBSECTIONS B AND C;LegalReferences;1
SUBSECTIONS C AND D;LegalReferences;1
SUBSECTIONS D AND E;LegalReferences;2
SUBSECTIONS F AND G;LegalReferences;1
THE NATURAL GAS ACT;LegalReferences;1
TRADING CONVENTIONS;EconomicOperands;2
UNSATISFIED PORTION;EconomicOperands;1
VALIDATED COMPLAINT;EconomicOperands;6
WRITTEN EXPLANATION;EconomicOperands;2
ALLEGING DISCHARGE;EconomicOperands;1
ANTICIPATES OWNING;EconomicOperands;1
BOARD OF GOVERNORS;EconomicOperands;11
BORROWED AGREEMENT;EconomicOperands;1
COMMODITY CONTRACT;EconomicOperands;3
DISPUTE RESOLUTION;EconomicOperands;2
ELECTRONIC TRADING;EconomicOperands;11
FARM CREDIT SYSTEM;EconomicOperands;5
FEDERAL ASSISTANCE;EconomicOperands;8
FINANCIAL SERVICES;EconomicOperands;1
FINANCIALLY SETTLE;EconomicOperands;1
FOR THE PURPOSE OF;LogicalConnectors;21
GRAMM-LEACH-BLILEY;LegalReferences;1
IN ACCORDANCE WITH;LogicalConnectors;46
IN CONNECTION WITH;FunctionWords;32
INTERESTED PARTIES;EconomicOperands;1
INTRODUCING BROKER;EconomicOperands;16
INVESTMENT COMPANY;EconomicOperands;2
MONETARY SANCTIONS;EconomicOperands;7
NON-DISCRIMINATORY;EconomicOperands;2
NONCASH COLLATERAL;EconomicOperands;3
OFFICER PERFORMING;EconomicOperands;1
PARAGRAPHS 1 AND 2;LegalReferences;15
PROXIMATELY CAUSED;EconomicOperands;1
RULES OF THE BOARD;EconomicOperands;2
SCHEDULED MATURITY;EconomicOperands;4
SECURITIES-RELATED;EconomicOperands;1
SETTLEMENT SYSTEMS;EconomicOperands;1
SPECIFYING TRADING;EconomicOperands;2
TESTIMONY TOUCHING;EconomicOperands;1
TOTAL CONSOLIDATED;EconomicOperands;2
TRACKING UNCLEARED;EconomicOperands;1
TREAT FUNCTIONALLY;EconomicOperands;2
UNITED STATES CODE;LegalReferences;17
ACTING IN CONCERT;RegulatoryOperators;1
ALLEGES DISCHARGE;EconomicOperands;1
ANTI-MANIPULATION;EconomicOperands;1
COMMONLY KNOWN AS;FunctionWords;2
COMPUTER-READABLE;EconomicOperands;1
CUSTOMER PROPERTY;EconomicOperands;1
DEFERRED SHIPMENT;EconomicOperands;1
DEPOSIT INSURANCE;EconomicOperands;1
DISASTER RECOVERY;EconomicOperands;5
ELIGIBLE DEFERRED;EconomicOperands;1
ELIGIBLE EMPLOYER;EconomicOperands;1
EQUITY INDEX SWAP;EconomicOperands;1
FINANCIAL MARKETS;EconomicOperands;3
FORWARD CONTRACTS;EconomicOperands;1
HEARING EXAMINING;EconomicOperands;1
IN THE EVENT THAT;LogicalConnectors;1
INCONSISTENT WITH;LogicalConnectors;2
INSURANCE COMPANY;EconomicOperands;1
JUDICIAL DISTRICT;EconomicOperands;1
LAWFULLY ACCRUING;EconomicOperands;2
MARKET OPERATIONS;EconomicOperands;2
MASTER AGREEMENTS;EconomicOperands;2
NONENFORCEABILITY;EconomicOperands;1
PROCEEDS CREDITED;EconomicOperands;1
PROMOTE PRE-TRADE;EconomicOperands;1
PUBLIC DISCLOSURE;EconomicOperands;4
RECKLESSLY EVADES;EconomicOperands;4
REGULATORY REGIME;EconomicOperands;1
RELATIVE POSITION;EconomicOperands;2
SUBSECTION A OR B;LegalReferences;2
SUBSECTION B OR C;LegalReferences;1
TRADING PRACTICES;EconomicOperands;1
WRITTEN AGREEMENT;EconomicOperands;3
10 BUSINESS DAYS;Attributes;1
ADVISING SPECIAL;EconomicOperands;2
ANTIMANIPULATION;EconomicOperands;1
ATTORNEY GENERAL;EconomicOperands;2
BECOME EFFECTIVE;EconomicOperands;4
BELIEVES AFFECTS;EconomicOperands;1
BENEFICIAL OWNER;EconomicOperands;8
CEASE AND DESIST;EconomicOperands;1
CLAUSES I AND II;LegalReferences;6
COURT OF APPEALS;EconomicOperands;2
CREDITWORTHINESS;EconomicOperands;1
EXECUTING TRADES;EconomicOperands;3
FINANCIAL ENTITY;EconomicOperands;10
FINANCIAL SYSTEM;EconomicOperands;7
FOR THE PURPOSES;LogicalConnectors;8
FOREIGN EXCHANGE;EconomicOperands;3
FULLY GUARANTEED;EconomicOperands;2
IN ANY SUCH CASE;LogicalConnectors;1
INSTANT MESSAGES;EconomicOperands;2
LEACH BLILEY ACT;LegalReferences;1
MATURITY OFFERED;EconomicOperands;1
OPERATIONAL RISK;EconomicOperands;4
OVER-THE-COUNTER;EconomicOperands;1
PARAGRAPH 1 OR 2;LegalReferences;1
PARAGRAPH 1 OR 7;LegalReferences;2
PERIOD BEGINNING;EconomicOperands;6
RESOURCE PACKAGE;EconomicOperands;1
RESPONSIBILITIES;EconomicOperands;10
SECTION 2C OR 2F;LegalReferences;1
SECURITIES-BASED;EconomicOperands;3
SENIORITY STATUS;EconomicOperands;1
TRADING PRACTICE;EconomicOperands;2
UNTRUE STATEMENT;EconomicOperands;1
WITH RELATION TO;FunctionWords;2
ACTIVELY TRADED;EconomicOperands;1
ADVERSE EFFECTS;EconomicOperands;2
APPROPRIATENESS;EconomicOperands;2
ASSOCIATED WITH;FunctionWords;28
CHARACTERISTICS;EconomicOperands;2
COMMERCIAL RISK;EconomicOperands;10
CONFIDENTIALITY;EconomicOperands;9
CONSERVATORSHIP;EconomicOperands;1
CORE PRINCIPLES;EconomicOperands;31
CREDIT EXPOSURE;EconomicOperands;2
CREDIT FACILITY;EconomicOperands;1
CURTAIL TRADING;EconomicOperands;3
DECISION-MAKING;EconomicOperands;7
DISCOUNT WINDOW;EconomicOperands;1
ELECTRONIC MAIL;EconomicOperands;2
FEDERAL RESERVE;EconomicOperands;10
IMPLEMENTATIONS;EconomicOperands;1
IN FAVOR OF THE;FunctionWords;1
IN LIEU THEREOF;FunctionWords;4
IN THE LIGHT OF;FunctionWords;2
INSIDER TRADING;EconomicOperands;1
INSTRUMENT SOLD;EconomicOperands;1
INSTRUMENTALITY;EconomicOperands;6
INTERPRETATIONS;EconomicOperands;4
JUDICIAL REVIEW;EconomicOperands;1
LEGAL CERTAINTY;EconomicOperands;12
NOTWITHSTANDING;LogicalConnectors;31
ORDINARY COURSE;EconomicOperands;3
PUBLICLY TRADED;EconomicOperands;1
RECOMMENDATIONS;EconomicOperands;4
REPRESENTATIVES;EconomicOperands;3
RESPONSIBLE FOR;EconomicOperands;11
RISK MANAGEMENT;EconomicOperands;8
RISKS AND COSTS;EconomicOperands;1
SECURITIES LAWS;EconomicOperands;3
STATE-CHARTERED;EconomicOperands;3
TELEPHONE CALLS;EconomicOperands;2
THIS SUBSECTION;LegalReferences;75
TRADING VOLUMES;EconomicOperands;1
TUITION PROGRAM;EconomicOperands;1
UNCONDITIONALLY;LogicalConnectors;8
WITH RESPECT TO;LogicalConnectors;143
WRITTEN FINDING;EconomicOperands;1
WRITTEN REQUEST;EconomicOperands;2
ACCEPTING BIDS;EconomicOperands;2
ACCOUNTABILITY;EconomicOperands;10
ACTUAL DAMAGES;EconomicOperands;1
ADMINISTRATION;EconomicOperands;1
ADMINISTRATIVE;EconomicOperands;20
AND REGULATION;EconomicOperands;40
ANTIDISRUPTIVE;EconomicOperands;1
AS A RESULT OF;LogicalConnectors;4
BANKING SYSTEM;EconomicOperands;2
BOARD OF TRADE;EconomicOperands;80
BROAD SPECTRUM;EconomicOperands;1
CERTIFIED MAIL;EconomicOperands;1
CLEARED OPTION;EconomicOperands;1
CLEARING HOUSE;EconomicOperands;4
CLEARINGHOUSES;EconomicOperands;1
CLOSING RANGES;EconomicOperands;1
COMMODITY POOL;EconomicOperands;15
COMMODITY SWAP;EconomicOperands;1
COMMONLY KNOWN;FunctionWords;5
COMPLYING WITH;RegulatoryOperators;1
CONSIDERATIONS;EconomicOperands;11
CORRESPONDENCE;EconomicOperands;2
COUNTERPARTIES;EconomicOperands;21
CROSS-CURRENCY;EconomicOperands;1
DETERMINATIONS;Other;5
DISCRIMINATION;EconomicOperands;4
EFFECTIVE DATE;EconomicOperands;26
EXPERT WITNESS;EconomicOperands;1
FEDERAL AGENCY;EconomicOperands;3
FOR ANY REASON;LogicalConnectors;1
IDENTIFICATION;EconomicOperands;9
IMPLEMENTATION;EconomicOperands;1
IN ADDITION TO;LogicalConnectors;5
IN THE CASE OF;LogicalConnectors;11
INSURED BRANCH;EconomicOperands;1
INTERMEDIARIES;EconomicOperands;1
INTERPRETATION;EconomicOperands;5
INVESTIGATIONS;EconomicOperands;1
KNOWINGLY FAIL;EconomicOperands;1
LIQUIDITY RISK;EconomicOperands;2
MARGIN-SETTING;EconomicOperands;1
MISAPPROPRIATE;EconomicOperands;1
MOTION PICTURE;EconomicOperands;3
NOT LATER THAN;LogicalConnectors;34
ORDER-MATCHING;EconomicOperands;1
PRIOR APPROVAL;RegulatoryOperators;6
RECOMMENDATION;EconomicOperands;4
RELATED ACTION;EconomicOperands;6
REPRESENTATION;EconomicOperands;4
REPRESENTATIVE;EconomicOperands;10
RESPONSIBILITY;EconomicOperands;11
SECTION 457E1A;LegalReferences;1
SECTION 723A1B;LegalReferences;1
SECURITY-BASED;EconomicOperands;1
SIMULTANEOUSLY;EconomicOperands;1
SPECIAL ENTITY;EconomicOperands;44
SPECIFICATIONS;EconomicOperands;3
STUDY REQUIRED;LegalReferences;3
SUBCHAPTER III;LegalReferences;1
SUBPARAGRAPH A;LegalReferences;91
SUBPARAGRAPH B;LegalReferences;35
SUBPARAGRAPH C;LegalReferences;13
SUBPARAGRAPH D;LegalReferences;3
SUBPARAGRAPH E;LegalReferences;1
SUBPARAGRAPH F;LegalReferences;2
SUBPARAGRAPH G;LegalReferences;3
SUBPARAGRAPH L;LegalReferences;1
SUBSECTION B3B;LegalReferences;1
SUBSECTION C1A;LegalReferences;2
SWAP AGREEMENT;EconomicOperands;3
THIS PARAGRAPH;LegalReferences;39
TRADE MATCHING;EconomicOperands;4
TRADING VENUES;EconomicOperands;1
TRANSPORTATION;EconomicOperands;1
WHISTLEBLOWERS;EconomicOperands;6
WITH REGARD TO;LogicalConnectors;14
ADMINISTERING;EconomicOperands;8
ADMINISTRATOR;EconomicOperands;2
APPLICABILITY;FunctionWords;14
APPLICABLE TO;FunctionWords;14
APPROPRIATELY;Attributes;1
APPROPRIATION;EconomicOperands;1
AS OPPOSED TO;LogicalConnectors;2
ASSASSINATION;EconomicOperands;1
AWARD PROGRAM;EconomicOperands;1
BALANCE SHEET;EconomicOperands;1
CALCULATE NET;EconomicOperands;1
CENTRAL BANKS;EconomicOperands;3
CERTIFICATION;EconomicOperands;20
CIRCUMSTANCES;EconomicOperands;7
COMMUNICATION;EconomicOperands;3
COMPARABILITY;EconomicOperands;8
COMPLIES WITH;RegulatoryOperators;9
COMPREHENSIVE;EconomicOperands;16
CONDITIONALLY;LogicalConnectors;6
CONGRESSIONAL;EconomicOperands;4
CONSIDERATION;EconomicOperands;9
CONTRAVENTION;EconomicOperands;7
CONTRIBUTIONS;EconomicOperands;1
CORRESPONDING;EconomicOperands;3
CREDIT UNIONS;EconomicOperands;4
CURRENCY SWAP;EconomicOperands;1
DAILY TRADING;EconomicOperands;13
DECEMBER 2008;Attributes;1
DETERMINATION;EconomicOperands;62
DISCRETIONARY;EconomicOperands;1
DISSEMINATION;EconomicOperands;2
DOCUMENTATION;EconomicOperands;5
EFFECTIVENESS;EconomicOperands;2
ENVIRONMENTAL;EconomicOperands;4
ESTABLISHMENT;RegulatoryOperators;5
EXTINGUISHING;EconomicOperands;4
FORCE MAJEURE;EconomicOperands;1
HARMONIZATION;EconomicOperands;1
IN THE FUTURE;Attributes;2
IN WHICH CASE;LogicalConnectors;1
INCONSISTENCY;EconomicOperands;1
INSTITUTIONAL;EconomicOperands;1
INTEREST RATE;EconomicOperands;4
INTERNATIONAL;EconomicOperands;13
INVESTIGATION;EconomicOperands;13
LAST SENTENCE;EconomicOperands;1
MANIPULATIONS;EconomicOperands;1
MANUFACTURING;EconomicOperands;1
MATERIAL FACT;EconomicOperands;8
MERCHANDISING;EconomicOperands;1
NATIONAL BANK;EconomicOperands;2
NONCOMPLIANCE;EconomicOperands;16
NONDEFAULTING;EconomicOperands;2
NONOCCURRENCE;EconomicOperands;2
NONPRUDENTIAL;EconomicOperands;3
NORMAL COURSE;EconomicOperands;2
OF SECURITIES;EconomicOperands;20
PARAGRAPH 12A;LegalReferences;1
PARAGRAPH 17A;LegalReferences;1
PARAGRAPH 18A;LegalReferences;2
PARAGRAPH 47B;LegalReferences;1
PARTICIPATING;EconomicOperands;2
PARTICIPATION;EconomicOperands;11
POSITION DATA;EconomicOperands;2
PROVIDED THAT;LogicalConnectors;4
QUALITATIVELY;EconomicOperands;1
RECORDKEEPING;EconomicOperands;17
REDESIGNATING;Other;10
REGARDLESS OF;LogicalConnectors;9
REGULATION OF;EconomicOperands;19
REIMBURSEMENT;EconomicOperands;2
REINSTATEMENT;EconomicOperands;1
SECTION 12E2B;LegalReferences;1
SECTION 15B11;LegalReferences;2
SECTION 3A68A;LegalReferences;1
SECTION 501C3;LegalReferences;2
SECTION 552B3;LegalReferences;1
SECTION 721A1;LegalReferences;1
SECTION 723A3;LegalReferences;1
SECTIONS 2A13;LegalReferences;1
SECTIONS 721C;LegalReferences;1
SELF-REPORTED;EconomicOperands;6
SIGNIFICANTLY;Attributes;2
SUBCHAPTER II;LegalReferences;1
SUBPARAGRAPHS;Other;3
SUBSECTION A1;LegalReferences;12
SUBSECTION A2;LegalReferences;8
SUBSECTION A3;LegalReferences;2
SUBSECTION A4;LegalReferences;1
SUBSECTION A7;LegalReferences;3
SUBSECTION AA;LegalReferences;1
SUBSECTION B1;LegalReferences;3
SUBSECTION B2;LegalReferences;5
SUBSECTION B4;LegalReferences;1
SUBSECTION C1;LegalReferences;2
SUBSECTION C2;LegalReferences;2
SUBSECTION C7;LegalReferences;1
SUBSECTION CC;LegalReferences;1
SUBSECTION D1;LegalReferences;5
SUBSECTION D2;LegalReferences;1
SUBSECTION E1;LegalReferences;2
SUBSECTION E2;LegalReferences;2
SUBSECTION F1;LegalReferences;1
SUBSECTION G1;LegalReferences;1
SUBSECTION G2;LegalReferences;1
SUBSECTION G3;LegalReferences;1
SUBSECTION H1;LegalReferences;3
SUBSECTION H2;LegalReferences;2
SUBSECTION H6;LegalReferences;1
SUBSECTION H7;LegalReferences;1
SUBSECTION H8;LegalReferences;1
SYSTEMIC RISK;EconomicOperands;13
TECHNOLOGICAL;EconomicOperands;1
THIRD PARTIES;EconomicOperands;3
THIS SUBTITLE;LegalReferences;25
TO THE EXTENT;LogicalConnectors;26
TOGETHER WITH;LogicalConnectors;3
TRANSFER DATE;EconomicOperands;1
UNENFORCEABLE;EconomicOperands;3
UNITED STATES;EconomicOperands;48
URBAN AFFAIRS;EconomicOperands;1
WHISTLEBLOWER;EconomicOperands;36
15 USC 80A3C;LegalReferences;2
AFFIRMATIONS;EconomicOperands;1
AGRICULTURAL;EconomicOperands;8
APPROPRIATED;EconomicOperands;3
ARRANGEMENTS;EconomicOperands;13
ASSOCIATIONS;EconomicOperands;4
AVAILABILITY;EconomicOperands;11
BLOCK TRADES;EconomicOperands;4
BUSINESS DAY;EconomicOperands;6
BY VIRTUE OF;FunctionWords;4
CENTRAL BANK;EconomicOperands;1
CLEARED SWAP;EconomicOperands;19
COMMENCEMENT;EconomicOperands;3
COMMISSIONER;EconomicOperands;1
COMPENSATION;EconomicOperands;2
COMPUTERIZED;EconomicOperands;1
CONCURRENTLY;EconomicOperands;2
CONFIDENTIAL;EconomicOperands;4
CONSOLIDATED;EconomicOperands;4
CONSULTATION;EconomicOperands;31
COORDINATION;EconomicOperands;1
COUNTERPARTY;EconomicOperands;84
CREDIT UNION;EconomicOperands;1
DESCRIPTIONS;EconomicOperands;4
DETER ABUSES;EconomicOperands;2
DEVELOPMENTS;EconomicOperands;2
DISCIPLINARY;EconomicOperands;6
DISCRIMINATE;EconomicOperands;1
DISGORGEMENT;EconomicOperands;3
DISSEMINATED;EconomicOperands;3
DISTRIBUTION;EconomicOperands;1
ECONOMICALLY;EconomicOperands;8
ESTABLISHING;EconomicOperands;22
FDIC INSURED;EconomicOperands;4
FLOOR BROKER;EconomicOperands;4
FLOOR TRADER;EconomicOperands;4
FOREIGN BANK;EconomicOperands;5
FREQUENCY OF;EconomicOperands;1
FUNCTIONALLY;EconomicOperands;1
FUNCTIONS OF;EconomicOperands;9
GOVERNMENTAL;EconomicOperands;5
GUARANTEEING;EconomicOperands;1
IDENTIFIABLE;EconomicOperands;2
IMPLEMENTING;RegulatoryOperators;6
IN EXCESS OF;LogicalConnectors;3
INCORPORATES;EconomicOperands;1
INDEBTEDNESS;EconomicOperands;5
INDIVIDUALLY;EconomicOperands;4
INSTITUTIONS;EconomicOperands;11
INSUFFICIENT;Attributes;1
JURISDICTION;EconomicOperands;38
MANIPULATION;EconomicOperands;27
MANIPULATIVE;EconomicOperands;6
MANUFACTURED;EconomicOperands;6
MANUFACTURES;EconomicOperands;1
MARKET ABUSE;EconomicOperands;1
MARKET POWER;EconomicOperands;1
MERCHANDISES;EconomicOperands;1
MODIFICATION;EconomicOperands;3
MULTILATERAL;EconomicOperands;3
MUNICIPALITY;EconomicOperands;4
NARROW-BASED;EconomicOperands;10
NONFINANCIAL;EconomicOperands;1
NOTIFICATION;EconomicOperands;6
ON BEHALF OF;FunctionWords;13
ORDER ISSUED;EconomicOperands;3
ORGANIZATION;EconomicOperands;13
PARAGRAPH 10;LegalReferences;4
PARAGRAPH 11;LegalReferences;1
PARAGRAPH 12;LegalReferences;2
PARAGRAPH 13;LegalReferences;3
PARAGRAPH 14;LegalReferences;1
PARAGRAPH 17;LegalReferences;1
PARAGRAPH 18;LegalReferences;1
PARAGRAPH 1A;LegalReferences;4
PARAGRAPH 1B;LegalReferences;3
PARAGRAPH 22;LegalReferences;1
PARAGRAPH 23;LegalReferences;2
PARAGRAPH 28;LegalReferences;1
PARAGRAPH 29;LegalReferences;1
PARAGRAPH 2A;LegalReferences;3
PARAGRAPH 2B;LegalReferences;7
PARAGRAPH 30;LegalReferences;1
PARAGRAPH 31;LegalReferences;2
PARAGRAPH 38;LegalReferences;1
PARAGRAPH 39;LegalReferences;1
PARAGRAPH 3B;LegalReferences;2
PARAGRAPH 40;LegalReferences;1
PARAGRAPH 41;LegalReferences;1
PARAGRAPH 46;LegalReferences;2
PARAGRAPH 4A;LegalReferences;1
PARAGRAPH 51;LegalReferences;1
PARAGRAPH 5A;LegalReferences;1
PARAGRAPH 5B;LegalReferences;1
PARAGRAPH 68;LegalReferences;2
PARAGRAPH 9A;LegalReferences;1
PARTICIPANTS;EconomicOperands;47
PARTICIPATES;EconomicOperands;4
PERIODICALLY;Attributes;9
PREENACTMENT;EconomicOperands;2
PRIVATE FUND;EconomicOperands;2
PROFESSIONAL;EconomicOperands;2
PROGRAMMATIC;EconomicOperands;1
PROMULGATING;EconomicOperands;1
QUANTITATIVE;EconomicOperands;4
RECEIVERSHIP;EconomicOperands;5
REDESIGNATED;Other;28
REGISTRATION;EconomicOperands;65
REPOSITORIES;EconomicOperands;27
REQUIREMENTS;EconomicOperands;139
RESPECTIVELY;LogicalConnectors;9
RESTRICTIONS;RegulatoryOperators;1
SATISFACTION;EconomicOperands;1
SECTION 1001;LegalReferences;1
SECTION 1132;LegalReferences;1
SECTION 1221;LegalReferences;1
SECTION 1303;LegalReferences;1
SECTION 13F1;LegalReferences;1
SECTION 13M2;LegalReferences;1
SECTION 15B1;LegalReferences;1
SECTION 15B4;LegalReferences;1
SECTION 15BB;LegalReferences;2
SECTION 15C3;LegalReferences;6
SECTION 17R1;LegalReferences;1
SECTION 201F;LegalReferences;1
SECTION 202A;LegalReferences;3
SECTION 206A;LegalReferences;4
SECTION 206B;LegalReferences;17
SECTION 206E;LegalReferences;1
SECTION 2112;LegalReferences;1
SECTION 22A1;LegalReferences;1
SECTION 2A11;LegalReferences;1
SECTION 2A13;LegalReferences;2
SECTION 2A1A;LegalReferences;1
SECTION 2C2A;LegalReferences;1
SECTION 2C2B;LegalReferences;4
SECTION 2C2D;LegalReferences;7
SECTION 2H8B;LegalReferences;2
SECTION 303F;LegalReferences;1
SECTION 308B;LegalReferences;1
SECTION 36A1;LegalReferences;2
SECTION 3A10;LegalReferences;2
SECTION 3A13;LegalReferences;1
SECTION 3A68;LegalReferences;6
SECTION 3A77;LegalReferences;1
SECTION 3A78;LegalReferences;5
SECTION 402B;LegalReferences;1
SECTION 403B;LegalReferences;1
SECTION 457B;LegalReferences;1
SECTION 5136;LegalReferences;1
SECTION 552B;LegalReferences;1
SECTION 6G1A;LegalReferences;1
SECTION 6G5B;LegalReferences;1
SECTION 7064;LegalReferences;1
SECTION 721B;LegalReferences;1
SECTION 721C;LegalReferences;1
SECTION 721D;LegalReferences;1
SECTIONS 206;LegalReferences;1
SECTIONS 2A1;LegalReferences;1
SECTIONS 404;LegalReferences;1
SECTIONS 408;LegalReferences;1
SECTIONS 556;LegalReferences;1
SHAREHOLDERS;EconomicOperands;2
SIGNIFICANCE;EconomicOperands;1
SIMULTANEOUS;EconomicOperands;1
SOLICITATION;EconomicOperands;1
SPECIFICALLY;LogicalConnectors;9
STANDARDIZED;EconomicOperands;3
SUBCLAUSE II;LegalReferences;4
SUBCLAUSE IV;LegalReferences;1
SUBPARAGRAPH;Other;21
SUBSECTION A;LegalReferences;32
SUBSECTION B;LegalReferences;37
SUBSECTION C;LegalReferences;17
SUBSECTION D;LegalReferences;5
SUBSECTION E;LegalReferences;5
SUBSECTION F;LegalReferences;3
SUBSECTION G;LegalReferences;5
SUBSECTION I;LegalReferences;3
SUBSECTION J;LegalReferences;2
SUBSECTION K;LegalReferences;1
SUBSECTION M;LegalReferences;1
SUFFICIENTLY;Attributes;1
SURVEILLANCE;EconomicOperands;6
SWAP MARKETS;EconomicOperands;1
SWAPS ENTITY;EconomicOperands;30
SYSTEMICALLY;EconomicOperands;2
THIS SECTION;LegalReferences;142
TRANSACTIONS;EconomicOperands;95
TRANSMISSION;EconomicOperands;1
TRANSPARENCY;EconomicOperands;3
UNAFFILIATED;EconomicOperands;2
10000000000;Attributes;6
15 USC 78J1;LegalReferences;1
15 USC 78O7;LegalReferences;1
15 USC 78U1;LegalReferences;1
50000000000;Attributes;4
ACCOMPANIED;EconomicOperands;2
ACQUISITION;EconomicOperands;1
ALTERNATIVE;EconomicOperands;2
ANONYMOUSLY;EconomicOperands;1
APPLICATION;EconomicOperands;12
APPOINTMENT;EconomicOperands;1
APPROPRIATE;Attributes;132
ARBITRATION;EconomicOperands;2
ARRANGEMENT;EconomicOperands;8
ASSESSMENTS;EconomicOperands;2
ASSOCIATION;EconomicOperands;11
AUDIT TRAIL;EconomicOperands;9
AUTHORITIES;EconomicOperands;12
BACK OFFICE;EconomicOperands;2
BLOCK TRADE;EconomicOperands;2
BUCKET SHOP;EconomicOperands;3
CARRIES OUT;EconomicOperands;1
CENTRALIZED;EconomicOperands;1
CERTIFICATE;EconomicOperands;1
CHAIRPERSON;EconomicOperands;1
CIRCULATION;EconomicOperands;2
COMBINATION;EconomicOperands;1
COMMINGLING;EconomicOperands;2
COMMISSIONS;EconomicOperands;14
COMMITMENTS;EconomicOperands;1
COMMODITIES;EconomicOperands;20
COMMUNICATE;EconomicOperands;2
COMPARATIVE;EconomicOperands;1
COMPETITION;EconomicOperands;4
COMPETITIVE;EconomicOperands;1
COMPLAINING;EconomicOperands;5
COMPOSITION;EconomicOperands;5
CONFLICTING;EconomicOperands;1
CONSEQUENCE;EconomicOperands;3
CONSIDERING;LogicalConnectors;2
CONSISTENCY;EconomicOperands;2
CONSTITUTES;EconomicOperands;7
CONTEMPLATE;EconomicOperands;1
CONTINGENCY;EconomicOperands;5
CONTRIVANCE;EconomicOperands;2
CONTROLLING;EconomicOperands;4
CONVENIENCE;EconomicOperands;2
COOPERATION;EconomicOperands;3
CORPORATION;EconomicOperands;3
CREDIT RISK;EconomicOperands;2
DEFINITIONS;EconomicOperands;14
DERIVATIVES;EconomicOperands;18
DESCRIPTION;EconomicOperands;15
DESIGNATION;EconomicOperands;17
DETERMINING;EconomicOperands;9
DETRIMENTAL;EconomicOperands;1
DEVELOPMENT;EconomicOperands;5
DIFFERENCES;EconomicOperands;2
DISAPPROVED;RegulatoryOperators;1
DISCHARGING;EconomicOperands;1
DISCLOSURES;EconomicOperands;2
DISPOSITION;EconomicOperands;1
DISRUPTIONS;EconomicOperands;3
DISSEMINATE;EconomicOperands;3
DISTRIBUTED;EconomicOperands;1
DIVESTITURE;EconomicOperands;3
DUPLICATIVE;EconomicOperands;1
EFFECTIVELY;Other;2
ELIGIBILITY;EconomicOperands;5
ENFORCEABLE;Attributes;3
ENFORCEMENT;EconomicOperands;40
ESTABLISHED;RegulatoryOperators;38
ESTABLISHES;RegulatoryOperators;1
EVIDENCE ON;EconomicOperands;1
EXAMINATION;EconomicOperands;12
EXCLUSIVELY;FunctionWords;1
EXIST NOVEL;EconomicOperands;1
EXPLANATION;EconomicOperands;4
FACILITATES;EconomicOperands;9
FEASIBILITY;EconomicOperands;2
FULFILLMENT;EconomicOperands;5
FUNCTION OF;EconomicOperands;1
FURTHERANCE;EconomicOperands;5
GRANDFATHER;LegalReferences;1
IDENTIFYING;EconomicOperands;3
IN ANY CASE;LogicalConnectors;2
IN ORDER TO;LogicalConnectors;9
IN THE CASE;LogicalConnectors;3
INDEPENDENT;EconomicOperands;11
INDIVIDUALS;EconomicOperands;5
INFORMATION;EconomicOperands;165
INSTITUTION;EconomicOperands;3
INSTRUMENTS;EconomicOperands;8
INTERAGENCY;EconomicOperands;9
INVENTORIES;EconomicOperands;1
INVESTIGATE;EconomicOperands;7
INVESTMENTS;EconomicOperands;12
INVOLVEMENT;EconomicOperands;3
JUNE 1 2010;Attributes;1
KEEPS BOOKS;EconomicOperands;1
LEGISLATORS;EconomicOperands;1
LIABILITIES;EconomicOperands;1
LIMITATIONS;EconomicOperands;10
LIQUIDATION;EconomicOperands;2
LONGER THAN;LogicalConnectors;1
MAINTENANCE;EconomicOperands;13
MEASUREMENT;EconomicOperands;1
MERCHANDISE;EconomicOperands;4
METHODOLOGY;EconomicOperands;1
MINISTERIAL;EconomicOperands;2
OBLIGATIONS;EconomicOperands;32
OF ANY KIND;LogicalConnectors;5
OPERATIONAL;EconomicOperands;7
OPPORTUNITY;EconomicOperands;2
ORIGINATING;EconomicOperands;1
OUTSTANDING;EconomicOperands;6
OVERLAPPING;EconomicOperands;1
PARAGRAPH 1;LegalReferences;76
PARAGRAPH 2;LegalReferences;41
PARAGRAPH 3;LegalReferences;6
PARAGRAPH 4;LegalReferences;16
PARAGRAPH 5;LegalReferences;3
PARAGRAPH 6;LegalReferences;1
PARAGRAPH 7;LegalReferences;2
PARAGRAPH 9;LegalReferences;2
PARI-MUTUEL;EconomicOperands;1
PARTICIPANT;EconomicOperands;11
PARTNERSHIP;EconomicOperands;3
PERMISSIBLE;Attributes;3
PERMUTATION;EconomicOperands;1
POSSESSIONS;EconomicOperands;1
POTENTIALLY;Other;3
PRACTICABLE;EconomicOperands;4
PREPARATION;EconomicOperands;2
PRESCRIBING;EconomicOperands;8
PRESUMPTION;EconomicOperands;2
PROCEEDINGS;EconomicOperands;3
PROHIBITING;RegulatoryOperators;2
PROHIBITION;RegulatoryOperators;27
PROMULGATED;RegulatoryOperators;7
PROPRIETARY;EconomicOperands;1
PROSECUTION;EconomicOperands;1
PROSPECTIVE;Other;6
PROTECTIONS;EconomicOperands;2
PUBLICATION;EconomicOperands;7
PURSUANT TO;FunctionWords;142
REASONS FOR;EconomicOperands;1
RECOMMENDED;EconomicOperands;2
REFERENCING;EconomicOperands;2
REFERRED TO;FunctionWords;10
REGISTRANTS;EconomicOperands;1
REGULATIONS;EconomicOperands;43
REINVESTING;EconomicOperands;1
RELATING TO;FunctionWords;49
RELATIVE TO;LogicalConnectors;2
RELEVANT TO;LogicalConnectors;4
REMEDIATION;EconomicOperands;16
RENEGOTIATE;EconomicOperands;1
REPRESENTED;EconomicOperands;2
REQUIREMENT;EconomicOperands;37
RESTITUTION;EconomicOperands;4
RETALIATION;EconomicOperands;1
RULEMAKINGS;Other;1
SECTION 101;LegalReferences;1
SECTION 102;LegalReferences;2
SECTION 10A;LegalReferences;2
SECTION 113;LegalReferences;3
SECTION 12F;LegalReferences;1
SECTION 13N;LegalReferences;1
SECTION 15A;LegalReferences;1
SECTION 15B;LegalReferences;2
SECTION 15D;LegalReferences;2
SECTION 15E;LegalReferences;1
SECTION 15F;LegalReferences;2
SECTION 17A;LegalReferences;2
SECTION 19B;LegalReferences;3
SECTION 1B7;LegalReferences;1
SECTION 21A;LegalReferences;1
SECTION 21C;LegalReferences;1
SECTION 222;LegalReferences;1
SECTION 225;LegalReferences;1
SECTION 22A;LegalReferences;2
SECTION 25A;LegalReferences;2
SECTION 28A;LegalReferences;1
SECTION 2A1;LegalReferences;6
SECTION 2C2;LegalReferences;11
SECTION 2H1;LegalReferences;3
SECTION 2H3;LegalReferences;2
SECTION 2H4;LegalReferences;1
SECTION 2H5;LegalReferences;2
SECTION 2H7;LegalReferences;3
SECTION 2H8;LegalReferences;1
SECTION 311;LegalReferences;1
SECTION 321;LegalReferences;1
SECTION 3C2;LegalReferences;1
SECTION 402;LegalReferences;1
SECTION 403;LegalReferences;1
SECTION 408;LegalReferences;1
SECTION 4C1;LegalReferences;4
SECTION 529;LegalReferences;1
SECTION 552;LegalReferences;1
SECTION 5E1;LegalReferences;1
SECTION 619;LegalReferences;1
SECTION 6CD;LegalReferences;1
SECTION 717;LegalReferences;1
SECTION 718;LegalReferences;2
SECTION 724;LegalReferences;1
SECTION 727;LegalReferences;1
SECTION 729;LegalReferences;1
SECTION 731;LegalReferences;2
SECTION 732;LegalReferences;1
SECTION 739;LegalReferences;1
SECTION 741;LegalReferences;3
SECTION 746;LegalReferences;1
SECTION 761;LegalReferences;2
SECTION 9A2;LegalReferences;2
SECTIONS 10;LegalReferences;1
SECTIONS 17;LegalReferences;1
SECTIONS 23;LegalReferences;1
SECTIONS 4A;LegalReferences;1
SEGREGATION;EconomicOperands;18
SETTLEMENTS;EconomicOperands;4
SHORT TITLE;Other;1
SIGNIFICANT;Attributes;19
SINGLE TYPE;EconomicOperands;4
SMALL BANKS;EconomicOperands;2
SPECULATORS;EconomicOperands;2
SUBCLAUSE I;LegalReferences;10
SUBMISSIONS;EconomicOperands;3
SUBSECTIONS;LegalReferences;3
SUBSTANTIAL;Attributes;2
SUPERVISION;EconomicOperands;17
SUPERVISORS;EconomicOperands;3
SUPPLEMENTS;EconomicOperands;1
SURROUNDING;EconomicOperands;4
SWAP DEALER;EconomicOperands;163
TAKE EFFECT;RegulatoryOperators;7
TERMINATION;EconomicOperands;8
TERRITORIAL;EconomicOperands;2
TERRITORIES;EconomicOperands;1
THERETOFORE;FunctionWords;1
THIRD-PARTY;EconomicOperands;4
TRADITIONAL;EconomicOperands;1
TRANSACTION;EconomicOperands;159
TRANSFERRED;EconomicOperands;1
TRANSMITTAL;EconomicOperands;2
TRANSMITTED;EconomicOperands;2
TRANSPARENT;EconomicOperands;6
UNDERTAKING;EconomicOperands;1
UNDERWRITER;EconomicOperands;2
VOLUNTARILY;EconomicOperands;2
WALL STREET;EconomicOperands;1
10 PERCENT;Attributes;1
30 PERCENT;Attributes;1
90 PERCENT;Attributes;4
ACCEPTABLE;Attributes;6
ACCEPTANCE;EconomicOperands;1
ACCOMPLISH;EconomicOperands;1
ACCURATELY;Attributes;1
ACTIVITIES;EconomicOperands;61
ADDITIONAL;EconomicOperands;15
ADMINISTER;EconomicOperands;1
AFFILIATED;EconomicOperands;3
AFFILIATES;EconomicOperands;7
AFFIRMANCE;EconomicOperands;1
AGREEMENTS;EconomicOperands;21
ALLEGATION;EconomicOperands;1
ALLOCATION;EconomicOperands;2
AMENDMENTS;Other;30
ANTICIPATE;EconomicOperands;1
APPLICABLE;FunctionWords;30
AS FOLLOWS;FunctionWords;8
AS LONG AS;LogicalConnectors;1
AS SOON AS;LogicalConnectors;2
AS WELL AS;LogicalConnectors;2
ASSIGNMENT;EconomicOperands;4
ASSISTANCE;EconomicOperands;2
ASSOCIATED;EconomicOperands;7
ATTENDANCE;EconomicOperands;4
ATTRIBUTED;EconomicOperands;1
AUTHORIZED;RegulatoryOperators;20
AUTHORIZES;RegulatoryOperators;3
BANKRUPTCY;EconomicOperands;3
BASED UPON;EconomicOperands;8
BASIS SWAP;EconomicOperands;1
BECAUSE OF;LogicalConnectors;3
BOX OFFICE;EconomicOperands;3
CALCULATED;EconomicOperands;5
CANDIDATES;EconomicOperands;1
CATEGORIES;EconomicOperands;12
CLASSIFIED;EconomicOperands;2
CLAUSE III;LegalReferences;5
CLAUSE VII;LegalReferences;4
COLLATERAL;EconomicOperands;7
COLLECTION;EconomicOperands;8
COMMENCING;EconomicOperands;2
COMMERCIAL;EconomicOperands;11
COMMINGLED;EconomicOperands;7
COMMISSION;EconomicOperands;731
COMMITTEES;EconomicOperands;6
COMPARABLE;EconomicOperands;24
COMPARISON;EconomicOperands;1
COMPLAINED;EconomicOperands;1
COMPLETION;EconomicOperands;2
COMPLIANCE;EconomicOperands;127
CONCERNING;LogicalConnectors;15
CONCURRENT;EconomicOperands;4
CONDITIONS;EconomicOperands;40
CONDUCT OF;EconomicOperands;3
CONDUCTING;EconomicOperands;7
CONFORMING;Other;9
CONGESTION;EconomicOperands;2
CONNECTION;EconomicOperands;1
CONSIDERED;EconomicOperands;20
CONSISTENT;Attributes;22
CONSTITUTE;EconomicOperands;3
CONSULTING;EconomicOperands;1
CONTAINING;EconomicOperands;2
CONTINGENT;EconomicOperands;2
CONTRAVENE;EconomicOperands;3
CONTROLLED;EconomicOperands;2
CONVERSION;EconomicOperands;6
CONVEYANCE;EconomicOperands;4
CONVICTION;EconomicOperands;2
COORDINATE;EconomicOperands;5
CURRENCIES;EconomicOperands;7
CUSTODIANS;EconomicOperands;2
DAY-TO-DAY;EconomicOperands;2
DE MINIMIS;Other;4
DEFENDANTS;EconomicOperands;1
DEFINITION;EconomicOperands;30
DELEGATION;EconomicOperands;1
DELIVERING;EconomicOperands;1
DEPARTMENT;EconomicOperands;11
DEPOSITING;EconomicOperands;2
DEPOSITORS;EconomicOperands;1
DEPRESSING;EconomicOperands;3
DERIVATIVE;EconomicOperands;14
DESCRIBING;EconomicOperands;1
DESIGNATED;RegulatoryOperators;40
DETERMINED;RegulatoryOperators;33
DETERMINES;RegulatoryOperators;53
DEVELOPING;EconomicOperands;3
DISCIPLINE;EconomicOperands;2
DISCLOSING;EconomicOperands;1
DISCLOSURE;EconomicOperands;10
DISCRETION;EconomicOperands;21
DISCUSSION;EconomicOperands;1
DISRUPTION;EconomicOperands;3
DISRUPTIVE;EconomicOperands;2
DISSENTING;EconomicOperands;1
DISTORTION;EconomicOperands;5
EFFECTUATE;EconomicOperands;7
ELECTRONIC;EconomicOperands;5
EMPLOYMENT;EconomicOperands;5
ENTERPRISE;EconomicOperands;5
ENUMERATED;EconomicOperands;5
EQUIVALENT;Attributes;4
ESPECIALLY;LogicalConnectors;2
EXCEPTIONS;LogicalConnectors;9
EXCLUSIONS;LogicalConnectors;5
EXEMPTIONS;RegulatoryOperators;15
EXPIRATION;EconomicOperands;3
FACILITATE;EconomicOperands;3
FACILITIES;EconomicOperands;20
FEWER THAN;LogicalConnectors;1
FICTITIOUS;EconomicOperands;4
FIXED RATE;EconomicOperands;3
FRAUDULENT;EconomicOperands;6
FULL FAITH;EconomicOperands;1
GEOGRAPHIC;EconomicOperands;2
GOOD FAITH;EconomicOperands;5
GOVERNANCE;EconomicOperands;13
GOVERNMENT;EconomicOperands;29
GRAND JURY;EconomicOperands;1
GUARANTEED;EconomicOperands;1
GUARANTEES;EconomicOperands;1
HARMONIZED;EconomicOperands;1
HEIGHTENED;EconomicOperands;4
IDENTIFIED;FunctionWords;17
IDENTIFIES;EconomicOperands;1
ILL-SUITED;Attributes;1
ILLEGALITY;EconomicOperands;1
IMPOSITION;EconomicOperands;1
IMPRISONED;EconomicOperands;1
IN GENERAL;FunctionWords;165
IN LIEU OF;LogicalConnectors;2
INACCURATE;EconomicOperands;3
INADEQUATE;Attributes;1
INCENTIVES;EconomicOperands;4
INCIDENTAL;EconomicOperands;1
INDIRECTLY;Attributes;20
INDIVIDUAL;EconomicOperands;35
INHABITANT;EconomicOperands;1
INITIATION;EconomicOperands;6
INITIATIVE;EconomicOperands;4
INNOVATION;EconomicOperands;1
INSOFAR AS;LogicalConnectors;2
INSOLVENCY;EconomicOperands;2
INSPECTION;EconomicOperands;16
INSTRUMENT;EconomicOperands;14
INTERSTATE;EconomicOperands;19
INVALIDATE;Other;1
INVESTMENT;EconomicOperands;25
KEEP BOOKS;EconomicOperands;6
LATER THAN;LogicalConnectors;7
LIMITATION;EconomicOperands;23
LIMITED TO;LogicalConnectors;5
LITIGATION;EconomicOperands;4
LOOK BACKS;EconomicOperands;2
MAINTAINED;EconomicOperands;7
MANAGEMENT;EconomicOperands;12
MANAGERIAL;EconomicOperands;4
MANIPULATE;EconomicOperands;2
MATERIALLY;EconomicOperands;4
MECHANISMS;EconomicOperands;4
MEMBERSHIP;EconomicOperands;3
MEMORANDUM;LegalReferences;3
MINISTRIES;EconomicOperands;4
MISCONDUCT;EconomicOperands;1
MISLEADING;EconomicOperands;10
MITIGATING;EconomicOperands;6
MITIGATION;EconomicOperands;2
MONITORING;EconomicOperands;12
NONINSURED;EconomicOperands;1
OBJECTIVES;EconomicOperands;5
OBLIGATION;EconomicOperands;6
OCCURRENCE;EconomicOperands;13
OCTOBER 30;Attributes;1
OPERATIONS;EconomicOperands;11
PARAGRAPHS;LegalReferences;6
PARAMETERS;EconomicOperands;1
PARTICULAR;FunctionWords;4
PERFORMING;EconomicOperands;11
PERMISSION;EconomicOperands;1
PETITIONER;EconomicOperands;4
PHYSICALLY;EconomicOperands;1
PORTFOLIOS;EconomicOperands;1
PREDICATES;EconomicOperands;1
PRESCRIBED;RegulatoryOperators;48
PRESERVING;EconomicOperands;4
PREVENTION;EconomicOperands;4
PREVIOUSLY;LogicalConnectors;1
PRINCIPLES;EconomicOperands;2
PRIVILEGES;EconomicOperands;3
PROCEDURES;EconomicOperands;69
PROCEEDING;EconomicOperands;24
PROCESSING;EconomicOperands;17
PRODUCTION;EconomicOperands;3
PROHIBITED;EconomicOperands;2
PROMULGATE;EconomicOperands;13
PROTECTING;EconomicOperands;1
PROTECTION;EconomicOperands;18
PROVISIONS;EconomicOperands;40
PRUDENTIAL;EconomicOperands;12
PURCHASING;EconomicOperands;6
QUOTATIONS;EconomicOperands;1
REASONABLE;Attributes;28
REASONABLY;Attributes;10
RECORDINGS;EconomicOperands;2
REDEMPTION;EconomicOperands;1
REFERENCED;Other;3
REFERENCES;EconomicOperands;4
REGISTERED;EconomicOperands;217
REGISTRANT;EconomicOperands;2
REGULATION;EconomicOperands;130
REGULATORS;EconomicOperands;6
REGULATORY;EconomicOperands;21
REPOSITORY;EconomicOperands;2
REPRESENTS;EconomicOperands;3
REQUESTING;EconomicOperands;2
RESOLUTION;EconomicOperands;2
RESPECTIVE;EconomicOperands;1
RESPONDENT;EconomicOperands;3
RESPONDING;EconomicOperands;6
RESUMPTION;EconomicOperands;5
REVIEWABLE;EconomicOperands;1
REVOCATION;EconomicOperands;2
RISK-BASED;EconomicOperands;1
RULEMAKING;Other;18
SAFEGUARDS;EconomicOperands;4
SECTION 10;LegalReferences;1
SECTION 12;LegalReferences;4
SECTION 13;LegalReferences;6
SECTION 16;LegalReferences;1
SECTION 17;LegalReferences;4
SECTION 19;LegalReferences;4
SECTION 1B;LegalReferences;1
SECTION 20;LegalReferences;1
SECTION 21;LegalReferences;4
SECTION 22;LegalReferences;1
SECTION 24;LegalReferences;3
SECTION 25;LegalReferences;2
SECTION 2A;LegalReferences;4
SECTION 2C;LegalReferences;4
SECTION 2F;LegalReferences;1
SECTION 2H;LegalReferences;6
SECTION 30;LegalReferences;1
SECTION 33;LegalReferences;2
SECTION 36;LegalReferences;2
SECTION 3A;LegalReferences;12
SECTION 3B;LegalReferences;1
SECTION 3C;LegalReferences;11
SECTION 3D;LegalReferences;3
SECTION 3Q;LegalReferences;1
SECTION 4A;LegalReferences;10
SECTION 4B;LegalReferences;3
SECTION 4C;LegalReferences;14
SECTION 4D;LegalReferences;9
SECTION 4K;LegalReferences;2
SECTION 5A;LegalReferences;5
SECTION 5B;LegalReferences;8
SECTION 5C;LegalReferences;7
SECTION 5D;LegalReferences;2
SECTION 5E;LegalReferences;1
SECTION 6A;LegalReferences;6
SECTION 6B;LegalReferences;2
SECTION 6C;LegalReferences;2
SECTION 6D;LegalReferences;2
SECTION 6E;LegalReferences;1
SECTION 8A;LegalReferences;6
SECTION 8B;LegalReferences;1
SECTION 8E;LegalReferences;2
SECTION 9A;LegalReferences;1
SECTION 9B;LegalReferences;1
SECTIONS 1;LegalReferences;1
SECTIONS 3;LegalReferences;1
SECTIONS 4;LegalReferences;1
SECTIONS 5;LegalReferences;2
SECTIONS 6;LegalReferences;1
SECTIONS 9;LegalReferences;1
SECURITIES;EconomicOperands;86
SEGREGATED;EconomicOperands;10
SEMIANNUAL;Attributes;4
SETTLEMENT;EconomicOperands;24
SO LONG AS;LogicalConnectors;1
SOLICITING;EconomicOperands;4
STATE BANK;EconomicOperands;1
STATEMENTS;EconomicOperands;1
STRUCTURAL;EconomicOperands;3
STRUCTURED;EconomicOperands;5
SUBCHAPTER;Other;2
SUBJECT TO;LogicalConnectors;114
SUBMISSION;EconomicOperands;21
SUBMITTING;EconomicOperands;5
SUBSECTION;LegalReferences;1
SUBSEQUENT;FunctionWords;2
SUBSIDIARY;EconomicOperands;8
SUBSTITUTE;EconomicOperands;1
SUBTITLE A;LegalReferences;3
SUBTITLE B;LegalReferences;5
SUCCESSFUL;EconomicOperands;3
SUFFICIENT;Attributes;15
SUPERVISED;EconomicOperands;3
SUPPLEMENT;EconomicOperands;2
SUSPENSION;EconomicOperands;2
THEMSELVES;FunctionWords;1
THEREAFTER;FunctionWords;1
THEREUNDER;FunctionWords;13
THIS TITLE;LegalReferences;68
TIMEFRAMES;EconomicOperands;2
TRANSITION;EconomicOperands;14
TWO-THIRDS;Attributes;1
UNDERLYING;EconomicOperands;10
UNDERMINES;EconomicOperands;1
UNDERTAKEN;EconomicOperands;4
UNDERTAKES;EconomicOperands;2
VIOLATIONS;EconomicOperands;11
VOLATILITY;EconomicOperands;3
WHATSOEVER;FunctionWords;2
WITHDRAWAL;EconomicOperands;3
100000000;Attributes;1
12 MONTHS;Attributes;2
12 USC 24;LegalReferences;1
15 MONTHS;Attributes;1
18 MONTHS;Attributes;1
2 CONTENT;LegalReferences;2
24 MONTHS;Attributes;1
30 MONTHS;Attributes;1
ACCEPTING;EconomicOperands;6
ACCOMPANY;EconomicOperands;6
ADDITIONS;Other;1
ADHERENCE;EconomicOperands;2
ADMISSION;EconomicOperands;1
AFFILIATE;EconomicOperands;19
AGGREGATE;EconomicOperands;14
AGREEMENT;EconomicOperands;94
ALGORITHM;EconomicOperands;4
ALLOWABLE;RegulatoryOperators;1
AMENDMENT;Other;21
ANALYZING;EconomicOperands;2
ANTIFRAUD;EconomicOperands;2
ANTITRUST;EconomicOperands;8
APPLICANT;EconomicOperands;2
APPOINTED;EconomicOperands;1
ARBITRAGE;EconomicOperands;2
ASSISTING;EconomicOperands;1
ASSURANCE;EconomicOperands;1
ATTENDANT;EconomicOperands;1
ATTORNEYS;EconomicOperands;1
AUTHORITY;EconomicOperands;86
AUTHORIZE;RegulatoryOperators;4
AUTOMATED;EconomicOperands;6
AVAILABLE;EconomicOperands;47
BE SERVED;FunctionWords;4
BEGINNING;LogicalConnectors;4
BELONGING;EconomicOperands;6
BONA FIDE;EconomicOperands;9
BROKERAGE;EconomicOperands;2
CARRY OUT;EconomicOperands;7
CAUSES OF;EconomicOperands;1
CESSATION;EconomicOperands;2
CHAPTER 5;LegalReferences;1
CHAPTER 7;LegalReferences;3
CHARACTER;EconomicOperands;2
CHARTERED;EconomicOperands;2
CLAUSE II;LegalReferences;10
CLAUSE IV;LegalReferences;1
CLAUSE VI;LegalReferences;2
CLAUSE XI;LegalReferences;1
CLEARANCE;EconomicOperands;3
CLOSE OUT;EconomicOperands;1
COLLECTED;EconomicOperands;12
COMMITTED;EconomicOperands;8
COMMITTEE;EconomicOperands;12
COMMODITY;EconomicOperands;85
COMMUNITY;EconomicOperands;2
COMPELLED;EconomicOperands;1
COMPLAINT;EconomicOperands;6
COMPLETES;EconomicOperands;3
CONDITION;EconomicOperands;5
CONDUCTED;EconomicOperands;6
CONFERRED;EconomicOperands;1
CONFLICTS;EconomicOperands;2
CONSIDERS;EconomicOperands;2
CONSTRUED;Other;13
CONSUMERS;EconomicOperands;2
CONTAINED;EconomicOperands;6
CONTINUAL;EconomicOperands;2
CONTINUED;EconomicOperands;3
CONTRACTS;EconomicOperands;89
CONTUMACY;EconomicOperands;1
CONVERTED;EconomicOperands;2
CONVEYING;EconomicOperands;1
CONVICTED;EconomicOperands;3
CREDITING;EconomicOperands;1
CUSTODIAN;EconomicOperands;2
CUSTOMERS;EconomicOperands;10
DECEPTIVE;EconomicOperands;6
DEFENDANT;EconomicOperands;1
DEFERENCE;Other;2
DELIVERED;EconomicOperands;2
DEPENDENT;EconomicOperands;1
DEPOSITED;EconomicOperands;9
DESCRIBED;Other;199
DESIGNATE;EconomicOperands;9
DESIGNEES;EconomicOperands;3
DETAILING;Other;2
DETERMINE;RegulatoryOperators;24
DETERRING;EconomicOperands;1
DEVELOPED;EconomicOperands;2
DIFFERENT;FunctionWords;4
DIRECTING;EconomicOperands;1
DIRECTION;EconomicOperands;2
DIRECTORS;EconomicOperands;6
DISCHARGE;EconomicOperands;6
DISCLOSED;EconomicOperands;5
DISCOVERY;EconomicOperands;19
DISREGARD;EconomicOperands;4
DISRUPTED;EconomicOperands;2
DIVERSITY;EconomicOperands;2
DIVESTING;EconomicOperands;2
DOCUMENTS;EconomicOperands;2
DOMICILED;EconomicOperands;1
EFFECTING;EconomicOperands;6
EFFECTIVE;Other;15
EFFICIENT;EconomicOperands;5
ELIMINATE;EconomicOperands;2
EMERGENCY;EconomicOperands;11
EMISSIONS;EconomicOperands;1
ENACTMENT;Other;67
ENDOWMENT;EconomicOperands;4
EQUITABLE;Attributes;5
ESTABLISH;RegulatoryOperators;98
EXCEEDING;LogicalConnectors;2
EXCEPT AS;LogicalConnectors;25
EXCEPTING;FunctionWords;1
EXCEPTION;RegulatoryOperators;34
EXCHANGES;EconomicOperands;7
EXCLUDING;FunctionWords;2
EXCLUSION;EconomicOperands;8
EXCLUSIVE;EconomicOperands;8
EXECUTING;EconomicOperands;6
EXECUTION;EconomicOperands;24
EXECUTORY;EconomicOperands;1
EXEMPTION;RegulatoryOperators;27
EXEMPTIVE;EconomicOperands;1
EXISTENCE;EconomicOperands;4
EXPEDITED;EconomicOperands;3
EXPERTISE;EconomicOperands;3
EXPOSURES;EconomicOperands;8
EXPRESSED;EconomicOperands;1
EXPRESSLY;Other;3
EXTENSION;EconomicOperands;6
FEDERALLY;EconomicOperands;2
FIDUCIARY;EconomicOperands;4
FINANCIAL;EconomicOperands;77
FINANCING;EconomicOperands;12
FOLLOWING;FunctionWords;120
FOREGOING;EconomicOperands;1
FORMATION;EconomicOperands;1
FRAMEWORK;EconomicOperands;3
FREQUENCY;EconomicOperands;3
FUNCTIONS;EconomicOperands;12
FURNISHED;EconomicOperands;6
GENERALLY;FunctionWords;5
GENERATED;EconomicOperands;2
GOVERNING;EconomicOperands;26
GUARANTEE;EconomicOperands;22
IDENTICAL;Attributes;3
IMPARTIAL;EconomicOperands;2
IMPARTING;EconomicOperands;1
IMPLEMENT;EconomicOperands;5
INCEPTION;EconomicOperands;3
INCIDENTS;EconomicOperands;1
INCLUDING;EconomicOperands;179
INCLUSION;LogicalConnectors;1
INCREASED;EconomicOperands;2
INDEMNIFY;EconomicOperands;3
INITIALLY;LogicalConnectors;1
INITIATED;EconomicOperands;4
INSERTING;Other;143
INSOLVENT;EconomicOperands;3
INSPECTOR;EconomicOperands;2
INSTITUTE;RegulatoryOperators;1
INSURANCE;EconomicOperands;5
INTEGRITY;EconomicOperands;16
INTERESTS;EconomicOperands;23
INTERVALS;EconomicOperands;1
INVESTING;EconomicOperands;1
INVESTORS;EconomicOperands;8
INVOLVING;EconomicOperands;8
JUDGMENTS;EconomicOperands;1
KNOWINGLY;EconomicOperands;6
KNOWLEDGE;EconomicOperands;3
LESS THAN;LogicalConnectors;10
LEVERAGED;EconomicOperands;3
LIABILITY;EconomicOperands;5
LIQUIDATE;EconomicOperands;4
LIQUIDITY;EconomicOperands;7
LOGISTICS;EconomicOperands;1
LONG-TERM;EconomicOperands;1
LOOK-BACK;EconomicOperands;6
MAINTAINS;EconomicOperands;6
MANDATORY;EconomicOperands;15
MARGINING;EconomicOperands;6
MARKETING;EconomicOperands;1
MATERIALS;EconomicOperands;2
MEASURING;EconomicOperands;2
MECHANISM;EconomicOperands;1
MEMORANDA;EconomicOperands;2
MORE THAN;LogicalConnectors;7
MUNICIPAL;EconomicOperands;1
NECESSARY;Attributes;67
NEGOTIATE;EconomicOperands;2
NO LONGER;Attributes;1
NONPUBLIC;EconomicOperands;4
NOTIFYING;EconomicOperands;2
NUMERICAL;EconomicOperands;2
OBJECTION;EconomicOperands;1
OBJECTIVE;EconomicOperands;2
OCCUPYING;EconomicOperands;2
OPERATING;EconomicOperands;10
OPERATION;EconomicOperands;6
OPTIMIZED;EconomicOperands;1
ORGANIZED;EconomicOperands;2
OTHERWISE;LogicalConnectors;49
OVERSIGHT;EconomicOperands;23
OWNERSHIP;EconomicOperands;5
PARAGRAPH;LegalReferences;1
PARAMETER;EconomicOperands;2
PENALTIES;EconomicOperands;3
PERMITTED;RegulatoryOperators;10
PLAUSIBLE;EconomicOperands;2
PORTFOLIO;EconomicOperands;7
POSITIONS;EconomicOperands;40
POSSESSES;EconomicOperands;1
POTENTIAL;EconomicOperands;17
PRACTICAL;EconomicOperands;2
PRACTICES;EconomicOperands;13
PRECEDING;FunctionWords;17
PREPARING;EconomicOperands;3
PRESCRIBE;RegulatoryOperators;57
PRESENTLY;Attributes;1
PRIMARILY;Attributes;5
PRINCIPAL;EconomicOperands;5
PRINCIPLE;EconomicOperands;3
PRIVILEGE;EconomicOperands;6
PROCEDURE;EconomicOperands;14
PROCESSED;EconomicOperands;2
PROCESSES;EconomicOperands;1
PRODUCING;EconomicOperands;1
PROHIBITS;RegulatoryOperators;1
PROMOTING;EconomicOperands;1
PROVIDING;EconomicOperands;21
PROVISION;EconomicOperands;45
PUBLISHED;EconomicOperands;1
PURCHASED;EconomicOperands;1
PURCHASES;EconomicOperands;2
QUALIFIED;EconomicOperands;2
QUALIFIES;EconomicOperands;5
QUARTERLY;Attributes;2
REAL-TIME;EconomicOperands;3
RECEIVING;EconomicOperands;3
RECOMMEND;EconomicOperands;2
RECORDING;EconomicOperands;1
RECURRING;EconomicOperands;2
REDUCTION;EconomicOperands;1
REFERENCE;EconomicOperands;2
REFERRALS;EconomicOperands;1
REGARDING;LogicalConnectors;50
REGULARLY;Attributes;2
REGULATED;RegulatoryOperators;16
REGULATES;RegulatoryOperators;1
REGULATOR;EconomicOperands;5
REPORTING;EconomicOperands;61
REPRESENT;EconomicOperands;1
REQUESTED;RegulatoryOperators;6
REQUIRING;RegulatoryOperators;13
RESERVING;Other;2
RESOLVING;EconomicOperands;7
RESOURCES;EconomicOperands;27
RESULTING;EconomicOperands;3
RETAINING;EconomicOperands;2
RETESTING;EconomicOperands;8
REVIEWING;EconomicOperands;6
REVOLVING;EconomicOperands;1
SANCTIONS;EconomicOperands;2
SCREENING;EconomicOperands;2
SECRETARY;EconomicOperands;12
SECTION 1;LegalReferences;64
SECTION 2;LegalReferences;10
SECTION 3;LegalReferences;15
SECTION 4;LegalReferences;24
SECTION 5;LegalReferences;12
SECTION 6;LegalReferences;3
SECTION 8;LegalReferences;6
SECTION 9;LegalReferences;3
SEGREGATE;EconomicOperands;2
SEMICOLON;Other;3
SEPARATED;EconomicOperands;3
SET FORTH;RegulatoryOperators;10
SIMILARLY;LogicalConnectors;5
SOUNDNESS;EconomicOperands;2
SPECIFIED;RegulatoryOperators;7
SPECIFIES;EconomicOperands;2
STABILITY;EconomicOperands;4
STANDARDS;EconomicOperands;61
STATEMENT;EconomicOperands;10
STATUTORY;EconomicOperands;6
SUBCLAUSE;LegalReferences;2
SUBMITTED;EconomicOperands;22
SUBPOENAS;EconomicOperands;1
SUSPENDED;EconomicOperands;4
SUSTAINED;EconomicOperands;1
SYNDICATE;EconomicOperands;4
TAXPAYERS;EconomicOperands;3
TERMINATE;EconomicOperands;2
TERRORISM;EconomicOperands;1
TESTIMONY;EconomicOperands;1
THEREFROM;FunctionWords;5
THRESHOLD;EconomicOperands;2
TIMELINES;EconomicOperands;2
TITLE VII;LegalReferences;1
TRANSACTS;EconomicOperands;4
TRANSFERS;EconomicOperands;1
TREATMENT;EconomicOperands;13
UNCLEARED;EconomicOperands;9
VALUATION;EconomicOperands;3
VARIATION;EconomicOperands;14
VIOLATING;EconomicOperands;3
VIOLATION;EconomicOperands;29
VOLUNTARY;EconomicOperands;2
WILLFULLY;EconomicOperands;3
WITHDRAWN;EconomicOperands;5
WITHDRAWS;EconomicOperands;1
WITNESSES;EconomicOperands;5
1 NOTICE;LegalReferences;1
10 YEARS;Attributes;2
120 DAYS;Attributes;1
180 DAYS;Attributes;10
25000000;Attributes;1
270 DAYS;Attributes;2
3 REPORT;LegalReferences;1
360 DAYS;Attributes;4
50000000;Attributes;1
8 MONTHS;Attributes;1
ACCEPTED;EconomicOperands;8
ACCOUNTS;EconomicOperands;11
ACCRUING;EconomicOperands;6
ACCURACY;EconomicOperands;2
ACCURATE;EconomicOperands;13
ACQUIRED;EconomicOperands;2
ACQUIRES;EconomicOperands;3
ACTIVITY;EconomicOperands;16
ACTUALLY;LogicalConnectors;1
ADEQUACY;EconomicOperands;5
ADEQUATE;Attributes;20
ADOPTING;EconomicOperands;4
ADOPTION;EconomicOperands;1
ADVANCES;EconomicOperands;1
ADVISING;EconomicOperands;1
ADVISORS;EconomicOperands;2
ADVISORY;EconomicOperands;3
AFFECTED;EconomicOperands;1
AGENCIES;EconomicOperands;14
AGREEING;EconomicOperands;1
ALLOWING;RegulatoryOperators;2
ANALYSIS;EconomicOperands;10
AND RISK;EconomicOperands;2
ANNUALLY;Attributes;10
APPARENT;EconomicOperands;1
APPEALED;EconomicOperands;1
APPLYING;EconomicOperands;1
APPROVAL;RegulatoryOperators;5
APPROVED;EconomicOperands;6
ARTIFICE;EconomicOperands;4
ASSURING;EconomicOperands;2
AT LEAST;LogicalConnectors;5
ATTACHED;EconomicOperands;1
AVOIDING;EconomicOperands;1
BACK PAY;EconomicOperands;1
BACKSTOP;EconomicOperands;2
BAILOUTS;EconomicOperands;1
BALANCED;EconomicOperands;2
BASED ON;Other;22
BECOMING;Other;1
BELIEVED;EconomicOperands;1
BIENNIAL;EconomicOperands;2
BUSINESS;EconomicOperands;65
CAPACITY;EconomicOperands;28
CARRYING;EconomicOperands;4
CATEGORY;EconomicOperands;40
CHAIRMAN;EconomicOperands;10
CLAIMING;EconomicOperands;2
CLAUSE I;LegalReferences;32
CLEARING;EconomicOperands;167
CLERICAL;EconomicOperands;2
CLOSEOUT;EconomicOperands;1
COLLECTS;EconomicOperands;2
COMMERCE;EconomicOperands;20
COMPLETE;EconomicOperands;16
COMPOSED;EconomicOperands;1
CONCERNS;EconomicOperands;4
CONDUCTS;EconomicOperands;1
CONFLICT;EconomicOperands;2
CONGRESS;EconomicOperands;10
CONSIDER;EconomicOperands;16
CONTAINS;EconomicOperands;12
CONTEMPT;EconomicOperands;1
CONTENTS;Other;1
CONTINUE;EconomicOperands;6
CONTRACT;EconomicOperands;231
CONTRARY;Other;3
CONTROLS;EconomicOperands;4
COSTS OF;EconomicOperands;6
COVERING;EconomicOperands;3
CREATING;EconomicOperands;5
CREATION;EconomicOperands;1
CREDITED;EconomicOperands;5
CRIMINAL;EconomicOperands;6
CRITERIA;EconomicOperands;6
CURRENCY;EconomicOperands;10
CUSTOMER;EconomicOperands;44
DEADLINE;EconomicOperands;7
DECISION;EconomicOperands;3
DECLARED;EconomicOperands;2
DEFAULTS;EconomicOperands;2
DEFINING;EconomicOperands;3
DELEGATE;EconomicOperands;2
DELIVERY;EconomicOperands;58
DEPOSITS;EconomicOperands;1
DESCRIBE;Other;1
DESIGNED;EconomicOperands;9
DESIGNEE;EconomicOperands;3
DILIGENT;EconomicOperands;2
DIMINISH;EconomicOperands;2
DIRECTED;RegulatoryOperators;2
DIRECTLY;Attributes;37
DIRECTOR;EconomicOperands;1
DISCLOSE;EconomicOperands;10
DISPUTES;EconomicOperands;2
DISTRICT;EconomicOperands;1
DIVIDEND;EconomicOperands;1
DIVISION;EconomicOperands;1
DOCUMENT;EconomicOperands;1
DOES NOT;FunctionWords;28
DOMESTIC;EconomicOperands;1
EARNINGS;EconomicOperands;1
ECONOMIC;EconomicOperands;7
EFFECTED;EconomicOperands;3
ELECTION;EconomicOperands;3
ELEMENTS;EconomicOperands;6
ELIGIBLE;EconomicOperands;5
EMPLOYEE;EconomicOperands;20
EMPLOYER;EconomicOperands;1
ENDEAVOR;EconomicOperands;1
ENHANCED;EconomicOperands;1
ENJOINED;EconomicOperands;2
ENSURING;RegulatoryOperators;3
ENTERING;EconomicOperands;11
ENTIRETY;EconomicOperands;1
ENTITIES;EconomicOperands;52
ENTITLED;EconomicOperands;5
EQUAL TO;LogicalConnectors;6
EVALUATE;RegulatoryOperators;3
EVASIONS;EconomicOperands;2
EVIDENCE;EconomicOperands;7
EVOLVING;EconomicOperands;6
EXCEPTED;RegulatoryOperators;2
EXCHANGE;EconomicOperands;45
EXCLUDED;EconomicOperands;5
EXCLUDES;Other;1
EXECUTED;EconomicOperands;16
EXEMPTED;RegulatoryOperators;6
EXERCISE;EconomicOperands;14
EXISTING;EconomicOperands;7
EXPECTED;EconomicOperands;2
EXPENDED;EconomicOperands;1
EXPENSES;EconomicOperands;3
EXPLICIT;EconomicOperands;1
EXPOSURE;EconomicOperands;8
EXTENDED;EconomicOperands;1
FACILITY;EconomicOperands;55
FINANCED;EconomicOperands;1
FINDINGS;EconomicOperands;3
FORWARDS;EconomicOperands;3
FREQUENT;EconomicOperands;2
FUNCTION;EconomicOperands;18
GRANTING;RegulatoryOperators;2
GUARANTY;EconomicOperands;1
GUIDANCE;EconomicOperands;1
HANDLING;EconomicOperands;8
IDENTIFY;EconomicOperands;9
IDENTITY;EconomicOperands;5
IMPARTED;EconomicOperands;1
IMPLYING;EconomicOperands;1
IMPOSING;EconomicOperands;4
INCLUDED;EconomicOperands;2
INCLUDES;EconomicOperands;8
INDIRECT;EconomicOperands;1
INDUCING;EconomicOperands;2
INDUSTRY;EconomicOperands;1
INITIATE;EconomicOperands;12
INTENDED;EconomicOperands;2
INTEREST;EconomicOperands;61
INTERNAL;EconomicOperands;10
INVESTED;EconomicOperands;7
INVESTOR;EconomicOperands;3
INVOLVED;EconomicOperands;5
INVOLVES;EconomicOperands;4
ISSUANCE;EconomicOperands;5
JUDGMENT;EconomicOperands;7
JUDICIAL;EconomicOperands;13
LEVERAGE;EconomicOperands;6
LICENSED;EconomicOperands;2
LIMITING;RegulatoryOperators;1
LOCATION;EconomicOperands;1
MAINTAIN;EconomicOperands;43
MANAGERS;EconomicOperands;1
MANAGING;EconomicOperands;3
MARGINED;EconomicOperands;1
MATCHING;EconomicOperands;2
MATERIAL;EconomicOperands;21
MEANINGS;Other;5
MEASURES;EconomicOperands;4
MEETINGS;EconomicOperands;2
MINIMIZE;EconomicOperands;14
MINORITY;EconomicOperands;1
MITIGATE;RegulatoryOperators;14
MONETARY;EconomicOperands;5
MORTGAGE;EconomicOperands;1
MOVEMENT;EconomicOperands;1
MULTIPLE;EconomicOperands;4
NATIONAL;EconomicOperands;27
NEGATIVE;EconomicOperands;1
NONPRICE;EconomicOperands;1
NOTIFIES;EconomicOperands;4
NOTIONAL;EconomicOperands;8
OBTAINED;EconomicOperands;3
OCCURRED;EconomicOperands;3
OFFERING;EconomicOperands;7
OPERATED;EconomicOperands;3
OPERATES;EconomicOperands;7
OPERATOR;EconomicOperands;2
OPPOSITE;FunctionWords;1
ORIGINAL;EconomicOperands;1
OVERSEES;EconomicOperands;2
PAYMENTS;EconomicOperands;3
PER DIEM;EconomicOperands;1
PERFORMS;EconomicOperands;3
PERSONAL;EconomicOperands;5
PETITION;EconomicOperands;21
PHYSICAL;EconomicOperands;4
PLATFORM;EconomicOperands;2
POLICIES;EconomicOperands;12
POSITION;EconomicOperands;53
POSSIBLE;Attributes;7
PRACTICE;EconomicOperands;10
PRECLUDE;EconomicOperands;4
PRESSURE;EconomicOperands;3
PREVIOUS;LogicalConnectors;1
PROCEEDS;EconomicOperands;1
PRODUCES;EconomicOperands;1
PRODUCTS;EconomicOperands;12
PROHIBIT;RegulatoryOperators;5
PROMPTLY;Attributes;3
PROPERLY;Attributes;1
PROPERTY;EconomicOperands;52
PROPOSAL;EconomicOperands;2
PROPOSED;EconomicOperands;5
PROPOSES;EconomicOperands;1
PROVIDED;EconomicOperands;75
PROVIDES;EconomicOperands;14
PUBLICLY;EconomicOperands;6
PUNISHED;EconomicOperands;1
PURCHASE;EconomicOperands;37
PURPOSES;EconomicOperands;59
QUANTITY;EconomicOperands;2
QUESTION;EconomicOperands;1
RECEIPTS;EconomicOperands;6
RECEIVED;EconomicOperands;14
RECEIVES;EconomicOperands;9
RECKLESS;EconomicOperands;4
RECORDED;EconomicOperands;2
RECOVERY;EconomicOperands;6
REDUCING;EconomicOperands;1
REFERRAL;EconomicOperands;1
REGISTER;EconomicOperands;15
REGULATE;RegulatoryOperators;2
RELEVANT;Attributes;10
RELIABLE;EconomicOperands;4
REMEDIES;EconomicOperands;9
REPEALED;RegulatoryOperators;3
REPORTED;EconomicOperands;22
REQUIRED;RegulatoryOperators;104
REQUIRES;RegulatoryOperators;9
RESEARCH;EconomicOperands;3
RESERVED;EconomicOperands;1
RESOURCE;EconomicOperands;2
RESPONSE;EconomicOperands;8
RETAINED;EconomicOperands;1
REVIEWED;EconomicOperands;3
RULES OF;EconomicOperands;26
SANCTION;EconomicOperands;1
SCALABLE;EconomicOperands;4
SCHEDULE;EconomicOperands;3
SECURING;EconomicOperands;1
SECURITY;EconomicOperands;106
SENTENCE;Other;13
SEPARATE;EconomicOperands;4
SERVICES;EconomicOperands;4
SO AS TO;LogicalConnectors;2
SOLICITS;EconomicOperands;1
SPECIFIC;FunctionWords;4
SPOOFING;EconomicOperands;1
SQUEEZES;EconomicOperands;1
STANDARD;EconomicOperands;9
STRADDLE;EconomicOperands;6
STRENGTH;EconomicOperands;1
STRICTER;EconomicOperands;2
STRICTLY;Attributes;1
STRIKING;Other;125
SUBPOENA;EconomicOperands;6
SUPPLIED;EconomicOperands;4
TAXPAYER;EconomicOperands;3
THEMSELF;Other;1
THEREFOR;FunctionWords;1
THIS ACT;LegalReferences;123
THREATEN;EconomicOperands;4
TITLE 11;LegalReferences;8
TITLE 18;LegalReferences;1
TITLE 28;LegalReferences;1
TITLE II;LegalReferences;1
TRANSFER;EconomicOperands;15
TRANSMIT;EconomicOperands;4
TREASURY;EconomicOperands;1
UNIVERSE;EconomicOperands;1
UNLAWFUL;Attributes;38
VEHICLES;EconomicOperands;2
VIOLATED;EconomicOperands;5
VIOLATES;EconomicOperands;2
VOIDABLE;EconomicOperands;3
WAGERING;EconomicOperands;1
WHENEVER;FunctionWords;1
WHEREVER;FunctionWords;1
1000000;Attributes;2
15 DAYS;Attributes;1
2 YEARS;Attributes;2
21 DAYS;Attributes;2
28 DAYS;Attributes;1
30 DAYS;Attributes;5
5 YEARS;Attributes;4
60 DAYS;Attributes;5
90 DAYS;Attributes;12
ABILITY;EconomicOperands;16
ABUSIVE;EconomicOperands;6
ACCEPTS;EconomicOperands;3
ACCOUNT;EconomicOperands;44
ACHIEVE;EconomicOperands;9
ACQUIRE;EconomicOperands;1
ACTIONS;EconomicOperands;7
ADDRESS;EconomicOperands;4
ADOPTED;Other;13
ADVISOR;EconomicOperands;6
AFFECTS;EconomicOperands;5
AGAINST;FunctionWords;18
AGENCYS;EconomicOperands;2
ALLEGED;EconomicOperands;1
ALLOWED;RegulatoryOperators;1
ALREADY;Attributes;2
AMENDED;RegulatoryOperators;135
AMOUNTS;EconomicOperands;7
ANALYZE;EconomicOperands;1
ANOTHER;FunctionWords;13
APPEALS;EconomicOperands;2
APPEARS;Other;8
APPLIED;EconomicOperands;5
APPLIES;FunctionWords;7
APPOINT;EconomicOperands;1
APPROVE;RegulatoryOperators;4
ARISING;EconomicOperands;13
ATTEMPT;EconomicOperands;4
BALANCE;EconomicOperands;4
BANKING;EconomicOperands;11
BECAUSE;LogicalConnectors;3
BECOMES;EconomicOperands;4
BELIEVE;EconomicOperands;10
BENEFIT;EconomicOperands;12
BETWEEN;FunctionWords;12
BIDDING;EconomicOperands;1
BINDING;EconomicOperands;1
BROUGHT;EconomicOperands;8
CAPITAL;EconomicOperands;22
CAPTURE;EconomicOperands;2
CARRIED;EconomicOperands;5
CAUSING;EconomicOperands;3
CEASING;EconomicOperands;1
CENSURE;EconomicOperands;5
CERTAIN;FunctionWords;12
CFTCSEC;EconomicOperands;1
CHANGES;EconomicOperands;2
CHANNEL;EconomicOperands;1
CHARGES;EconomicOperands;8
CIRCUIT;EconomicOperands;2
CLASSES;EconomicOperands;8
CLAUSES;EconomicOperands;1
CLEARED;EconomicOperands;62
CLEARLY;EconomicOperands;2
CLOSING;EconomicOperands;9
COLLECT;EconomicOperands;1
COMMENT;EconomicOperands;5
COMPANY;EconomicOperands;11
COMPLEX;EconomicOperands;3
CONCERN;EconomicOperands;1
CONDUCT;EconomicOperands;39
CONFERS;RegulatoryOperators;2
CONFIRM;EconomicOperands;6
CONFORM;RegulatoryOperators;7
CONSENT;EconomicOperands;2
CONSULT;EconomicOperands;13
CONTAIN;EconomicOperands;10
CONTEXT;Other;4
CONTROL;EconomicOperands;6
CONVERT;EconomicOperands;2
CORNERS;EconomicOperands;1
COUNCIL;EconomicOperands;1
COUNSEL;EconomicOperands;3
COUNTRY;EconomicOperands;10
COURSES;EconomicOperands;1
COVERED;EconomicOperands;3
CREATED;EconomicOperands;1
CREATES;EconomicOperands;1
CREDITS;EconomicOperands;1
CURRENT;FunctionWords;2
DAMAGES;EconomicOperands;1
DEALERS;EconomicOperands;2
DEALING;EconomicOperands;4
DECLINE;EconomicOperands;2
DEFAULT;EconomicOperands;8
DEFINED;EconomicOperands;89
DEFRAUD;EconomicOperands;5
DELIVER;EconomicOperands;2
DENYING;RegulatoryOperators;2
DEPOSIT;EconomicOperands;3
DERIVED;EconomicOperands;4
DETAILS;EconomicOperands;1
DEVELOP;EconomicOperands;3
DISPOSE;EconomicOperands;2
DISPUTE;EconomicOperands;2
EFFECTS;EconomicOperands;4
EFFORTS;EconomicOperands;4
ELEMENT;EconomicOperands;2
ENABLES;EconomicOperands;2
ENACTED;EconomicOperands;2
ENFORCE;RegulatoryOperators;38
ENGAGED;EconomicOperands;21
ENGAGES;EconomicOperands;8
ENHANCE;EconomicOperands;2
ENTERED;EconomicOperands;39
EVADING;EconomicOperands;2
EVASION;EconomicOperands;8
EVEN IF;LogicalConnectors;2
EXAMINE;EconomicOperands;4
EXCEEDS;EconomicOperands;4
EXCLUDE;EconomicOperands;7
EXECUTE;EconomicOperands;8
EXISTED;EconomicOperands;2
EXPENSE;EconomicOperands;1
EXPIRED;EconomicOperands;5
EXPOSED;EconomicOperands;1
EXTENDS;EconomicOperands;2
EXTREME;EconomicOperands;2
FACTORS;EconomicOperands;9
FAILURE;EconomicOperands;6
FEDERAL;EconomicOperands;27
FINANCE;EconomicOperands;1
FINDING;EconomicOperands;2
FITNESS;EconomicOperands;5
FOLLOWS;FunctionWords;8
FOREIGN;EconomicOperands;79
FORMATS;EconomicOperands;1
FORWARD;EconomicOperands;3
FULFILL;EconomicOperands;3
FUNDING;EconomicOperands;1
FURNISH;EconomicOperands;1
FURTHER;LogicalConnectors;13
FUTURES;EconomicOperands;44
GENERAL;FunctionWords;9
GOVERNS;EconomicOperands;3
GRANTED;LogicalConnectors;6
GREATER;LogicalConnectors;4
HANDLER;EconomicOperands;2
HEARING;EconomicOperands;21
HEDGERS;EconomicOperands;2
HEDGING;EconomicOperands;8
HOLDERS;EconomicOperands;2
HOLDING;EconomicOperands;6
HOUSING;EconomicOperands;2
HOWEVER;LogicalConnectors;7
IMPOSED;EconomicOperands;9
IMPROVE;EconomicOperands;2
IN CASE;LogicalConnectors;1
IN THAT;LogicalConnectors;1
INCLUDE;EconomicOperands;48
INDICES;EconomicOperands;4
INITIAL;EconomicOperands;13
INQUIRY;EconomicOperands;1
INSURED;EconomicOperands;1
INTERIM;EconomicOperands;4
INVOLVE;EconomicOperands;1
ISSUERS;EconomicOperands;5
ISSUING;EconomicOperands;2
JOINTLY;FunctionWords;16
KNOWING;EconomicOperands;5
LARGEST;LogicalConnectors;2
LEGALLY;EconomicOperands;1
LENDING;EconomicOperands;1
LIMITED;EconomicOperands;2
LINKAGE;EconomicOperands;1
LISTING;EconomicOperands;7
LOCATED;EconomicOperands;8
MANAGED;EconomicOperands;1
MANAGER;EconomicOperands;1
MARKETS;EconomicOperands;35
MATTERS;FunctionWords;7
MAXIMUM;Attributes;1
MEANING;Other;13
MEASURE;EconomicOperands;4
MEETING;EconomicOperands;6
MEMBERS;EconomicOperands;31
METHODS;EconomicOperands;5
MINIMAL;Attributes;1
MINIMUM;Attributes;19
MONITOR;EconomicOperands;7
NEITHER;FunctionWords;2
NETTING;EconomicOperands;1
NOTHING;FunctionWords;30
OBJECTS;EconomicOperands;1
OBTAINS;EconomicOperands;1
OFFENSE;EconomicOperands;3
OFFERED;EconomicOperands;6
OFFEROR;EconomicOperands;2
OFFICER;EconomicOperands;77
OMITTED;EconomicOperands;4
ONGOING;EconomicOperands;4
ONLY IF;LogicalConnectors;5
OPENING;EconomicOperands;1
OPERATE;EconomicOperands;6
OPINION;EconomicOperands;1
OPTIONS;EconomicOperands;14
ORDERED;EconomicOperands;2
ORDERLY;EconomicOperands;2
OUTSIDE;FunctionWords;4
PART II;LegalReferences;1
PARTIES;EconomicOperands;7
PARTNER;EconomicOperands;2
PAYMENT;EconomicOperands;9
PENALTY;EconomicOperands;10
PENDING;FunctionWords;2
PERCENT;Attributes;2
PERFORM;EconomicOperands;16
PERSONS;EconomicOperands;47
PLACING;EconomicOperands;2
PORTION;EconomicOperands;1
POSSESS;EconomicOperands;2
PREPARE;EconomicOperands;11
PRESENT;FunctionWords;1
PREVENT;RegulatoryOperators;25
PRICING;EconomicOperands;14
PRIMARY;EconomicOperands;6
PRIVACY;EconomicOperands;2
PRIVATE;EconomicOperands;1
PROCESS;EconomicOperands;24
PRODUCE;EconomicOperands;1
PRODUCT;EconomicOperands;36
PROGRAM;EconomicOperands;8
PROMOTE;EconomicOperands;6
PROTECT;EconomicOperands;9
PROVIDE;EconomicOperands;52
PROVISO;Other;2
PRUDENT;Attributes;2
PUBLICS;EconomicOperands;1
PUBLISH;EconomicOperands;1
PURPOSE;EconomicOperands;8
QUALIFY;EconomicOperands;3
QUALITY;EconomicOperands;3
RAISING;EconomicOperands;5
READILY;EconomicOperands;1
REASONS;EconomicOperands;1
RECEIPT;EconomicOperands;11
RECEIVE;EconomicOperands;6
RECORDS;EconomicOperands;44
RECOVER;EconomicOperands;4
REDUCES;EconomicOperands;1
REFLECT;EconomicOperands;3
REFUSAL;EconomicOperands;3
REGULAR;EconomicOperands;3
RELATED;FunctionWords;29
REMOVED;EconomicOperands;1
REPEALS;EconomicOperands;1
REPORTS;EconomicOperands;25
REQUEST;EconomicOperands;45
REQUIRE;RegulatoryOperators;56
RESCIND;EconomicOperands;3
RESIDES;EconomicOperands;1
RESOLVE;EconomicOperands;9
RESPECT;Other;2
RESULTS;EconomicOperands;13
REVERSE;EconomicOperands;1
REVIEWS;EconomicOperands;3
REVOKED;EconomicOperands;4
ROLE OF;EconomicOperands;2
ROLLING;EconomicOperands;4
SATISFY;EconomicOperands;1
SAVINGS;FunctionWords;2
SECTION;LegalReferences;8
SEEKING;EconomicOperands;3
SELLING;EconomicOperands;4
SERIOUS;Attributes;2
SERVICE;EconomicOperands;4
SETTING;EconomicOperands;8
SETTLED;EconomicOperands;3
SETTLES;EconomicOperands;8
SHARING;EconomicOperands;6
SHORTER;Attributes;1
SHOWING;EconomicOperands;1
SIMILAR;LogicalConnectors;39
SOLICIT;EconomicOperands;1
SOURCES;EconomicOperands;4
SPECIAL;EconomicOperands;13
SPECIFY;EconomicOperands;7
STATING;EconomicOperands;3
STATUTE;Other;4
STAYING;EconomicOperands;1
STORAGE;EconomicOperands;3
STUDIES;EconomicOperands;2
SUBJECT;EconomicOperands;6
SUBMITS;EconomicOperands;4
SUCCESS;EconomicOperands;1
SUPPORT;EconomicOperands;5
SUSPEND;EconomicOperands;8
SYSTEMS;EconomicOperands;18
THAT IS;LogicalConnectors;180
THEREIN;Other;12
THEREOF;FunctionWords;16
THEREON;FunctionWords;1
THERETO;FunctionWords;1
THROUGH;FunctionWords;73
TITLE 5;LegalReferences;7
TITLE I;LegalReferences;1
TRADERS;EconomicOperands;5
TRADING;EconomicOperands;100
TREATED;EconomicOperands;3
TYPICAL;EconomicOperands;1
UNIFORM;EconomicOperands;1
VARIOUS;FunctionWords;1
VEHICLE;EconomicOperands;3
VICTIMS;EconomicOperands;1
VIOLATE;EconomicOperands;3
WAIVING;RegulatoryOperators;1
WARRANT;EconomicOperands;1
WEATHER;EconomicOperands;1
WEBSITE;EconomicOperands;1
WHEREBY;FunctionWords;1
WHEREIN;FunctionWords;1
WHETHER;FunctionWords;46
WITHOUT;FunctionWords;12
WITNESS;EconomicOperands;1
WRITING;EconomicOperands;7
WRITTEN;EconomicOperands;20
1-YEAR;Attributes;4
140000;Attributes;2
2-YEAR;Attributes;2
3 DAYS;Attributes;1
3-YEAR;Attributes;1
30-DAY;Attributes;5
90-DAY;Attributes;5
ABROAD;EconomicOperands;1
ACCEPT;EconomicOperands;16
ACCESS;EconomicOperands;24
ACROSS;FunctionWords;1
ACTING;EconomicOperands;20
ACTION;EconomicOperands;41
ACTIVE;EconomicOperands;1
ACTUAL;EconomicOperands;2
ADDING;Other;55
ADJUST;EconomicOperands;2
AFFECT;EconomicOperands;23
AFFIRM;EconomicOperands;2
AGENCY;EconomicOperands;87
AGENTS;EconomicOperands;2
AGREED;EconomicOperands;3
AGREES;EconomicOperands;7
ALLOWS;RegulatoryOperators;2
AMOUNT;EconomicOperands;36
ANNUAL;Attributes;13
APPEAL;EconomicOperands;4
APPEAR;EconomicOperands;2
ASSERT;EconomicOperands;2
ASSESS;EconomicOperands;1
ASSETS;EconomicOperands;26
ASSIST;EconomicOperands;3
AWARDS;EconomicOperands;9
BACKED;EconomicOperands;1
BACKUP;EconomicOperands;9
BECOME;EconomicOperands;11
BEFORE;LogicalConnectors;44
BOARDS;EconomicOperands;9
BODIES;EconomicOperands;4
BRANCH;EconomicOperands;3
BREAKS;EconomicOperands;1
BRIDGE;EconomicOperands;1
BROKER;EconomicOperands;22
BUYING;EconomicOperands;1
CANCEL;EconomicOperands;1
CANNOT;RegulatoryOperators;1
CARBON;EconomicOperands;6
CAUSES;EconomicOperands;1
CHANGE;EconomicOperands;8
CHOOSE;EconomicOperands;2
CLAIMS;EconomicOperands;1
CLAUSE;LegalReferences;7
CLEARS;EconomicOperands;15
COLLAR;EconomicOperands;2
COMMON;FunctionWords;1
COMPEL;EconomicOperands;1
COMPLY;RegulatoryOperators;27
COUNTY;EconomicOperands;2
COURSE;EconomicOperands;7
CREATE;EconomicOperands;3
CREDIT;EconomicOperands;14
DEALER;EconomicOperands;33
DECEIT;EconomicOperands;4
DEEMED;RegulatoryOperators;15
DEFINE;EconomicOperands;13
DEGREE;EconomicOperands;1
DEMOTE;EconomicOperands;1
DENIAL;EconomicOperands;3
DESIGN;EconomicOperands;1
DETECT;EconomicOperands;3
DEVICE;EconomicOperands;6
DIRECT;Attributes;15
DIVEST;EconomicOperands;3
DUE TO;LogicalConnectors;1
DURING;FunctionWords;16
DUTIES;EconomicOperands;29
EFFECT;EconomicOperands;37
EITHER;LogicalConnectors;11
ELECTS;EconomicOperands;1
EMPLOY;EconomicOperands;7
ENABLE;EconomicOperands;7
ENERGY;EconomicOperands;7
ENGAGE;EconomicOperands;12
ENSURE;RegulatoryOperators;40
ENTERS;EconomicOperands;12
ENTITY;EconomicOperands;81
EQUITY;EconomicOperands;12
ETHICS;EconomicOperands;8
EUROPE;EconomicOperands;4
EVENTS;EconomicOperands;1
EXCEED;EconomicOperands;2
EXCEPT;FunctionWords;25
EXEMPT;RegulatoryOperators;34
EXPIRE;EconomicOperands;2
EXTEND;EconomicOperands;4
EXTENT;EconomicOperands;12
FILING;Other;14
FISCAL;EconomicOperands;9
FOLLOW;EconomicOperands;7
FUNDED;EconomicOperands;1
FUTURE;EconomicOperands;49
GAMING;EconomicOperands;3
GIVING;FunctionWords;2
GLOBAL;EconomicOperands;2
GROUND;EconomicOperands;1
GROWTH;EconomicOperands;2
HARASS;EconomicOperands;1
HAVING;FunctionWords;4
HEREBY;FunctionWords;1
HEREOF;FunctionWords;1
HIGHER;LogicalConnectors;3
HIGHLY;Attributes;2
HYBRID;EconomicOperands;6
IMPACT;EconomicOperands;6
IMPART;EconomicOperands;2
IMPOSE;RegulatoryOperators;15
INCOME;EconomicOperands;3
INDUCE;EconomicOperands;4
INTENT;EconomicOperands;3
INVEST;EconomicOperands;1
INVOKE;EconomicOperands;1
ISSUED;EconomicOperands;14
ISSUER;EconomicOperands;11
ISSUES;EconomicOperands;20
ITSELF;FunctionWords;2
LAWFUL;EconomicOperands;1
LEVELS;EconomicOperands;2
LIABLE;EconomicOperands;4
LIKELY;Attributes;2
LIMITS;EconomicOperands;45
LINKED;EconomicOperands;1
LISTED;FunctionWords;15
LONGER;LogicalConnectors;1
LOSSES;EconomicOperands;8
MAKING;FunctionWords;19
MANAGE;EconomicOperands;2
MANNER;Other;53
MARGIN;EconomicOperands;63
MARKET;EconomicOperands;120
MASTER;EconomicOperands;8
MATTER;Other;13
MEMBER;EconomicOperands;19
MODELS;EconomicOperands;2
MODIFY;EconomicOperands;2
MONIES;EconomicOperands;3
MONTHS;EconomicOperands;2
MOTION;EconomicOperands;1
NATURE;EconomicOperands;4
NORMAL;EconomicOperands;1
NOTICE;EconomicOperands;23
NOTIFY;EconomicOperands;6
NUMBER;EconomicOperands;4
OBTAIN;EconomicOperands;14
OFFERS;EconomicOperands;9
OFFICE;EconomicOperands;12
OFFSET;EconomicOperands;5
OPTION;EconomicOperands;51
ORDERS;EconomicOperands;17
OTHERS;EconomicOperands;3
OWNERS;EconomicOperands;4
OWNING;EconomicOperands;3
PACKER;EconomicOperands;2
PAPERS;EconomicOperands;2
PARENT;EconomicOperands;4
PART I;LegalReferences;1
PAYOUT;EconomicOperands;1
PERIOD;EconomicOperands;50
PERMIT;RegulatoryOperators;18
PERSON;EconomicOperands;247
POLICY;EconomicOperands;13
POOLED;EconomicOperands;4
POSTED;EconomicOperands;2
PRICES;EconomicOperands;2
PROFIT;EconomicOperands;1
PROMPT;Attributes;2
PROPER;EconomicOperands;1
PUBLIC;EconomicOperands;80
RAISED;EconomicOperands;1
REASON;EconomicOperands;3
RECORD;EconomicOperands;7
REDUCE;EconomicOperands;6
REFERS;EconomicOperands;1
REFUSE;EconomicOperands;3
REGARD;EconomicOperands;3
RELATE;EconomicOperands;5
RELIEF;EconomicOperands;5
RELIES;EconomicOperands;1
REMAIN;EconomicOperands;4
REPEAL;EconomicOperands;2
REPORT;EconomicOperands;97
RESULT;EconomicOperands;16
RETAIL;EconomicOperands;4
RETURN;EconomicOperands;1
REVEAL;EconomicOperands;1
REVIEW;EconomicOperands;53
REVOKE;EconomicOperands;3
RIGHTS;EconomicOperands;15
ROBUST;Attributes;2
SAFETY;EconomicOperands;5
SCHEME;EconomicOperands;5
SECOND;LogicalConnectors;2
SECTOR;EconomicOperands;1
SECURE;EconomicOperands;26
SELECT;EconomicOperands;6
SELLER;EconomicOperands;2
SENATE;EconomicOperands;5
SENIOR;EconomicOperands;16
SERIES;EconomicOperands;1
SERVES;EconomicOperands;1
SETTLE;EconomicOperands;2
SHARED;EconomicOperands;2
SHOULD;FunctionWords;11
SINGLE;EconomicOperands;10
SOLELY;LogicalConnectors;12
SOURCE;EconomicOperands;3
SPREAD;EconomicOperands;1
STATUS;EconomicOperands;14
STAYED;EconomicOperands;2
STRIVE;EconomicOperands;1
SUBMIT;EconomicOperands;20
SYSTEM;EconomicOperands;23
TAKING;EconomicOperands;8
TARIFF;EconomicOperands;3
THOUGH;LogicalConnectors;2
THREAT;EconomicOperands;3
TIMELY;Attributes;16
TIMING;EconomicOperands;1
TRADED;EconomicOperands;38
TRADER;EconomicOperands;9
TRADES;EconomicOperands;15
TRAVEL;EconomicOperands;1
TRIPLE;Attributes;3
UNLESS;LogicalConnectors;72
UPDATE;EconomicOperands;1
VALUES;EconomicOperands;2
VERIFY;EconomicOperands;7
VERSUS;FunctionWords;1
VOLUME;EconomicOperands;9
VOTING;EconomicOperands;4
WAIVED;EconomicOperands;1
WAIVER;RegulatoryOperators;2
WHOLLY;EconomicOperands;2
WITHIN;FunctionWords;48
12E2B;LegalReferences;2
1467A;LegalReferences;1
ABIDE;EconomicOperands;4
ABOUT;FunctionWords;3
ABUSE;EconomicOperands;8
ADDED;Other;9
ADOPT;EconomicOperands;56
AFTER;LogicalConnectors;133
AGENT;EconomicOperands;11
AGREE;EconomicOperands;5
ALLOW;RegulatoryOperators;9
ALONE;LogicalConnectors;1
AMEND;EconomicOperands;1
AMONG;FunctionWords;1
APPLY;Other;38
AREAS;EconomicOperands;2
ARISE;EconomicOperands;11
ASIDE;FunctionWords;4
ASSET;EconomicOperands;1
AUDIT;EconomicOperands;4
AWARD;EconomicOperands;18
BANKS;EconomicOperands;9
BASED;Other;7
BASIS;EconomicOperands;31
BEING;FunctionWords;9
BOARD;EconomicOperands;41
BOOKS;EconomicOperands;11
BOUND;EconomicOperands;1
BRING;EconomicOperands;2
BROAD;EconomicOperands;1
BUYER;EconomicOperands;2
CASES;FunctionWords;2
CAUSE;EconomicOperands;10
CEASE;EconomicOperands;1
CHIEF;EconomicOperands;47
CITED;Other;2
CIVIL;EconomicOperands;6
CLAIM;EconomicOperands;4
CLASS;EconomicOperands;59
CLEAR;EconomicOperands;11
CLERK;EconomicOperands;2
COSTS;EconomicOperands;2
COULD;FunctionWords;5
COURT;EconomicOperands;21
COVER;EconomicOperands;5
DAILY;Attributes;12
DEALT;EconomicOperands;3
DEEMS;RegulatoryOperators;2
DELAY;EconomicOperands;3
DETER;EconomicOperands;1
ELECT;EconomicOperands;5
ENTER;EconomicOperands;28
ENTRY;EconomicOperands;3
ERROR;EconomicOperands;6
EVADE;EconomicOperands;4
EVENT;EconomicOperands;15
EXIST;EconomicOperands;1
EXPEL;EconomicOperands;1
FACTS;EconomicOperands;5
FAILS;EconomicOperands;1
FALSE;EconomicOperands;15
FILED;EconomicOperands;4
FILES;EconomicOperands;1
FINAL;EconomicOperands;26
FINDS;EconomicOperands;10
FINED;EconomicOperands;1
FINES;EconomicOperands;1
FIRMS;EconomicOperands;1
FIRST;Attributes;11
FIXED;EconomicOperands;2
FLOOR;EconomicOperands;2
FORMS;EconomicOperands;1
FOUND;Other;10
FRAUD;EconomicOperands;12
FUNDS;EconomicOperands;35
GAINS;EconomicOperands;1
GIVEN;FunctionWords;7
GOALS;EconomicOperands;1
GOODS;EconomicOperands;4
GRANT;EconomicOperands;9
GROUP;EconomicOperands;65
HANDS;EconomicOperands;1
HEDGE;EconomicOperands;10
HOLDS;EconomicOperands;6
IF SO;LogicalConnectors;1
INDEX;EconomicOperands;26
ISSUE;EconomicOperands;25
ITEMS;EconomicOperands;4
JOINT;EconomicOperands;7
KNOWN;Other;9
KNOWS;EconomicOperands;1
LAPSE;EconomicOperands;1
LARGE;EconomicOperands;11
LATER;FunctionWords;6
LEADS;EconomicOperands;1
LEASE;EconomicOperands;4
LEGAL;EconomicOperands;7
LEVEL;EconomicOperands;5
LIMIT;EconomicOperands;26
LOANS;EconomicOperands;7
LOWER;EconomicOperands;1
MAILS;EconomicOperands;8
MAJOR;FunctionWords;15
MAKER;EconomicOperands;2
MAKES;FunctionWords;23
MEANS;Other;63
MEDIA;EconomicOperands;1
MEETS;EconomicOperands;10
METAL;EconomicOperands;1
MIGHT;FunctionWords;4
MIXED;EconomicOperands;4
MODEL;EconomicOperands;1
MONEY;EconomicOperands;38
MONTH;EconomicOperands;5
NEEDS;EconomicOperands;2
NOVEL;EconomicOperands;5
OATHS;EconomicOperands;1
OFFER;EconomicOperands;17
ORDER;EconomicOperands;70
OTHER;FunctionWords;245
OWNED;EconomicOperands;6
PARTY;EconomicOperands;16
PLACE;EconomicOperands;22
PLANS;EconomicOperands;5
POSTS;EconomicOperands;6
PRICE;EconomicOperands;68
PRIOR;EconomicOperands;21
RATES;EconomicOperands;7
RIGHT;EconomicOperands;8
RISKS;EconomicOperands;9
RULES;EconomicOperands;219
SCOPE;EconomicOperands;5
SEEKS;EconomicOperands;3
SELLS;EconomicOperands;1
SERVE;EconomicOperands;14
SHALL;RegulatoryOperators;762
SHARE;EconomicOperands;8
SOUND;EconomicOperands;1
STATE;EconomicOperands;49
STEAL;EconomicOperands;1
STOCK;EconomicOperands;3
STUDY;EconomicOperands;21
SWAPS;EconomicOperands;206
TAKEN;Other;3
TAKES;FunctionWords;1
TAXES;EconomicOperands;2
TERMS;Other;56
TESTS;EconomicOperands;4
THEFT;EconomicOperands;1
THEIR;FunctionWords;14
THERE;FunctionWords;26
THESE;FunctionWords;2
THIRD;Attributes;3
THOSE;FunctionWords;15
TIMES;EconomicOperands;7
TOOLS;EconomicOperands;1
TOTAL;Attributes;15
TRADE;EconomicOperands;57
TREAT;EconomicOperands;3
TRIAL;EconomicOperands;1
TRUST;EconomicOperands;8
TWICE;Attributes;4
TYPES;EconomicOperands;7
UNDER;FunctionWords;395
UNTIL;FunctionWords;9
USERS;EconomicOperands;3
USING;EconomicOperands;4
VALID;EconomicOperands;1
VALUE;EconomicOperands;27
VIEWS;EconomicOperands;8
WHERE;FunctionWords;4
WHICH;FunctionWords;153
WHOLE;FunctionWords;1
WHOSE;FunctionWords;8
WOULD;FunctionWords;27
YIELD;EconomicOperands;3
1002;LegalReferences;2
1061;LegalReferences;3
206B;LegalReferences;1
2A13;LegalReferences;1
2C2A;LegalReferences;1
2C2B;LegalReferences;1
3A78;LegalReferences;1
78OB;LegalReferences;1
ACTS;LegalReferences;8
AIDS;EconomicOperands;1
ALSO;LogicalConnectors;18
AREA;EconomicOperands;3
ASIA;EconomicOperands;4
BANK;EconomicOperands;18
BEAR;EconomicOperands;1
BEEN;FunctionWords;25
BEST;EconomicOperands;6
BIAS;EconomicOperands;3
BIDS;EconomicOperands;2
BODY;EconomicOperands;10
BOND;EconomicOperands;1
BOOK;EconomicOperands;1
BOTH;FunctionWords;15
CALL;EconomicOperands;11
CARE;EconomicOperands;3
CASE;EconomicOperands;2
CASH;EconomicOperands;16
CAST;EconomicOperands;2
CITY;EconomicOperands;2
CODE;EconomicOperands;11
COPY;EconomicOperands;8
CORE;EconomicOperands;3
CROP;EconomicOperands;1
DATA;EconomicOperands;90
DATE;EconomicOperands;92
DEAL;EconomicOperands;2
DEBT;EconomicOperands;7
DONE;EconomicOperands;1
DUAL;EconomicOperands;4
DUTY;EconomicOperands;19
EACH;FunctionWords;184
FACA;LegalReferences;1
FACT;EconomicOperands;3
FAIL;EconomicOperands;1
FAIR;EconomicOperands;10
FALL;EconomicOperands;4
FEES;EconomicOperands;5
FERC;EconomicOperands;1
FILE;EconomicOperands;6
FIRM;EconomicOperands;6
FLOW;EconomicOperands;2
FOIA;EconomicOperands;1
FORM;EconomicOperands;36
FROM;FunctionWords;129
FUND;EconomicOperands;31
GAIN;EconomicOperands;5
GIVE;FunctionWords;3
GOAL;EconomicOperands;3
HAVE;FunctionWords;96
HEAD;EconomicOperands;1
HELD;EconomicOperands;34
HELP;EconomicOperands;3
HOLD;EconomicOperands;6
HOME;EconomicOperands;5
INTO;FunctionWords;102
ITEM;Other;6
KEEP;EconomicOperands;3
KEPT;EconomicOperands;1
KNEW;EconomicOperands;5
KNOW;Other;2
LAWS;EconomicOperands;8
LESS;FunctionWords;8
LIKE;LogicalConnectors;1
LINE;EconomicOperands;2
LIST;EconomicOperands;7
LOAN;EconomicOperands;11
LOSE;EconomicOperands;1
LOSS;EconomicOperands;3
MADE;FunctionWords;67
MAIL;EconomicOperands;1
MAKE;FunctionWords;51
MARK;EconomicOperands;4
MEAN;Other;1
MEET;EconomicOperands;13
MORE;FunctionWords;36
MUST;FunctionWords;3
NEWS;EconomicOperands;1
NOTE;EconomicOperands;8
OBEY;EconomicOperands;6
OMIT;EconomicOperands;2
ONCE;FunctionWords;2
ONLY;LogicalConnectors;20
OPEN;EconomicOperands;26
OVER;FunctionWords;11
OWED;EconomicOperands;1
OWNS;EconomicOperands;2
PAID;EconomicOperands;5
PART;FunctionWords;8
PLAN;EconomicOperands;21
POOL;EconomicOperands;1
POSE;EconomicOperands;2
POST;EconomicOperands;4
RATE;EconomicOperands;9
READ;Other;4
RELY;EconomicOperands;2
RING;EconomicOperands;4
RISE;Other;4
RISK;EconomicOperands;20
RULE;EconomicOperands;194
SAFE;Attributes;3
SAID;EconomicOperands;1
SALE;EconomicOperands;75
SAME;FunctionWords;28
SEEK;EconomicOperands;1
SELL;EconomicOperands;4
SHOW;EconomicOperands;2
SIGN;EconomicOperands;8
SIZE;EconomicOperands;5
SOLD;EconomicOperands;1
SOLE;LogicalConnectors;4
SPOT;EconomicOperands;8
STAY;EconomicOperands;15
SUCH;FunctionWords;461
SUIT;EconomicOperands;1
SWAP;EconomicOperands;269
TAKE;FunctionWords;21
TEND;EconomicOperands;4
TERM;Other;110
THAN;FunctionWords;40
THAT;FunctionWords;577
THEN;LogicalConnectors;3
THEY;FunctionWords;3
THIS;FunctionWords;32
TIME;EconomicOperands;30
TYPE;EconomicOperands;35
UPON;FunctionWords;36
USED;EconomicOperands;25
USER;EconomicOperands;2
USES;EconomicOperands;8
VIII;LegalReferences;6
VOID;EconomicOperands;3
VOTE;EconomicOperands;9
WELL;Attributes;1
WERE;FunctionWords;4
WHAT;FunctionWords;7
WHEN;FunctionWords;7
WHOM;FunctionWords;5
WIDE;EconomicOperands;1
WILL;FunctionWords;31
WITH;FunctionWords;278
YEAR;EconomicOperands;23
106;LegalReferences;1
10B;LegalReferences;4
11A;LegalReferences;1
12A;LegalReferences;1
12B;LegalReferences;1
13A;LegalReferences;2
17A;LegalReferences;6
18A;LegalReferences;1
18B;LegalReferences;1
19A;LegalReferences;2
206;LegalReferences;1
212;LegalReferences;1
22A;LegalReferences;1
24F;LegalReferences;1
3A4;LegalReferences;1
403;LegalReferences;1
53A;LegalReferences;1
611;LegalReferences;1
621;LegalReferences;1
701;LegalReferences;1
714;LegalReferences;1
717;LegalReferences;1
718;LegalReferences;1
724;LegalReferences;1
727;LegalReferences;1
728;LegalReferences;1
729;LegalReferences;1
731;LegalReferences;1
732;LegalReferences;1
739;LegalReferences;1
741;LegalReferences;1
746;LegalReferences;1
753;LegalReferences;1
761;LegalReferences;1
78B;LegalReferences;1
78C;LegalReferences;10
7B1;LegalReferences;1
7B2;LegalReferences;1
ACT;LegalReferences;40
AID;EconomicOperands;1
AII;LegalReferences;4
ALL;FunctionWords;69
AND;LogicalConnectors;1613
ANY;FunctionWords;873
ARE;FunctionWords;152
BAN;EconomicOperands;1
BAR;FunctionWords;2
BID;EconomicOperands;1
BUT;LogicalConnectors;25
BUY;EconomicOperands;1
CAN;FunctionWords;3
CAP;EconomicOperands;2
DAY;EconomicOperands;3
DID;FunctionWords;2
END;Other;68
FEE;EconomicOperands;1
FOR;FunctionWords;661
HAD;FunctionWords;3
HAS;FunctionWords;75
HIS;FunctionWords;2
HOW;FunctionWords;2
III;LegalReferences;127
ITS;EconomicOperands;69
JOB;EconomicOperands;1
LAW;EconomicOperands;42
LED;EconomicOperands;4
MAY;FunctionWords;300
NEW;EconomicOperands;21
NON;LogicalConnectors;14
NOR;LogicalConnectors;7
NOT;FunctionWords;236
OFF;FunctionWords;1
ONE;FunctionWords;1
OUT;EconomicOperands;7
OWN;FunctionWords;12
PAY;EconomicOperands;1
PER;FunctionWords;5
PIT;EconomicOperands;4
PUT;Other;13
RBI;EconomicOperands;1
SEC;EconomicOperands;66
SEQ;LegalReferences;1
SET;Other;16
TAX;EconomicOperands;3
TEN;Attributes;1
THE;FunctionWords;4184
USE;EconomicOperands;46
VII;LegalReferences;17
WAR;EconomicOperands;1
WAS;FunctionWords;14
WHO;FunctionWords;55
WHY;LogicalConnectors;2
XII;LegalReferences;2
XVI;LegalReferences;1
10;Attributes;12
11;LegalReferences;18
12;Attributes;11
13;LegalReferences;8
14;LegalReferences;6
15;Attributes;27
16;LegalReferences;7
17;LegalReferences;5
18;LegalReferences;9
19;LegalReferences;3
1A;LegalReferences;24
1B;LegalReferences;1
20;Attributes;8
21;LegalReferences;8
22;LegalReferences;5
23;Attributes;8
24;LegalReferences;3
25;Attributes;2
27;LegalReferences;6
28;LegalReferences;4
29;LegalReferences;4
2A;LegalReferences;5
2B;LegalReferences;3
2C;LegalReferences;3
2F;LegalReferences;5
2H;LegalReferences;3
30;Attributes;2
31;LegalReferences;4
32;LegalReferences;2
35;Attributes;1
36;LegalReferences;1
38;LegalReferences;3
39;LegalReferences;5
3A;LegalReferences;1
3B;LegalReferences;1
3C;LegalReferences;1
3D;LegalReferences;1
40;LegalReferences;4
41;LegalReferences;2
42;LegalReferences;4
43;LegalReferences;2
44;LegalReferences;5
46;LegalReferences;2
47;LegalReferences;15
48;LegalReferences;4
49;LegalReferences;3
4A;LegalReferences;4
4B;LegalReferences;5
4C;LegalReferences;1
4D;LegalReferences;3
4I;LegalReferences;1
4K;LegalReferences;1
4L;LegalReferences;1
4S;LegalReferences;3
50;Attributes;2
51;LegalReferences;4
54;LegalReferences;3
5A;LegalReferences;6
5B;LegalReferences;12
5C;LegalReferences;3
5D;LegalReferences;4
5I;LegalReferences;1
62;Attributes;1
68;LegalReferences;5
6B;LegalReferences;1
6D;LegalReferences;1
6F;LegalReferences;1
8A;LegalReferences;1
8E;LegalReferences;1
A1;LegalReferences;15
A2;LegalReferences;6
A3;LegalReferences;7
A4;LegalReferences;5
A6;LegalReferences;2
A7;LegalReferences;1
AA;LegalReferences;23
AN;FunctionWords;282
AS;FunctionWords;607
AT;FunctionWords;117
B2;LegalReferences;1
B6;LegalReferences;1
BB;LegalReferences;14
BE;FunctionWords;480
BY;FunctionWords;840
C1;LegalReferences;1
C2;LegalReferences;1
CC;LegalReferences;6
DO;FunctionWords;3
E1;LegalReferences;1
E2;LegalReferences;2
EC;EconomicOperands;11
F1;LegalReferences;1
HE;FunctionWords;1
IF;LogicalConnectors;95
II;LegalReferences;302
IN;FunctionWords;1168
IS;FunctionWords;392
IT;EconomicOperands;74
IV;LegalReferences;60
IX;LegalReferences;3
L2;LegalReferences;1
NO;FunctionWords;55
OF;FunctionWords;2495
ON;FunctionWords;342
OR;LogicalConnectors;2235
SO;LogicalConnectors;13
TO;FunctionWords;1272
UP;FunctionWords;4
US;EconomicOperands;55
VI;EconomicOperands;22
XI;LegalReferences;2
1;Attributes;223
2;Attributes;174
3;Attributes;101
4;Attributes;81
5;Attributes;62
6;Attributes;53
7;Attributes;129
8;Attributes;28
9;Attributes;24
A;FunctionWords;1875
B;LegalReferences;356
C;LegalReferences;284
D;LegalReferences;133
E;LegalReferences;80
F;LegalReferences;54
G;EconomicOperands;48
H;LegalReferences;42
I;FunctionWords;343
J;LegalReferences;11
K;LegalReferences;8
L;LegalReferences;11
M;LegalReferences;11
N;LegalReferences;13
O;LegalReferences;8
P;LegalReferences;9
Q;LegalReferences;5
R;LegalReferences;11
S;Attributes;464
T;LegalReferences;13
U;LegalReferences;7
V;LegalReferences;47
X;LegalReferences;20
Y;LegalReferences;1
