HOUSING ENTERPRISES FINANCIAL SAFETY AND SOUNDNESS ACT OF 1992 12 USC 4501 ET SEQ;LegalReferences;1
THRIFT DEPOSITOR PROTECTION OVERSIGHT BOARD OF THE RESOLUTION TRUST CORPORATION;EconomicOperands;1
THE DEPOSITORY INSTITUTION MANAGEMENT INTERLOCKS ACT 12 USC 3201 ET SEQ;LegalReferences;1
THE ENHANCING FINANCIAL INSTITUTION SAFETY AND SOUNDNESS ACT OF 2010;LegalReferences;2
FINANCIAL INSTITUTIONS REFORM RECOVERY AND ENFORCEMENT ACT OF 1989;LegalReferences;4
HOUSING ENTERPRISES FINANCIAL SAFETY AND SOUNDNESS ACT OF 1992;LegalReferences;1
THE NEIGHBORHOOD REINVESTMENT CORPORATION ACT 42 USC 8105C3;LegalReferences;1
DODD-FRANK WALL STREET REFORM AND CONSUMER PROTECTION ACT;LegalReferences;3
THE COMMUNITY REINVESTMENT ACT OF 1977 12 USC 2901 ET SEQ;LegalReferences;1
THE BANK HOLDING COMPANY ACT OF 1956 12 USC 1841 ET SEQ;LegalReferences;2
THE FLOOD DISASTER PROTECTION ACT OF 1973 42 USC 4003A5;LegalReferences;1
ADMINISTRATIVE SERVICES ACT OF 1949 41 USC 251 ET SEQ;LegalReferences;1
THE SECURITIES EXCHANGE ACT OF 1934 15 USC 78A ET SEQ;LegalReferences;1
THE FEDERAL DEPOSIT INSURANCE ACT 12 USC 1811 ET SEQ;LegalReferences;2
THE BANK PROTECTION ACT OF 1968 12 USC 1881 ET SEQ;LegalReferences;1
THE FINANCIAL INSTITUTIONS SUPERVISORY ACT OF 1966;LegalReferences;1
THE BANK SERVICE COMPANY ACT 12 USC 1861 ET SEQ;LegalReferences;1
THE FEDERAL CREDIT UNION ACT 12 USC 1751 ET SEQ;LegalReferences;1
THE FEDERAL DEPOSIT INSURANCE ACT 12 USC 1813B2;LegalReferences;5
THE FEDERAL DEPOSIT INSURANCE ACT 12 USC 1813B3;LegalReferences;5
THE FEDERAL DEPOSIT INSURANCE ACT 12 USC 1813Q1;LegalReferences;1
THE FEDERAL DEPOSIT INSURANCE ACT 12 USC 1817B1;LegalReferences;1
THE FEDERAL DEPOSIT INSURANCE ACT 12 USC 1817B2;LegalReferences;2
THE FEDERAL DEPOSIT INSURANCE ACT 12 USC 1821A1;LegalReferences;3
COMMITTEE ON BANKING HOUSING AND URBAN AFFAIRS;EconomicOperands;5
FEDERAL SAVINGS AND LOAN INSURANCE CORPORATION;EconomicOperands;6
THE FEDERAL DEPOSIT INSURANCE ACT 12 USC 1812;LegalReferences;1
THE FEDERAL DEPOSIT INSURANCE ACT 12 USC 1813;LegalReferences;2
COMMITTEE ON FINANCIAL SERVICES OF THE HOUSE;EconomicOperands;5
HOUSING AND URBAN-RURAL RECOVERY ACT OF 1983;LegalReferences;2
THE BANK ENTERPRISE ACT OF 1991 12 USC 1834A;LegalReferences;1
THE HOME OWNERS LOAN ACT 12 USC 1461 ET SEQ;LegalReferences;1
THE FEDERAL CREDIT UNION ACT 12 USC 1787K1;LegalReferences;2
THE FEDERAL CREDIT UNION ACT 12 USC 1787K5;LegalReferences;1
CHAPTER 89A OF TITLE 5 UNITED STATES CODE;LegalReferences;1
NEIGHBORHOOD REINVESTMENT CORPORATION ACT;LegalReferences;1
OFFICE OF THE COMPTROLLER OF THE CURRENCY;EconomicOperands;84
THE FEDERAL RESERVE ACT 12 USC 221 ET SEQ;LegalReferences;1
CHAPTER 71 OF TITLE 5 UNITED STATES CODE;LegalReferences;3
NONINTEREST-BEARING TRANSACTION ACCOUNT;EconomicOperands;8
DEFICIT CONTROL ACT OF 1985 2 USC 906H;LegalReferences;1
FEDERAL DEPOSIT INSURANCE CORPORATION;EconomicOperands;41
FLOOD DISASTER PROTECTION ACT OF 1973;LegalReferences;1
REVISED STATUTES OF THE UNITED STATES;LegalReferences;4
THE HOUSING ACT OF 1948 12 USC 1701CC;LegalReferences;1
THE INTERNATIONAL BANKING ACT OF 1978;LegalReferences;2
CONSUMER FINANCIAL PROTECTION BUREAU;EconomicOperands;5
NATIONAL CREDIT UNION ADMINISTRATION;EconomicOperands;3
THE HOME OWNERS LOAN ACT 12 USC 1468;LegalReferences;1
APPROPRIATE FEDERAL BANKING AGENCY;EconomicOperands;64
COMMUNITY REINVESTMENT ACT OF 1977;LegalReferences;1
SECURITIES AND EXCHANGE COMMISSION;EconomicOperands;1
THE FEDERAL RESERVE ACT 12 USC 248;LegalReferences;1
COMMUNITY DEVELOPMENT ACT OF 1992;LegalReferences;2
THE FEDERAL DEPOSIT INSURANCE ACT;LegalReferences;13
SAVINGS AND LOAN HOLDING COMPANY;EconomicOperands;12
EMERGENCY HOMEOWNERS RELIEF ACT;LegalReferences;2
PUBLIC LAW 101647 104 STAT 4890;LegalReferences;1
PUBLIC LAW 102550 106 STAT 3798;LegalReferences;1
SECURITIES EXCHANGE ACT OF 1934;EconomicOperands;1
INSURED DEPOSITORY INSTITUTION;EconomicOperands;10
THE FEDERAL HOME LOAN BANK ACT;LegalReferences;6
FEDERAL DEPOSIT INSURANCE ACT;LegalReferences;1
PUBLIC LAW 10173 103 STAT 440;LegalReferences;1
THE CRIME CONTROL ACT OF 1990;LegalReferences;1
OFFICE OF THRIFT SUPERVISION;EconomicOperands;182
THE BANK HOLDING COMPANY ACT;LegalReferences;1
BANK ENTERPRISE ACT OF 1991;LegalReferences;1
BANK PROTECTION ACT OF 1968;LegalReferences;1
CODE OF FEDERAL REGULATIONS;LegalReferences;1
COMPTROLLER OF THE CURRENCY;EconomicOperands;103
DEFICIT CONTROL ACT OF 1985;LegalReferences;1
FEDERAL SAVINGS ASSOCIATION;EconomicOperands;26
HISTORICALLY BLACK COLLEGES;EconomicOperands;1
HOLDING COMPANY ACT OF 1956;LegalReferences;2
SECTION 206G7 12 USC 1786G7;LegalReferences;1
DEPARTMENT OF THE TREASURY;EconomicOperands;5
SECTION 1103A 12 USC 3332A;LegalReferences;1
SECTION 1315B 12 USC 4515B;LegalReferences;1
SECTION 1317C 12 USC 4517C;LegalReferences;1
CRIME CONTROL ACT OF 1990;LegalReferences;1
MANAGEMENT INTERLOCKS ACT;LegalReferences;1
SECRETARY OF THE TREASURY;EconomicOperands;3
SECTION 11A2 12 USC 248A2;LegalReferences;1
SECTION 1206 12 USC 1833B;LegalReferences;1
SECTION 1216 12 USC 1833E;LegalReferences;1
SECTION 1B4 12 USC 1861B4;LegalReferences;1
SECTION 210A 12 USC 3208A;LegalReferences;1
SECTION 23B1 15 USC 78WB1;LegalReferences;1
SECTION 2J3 12 USC 1841J3;LegalReferences;1
SECTION 33E 12 USC 1831JE;LegalReferences;1
SECTION 7C2 12 USC 1867C2;LegalReferences;1
STATE SAVINGS ASSOCIATION;EconomicOperands;21
SUBPARAGRAPHS A THROUGH C;LegalReferences;1
SUBPARAGRAPHS A THROUGH G;LegalReferences;1
SUBPARAGRAPHS A THROUGH J;LegalReferences;2
SUBPARAGRAPHS B THROUGH D;LegalReferences;1
SUBPARAGRAPHS B THROUGH E;LegalReferences;1
SUBPARAGRAPHS C D E AND F;LegalReferences;1
SUBPARAGRAPHS C THROUGH F;LegalReferences;1
SUBPARAGRAPHS C THROUGH G;LegalReferences;2
SUBPARAGRAPHS D E F AND H;LegalReferences;1
SUBPARAGRAPHS D THROUGH F;LegalReferences;1
SUBPARAGRAPHS D THROUGH G;LegalReferences;1
SUBPARAGRAPHS D THROUGH H;LegalReferences;1
SUBPARAGRAPHS E THROUGH H;LegalReferences;1
CAREER RESERVED POSITION;EconomicOperands;1
DESIGNATED TRANSFER DATE;EconomicOperands;1
EXISTING RETIREMENT PLAN;EconomicOperands;4
FEDERAL BANKING AGENCIES;EconomicOperands;1
FEDERAL CREDIT UNION ACT;EconomicOperands;1
SECTION 19E 12 USC 1829E;LegalReferences;1
SECTION 8336D2 OR 8414B1;LegalReferences;1
SECTIONS 301 THROUGH 326;LegalReferences;2
SENIOR EXECUTIVE SERVICE;EconomicOperands;1
THE HOME OWNERS LOAN ACT;LegalReferences;1
THE NATIONAL HOUSING ACT;LegalReferences;1
DEPOSITORY INSTITUTIONS;EconomicOperands;4
MINORITY-OWNED BUSINESS;EconomicOperands;2
SECTION 10 12 USC 1467A;LegalReferences;1
SECTION 12 12 USC 1468A;LegalReferences;1
SECTION 12I 15 USC 78LI;LegalReferences;1
SECTION 13 12 USC 1468A;LegalReferences;1
SECTION 19B 12 USC 461B;LegalReferences;1
SECTION 205 12 USC 1785;LegalReferences;1
SECTION 207 12 USC 3206;LegalReferences;1
SECTION 209 12 USC 3207;LegalReferences;1
SECTION 28 12 USC 1831E;LegalReferences;1
SECTION 5F 12 USC 1844F;LegalReferences;1
SECTION 803 12 USC 2902;LegalReferences;1
SECTION 806 12 USC 2905;LegalReferences;1
SUBPARAGRAPHS A B AND D;LegalReferences;1
SUBSECTIONS M N O AND P;LegalReferences;1
THE FEDERAL RESERVE ACT;LegalReferences;1
BANK HOLDING COMPANIES;EconomicOperands;8
CHAPTER 89B OF TITLE 5;LegalReferences;1
DEPOSITORY INSTITUTION;EconomicOperands;11
FEDERAL BANKING AGENCY;EconomicOperands;2
FINANCIAL INSTITUTIONS;EconomicOperands;2
PARAGRAPHS 1 THROUGH 4;LegalReferences;1
PARAGRAPHS 2 THROUGH 7;LegalReferences;1
PARAGRAPHS 4 THROUGH 9;LegalReferences;1
SECTION 10 12 USC 1820;LegalReferences;1
SECTION 11 12 USC 1468;LegalReferences;1
SECTION 11 12 USC 1821;LegalReferences;1
SECTION 18 12 USC 1828;LegalReferences;1
SECTION 3 12 USC 1462A;LegalReferences;1
SECTION 8 12 USC 1466A;LegalReferences;1
CHAPTER 87 OF TITLE 5;LegalReferences;2
CHAPTER 90 OF TITLE 5;LegalReferences;1
CLAUSES I THROUGH III;LegalReferences;1
CLAUSES I THROUGH VII;LegalReferences;1
CLAUSES II III AND IV;LegalReferences;1
FEDERAL RESERVE BOARD;EconomicOperands;1
FINANCING CORPORATION;EconomicOperands;1
SECTION 1 12 USC 1461;LegalReferences;1
SECTION 2 12 USC 1462;LegalReferences;1
SECTION 2 12 USC 1881;LegalReferences;1
SECTION 3 12 USC 1813;LegalReferences;1
SECTION 3 12 USC 1882;LegalReferences;1
SECTION 4 12 USC 1463;LegalReferences;1
SECTION 4 12 USC 1843;LegalReferences;1
SECTION 5 12 USC 1464;LegalReferences;1
SECTION 5 12 USC 1884;LegalReferences;1
SECTION 7 12 USC 1817;LegalReferences;1
SECTION 8 12 USC 1818;LegalReferences;1
SECTION 9 12 USC 1467;LegalReferences;1
SUBPARAGRAPHS A AND B;LegalReferences;1
SUBPARAGRAPHS B AND C;LegalReferences;2
SUBPARAGRAPHS C AND D;LegalReferences;3
SUBPARAGRAPHS C AND G;LegalReferences;1
SUBPARAGRAPHS D AND E;LegalReferences;1
SUBPARAGRAPHS G AND H;LegalReferences;1
TO THE MAXIMUM EXTENT;Attributes;2
AGENCY ADMINISTRATOR;EconomicOperands;10
BANK HOLDING COMPANY;EconomicOperands;9
CLAUSES I THROUGH IV;LegalReferences;1
CLAUSES III IV AND V;LegalReferences;1
DISTRICT OF COLUMBIA;EconomicOperands;1
FINDINGS CONCLUSIONS;EconomicOperands;1
HOME OWNERS LOAN ACT;LegalReferences;2
INSURED CREDIT UNION;EconomicOperands;3
NATIONAL HOUSING ACT;LegalReferences;1
RULE OF CONSTRUCTION;Other;1
TRANSFERRED EMPLOYEE;EconomicOperands;39
WOMEN-OWNED BUSINESS;EconomicOperands;6
BUSINESS ACTIVITIES;EconomicOperands;2
CONSUMER PROTECTION;EconomicOperands;1
DEPARTMENT OF LABOR;EconomicOperands;1
FEDERAL RESERVE ACT;LegalReferences;1
HOUSING ACT OF 1948;LegalReferences;1
PART 875 OF TITLE 5;LegalReferences;1
SAVINGS ASSOCIATION;EconomicOperands;24
SERVICE COMPANY ACT;LegalReferences;1
SUBSECTIONS A AND B;LegalReferences;1
SUBSECTIONS E AND F;LegalReferences;1
UNDESIGNATED MATTER;Other;2
AS THE CASE MAY BE;LogicalConnectors;10
BOARD OF GOVERNORS;EconomicOperands;63
CLAUSES II AND III;LegalReferences;2
FINANCIAL LITERACY;EconomicOperands;1
FINANCIAL SERVICES;EconomicOperands;2
FOR THE PURPOSE OF;LogicalConnectors;4
IN ACCORDANCE WITH;LogicalConnectors;10
IN CONNECTION WITH;FunctionWords;2
MAGAZINES ORIENTED;EconomicOperands;1
PARAGRAPHS 1 AND 2;LegalReferences;1
PARAGRAPHS 1 AND 3;LegalReferences;2
PARAGRAPHS 2 AND 3;LegalReferences;1
PARAGRAPHS 3 AND 4;LegalReferences;1
PARAGRAPHS 4 AND 5;LegalReferences;1
PARAGRAPHS 5 AND 6;LegalReferences;1
POLICY-DETERMINING;EconomicOperands;2
REVENUES GENERATED;EconomicOperands;1
SUPERVISORY AGENCY;EconomicOperands;2
TOTAL CONSOLIDATED;EconomicOperands;3
UNITED STATES CODE;LegalReferences;19
12 USC 1467A NOTE;LegalReferences;1
AFFECTED EMPLOYEE;EconomicOperands;4
DEPOSIT INSURANCE;EconomicOperands;7
EXECUTIVE OFFICER;EconomicOperands;1
HOLDING COMPANIES;EconomicOperands;7
IN THE CONTEXT OF;FunctionWords;1
POLICY-ADVOCATING;EconomicOperands;2
SEPTEMBER 30 2020;Attributes;1
STATE MEMBER BANK;EconomicOperands;3
TABLE OF CONTENTS;FunctionWords;1
12 USC 1437 NOTE;LegalReferences;1
12 USC 1463 NOTE;LegalReferences;1
12 USC 1464 NOTE;LegalReferences;1
12 USC 1811 NOTE;LegalReferences;1
12 USC 1812 NOTE;LegalReferences;1
12 USC 1818 NOTE;LegalReferences;1
ATTORNEY GENERAL;EconomicOperands;1
BECOME EFFECTIVE;EconomicOperands;3
PERIOD BEGINNING;EconomicOperands;10
PUBLIC LAW 93100;LegalReferences;2
REGULATION AFTER;EconomicOperands;1
RESPONSIBILITIES;EconomicOperands;9
REVISED STATUTES;LegalReferences;3
SERVICE PROVIDER;EconomicOperands;1
12 USC 1441AR4A;LegalReferences;1
12 USC 1441AR4B;LegalReferences;1
28 USC 509 NOTE;LegalReferences;1
ASSESSMENT BASE;EconomicOperands;6
ASSOCIATED WITH;FunctionWords;1
FEDERAL RESERVE;EconomicOperands;16
INSTRUMENTALITY;EconomicOperands;2
INTERPRETATIONS;EconomicOperands;2
INVESTMENT BANK;EconomicOperands;1
NOTWITHSTANDING;LogicalConnectors;12
RECOMMENDATIONS;EconomicOperands;3
REGULATIONS FOR;EconomicOperands;1
REPRESENTATIVES;EconomicOperands;5
RESPONSIBLE FOR;EconomicOperands;4
SECTION 8706B1A;LegalReferences;1
STATE-CHARTERED;EconomicOperands;1
SUBSTITUTED FOR;Other;3
THIS SUBSECTION;LegalReferences;8
WITH RESPECT TO;LogicalConnectors;21
WOMENS BUSINESS;EconomicOperands;1
ADMINISTRATION;EconomicOperands;1
ADMINISTRATIVE;EconomicOperands;4
ADVERTISEMENTS;EconomicOperands;1
AND REGULATION;EconomicOperands;4
BANKING SYSTEM;EconomicOperands;1
CARE INSURANCE;EconomicOperands;3
CLAUSE HEADING;Other;1
CORRESPONDENCE;EconomicOperands;2
DETERMINATIONS;Other;5
EFFECTIVE DATE;EconomicOperands;8
FAIR TREATMENT;EconomicOperands;1
FEDERAL AGENCY;EconomicOperands;4
IDENTIFICATION;EconomicOperands;1
IMPLEMENTATION;EconomicOperands;8
IN ADDITION TO;LogicalConnectors;1
IN THE CASE OF;LogicalConnectors;8
INSURED BRANCH;EconomicOperands;2
JANUARY 1 2008;Attributes;1
JANUARY 1 2013;Attributes;2
MINORITY-OWNED;EconomicOperands;4
NOT LATER THAN;LogicalConnectors;12
OCTOBER 3 2008;Attributes;1
PRIOR APPROVAL;RegulatoryOperators;2
RECOMMENDATION;EconomicOperands;3
REORGANIZATION;EconomicOperands;4
SECTION 21AR4A;LegalReferences;1
SECTION 21AR4B;LegalReferences;1
SECTION 2539C2;LegalReferences;1
SECTION 2554B2;LegalReferences;1
SECTION 312B1A;LegalReferences;1
SECTION 312B2B;LegalReferences;1
SECTION 312B2C;LegalReferences;1
SECTION 7B3EII;LegalReferences;1
SECTIONS 8706B;LegalReferences;1
SUBCONTRACTORS;EconomicOperands;1
SUBPARAGRAPH A;LegalReferences;43
SUBPARAGRAPH B;LegalReferences;36
SUBPARAGRAPH C;LegalReferences;13
SUBPARAGRAPH D;LegalReferences;9
SUBPARAGRAPH E;LegalReferences;4
SUBPARAGRAPH F;LegalReferences;3
SUBPARAGRAPH G;LegalReferences;1
SUBPARAGRAPH H;LegalReferences;6
SUBSECTION B1C;LegalReferences;1
SUBSECTION C1A;LegalReferences;1
TALENTED YOUNG;EconomicOperands;1
THIS PARAGRAPH;LegalReferences;6
WHERE FEASIBLE;Attributes;1
12 USC 1701P1;LegalReferences;1
ADMINISTERING;EconomicOperands;1
APPLICABILITY;FunctionWords;1
APPLICABLE TO;FunctionWords;5
APPORTIONMENT;EconomicOperands;1
BANKERS BANKS;EconomicOperands;1
CERTIFICATION;EconomicOperands;2
COMMUNICATION;EconomicOperands;1
CONSIDERATION;EconomicOperands;5
CONTRIBUTIONS;EconomicOperands;1
CREDIT UNIONS;EconomicOperands;1
DEMONSTRATING;EconomicOperands;1
DETERMINATION;EconomicOperands;9
DISADVANTAGED;EconomicOperands;1
ESTABLISHMENT;RegulatoryOperators;2
INCORPORATION;EconomicOperands;1
INVOLUNTARILY;EconomicOperands;2
LAST SENTENCE;EconomicOperands;1
LOAN BANK ACT;LegalReferences;1
NATIONAL BANK;EconomicOperands;4
OPPORTUNITIES;EconomicOperands;1
ORGANIZATIONS;EconomicOperands;1
PARAGRAPH 12A;LegalReferences;1
PARAGRAPH 12B;LegalReferences;1
PARAGRAPH 17A;LegalReferences;1
PARAGRAPH 18B;LegalReferences;1
PARAGRAPH 2AI;LegalReferences;1
PARTICIPATION;EconomicOperands;1
POLICY-MAKING;EconomicOperands;2
REDESIGNATING;Other;21
REGARDLESS OF;LogicalConnectors;1
REGULATION OF;EconomicOperands;4
REIMBURSEMENT;EconomicOperands;1
RESERVE RATIO;EconomicOperands;7
SECTION 106B1;LegalReferences;1
SECTION 11A1E;LegalReferences;1
SECTION 1204C;LegalReferences;1
SECTION 1205B;LegalReferences;1
SECTION 13K1A;LegalReferences;1
SECTION 207K1;LegalReferences;2
SECTION 207K5;LegalReferences;1
SECTION 212C2;LegalReferences;1
SECTION 232A3;LegalReferences;2
SECTION 606C3;LegalReferences;1
SECTION 981A1;LegalReferences;1
SECTION 982A3;LegalReferences;1
SECTIONS 312B;LegalReferences;1
SUBCONTRACTOR;EconomicOperands;1
SUBSECTION A1;LegalReferences;3
SUBSECTION A2;LegalReferences;1
SUBSECTION A6;LegalReferences;1
SUBSECTION A8;LegalReferences;1
SUBSECTION B2;LegalReferences;3
SUBSECTION B3;LegalReferences;1
SUBSECTION B4;LegalReferences;1
SUBSECTION B9;LegalReferences;1
SUBSECTION C1;LegalReferences;1
SUBSECTION C2;LegalReferences;1
SUBSECTION D2;LegalReferences;1
SUBSECTION D5;LegalReferences;1
SUBSECTION E2;LegalReferences;1
SUBSECTION E5;LegalReferences;1
SUBSECTION E7;LegalReferences;1
SUBSECTION F2;LegalReferences;1
SUBSECTION G1;LegalReferences;1
SUBSECTION G5;LegalReferences;1
SUBSECTION H2;LegalReferences;1
SUBSECTION I1;LegalReferences;1
SUBSECTION I2;LegalReferences;1
SUBSECTION K5;LegalReferences;1
SUBSECTION L5;LegalReferences;1
SUBSECTION R3;LegalReferences;1
SUBSECTION W1;LegalReferences;1
SUBSECTION W3;LegalReferences;1
THIRD PARTIES;EconomicOperands;2
THIS SUBTITLE;LegalReferences;10
TO THE EXTENT;LogicalConnectors;4
TOGETHER WITH;LogicalConnectors;1
TRANSFER DATE;EconomicOperands;60
UNITED STATES;EconomicOperands;7
12 USC 17578;LegalReferences;1
ADMINISTERED;EconomicOperands;3
APPROPRIATED;EconomicOperands;1
ARRANGEMENTS;EconomicOperands;1
BANKERS BANK;EconomicOperands;1
COMMENCEMENT;EconomicOperands;1
COMPENSATION;EconomicOperands;4
CONFIDENTIAL;EconomicOperands;2
CONSOLIDATED;EconomicOperands;1
CONSULTATION;EconomicOperands;12
CONTINUATION;EconomicOperands;5
CONTRIBUTION;EconomicOperands;7
COORDINATING;EconomicOperands;1
DEPARTMENTAL;EconomicOperands;1
DIFFERENTIAL;EconomicOperands;3
DISADVANTAGE;EconomicOperands;1
DISTINCTIONS;EconomicOperands;1
DISTRIBUTION;EconomicOperands;1
ESTABLISHING;EconomicOperands;1
EXAMINATIONS;EconomicOperands;3
FOREIGN BANK;EconomicOperands;4
FUNCTIONS OF;EconomicOperands;9
HIGH SCHOOLS;EconomicOperands;3
IMPLEMENTING;RegulatoryOperators;1
IN THE PLACE;LogicalConnectors;1
INSTITUTIONS;EconomicOperands;6
INSURABILITY;EconomicOperands;2
INSURED BANK;EconomicOperands;5
JURISDICTION;EconomicOperands;7
PARAGRAPH 12;LegalReferences;2
PARAGRAPH 16;LegalReferences;1
PARAGRAPH 18;LegalReferences;1
PARAGRAPH 1A;LegalReferences;2
PARAGRAPH 1C;LegalReferences;1
PARAGRAPH 2A;LegalReferences;3
PARAGRAPH 2B;LegalReferences;2
PARAGRAPH 3A;LegalReferences;1
PARAGRAPH 3B;LegalReferences;1
PARAGRAPH 4A;LegalReferences;1
PARAGRAPH 4B;LegalReferences;2
PARAGRAPH 5A;LegalReferences;1
PRESERVATION;EconomicOperands;1
PROMULGATION;Other;1
REASSIGNMENT;EconomicOperands;1
REDESIGNATED;Other;5
REQUIREMENTS;EconomicOperands;10
RESPECTIVELY;LogicalConnectors;20
SECTION 1006;LegalReferences;1
SECTION 1014;LegalReferences;1
SECTION 1032;LegalReferences;1
SECTION 1062;LegalReferences;1
SECTION 1064;LegalReferences;1
SECTION 11A1;LegalReferences;2
SECTION 202F;LegalReferences;1
SECTION 232A;LegalReferences;1
SECTION 256H;LegalReferences;1
SECTION 312B;LegalReferences;1
SECTION 3132;LegalReferences;1
SECTION 321A;LegalReferences;1
SECTION 3502;LegalReferences;1
SECTION 3503;LegalReferences;2
SECTION 364A;LegalReferences;1
SECTION 3A34;LegalReferences;1
SECTION 502C;LegalReferences;1
SECTION 5136;LegalReferences;1
SECTION 5234;LegalReferences;1
SECTION 5240;LegalReferences;3
SECTION 714A;LegalReferences;1
SECTION 744Q;LegalReferences;1
SECTION 7A2B;LegalReferences;2
SECTION 7B1E;LegalReferences;1
SECTION 7B2C;LegalReferences;2
SECTION 7B3B;LegalReferences;1
SECTION 8714;LegalReferences;1
SECTION 8901;LegalReferences;1
SECTION 8909;LegalReferences;1
SHAREHOLDERS;EconomicOperands;1
SPECIFICALLY;LogicalConnectors;1
SUBCLAUSE II;LegalReferences;4
SUBPARAGRAPH;Other;7
SUBSECTION A;LegalReferences;14
SUBSECTION B;LegalReferences;13
SUBSECTION C;LegalReferences;6
SUBSECTION D;LegalReferences;5
SUBSECTION E;LegalReferences;4
SUBSECTION F;LegalReferences;3
SUBSECTION G;LegalReferences;1
SUBSECTION H;LegalReferences;3
SUBSECTION I;LegalReferences;3
SUBSECTION J;LegalReferences;2
SUBSECTION K;LegalReferences;1
SUBSECTION L;LegalReferences;1
SUBSECTION M;LegalReferences;3
SUBSECTION N;LegalReferences;2
SUBSECTION O;LegalReferences;2
SUBSECTION P;LegalReferences;2
SUBSECTION Q;LegalReferences;3
SUBSECTION R;LegalReferences;2
SUBSECTION S;LegalReferences;2
SUBSECTION T;LegalReferences;1
SUBSECTION U;LegalReferences;2
SUBSECTION V;LegalReferences;1
SUBSECTION Z;LegalReferences;1
SUFFICIENTLY;Attributes;4
THIS SECTION;LegalReferences;29
TRANSACTIONS;EconomicOperands;1
TRANSFERABLE;EconomicOperands;2
TRANSITIONAL;FunctionWords;1
UNACCEPTABLE;Attributes;2
UNDERWRITERS;EconomicOperands;1
UNDERWRITING;EconomicOperands;1
UNDESIGNATED;Other;2
UNIVERSITIES;EconomicOperands;1
10000000000;Attributes;1
12 USC 2709;LegalReferences;1
135 PERCENT;Attributes;2
50000000000;Attributes;2
ABOLISHMENT;EconomicOperands;2
ACQUISITION;EconomicOperands;2
AFFIRMATIVE;EconomicOperands;1
APPLICATION;EconomicOperands;2
APPOINTMENT;EconomicOperands;7
APPROPRIATE;Attributes;43
ARRANGEMENT;EconomicOperands;1
ASSESSMENTS;EconomicOperands;6
ASSOCIATION;EconomicOperands;4
AUTHORITIES;EconomicOperands;4
CALCULATION;EconomicOperands;1
CARRIES OUT;EconomicOperands;1
CHAIRPERSON;EconomicOperands;17
COMMUNITIES;EconomicOperands;1
COMPETITION;EconomicOperands;2
COMPETITIVE;EconomicOperands;2
COMPTROLLER;EconomicOperands;46
CONSERVATOR;EconomicOperands;3
CONSULTANTS;EconomicOperands;1
CONTRACTING;EconomicOperands;3
CONTRACTORS;EconomicOperands;2
CORPORATION;EconomicOperands;156
DECEMBER 31;Attributes;1
DECLARATION;EconomicOperands;2
DEFINITIONS;EconomicOperands;2
DESCRIPTION;EconomicOperands;2
DESIGNATION;EconomicOperands;1
DISPOSITION;EconomicOperands;1
ELIGIBILITY;EconomicOperands;1
ELIMINATION;EconomicOperands;1
ENFORCEABLE;Attributes;1
ENFORCEMENT;EconomicOperands;3
ESTABLISHED;RegulatoryOperators;13
EXAMINATION;EconomicOperands;11
EXPLANATION;EconomicOperands;1
FUNCTION OF;EconomicOperands;7
IMMEDIATELY;Attributes;5
IMPLEMENTED;RegulatoryOperators;2
INFORMATION;EconomicOperands;4
INSTITUTION;EconomicOperands;3
INSTRUMENTS;EconomicOperands;1
INTERNSHIPS;EconomicOperands;1
INVESTMENTS;EconomicOperands;1
LEGISLATIVE;EconomicOperands;1
LIMITATIONS;EconomicOperands;1
OBLIGATIONS;EconomicOperands;2
OF ANY KIND;LogicalConnectors;1
OPPORTUNITY;EconomicOperands;3
PARAGRAPH 1;LegalReferences;35
PARAGRAPH 2;LegalReferences;32
PARAGRAPH 3;LegalReferences;15
PARAGRAPH 4;LegalReferences;13
PARAGRAPH 5;LegalReferences;8
PARAGRAPH 6;LegalReferences;9
PARAGRAPH 7;LegalReferences;5
PARAGRAPH 8;LegalReferences;2
PARAGRAPH 9;LegalReferences;4
PARTICIPATE;EconomicOperands;2
PERFORMANCE;EconomicOperands;3
PRACTICABLE;EconomicOperands;1
PREFERENCES;EconomicOperands;1
PROCEEDINGS;EconomicOperands;2
PROCUREMENT;EconomicOperands;1
PROCYCLICAL;EconomicOperands;1
PROSPECTIVE;Other;2
PUBLICATION;EconomicOperands;1
PURSUANT TO;FunctionWords;5
REFERRED TO;FunctionWords;1
REGULATIONS;EconomicOperands;22
RELATING TO;FunctionWords;17
RELATIVE TO;LogicalConnectors;2
REQUIREMENT;EconomicOperands;3
RESOLUTIONS;EconomicOperands;3
SECTION 107;LegalReferences;1
SECTION 10E;LegalReferences;1
SECTION 110;LegalReferences;1
SECTION 113;LegalReferences;1
SECTION 15C;LegalReferences;1
SECTION 18C;LegalReferences;1
SECTION 1B5;LegalReferences;1
SECTION 203;LegalReferences;1
SECTION 21A;LegalReferences;4
SECTION 302;LegalReferences;1
SECTION 305;LegalReferences;1
SECTION 308;LegalReferences;1
SECTION 311;LegalReferences;1
SECTION 312;LegalReferences;1
SECTION 313;LegalReferences;1
SECTION 322;LegalReferences;1
SECTION 323;LegalReferences;1
SECTION 324;LegalReferences;2
SECTION 325;LegalReferences;1
SECTION 327;LegalReferences;1
SECTION 329;LegalReferences;2
SECTION 3A5;LegalReferences;1
SECTION 3B2;LegalReferences;6
SECTION 3B3;LegalReferences;6
SECTION 3Q1;LegalReferences;1
SECTION 3Q2;LegalReferences;1
SECTION 3Y3;LegalReferences;1
SECTION 402;LegalReferences;1
SECTION 469;LegalReferences;1
SECTION 543;LegalReferences;1
SECTION 657;LegalReferences;1
SECTION 7B1;LegalReferences;1
SECTION 7B2;LegalReferences;5
SECTION 7C1;LegalReferences;1
SHORT TITLE;Other;1
SUBCLAUSE I;LegalReferences;1
SUBSECTIONS;LegalReferences;1
SUPERVISION;EconomicOperands;7
SUPERVISORY;EconomicOperands;3
TAKE EFFECT;RegulatoryOperators;7
TERMINATION;EconomicOperands;1
TRANSACTION;EconomicOperands;1
TRANSFERRED;EconomicOperands;67
TRANSITIONS;EconomicOperands;1
UTILIZATION;EconomicOperands;1
WITHDRAWALS;EconomicOperands;2
ACCOUNTANT;EconomicOperands;1
ACTIVITIES;EconomicOperands;4
ADDITIONAL;EconomicOperands;6
ADMINISTER;EconomicOperands;1
AFFILIATES;EconomicOperands;1
AGREEMENTS;EconomicOperands;4
ALLOCATING;EconomicOperands;1
AMENDMENTS;Other;17
APPLICABLE;FunctionWords;21
AS FOLLOWS;FunctionWords;6
AS LONG AS;LogicalConnectors;1
ASSESSMENT;EconomicOperands;6
ASSIGNMENT;EconomicOperands;4
ASSISTANCE;EconomicOperands;1
ASSOCIATED;EconomicOperands;1
AUTHORIZED;RegulatoryOperators;1
BANK BOARD;EconomicOperands;3
BECAUSE OF;LogicalConnectors;3
BUSINESSES;EconomicOperands;2
CHALLENGES;EconomicOperands;2
CLAUSE III;LegalReferences;15
CLAUSE VII;LegalReferences;4
COMMERCIAL;EconomicOperands;1
COMMISSION;EconomicOperands;1
COMPARABLE;EconomicOperands;4
COMPLIANCE;EconomicOperands;3
CONDUCTING;EconomicOperands;1
CONFORMING;Other;2
CONSIDERED;EconomicOperands;1
CONSISTENT;Attributes;7
CONTAINING;EconomicOperands;1
CONTRACTOR;EconomicOperands;3
COORDINATE;EconomicOperands;2
CORRECTIVE;EconomicOperands;1
DEFINITION;EconomicOperands;3
DEPARTMENT;EconomicOperands;10
DEPOSITORS;EconomicOperands;2
DEPOSITORY;EconomicOperands;1
DESCRIBING;EconomicOperands;1
DESIGNATED;RegulatoryOperators;4
DETERMINED;RegulatoryOperators;2
DETERMINES;RegulatoryOperators;17
DEVELOPING;EconomicOperands;1
DIFFERENCE;EconomicOperands;2
DISABILITY;EconomicOperands;1
DISCRETION;EconomicOperands;14
ELECTRONIC;EconomicOperands;2
EMPLOYMENT;EconomicOperands;6
ENROLLMENT;EconomicOperands;3
EQUIVALENT;Attributes;1
EVALUATION;EconomicOperands;1
EXCEPTIONS;LogicalConnectors;2
EXTENSIONS;EconomicOperands;1
FACILITATE;EconomicOperands;3
GEOGRAPHIC;EconomicOperands;1
GOOD FAITH;EconomicOperands;1
GOVERNMENT;EconomicOperands;1
GUIDELINES;EconomicOperands;2
IDENTIFIED;FunctionWords;4
IN GENERAL;FunctionWords;20
INDIVIDUAL;EconomicOperands;1
INNER-CITY;EconomicOperands;1
INSTRUMENT;EconomicOperands;2
INVESTMENT;EconomicOperands;1
LATER THAN;LogicalConnectors;1
LEASEHOLDS;EconomicOperands;1
LIMITATION;EconomicOperands;1
MAINTAINED;EconomicOperands;2
MANAGEMENT;EconomicOperands;11
MANAGERIAL;EconomicOperands;1
MEMBERSHIP;EconomicOperands;1
MINORITIES;EconomicOperands;6
NEGOTIABLE;EconomicOperands;2
NEGOTIATED;EconomicOperands;1
NEWSPAPERS;EconomicOperands;1
NONINSURED;EconomicOperands;1
OBLIGATION;EconomicOperands;1
OPERATIONS;EconomicOperands;1
PARAGRAPHS;LegalReferences;7
PARTNERING;EconomicOperands;2
PERCENTAGE;EconomicOperands;4
PERFORMING;EconomicOperands;2
POPULATION;EconomicOperands;2
PRESCRIBED;RegulatoryOperators;1
PROCEDURES;EconomicOperands;8
PROCEEDING;EconomicOperands;8
PROTECTION;EconomicOperands;4
PROVISIONS;EconomicOperands;17
REASONABLE;Attributes;1
REASSIGNED;EconomicOperands;1
RECRUITING;EconomicOperands;2
REFERENCES;EconomicOperands;1
REGULATION;EconomicOperands;4
REGULATORY;EconomicOperands;2
RELATES TO;LogicalConnectors;2
RESOLUTION;EconomicOperands;20
RETIREMENT;EconomicOperands;7
RULEMAKING;Other;3
SAFEGUARDS;EconomicOperands;3
SECTION 10;LegalReferences;1
SECTION 11;LegalReferences;2
SECTION 18;LegalReferences;1
SECTION 33;LegalReferences;1
SECTION 3C;LegalReferences;1
SECTION 3Q;LegalReferences;1
SECTION 5D;LegalReferences;1
SECTION 5Q;LegalReferences;1
SECTION 7E;LegalReferences;1
SPONSORING;EconomicOperands;1
STATE BANK;EconomicOperands;2
STREAMLINE;EconomicOperands;1
SUBJECT TO;LogicalConnectors;14
SUBMISSION;EconomicOperands;1
SUBPOENAED;EconomicOperands;2
SUBSECTION;LegalReferences;1
SUBSIDIARY;EconomicOperands;30
SUBTITLE A;LegalReferences;2
SUBTITLE B;LegalReferences;1
SUBTITLE E;LegalReferences;2
SUPERVISED;EconomicOperands;1
TERMINATED;EconomicOperands;5
THEREAFTER;FunctionWords;1
THIS TITLE;LegalReferences;27
TRANSITION;EconomicOperands;1
VIOLATIONS;EconomicOperands;1
WINDING UP;EconomicOperands;1
WITHDRAWAL;EconomicOperands;4
12 USC 24;LegalReferences;1
18 MONTHS;Attributes;1
30 MONTHS;Attributes;1
AFFILIATE;EconomicOperands;2
AFFORDING;EconomicOperands;1
AGREEMENT;EconomicOperands;2
AMENDMENT;Other;2
ANNUITANT;EconomicOperands;1
APPLICANT;EconomicOperands;1
APPOINTED;EconomicOperands;4
ASSESSING;EconomicOperands;1
ATTORNEYS;EconomicOperands;2
AUTHORITY;EconomicOperands;24
AVAILABLE;EconomicOperands;3
BRANCHING;EconomicOperands;1
CARRY OUT;EconomicOperands;9
CHARACTER;EconomicOperands;2
CHARTERED;EconomicOperands;1
CLAUSE II;LegalReferences;13
CLAUSE IV;LegalReferences;12
CLAUSE VI;LegalReferences;3
COLLECTED;EconomicOperands;2
COMMENCED;EconomicOperands;1
COMPANIES;EconomicOperands;6
COMPETENT;EconomicOperands;5
COMPONENT;EconomicOperands;1
COMPUTING;EconomicOperands;2
CONDITION;EconomicOperands;1
CONFLICTS;EconomicOperands;1
CONSIDERS;EconomicOperands;1
CONSTRUED;Other;3
CONTINUED;EconomicOperands;4
CONTRACTS;EconomicOperands;9
CUSTODIAL;EconomicOperands;3
CUSTOMERS;EconomicOperands;1
DECLINING;EconomicOperands;1
DEPOSITED;EconomicOperands;1
DEPOSITOR;EconomicOperands;8
DESCRIBED;Other;11
DESCRIBES;Other;1
DESIGNATE;EconomicOperands;2
DESTROYED;EconomicOperands;1
DETAILING;Other;3
DETERMINE;RegulatoryOperators;8
DEVELOPED;EconomicOperands;1
DIRECTION;EconomicOperands;1
DIRECTORS;EconomicOperands;22
DIVERSITY;EconomicOperands;6
DIVIDENDS;EconomicOperands;2
DOCUMENTS;EconomicOperands;1
EFFECTIVE;Other;8
EFFICIENT;EconomicOperands;1
EMERGENCY;EconomicOperands;2
EMPLOYEES;EconomicOperands;30
EMPLOYING;EconomicOperands;1
ENACTMENT;Other;13
EQUIPMENT;EconomicOperands;1
EQUITABLE;Attributes;2
ESTABLISH;RegulatoryOperators;5
ESTIMATED;EconomicOperands;3
EXAMINERS;EconomicOperands;1
EXCEPT AS;LogicalConnectors;17
EXECUTIVE;EconomicOperands;2
EXPERTISE;EconomicOperands;1
EXTENSION;EconomicOperands;2
FINANCIAL;EconomicOperands;3
FOLLOWING;FunctionWords;42
FULL-TIME;EconomicOperands;1
FUNCTIONS;EconomicOperands;24
FURNITURE;EconomicOperands;1
GOVERNORS;EconomicOperands;2
GUARANTEE;EconomicOperands;1
IMPLEMENT;EconomicOperands;3
INCLUDING;EconomicOperands;21
INCLUSION;LogicalConnectors;8
INCREASED;EconomicOperands;1
INCREASES;EconomicOperands;1
INSERTING;Other;277
INSPECTOR;EconomicOperands;4
INSURANCE;EconomicOperands;23
INTENTION;EconomicOperands;4
INTERPRET;EconomicOperands;2
INTERVENE;EconomicOperands;1
LESS THAN;LogicalConnectors;4
MAINTAINS;EconomicOperands;2
MATERIALS;EconomicOperands;3
MEMORANDA;EconomicOperands;2
MENTORING;EconomicOperands;1
MORTGAGEE;EconomicOperands;1
NECESSARY;Attributes;25
NONMEMBER;EconomicOperands;2
OFFICIALS;EconomicOperands;1
OPERATING;EconomicOperands;1
OPERATION;EconomicOperands;9
OTHERWISE;LogicalConnectors;7
OVERSIGHT;EconomicOperands;1
PARAGRAPH;LegalReferences;2
PERMANENT;EconomicOperands;5
PERMITTED;RegulatoryOperators;4
PERSONNEL;EconomicOperands;10
POSITIONS;EconomicOperands;5
PRACTICES;EconomicOperands;2
PRECEDING;FunctionWords;8
PRESCRIBE;RegulatoryOperators;5
PRINCIPAL;EconomicOperands;2
PROCEDURE;EconomicOperands;2
PROMOTION;EconomicOperands;1
PROPOSALS;EconomicOperands;1
PROTECTED;EconomicOperands;1
PROVIDERS;EconomicOperands;1
PROVIDING;EconomicOperands;3
PROVISION;EconomicOperands;11
PUBLISHED;EconomicOperands;2
QUALIFIED;EconomicOperands;2
RECEIVING;EconomicOperands;3
REFERENCE;EconomicOperands;2
REGARDING;LogicalConnectors;2
REGULARLY;Attributes;2
REGULATED;RegulatoryOperators;2
REIMBURSE;EconomicOperands;2
REQUESTED;RegulatoryOperators;1
RESULTING;EconomicOperands;1
SCHEDULED;EconomicOperands;2
SECRETARY;EconomicOperands;3
SECTION 2;LegalReferences;1
SECTION 3;LegalReferences;3
SECTION 8;LegalReferences;2
SEMICOLON;Other;7
SENTENCES;Other;2
SEPARATED;EconomicOperands;1
SET FORTH;RegulatoryOperators;2
SOUNDNESS;EconomicOperands;2
SPECIFIED;RegulatoryOperators;4
STANDARDS;EconomicOperands;4
STATEMENT;EconomicOperands;2
STRUCTURE;EconomicOperands;1
SUBPENAED;EconomicOperands;2
SUBPOENAS;EconomicOperands;2
SUCCESSES;EconomicOperands;1
SUCCESSOR;EconomicOperands;3
SUPERSEDE;Other;4
TECHNICAL;EconomicOperands;2
TELEPHONE;EconomicOperands;2
TEMPORARY;EconomicOperands;4
TERMINATE;EconomicOperands;3
TITLE III;LegalReferences;2
TITLE VII;LegalReferences;1
TRANSFERS;EconomicOperands;6
TREATMENT;EconomicOperands;2
TYPICALLY;FunctionWords;1
WORKFORCE;EconomicOperands;6
1 NOTICE;LegalReferences;1
120 DAYS;Attributes;1
180 DAYS;Attributes;1
270 DAYS;Attributes;1
30-MONTH;Attributes;4
365 DAYS;Attributes;1
6 MONTHS;Attributes;4
ACCOUNTS;EconomicOperands;5
ACHIEVED;EconomicOperands;1
ACQUIRED;EconomicOperands;1
ADJUSTED;EconomicOperands;1
ADVISORY;EconomicOperands;2
AFFECTED;EconomicOperands;1
AGENCIES;EconomicOperands;2
AMENDING;Other;4
APPROVAL;RegulatoryOperators;2
ASSESSED;EconomicOperands;3
ASSIGNED;RegulatoryOperators;1
ASSURING;EconomicOperands;1
BALANCED;EconomicOperands;2
BASED ON;Other;2
BELONGED;EconomicOperands;1
BENEFITS;EconomicOperands;16
BRANCHES;EconomicOperands;1
BUSINESS;EconomicOperands;2
CARRYING;EconomicOperands;2
CHAIRMAN;EconomicOperands;11
CLAUSE I;LegalReferences;20
CLAUSE V;LegalReferences;8
COLLEGES;EconomicOperands;2
COMMENCE;EconomicOperands;1
COMMENTS;EconomicOperands;1
COMPLETE;EconomicOperands;1
COMPUTER;EconomicOperands;1
CONFORMS;RegulatoryOperators;1
CONGRESS;EconomicOperands;3
CONTINUE;EconomicOperands;7
CONTRACT;EconomicOperands;5
COVERAGE;EconomicOperands;3
CREDITED;EconomicOperands;3
CURRENCY;EconomicOperands;3
DECISION;EconomicOperands;2
DEPOSITS;EconomicOperands;21
DESIGNED;EconomicOperands;1
DESIGNEE;EconomicOperands;3
DIRECTOR;EconomicOperands;205
DISTRICT;EconomicOperands;1
DIVISION;EconomicOperands;8
DOES NOT;FunctionWords;4
ECONOMIC;EconomicOperands;1
ELIGIBLE;EconomicOperands;1
EMPLOYED;EconomicOperands;3
EMPLOYEE;EconomicOperands;32
EMPLOYER;EconomicOperands;4
ENFORCED;EconomicOperands;3
ENHANCED;EconomicOperands;3
ENROLLED;EconomicOperands;6
ENTITIES;EconomicOperands;2
ENTITLED;EconomicOperands;1
EQUAL TO;LogicalConnectors;2
ESTIMATE;EconomicOperands;1
EXAMINER;EconomicOperands;2
EXCEPTED;RegulatoryOperators;4
EXERCISE;EconomicOperands;1
EXISTING;EconomicOperands;3
EXPENSES;EconomicOperands;6
EXTENDED;EconomicOperands;1
FEASIBLE;Attributes;1
FINDINGS;EconomicOperands;1
FIXTURES;EconomicOperands;1
FUNCTION;EconomicOperands;1
HISPANIC;EconomicOperands;1
IDENTIFY;EconomicOperands;4
INCLUDES;EconomicOperands;1
INCREASE;EconomicOperands;5
INCURRED;EconomicOperands;1
INDUSTRY;EconomicOperands;1
ING BANK;EconomicOperands;1
INITIATE;EconomicOperands;1
INTENDED;EconomicOperands;2
INTEREST;EconomicOperands;4
ISSUANCE;EconomicOperands;2
JUDGMENT;EconomicOperands;2
LOCALITY;EconomicOperands;2
LOCATION;EconomicOperands;1
MAINTAIN;EconomicOperands;1
MAJORITY;EconomicOperands;2
MEANINGS;Other;1
MEASURES;EconomicOperands;1
MINORITY;EconomicOperands;11
MODIFIED;FunctionWords;4
MORTGAGE;EconomicOperands;1
OBTAINED;EconomicOperands;1
OFFICERS;EconomicOperands;2
OPERATED;EconomicOperands;2
OUTREACH;EconomicOperands;1
PAYMENTS;EconomicOperands;2
PERSONAL;EconomicOperands;2
POLICIES;EconomicOperands;5
POSITION;EconomicOperands;12
POSSIBLE;Attributes;2
PRESERVE;EconomicOperands;1
PREVIOUS;LogicalConnectors;1
PRIORITY;EconomicOperands;1
PROGRAMS;EconomicOperands;6
PROPERTY;EconomicOperands;26
PROPOSED;EconomicOperands;6
PROVIDED;EconomicOperands;23
PURPOSES;EconomicOperands;17
REASSIGN;EconomicOperands;1
RECEIVED;EconomicOperands;2
RECEIVER;EconomicOperands;5
RECEIVES;EconomicOperands;2
RECOVERY;EconomicOperands;1
REFERRAL;EconomicOperands;1
REGIONAL;EconomicOperands;1
REGISTER;EconomicOperands;4
REMEDIES;EconomicOperands;1
REPEALED;RegulatoryOperators;5
REQUIRED;RegulatoryOperators;11
REQUIRES;RegulatoryOperators;1
RESERVED;EconomicOperands;2
SECTIONS;LegalReferences;2
SECURITY;EconomicOperands;1
SENTENCE;Other;22
SEPARATE;EconomicOperands;1
SERVICES;EconomicOperands;9
SPECIFIC;FunctionWords;1
STANDARD;EconomicOperands;2
STRIKING;Other;344
SUBPENAS;EconomicOperands;2
SUBPOENA;EconomicOperands;3
SUBTITLE;LegalReferences;2
TANGIBLE;EconomicOperands;1
THIS ACT;LegalReferences;15
TITLE 18;LegalReferences;2
TITLE 31;LegalReferences;3
TITLE 44;LegalReferences;1
TRANSFER;EconomicOperands;34
TRANSMIT;EconomicOperands;1
UNFAIRLY;Attributes;2
VACATION;EconomicOperands;1
VALIDITY;EconomicOperands;1
5 YEARS;Attributes;1
60 DAYS;Attributes;1
90 DAYS;Attributes;4
ABSENCE;EconomicOperands;1
ACCOUNT;EconomicOperands;7
ACCRUED;EconomicOperands;3
ACQUIRE;EconomicOperands;2
ACTIONS;EconomicOperands;6
ADDRESS;EconomicOperands;1
ADOPTED;Other;1
ADVANCE;EconomicOperands;2
AFFAIRS;EconomicOperands;4
AGAINST;FunctionWords;8
AGENCYS;EconomicOperands;4
ALLOWED;RegulatoryOperators;3
ALTERED;EconomicOperands;1
AMENDED;RegulatoryOperators;52
AMOUNTS;EconomicOperands;3
ANOTHER;FunctionWords;1
APPEARS;Other;57
APPLIED;EconomicOperands;1
APPOINT;EconomicOperands;2
ARISING;EconomicOperands;4
ASPECTS;EconomicOperands;1
AVERAGE;EconomicOperands;2
BANKING;EconomicOperands;2
BECOMES;EconomicOperands;1
BENEFIT;EconomicOperands;3
BETWEEN;FunctionWords;2
BROKERS;EconomicOperands;1
CERTAIN;FunctionWords;1
CHAPTER;Other;4
CHARGED;EconomicOperands;1
CHARGES;EconomicOperands;3
CLAUSES;EconomicOperands;2
COLLECT;EconomicOperands;2
COMMENT;EconomicOperands;2
COMPANY;EconomicOperands;2
CONDUCT;EconomicOperands;1
CONSENT;EconomicOperands;1
CONSULT;EconomicOperands;3
CONTENT;Other;1
CONTEXT;Other;1
CONTROL;EconomicOperands;1
CUSTODY;EconomicOperands;1
DEALERS;EconomicOperands;1
DECLINE;EconomicOperands;1
DEFINED;EconomicOperands;23
DELETED;EconomicOperands;1
DEPOSIT;EconomicOperands;6
DERIVED;EconomicOperands;1
DEVELOP;EconomicOperands;3
DISPOSE;EconomicOperands;2
ENHANCE;EconomicOperands;1
EVASION;EconomicOperands;1
EXECUTE;EconomicOperands;1
EXISTED;EconomicOperands;1
FACTORS;EconomicOperands;1
FEDERAL;EconomicOperands;41
FILLING;EconomicOperands;1
FINANCE;EconomicOperands;10
FOCUSED;EconomicOperands;1
FOLLOWS;FunctionWords;9
FUNDING;EconomicOperands;4
GENERAL;FunctionWords;5
HEADING;Other;5
HOLDING;EconomicOperands;2
HOUSING;EconomicOperands;10
INCLUDE;EconomicOperands;8
INSURED;EconomicOperands;28
INTERIM;EconomicOperands;3
JOINTLY;FunctionWords;15
LEASING;EconomicOperands;1
LENDING;EconomicOperands;2
LICENSE;EconomicOperands;1
LIMITED;EconomicOperands;1
LOCATED;EconomicOperands;3
MANDATE;EconomicOperands;1
MATTERS;FunctionWords;2
MAXIMUM;Attributes;2
MEANING;Other;4
MINIMUM;Attributes;1
NEITHER;FunctionWords;2
NONBANK;EconomicOperands;1
NOTHING;FunctionWords;3
OFFICER;EconomicOperands;2
OFFICES;EconomicOperands;1
OPERATE;EconomicOperands;4
ORDERLY;EconomicOperands;11
OUTSIDE;FunctionWords;2
PAYABLE;EconomicOperands;2
PAYMENT;EconomicOperands;7
PENDING;FunctionWords;1
PERFORM;EconomicOperands;5
PERIODS;EconomicOperands;6
PERSONS;EconomicOperands;1
PLACING;EconomicOperands;1
PREVENT;RegulatoryOperators;2
PROCESS;EconomicOperands;4
PROGRAM;EconomicOperands;13
PROTECT;EconomicOperands;1
PROVIDE;EconomicOperands;10
PUBLISH;EconomicOperands;4
RECEIPT;EconomicOperands;1
RECEIVE;EconomicOperands;2
RECORDS;EconomicOperands;2
REDUCED;EconomicOperands;2
REFLECT;EconomicOperands;1
REFORMS;EconomicOperands;1
REGULAR;EconomicOperands;2
RELATED;FunctionWords;2
REMAINS;EconomicOperands;1
REPORTS;EconomicOperands;9
REQUEST;EconomicOperands;1
REQUIRE;RegulatoryOperators;4
RESERVE;EconomicOperands;2
SAVINGS;FunctionWords;10
SECTION;LegalReferences;2
SERVICE;EconomicOperands;11
SERVING;EconomicOperands;1
SETTING;EconomicOperands;1
SIMILAR;LogicalConnectors;3
SOLICIT;EconomicOperands;1
SPECIAL;EconomicOperands;3
STATUTE;Other;2
SUBPENA;EconomicOperands;3
SUCCEED;EconomicOperands;3
SUCH AS;LogicalConnectors;1
SUPPORT;EconomicOperands;5
SUSPEND;EconomicOperands;1
THAT IS;LogicalConnectors;8
THEREOF;FunctionWords;3
THERETO;FunctionWords;1
THROUGH;FunctionWords;14
TITLE 5;LegalReferences;9
TITLE X;LegalReferences;1
TREATED;EconomicOperands;1
VACANCY;EconomicOperands;1
WHETHER;FunctionWords;7
WIND UP;EconomicOperands;2
WITHOUT;FunctionWords;6
WRITTEN;EconomicOperands;4
1-YEAR;Attributes;3
100000;Attributes;2
2-YEAR;Attributes;1
250000;Attributes;3
90-DAY;Attributes;4
ACCEPT;EconomicOperands;2
ACCESS;EconomicOperands;2
ACCRUE;EconomicOperands;1
ACTING;EconomicOperands;3
ACTION;EconomicOperands;15
ACTIVE;EconomicOperands;1
ADDING;Other;15
ADVISE;EconomicOperands;1
AFFECT;EconomicOperands;4
AGENCY;EconomicOperands;60
AMOUNT;EconomicOperands;27
ANNUAL;Attributes;3
ASSESS;EconomicOperands;2
ASSETS;EconomicOperands;8
BECAME;EconomicOperands;2
BEFORE;LogicalConnectors;54
BRANCH;EconomicOperands;6
BUDGET;EconomicOperands;4
BUREAU;EconomicOperands;4
CHARGE;EconomicOperands;3
CREDIT;EconomicOperands;3
DEEMED;RegulatoryOperators;5
DEFINE;EconomicOperands;1
DENTAL;EconomicOperands;4
DEPUTY;EconomicOperands;2
DESIGN;EconomicOperands;1
DETAIL;EconomicOperands;1
DUE TO;LogicalConnectors;3
DURING;FunctionWords;16
DUTIES;EconomicOperands;13
EFFECT;EconomicOperands;9
EFFORT;EconomicOperands;1
ENDING;EconomicOperands;2
ENROLL;EconomicOperands;1
ENSURE;RegulatoryOperators;8
ENTITY;EconomicOperands;8
EQUITY;EconomicOperands;3
ETHNIC;EconomicOperands;1
EXCEPT;FunctionWords;5
EXTEND;EconomicOperands;2
FACTOR;EconomicOperands;1
FAILED;EconomicOperands;1
FOURTH;Attributes;1
GENDER;EconomicOperands;1
HAVING;FunctionWords;3
HEALTH;EconomicOperands;2
HIGHER;LogicalConnectors;1
HIRING;EconomicOperands;2
HOLDER;EconomicOperands;2
IMPACT;EconomicOperands;1
IMPOSE;RegulatoryOperators;1
IN ALL;LogicalConnectors;2
INSERT;Other;4
INSURE;EconomicOperands;2
ISSUED;EconomicOperands;3
LEVELS;EconomicOperands;4
MAKING;FunctionWords;3
MANAGE;EconomicOperands;2
MANNER;Other;4
MATTER;Other;9
MEMBER;EconomicOperands;7
METHOD;EconomicOperands;1
MONIES;EconomicOperands;1
MOTION;EconomicOperands;2
NATURE;EconomicOperands;1
NOTICE;EconomicOperands;9
NOTIFY;EconomicOperands;1
NUMBER;EconomicOperands;1
OFFICE;EconomicOperands;26
OFFSET;EconomicOperands;2
ORDERS;EconomicOperands;11
OTHERS;EconomicOperands;2
PAPERS;EconomicOperands;3
PERIOD;EconomicOperands;21
PERMIT;RegulatoryOperators;2
PERSON;EconomicOperands;1
PLACED;EconomicOperands;3
POLICY;EconomicOperands;1
POSING;EconomicOperands;1
POWERS;EconomicOperands;8
PROMPT;Attributes;1
PUBLIC;EconomicOperands;1
RACIAL;EconomicOperands;1
REDUCE;EconomicOperands;2
REGARD;EconomicOperands;6
RELATE;EconomicOperands;1
REMAIN;EconomicOperands;2
REPEAL;EconomicOperands;4
REPORT;EconomicOperands;7
RETAIN;EconomicOperands;2
REVIEW;EconomicOperands;2
RIGHTS;EconomicOperands;7
SAFETY;EconomicOperands;1
SEASON;EconomicOperands;2
SECOND;LogicalConnectors;9
SENATE;EconomicOperands;5
SENIOR;EconomicOperands;1
SOLELY;LogicalConnectors;1
STATES;EconomicOperands;1
STATUS;EconomicOperands;9
STRIKE;Other;4
SUBMIT;EconomicOperands;6
SUMMER;EconomicOperands;1
SYSTEM;EconomicOperands;19
TENURE;EconomicOperands;4
THRIFT;EconomicOperands;1
TIMELY;Attributes;1
TIMING;EconomicOperands;2
TOWARD;FunctionWords;1
UNLESS;LogicalConnectors;2
VESTED;EconomicOperands;7
VISION;EconomicOperands;4
WITHIN;FunctionWords;4
8714A;LegalReferences;1
8714B;LegalReferences;1
8714C;LegalReferences;1
ABATE;EconomicOperands;1
ABOVE;FunctionWords;1
ADDED;Other;1
ADOPT;EconomicOperands;1
AFTER;LogicalConnectors;55
AMEND;EconomicOperands;1
APPLY;Other;5
ASIDE;FunctionWords;4
ASSET;EconomicOperands;1
BANKS;EconomicOperands;5
BASIC;EconomicOperands;5
BASIS;EconomicOperands;2
BEING;FunctionWords;1
BOARD;EconomicOperands;37
BOOKS;EconomicOperands;2
CAUSE;EconomicOperands;2
CHART;EconomicOperands;1
CHIEF;EconomicOperands;1
CITED;Other;1
CIVIL;EconomicOperands;2
CLAIM;EconomicOperands;1
COMMA;Other;4
COURT;EconomicOperands;5
DEEMS;RegulatoryOperators;3
DELAY;EconomicOperands;1
ELECT;EconomicOperands;2
ENTER;EconomicOperands;1
EQUAL;EconomicOperands;2
EVENT;EconomicOperands;1
EVERY;FunctionWords;1
FACED;EconomicOperands;1
FILES;EconomicOperands;2
FINAL;EconomicOperands;3
FIRMS;EconomicOperands;3
FIRST;Attributes;11
FSLIC;EconomicOperands;2
FULLY;EconomicOperands;2
FUNDS;EconomicOperands;11
GIRLS;EconomicOperands;1
GIVEN;FunctionWords;2
GIVES;FunctionWords;1
GROUP;EconomicOperands;4
HOLDS;EconomicOperands;1
ISSUE;EconomicOperands;4
ITEMS;EconomicOperands;2
JOINT;EconomicOperands;2
KNOWN;Other;2
LEASE;EconomicOperands;2
LEAVE;EconomicOperands;1
LEGAL;EconomicOperands;1
LEVEL;EconomicOperands;1
LIMIT;EconomicOperands;4
LOANS;EconomicOperands;1
MAJOR;FunctionWords;1
MEANS;Other;14
MEDIA;EconomicOperands;3
MINUS;FunctionWords;1
OTHER;FunctionWords;59
PAPER;EconomicOperands;1
PARTY;EconomicOperands;3
PLACE;EconomicOperands;59
PLANS;EconomicOperands;2
PRIOR;EconomicOperands;3
RATIO;LogicalConnectors;1
REACH;EconomicOperands;1
RIGHT;EconomicOperands;4
RISKS;EconomicOperands;1
RULES;EconomicOperands;2
SCOPE;EconomicOperands;1
SERVE;EconomicOperands;2
SHALL;RegulatoryOperators;132
SHARE;EconomicOperands;2
SINCE;LogicalConnectors;1
SOUND;EconomicOperands;4
STAFF;EconomicOperands;1
STATE;EconomicOperands;6
STEPS;EconomicOperands;5
STUDY;EconomicOperands;2
TAKEN;Other;5
TAKES;FunctionWords;6
TERMS;Other;5
THEIR;FunctionWords;2
THERE;FunctionWords;3
THIRD;Attributes;4
THOSE;FunctionWords;1
TITLE;LegalReferences;1
TOTAL;Attributes;5
TRUST;EconomicOperands;18
TYPES;EconomicOperands;1
UNDER;FunctionWords;107
UNTIL;FunctionWords;6
URBAN;EconomicOperands;1
USING;EconomicOperands;1
WHICH;FunctionWords;63
WHILE;LogicalConnectors;1
WOMEN;EconomicOperands;14
WOULD;FunctionWords;4
1820;LegalReferences;1
1823;LegalReferences;1
1933;LegalReferences;1
1970;Attributes;2
2010;Attributes;1
5240;LegalReferences;1
78CA;LegalReferences;1
AREA;EconomicOperands;3
BANK;EconomicOperands;32
BEEN;FunctionWords;5
BOTH;FunctionWords;1
CARE;EconomicOperands;1
CASE;EconomicOperands;2
COPY;EconomicOperands;3
COST;EconomicOperands;8
DATE;EconomicOperands;26
DEBT;EconomicOperands;1
DEEM;RegulatoryOperators;1
DUAL;EconomicOperands;1
DUTY;EconomicOperands;1
EACH;FunctionWords;83
FACE;EconomicOperands;1
FAIR;EconomicOperands;5
FEES;EconomicOperands;4
FORM;EconomicOperands;1
FROM;FunctionWords;21
FULL;EconomicOperands;1
FUND;EconomicOperands;10
GIVE;FunctionWords;1
HAVE;FunctionWords;9
HEAD;EconomicOperands;1
HELD;EconomicOperands;1
HOLD;EconomicOperands;1
HOME;EconomicOperands;9
INTO;FunctionWords;9
LAWS;EconomicOperands;5
LIFE;EconomicOperands;15
LIST;EconomicOperands;3
LOAN;EconomicOperands;16
LONG;EconomicOperands;4
MADE;FunctionWords;14
MAKE;FunctionWords;9
MASS;EconomicOperands;1
MEET;EconomicOperands;2
MORE;FunctionWords;2
NAME;EconomicOperands;2
ONLY;LogicalConnectors;4
OPEN;EconomicOperands;3
PAID;EconomicOperands;8
PART;FunctionWords;1
PLAN;EconomicOperands;28
RATE;EconomicOperands;9
READ;Other;6
REAL;EconomicOperands;2
RULE;EconomicOperands;1
SAFE;Attributes;4
SALE;EconomicOperands;1
SAME;FunctionWords;9
SEEK;EconomicOperands;1
SELL;EconomicOperands;1
SIZE;EconomicOperands;2
SOLE;LogicalConnectors;6
SUCH;FunctionWords;75
SUIT;EconomicOperands;1
TAKE;FunctionWords;11
TEND;EconomicOperands;1
TERM;Other;84
THAN;FunctionWords;19
THAT;FunctionWords;116
THIS;FunctionWords;10
TIME;EconomicOperands;7
TYPE;EconomicOperands;3
UPON;FunctionWords;3
USED;EconomicOperands;3
VIII;LegalReferences;1
WERE;FunctionWords;5
WHAT;FunctionWords;1
WHEN;FunctionWords;4
WILL;FunctionWords;8
WITH;FunctionWords;42
WORK;EconomicOperands;2
YEAR;EconomicOperands;7
1ST;Attributes;2
2ND;Attributes;1
301;LegalReferences;1
311;LegalReferences;1
312;LegalReferences;1
313;LegalReferences;2
314;LegalReferences;1
315;LegalReferences;1
321;LegalReferences;1
322;LegalReferences;1
323;LegalReferences;1
324;LegalReferences;2
325;LegalReferences;1
341;LegalReferences;1
342;LegalReferences;1
343;LegalReferences;1
371;LegalReferences;1
375;LegalReferences;1
78O;LegalReferences;1
ACT;LegalReferences;4
ALL;FunctionWords;40
AND;LogicalConnectors;816
ANY;FunctionWords;123
ARE;FunctionWords;45
BUT;LogicalConnectors;4
DAY;EconomicOperands;20
EAD;EconomicOperands;7
END;Other;25
ETC;FunctionWords;1
FEE;EconomicOperands;3
FIX;EconomicOperands;2
FOR;FunctionWords;76
HAD;FunctionWords;1
HAS;FunctionWords;9
HER;FunctionWords;1
HIS;FunctionWords;2
III;LegalReferences;48
ITS;EconomicOperands;6
JOB;EconomicOperands;1
LAW;EconomicOperands;23
MAY;FunctionWords;45
MET;FunctionWords;2
NET;EconomicOperands;15
NEW;EconomicOperands;7
NOR;LogicalConnectors;2
NOT;FunctionWords;30
OTS;EconomicOperands;1
OUT;EconomicOperands;5
OWN;FunctionWords;3
PAY;EconomicOperands;23
PER;FunctionWords;1
RTC;Other;2
SEC;EconomicOperands;51
SEQ;LegalReferences;2
SET;Other;5
SHE;FunctionWords;1
SUM;EconomicOperands;1
THE;FunctionWords;1543
USE;EconomicOperands;1
VII;LegalReferences;1
WAS;FunctionWords;15
WHO;FunctionWords;7
WHY;LogicalConnectors;1
XII;LegalReferences;1
YET;LogicalConnectors;3
10;Attributes;2
11;LegalReferences;10
12;Attributes;13
14;LegalReferences;3
15;Attributes;3
16;LegalReferences;1
17;LegalReferences;2
18;LegalReferences;1
19;LegalReferences;2
1A;LegalReferences;3
21;LegalReferences;1
27;LegalReferences;2
30;Attributes;2
31;LegalReferences;1
32;LegalReferences;2
35;Attributes;10
36;LegalReferences;11
38;LegalReferences;1
3B;LegalReferences;1
42;LegalReferences;1
48;LegalReferences;5
4A;LegalReferences;2
AA;LegalReferences;22
AN;FunctionWords;52
AS;FunctionWords;145
AT;FunctionWords;40
B2;LegalReferences;1
B3;LegalReferences;1
B9;LegalReferences;1
BB;LegalReferences;21
BE;FunctionWords;70
BY;FunctionWords;542
CC;LegalReferences;11
DO;FunctionWords;2
EC;EconomicOperands;9
G1;LegalReferences;2
IF;LogicalConnectors;10
II;LegalReferences;109
IN;FunctionWords;575
IS;FunctionWords;88
IT;EconomicOperands;1
IV;LegalReferences;29
NO;FunctionWords;2
OF;FunctionWords;713
ON;FunctionWords;71
OR;LogicalConnectors;305
SO;LogicalConnectors;6
TO;FunctionWords;206
TR;EconomicOperands;1
US;EconomicOperands;17
VI;EconomicOperands;2
1;Attributes;79
2;Attributes;77
3;Attributes;63
4;Attributes;24
5;Attributes;17
6;Attributes;12
7;Attributes;17
8;Attributes;12
9;Attributes;8
A;FunctionWords;311
B;LegalReferences;109
C;LegalReferences;69
D;LegalReferences;51
E;LegalReferences;44
F;LegalReferences;17
G;EconomicOperands;26
H;LegalReferences;7
I;FunctionWords;121
J;LegalReferences;4
K;LegalReferences;5
L;LegalReferences;5
M;LegalReferences;2
N;LegalReferences;8
O;LegalReferences;3
P;LegalReferences;1
Q;LegalReferences;1
R;LegalReferences;3
S;Attributes;75
T;LegalReferences;5
U;LegalReferences;1
V;LegalReferences;11
X;LegalReferences;8
Y;LegalReferences;1
Z;LegalReferences;1
