FINANCIAL INSTITUTIONS REFORM RECOVERY AND ENFORCEMENT ACT OF 1989;LegalReferences;1
NONBANK FINANCIAL COMPANY SUPERVISED BY THE BOARD OF GOVERNORS;EconomicOperands;1
SUBSTANTIALLY EQUIVALENT TO THE LEVEL OF PROTECTION ACHIEVED;EconomicOperands;4
DODD-FRANK WALL STREET REFORM AND CONSUMER PROTECTION ACT;LegalReferences;1
THE LIABILITY RISK RETENTION ACT OF 1986 15 USC 3901A4;LegalReferences;1
NATIONAL ALLIANCE FOR INSURANCE EDUCATION & RESEARCH;EconomicOperands;1
THE CONSUMER FINANCIAL PROTECTION AGENCY ACT OF 2010;LegalReferences;1
COMMITTEES ON FINANCIAL SERVICES AND WAYS AND MEANS;EconomicOperands;2
INTERNATIONAL ASSOCIATION OF INSURANCE SUPERVISORS;EconomicOperands;1
THE FEDERAL CROP INSURANCE ACT 7 USC 1501 ET SEQ;LegalReferences;1
NATIONAL ASSOCIATION OF INSURANCE COMMISSIONERS;EconomicOperands;2
COMMITTEE ON BANKING HOUSING AND URBAN AFFAIRS;EconomicOperands;5
COMMITTEE ON FINANCIAL SERVICES OF THE HOUSE;EconomicOperands;3
CONSUMER PRICE INDEX FOR ALL URBAN CONSUMERS;EconomicOperands;1
OFFICE OF THE COMPTROLLER OF THE CURRENCY;EconomicOperands;1
COMPTROLLER GENERAL OF THE UNITED STATES;EconomicOperands;1
THE TERRORISM RISK INSURANCE ACT OF 2002;LegalReferences;1
FEDERAL DEPOSIT INSURANCE CORPORATION;EconomicOperands;1
FINANCIAL STABILITY OVERSIGHT COUNCIL;EconomicOperands;2
COMMODITY FUTURES TRADING COMMISSION;EconomicOperands;1
FEDERAL INSURANCE OFFICE ACT OF 2010;LegalReferences;1
NATIONAL CREDIT UNION ADMINISTRATION;EconomicOperands;1
FEDERAL FINANCIAL REGULATORY AGENCY;EconomicOperands;3
QUARTERLY LISTING OF ALIEN INSURERS;EconomicOperands;1
THE FINANCIAL STABILITY ACT OF 2010;LegalReferences;1
SECURITIES AND EXCHANGE COMMISSION;EconomicOperands;1
UNITED STATES TRADE REPRESENTATIVE;EconomicOperands;6
THE TRADE ACT OF 1974 19 USC 2171;LegalReferences;1
GLOBAL RISK MANAGEMENT INSTITUTE;EconomicOperands;1
INDEPENDENTLY PROCURED INSURANCE;EconomicOperands;4
NON-ADMITTED INSURANCE MODEL ACT;EconomicOperands;4
COMMITTEE ON FINANCIAL SERVICES;EconomicOperands;2
INSURANCE INSTITUTE OF AMERICA;EconomicOperands;2
REINSURANCE REFORM ACT OF 2010;LegalReferences;2
ADMINISTRATIVE PROCEDURES ACT;LegalReferences;1
THE PUBLIC HEALTH SERVICE ACT;LegalReferences;1
ASSOCIATE IN RISK MANAGEMENT;EconomicOperands;1
OFFICE OF THRIFT SUPERVISION;EconomicOperands;1
AMERICAN INSTITUTE FOR CPCU;EconomicOperands;2
COMMITTEE ON WAYS AND MEANS;EconomicOperands;1
COMMONWEALTH OF PUERTO RICO;EconomicOperands;2
EXEMPT COMMERCIAL PURCHASER;EconomicOperands;6
TERRORISM INSURANCE PROGRAM;EconomicOperands;1
THE PAPERWORK REDUCTION ACT;LegalReferences;1
ADOPTED NATIONWIDE UNIFORM;EconomicOperands;1
BUREAU OF LABOR STATISTICS;EconomicOperands;1
COMMITTEE ON THE JUDICIARY;EconomicOperands;1
DEPARTMENT OF THE TREASURY;EconomicOperands;5
NATIONAL PRODUCER DATABASE;EconomicOperands;1
NON-UNITED STATES INSURER;EconomicOperands;4
SECRETARY OF THE TREASURY;EconomicOperands;1
STATE INSURANCE REGULATOR;EconomicOperands;10
SURPLUS LINES ELIGIBILITY;EconomicOperands;1
UNIFORM NATIONAL DATABASE;EconomicOperands;1
ADOPT NATIONWIDE UNIFORM;EconomicOperands;1
CAREER RESERVED POSITION;EconomicOperands;1
FEDERAL INSURANCE OFFICE;EconomicOperands;5
HOUSE OF REPRESENTATIVES;EconomicOperands;4
INSUREDS TAXABLE PREMIUM;EconomicOperands;1
NORTHERN MARIANA ISLANDS;EconomicOperands;2
SENIOR EXECUTIVE SERVICE;EconomicOperands;1
TRADE AGREEMENTS PROGRAM;EconomicOperands;1
INITIATING NEGOTIATIONS;EconomicOperands;1
POLICYHOLDER PROTECTION;EconomicOperands;1
STATE INSURANCE MEASURE;EconomicOperands;13
UNDERSERVED COMMUNITIES;EconomicOperands;1
ALTERNATIVE NATIONWIDE;EconomicOperands;1
MULTILATERAL AGREEMENT;EconomicOperands;1
POTENTIAL CONSEQUENCES;EconomicOperands;1
QUALIFIED RISK MANAGER;EconomicOperands;3
ADMINISTRATIVE RULING;EconomicOperands;1
BUDGETED EXPENDITURES;EconomicOperands;1
BUSINESS OF INSURANCE;EconomicOperands;7
NONADMITTED INSURANCE;EconomicOperands;25
UNITED STATES INSURER;EconomicOperands;4
AFFECTING PRUDENTIAL;EconomicOperands;1
DISTRICT OF COLUMBIA;EconomicOperands;2
INSURANCE REGULATION;EconomicOperands;6
REGULATORY ARBITRAGE;EconomicOperands;1
REGULATORY OVERSIGHT;EconomicOperands;1
RULE OF CONSTRUCTION;Other;3
SURPLUS LINES BROKER;EconomicOperands;9
COMPTROLLER GENERAL;EconomicOperands;2
CONSULTANT RETAINED;EconomicOperands;1
CONSUMER PROTECTION;EconomicOperands;3
DEPARTMENT OF LABOR;EconomicOperands;1
IN CONFORMANCE WITH;RegulatoryOperators;1
INFORMATION-SHARING;EconomicOperands;3
NONADMITTED INSURER;EconomicOperands;9
SUBSECTIONS A AND B;LegalReferences;1
ACCREDITED COLLEGE;EconomicOperands;2
BOARD OF GOVERNORS;EconomicOperands;1
EXPERIENCED SHIFTS;EconomicOperands;1
FOREIGN GOVERNMENT;EconomicOperands;3
IN ACCORDANCE WITH;LogicalConnectors;4
IN CONNECTION WITH;FunctionWords;1
INTERESTED PARTIES;EconomicOperands;1
PREMIUM ATTRIBUTED;EconomicOperands;1
PRUDENTIAL ASPECTS;EconomicOperands;1
UNITED STATES CODE;LegalReferences;8
CAPITAL STANDARDS;EconomicOperands;1
COMMONLY KNOWN AS;FunctionWords;1
COVERED AGREEMENT;EconomicOperands;12
DOMICILIARY STATE;EconomicOperands;7
HOLDING COMPANIES;EconomicOperands;2
INCONSISTENT WITH;LogicalConnectors;4
INSURANCE COMPANY;EconomicOperands;1
PRODUCER DATABASE;EconomicOperands;1
SEPTEMBER 30 1996;Attributes;1
SEPTEMBER 30 2011;Attributes;2
SEPTEMBER 30 2012;Attributes;1
STATE OF DOMICILE;EconomicOperands;6
WRITTEN AGREEMENT;EconomicOperands;1
WRITTEN BILATERAL;EconomicOperands;1
12 USC 1811 NOTE;LegalReferences;1
90 CALENDAR DAYS;Attributes;1
ADMITTED INSURER;EconomicOperands;3
AFFILIATED GROUP;EconomicOperands;6
BACHELORS DEGREE;EconomicOperands;1
BECOME EFFECTIVE;EconomicOperands;3
DISPUTES ARISING;EconomicOperands;1
EMPLOY PERSONNEL;EconomicOperands;1
ENTER INTO FORCE;EconomicOperands;1
EXCESS INSURANCE;EconomicOperands;1
EXTRATERRITORIAL;EconomicOperands;1
FINANCIAL SYSTEM;EconomicOperands;1
PERIOD BEGINNING;EconomicOperands;2
RESOLVE DISPUTES;EconomicOperands;1
UNCONSTITUTIONAL;Attributes;1
ATTRIBUTABLE TO;FunctionWords;1
COMPETITIVENESS;EconomicOperands;1
CONFIDENTIALITY;EconomicOperands;3
DECEMBER 6 1997;Attributes;1
FEDERAL RESERVE;EconomicOperands;1
IN FAVOR OF THE;FunctionWords;1
JUDICIAL REVIEW;EconomicOperands;2
MODERATE-INCOME;EconomicOperands;1
NOTWITHSTANDING;LogicalConnectors;2
PRIORITY STATUS;EconomicOperands;1
RECOMMENDATIONS;EconomicOperands;2
REPRESENTATIVES;EconomicOperands;4
RESPONSIBLE FOR;EconomicOperands;2
RISK MANAGEMENT;EconomicOperands;5
THIS SUBSECTION;LegalReferences;5
WITH RESPECT TO;LogicalConnectors;19
WRITTEN FINDING;EconomicOperands;1
ADMINISTRATION;EconomicOperands;6
ADMINISTRATIVE;EconomicOperands;2
AMERICAN SAMOA;EconomicOperands;2
ANTITRUST LAWS;EconomicOperands;4
APPROPRIATIONS;EconomicOperands;1
AS A RESULT OF;LogicalConnectors;1
CARE INSURANCE;EconomicOperands;3
CEDING INSURER;EconomicOperands;6
CONSIDERATIONS;EconomicOperands;2
DETERMINATIONS;Other;1
EFFECTIVE DATE;EconomicOperands;5
FEDERAL AGENCY;EconomicOperands;3
IMPLEMENTATION;EconomicOperands;1
IN ADDITION TO;LogicalConnectors;1
IN THE CASE OF;LogicalConnectors;5
JANUARY 1 2013;Attributes;1
JANUARY 1 2015;Attributes;1
MATTER DE NOVO;Other;1
NAMED INSUREDS;EconomicOperands;1
NOT LATER THAN;LogicalConnectors;5
NOT-FOR-PROFIT;EconomicOperands;1
OCTOBER 2 1999;Attributes;1
SUBPARAGRAPH A;LegalReferences;2
SUBPARAGRAPH B;LegalReferences;1
THIS PARAGRAPH;LegalReferences;1
VIRGIN ISLANDS;EconomicOperands;2
ACCREDITATION;EconomicOperands;3
ADMINISTERING;EconomicOperands;1
APPLICABILITY;FunctionWords;1
APPLICABLE TO;FunctionWords;1
AUGUST 3 1994;Attributes;1
AUTHORIZATION;RegulatoryOperators;1
CALENDAR YEAR;EconomicOperands;3
CERTIFICATION;EconomicOperands;1
COMPLIES WITH;RegulatoryOperators;1
CONGRESSIONAL;EconomicOperands;2
CONSIDERATION;EconomicOperands;2
DETERMINATION;EconomicOperands;13
DUE DILIGENCE;EconomicOperands;1
EFFECTIVENESS;EconomicOperands;1
ESTABLISHMENT;RegulatoryOperators;2
FIFTH JANUARY;Attributes;2
INCONSISTENCY;EconomicOperands;8
INTERNATIONAL;EconomicOperands;9
JURISDICTIONS;EconomicOperands;2
MULTINATIONAL;EconomicOperands;1
ORGANIZATIONS;EconomicOperands;2
PARTICIPATION;EconomicOperands;2
POLICY ISSUES;EconomicOperands;2
POLICYHOLDERS;EconomicOperands;2
PREMIUM TAXES;EconomicOperands;8
REDESIGNATING;Other;2
REGULATION OF;EconomicOperands;9
SECTION 1204C;LegalReferences;1
SUBCHAPTER II;LegalReferences;1
SUBSECTION A2;LegalReferences;1
SUBSECTION B1;LegalReferences;1
SUBSECTION F2;LegalReferences;1
SUBSTANTIALLY;FunctionWords;3
SURPLUS LINES;EconomicOperands;2
SYSTEMIC RISK;EconomicOperands;1
THIS SUBTITLE;LegalReferences;17
TO THE EXTENT;LogicalConnectors;9
TRADITIONALLY;EconomicOperands;1
UNITED STATES;EconomicOperands;16
URBAN AFFAIRS;EconomicOperands;2
APPROPRIATED;EconomicOperands;1
AVAILABILITY;EconomicOperands;1
CIRCUMSTANCE;EconomicOperands;2
COLLECTIVELY;EconomicOperands;3
COMMISSIONER;EconomicOperands;3
COMPENSATION;EconomicOperands;4
CONSEQUENCES;EconomicOperands;1
CONSOLIDATED;EconomicOperands;1
CONSULTATION;EconomicOperands;6
COORDINATION;EconomicOperands;5
DESIGNATIONS;EconomicOperands;1
DEVELOPMENTS;EconomicOperands;1
FUNCTIONS OF;EconomicOperands;2
IN EXCESS OF;LogicalConnectors;4
INCONSISTENT;EconomicOperands;1
INCORPORATED;EconomicOperands;1
INDIVIDUALLY;EconomicOperands;3
JURISDICTION;EconomicOperands;3
MARKET SHARE;EconomicOperands;3
MUNICIPALITY;EconomicOperands;1
NEGOTIATIONS;EconomicOperands;1
ON BEHALF OF;FunctionWords;1
ORGANIZATION;EconomicOperands;1
POLICYHOLDER;EconomicOperands;3
REDESIGNATED;Other;1
REGISTRATION;EconomicOperands;1
RELATIONSHIP;EconomicOperands;1
REPRESENTING;EconomicOperands;1
REQUIREMENTS;EconomicOperands;20
SECTION 2791;LegalReferences;1
SECTION 3132;LegalReferences;1
SECTION 321A;LegalReferences;1
SECTION 521B;LegalReferences;1
SEPTEMBER 30;Attributes;2
SEVERABILITY;Other;1
SPECIFICALLY;LogicalConnectors;1
SUBPARAGRAPH;Other;1
SUBSECTION A;LegalReferences;3
SUBSECTION C;LegalReferences;3
SUBSECTION F;LegalReferences;2
SUBSECTION O;LegalReferences;1
SUBSECTION R;LegalReferences;1
SUBSEQUENTLY;LogicalConnectors;1
THIS SECTION;LegalReferences;19
UNDERWRITING;EconomicOperands;1
100 PERCENT;Attributes;1
AND FINANCE;EconomicOperands;2
APPLICATION;EconomicOperands;9
APPROPRIATE;Attributes;9
ARBITRATION;EconomicOperands;1
ASSESSMENTS;EconomicOperands;2
ASSIGNED TO;EconomicOperands;1
AUTHORITIES;EconomicOperands;3
CONTRACTUAL;EconomicOperands;2
COORDINATED;EconomicOperands;1
CORPORATION;EconomicOperands;1
DEFINITIONS;EconomicOperands;6
DEMONSTRATE;EconomicOperands;3
DESCRIPTION;EconomicOperands;1
DESIGNATION;EconomicOperands;5
DEVELOPMENT;EconomicOperands;1
DIFFERENCES;EconomicOperands;1
DISSEMINATE;EconomicOperands;1
ELIGIBILITY;EconomicOperands;3
ENFORCEABLE;Attributes;1
ENFORCEMENT;EconomicOperands;2
ESTABLISHED;RegulatoryOperators;5
FEASIBILITY;EconomicOperands;1
IDENTIFYING;EconomicOperands;2
IMMEDIATELY;Attributes;1
IN ORDER TO;LogicalConnectors;1
INDIVIDUALS;EconomicOperands;2
INFORMATION;EconomicOperands;32
JUNE 8 2002;Attributes;1
LEGISLATIVE;EconomicOperands;1
LIABILITIES;EconomicOperands;2
NEGOTIATING;EconomicOperands;1
NONADMITTED;EconomicOperands;3
NONPUBLICLY;EconomicOperands;2
OPPORTUNITY;EconomicOperands;1
PARAGRAPH 1;LegalReferences;9
PARAGRAPH 2;LegalReferences;6
PARAGRAPH 3;LegalReferences;1
PARAGRAPH 4;LegalReferences;1
PARAGRAPH 7;LegalReferences;1
PARAGRAPH 8;LegalReferences;1
PREMIUM TAX;EconomicOperands;3
PRINCIPALLY;EconomicOperands;1
PROHIBITING;RegulatoryOperators;1
PURSUANT TO;FunctionWords;14
RECOGNITION;EconomicOperands;1
REFERRED TO;FunctionWords;4
REGULATIONS;EconomicOperands;4
REINSURANCE;EconomicOperands;27
RELATING TO;FunctionWords;7
REQUIREMENT;EconomicOperands;3
RIMS FELLOW;EconomicOperands;1
SECTION 141;LegalReferences;1
SECTION 2A4;LegalReferences;1
SECTION 312;LegalReferences;4
SECTION 313;LegalReferences;3
SECTION 314;LegalReferences;5
SECTION 315;LegalReferences;1
SECTION 521;LegalReferences;1
SECTION 552;LegalReferences;1
SELF-FUNDED;EconomicOperands;1
SHORT TITLE;Other;2
SIGNIFICANT;Attributes;1
STATE-BASED;EconomicOperands;1
STREAMLINED;EconomicOperands;1
SUPERVISION;EconomicOperands;1
SUPERVISORY;EconomicOperands;1
TAKE EFFECT;RegulatoryOperators;1
THIRD-PARTY;EconomicOperands;1
UNDERWRITER;EconomicOperands;1
25 PERCENT;Attributes;1
ACCREDITED;EconomicOperands;3
ADDITIONAL;EconomicOperands;3
AFFILIATED;EconomicOperands;1
AFFILIATES;EconomicOperands;3
AFFORDABLE;EconomicOperands;1
AGREEMENTS;EconomicOperands;6
ALLOCATION;EconomicOperands;9
AMENDMENTS;Other;2
APPLICABLE;FunctionWords;5
AS WELL AS;LogicalConnectors;1
ASSESSMENT;EconomicOperands;1
ASSUMPTION;EconomicOperands;2
AUTHORIZED;RegulatoryOperators;4
CHAPTER 35;LegalReferences;1
CLAUSE III;LegalReferences;3
COLLECTING;EconomicOperands;2
COLLECTION;EconomicOperands;2
COMMERCIAL;EconomicOperands;8
COMMITTEES;EconomicOperands;6
COMPETENCE;EconomicOperands;2
COMPETENCY;EconomicOperands;1
COMPONENTS;EconomicOperands;2
CONCLUSION;EconomicOperands;1
CONDUCTING;EconomicOperands;1
CONSISTENT;Attributes;2
CONSTITUTE;EconomicOperands;2
CONTRIBUTE;EconomicOperands;1
CONTROLLED;EconomicOperands;2
COORDINATE;EconomicOperands;4
DEPARTMENT;EconomicOperands;1
DESCRIBING;EconomicOperands;3
DESIGNATED;RegulatoryOperators;1
DETERMINED;RegulatoryOperators;6
DETERMINES;RegulatoryOperators;6
DISCLOSURE;EconomicOperands;1
EFFECTUATE;EconomicOperands;1
EQUIVALENT;Attributes;2
EXPERIENCE;EconomicOperands;3
EXPIRATION;EconomicOperands;6
FACILITATE;EconomicOperands;1
FACILITIES;EconomicOperands;1
GENERATING;EconomicOperands;1
GOVERNMENT;EconomicOperands;1
HOME STATE;EconomicOperands;14
IMPORTANCE;EconomicOperands;2
IN GENERAL;FunctionWords;8
INDIRECTLY;Attributes;2
INDIVIDUAL;EconomicOperands;4
INTERSTATE;EconomicOperands;1
LEADERSHIP;EconomicOperands;1
LEGAL TEXT;EconomicOperands;2
LIMITATION;EconomicOperands;2
LIMITED TO;LogicalConnectors;1
MAINTAINED;EconomicOperands;1
MINORITIES;EconomicOperands;1
NATIONWIDE;EconomicOperands;2
NEGOTIATED;EconomicOperands;1
OBJECTIVES;EconomicOperands;1
ORIGINALLY;Other;2
PERCENTAGE;EconomicOperands;4
PERFORMING;EconomicOperands;1
POPULATION;EconomicOperands;1
POSSESSION;EconomicOperands;1
PREEMPTION;EconomicOperands;9
PREVENTING;RegulatoryOperators;1
PREVENTION;EconomicOperands;4
PRINCIPLES;EconomicOperands;1
PRIORITIES;EconomicOperands;1
PROCEDURES;EconomicOperands;10
PRODUCTION;EconomicOperands;1
PROPERTIES;EconomicOperands;2
PROTECTION;EconomicOperands;3
PROVISIONS;EconomicOperands;6
PRUDENTIAL;EconomicOperands;6
PURCHASERS;EconomicOperands;1
PURCHASING;EconomicOperands;4
REASONABLE;Attributes;2
REASONABLY;Attributes;1
RECOGNIZES;EconomicOperands;1
REGULATING;EconomicOperands;2
REGULATION;EconomicOperands;9
REGULATORS;EconomicOperands;3
REGULATORY;EconomicOperands;17
RELATES TO;LogicalConnectors;1
RESOLUTION;EconomicOperands;3
SECTIONS 5;LegalReferences;1
SECURITIES;EconomicOperands;1
SOLICITING;EconomicOperands;1
SUBCHAPTER;Other;3
SUBCLAUSES;LegalReferences;1
SUBJECT TO;LogicalConnectors;7
SUBJECTING;RegulatoryOperators;1
SUBMISSION;EconomicOperands;2
SUBTITLE A;LegalReferences;1
SUBTITLE B;LegalReferences;1
SUBTITLE I;LegalReferences;1
SUPPORTING;EconomicOperands;1
THEREAFTER;FunctionWords;1
UNDERTAKEN;EconomicOperands;2
UNIFORMITY;EconomicOperands;2
UNIVERSITY;EconomicOperands;2
12 MONTHS;Attributes;1
18 MONTHS;Attributes;1
30 MONTHS;Attributes;1
AFFILIATE;EconomicOperands;10
AGGREGATE;EconomicOperands;2
AGREEMENT;EconomicOperands;9
ALLOCATED;EconomicOperands;1
AMENDMENT;Other;1
APPOINTED;EconomicOperands;1
ASSISTING;EconomicOperands;1
AUTHORITY;EconomicOperands;19
AVAILABLE;EconomicOperands;12
BE SERVED;FunctionWords;1
BEGINNING;LogicalConnectors;3
CARRY OUT;EconomicOperands;3
CERTIFIED;EconomicOperands;1
CHAPTER 5;LegalReferences;1
CHAPTER 7;LegalReferences;1
CHARTERED;EconomicOperands;1
CLAUSE II;LegalReferences;1
COLLECTED;EconomicOperands;1
COMMITTEE;EconomicOperands;1
COMPANIES;EconomicOperands;8
CONSTRUED;Other;7
CONSUMERS;EconomicOperands;3
CONTAINED;EconomicOperands;1
CONTINUED;EconomicOperands;1
CONTRACTS;EconomicOperands;1
CONTUMACY;EconomicOperands;1
DESCRIBED;Other;4
DESIGNATE;EconomicOperands;1
DETAILING;Other;1
DETERMINE;RegulatoryOperators;6
DEVELOPED;EconomicOperands;1
DIFFERENT;FunctionWords;1
DIRECTION;EconomicOperands;2
DIRECTORS;EconomicOperands;1
DISCLOSED;EconomicOperands;1
DOMICILED;EconomicOperands;5
ECONOMICS;EconomicOperands;2
EFFECTIVE;Other;1
ELIMINATE;EconomicOperands;2
EMPLOYEES;EconomicOperands;2
EMPLOYING;EconomicOperands;1
ENACTMENT;Other;7
ESTABLISH;RegulatoryOperators;5
EXCEPT AS;LogicalConnectors;5
EXCEPTION;RegulatoryOperators;2
EXCLUSIVE;EconomicOperands;1
EXPOSURES;EconomicOperands;2
EXPRESSLY;Other;1
FAVORABLE;EconomicOperands;2
FINANCIAL;EconomicOperands;8
FINANCING;EconomicOperands;3
FOLLOWING;FunctionWords;11
FULL-TIME;EconomicOperands;2
FUNCTIONS;EconomicOperands;5
GATHERING;EconomicOperands;1
GENERATES;EconomicOperands;1
GOVERNING;EconomicOperands;1
GUIDELINE;EconomicOperands;1
IMPLEMENT;EconomicOperands;1
INCLUDING;EconomicOperands;18
INSERTING;Other;4
INSURANCE;EconomicOperands;89
JANUARY 1;Attributes;1
LESS THAN;LogicalConnectors;1
LICENSING;EconomicOperands;2
LICENSURE;EconomicOperands;1
LIQUIDITY;EconomicOperands;1
LONG-TERM;EconomicOperands;3
MAINTAINS;EconomicOperands;1
MODERNIZE;EconomicOperands;1
MORE THAN;LogicalConnectors;3
NECESSARY;Attributes;5
NEGOTIATE;EconomicOperands;5
NET WORTH;EconomicOperands;1
OCCURRING;EconomicOperands;2
OPERATION;EconomicOperands;2
ORGANIZED;EconomicOperands;2
OTHERWISE;LogicalConnectors;13
PARAGRAPH;LegalReferences;1
PERFORMED;EconomicOperands;1
PERMITTED;RegulatoryOperators;1
PERSONNEL;EconomicOperands;1
PLACEMENT;EconomicOperands;3
POSSESSES;EconomicOperands;1
POTENTIAL;EconomicOperands;8
PRACTICES;EconomicOperands;2
PRECEDING;FunctionWords;1
PREEMPTED;EconomicOperands;6
PRESIDENT;EconomicOperands;3
PRINCIPAL;EconomicOperands;2
PRIVILEGE;EconomicOperands;3
PROCEDURE;EconomicOperands;1
PROCURING;EconomicOperands;2
PROVIDING;EconomicOperands;2
PROVISION;EconomicOperands;10
PUBLISHED;EconomicOperands;3
PURCHASES;EconomicOperands;1
RECEIVING;EconomicOperands;1
RECOMMEND;EconomicOperands;1
REDUCTION;EconomicOperands;1
REGARDING;LogicalConnectors;11
REGULATED;RegulatoryOperators;2
REGULATOR;EconomicOperands;4
REINSURER;EconomicOperands;12
REINSURES;EconomicOperands;1
REPORTING;EconomicOperands;2
REQUESTED;RegulatoryOperators;3
RESIDENCE;EconomicOperands;1
RESOURCES;EconomicOperands;1
RESTRICTS;RegulatoryOperators;1
RETENTION;EconomicOperands;5
SECRETARY;EconomicOperands;19
SEMICOLON;Other;1
SET FORTH;RegulatoryOperators;3
SIGNATURE;EconomicOperands;1
SOLICITED;EconomicOperands;1
SPECIFIED;RegulatoryOperators;2
STANDARDS;EconomicOperands;2
STATEMENT;EconomicOperands;1
STATUTORY;EconomicOperands;1
SUBMITTED;EconomicOperands;2
SUBPOENAS;EconomicOperands;2
SUCCESSOR;EconomicOperands;3
SUPERSEDE;Other;1
THRESHOLD;EconomicOperands;1
TREATMENT;EconomicOperands;2
TYPICALLY;FunctionWords;2
UNSECURED;EconomicOperands;1
10 YEARS;Attributes;1
12-MONTH;Attributes;1
18-MONTH;Attributes;1
20000000;Attributes;1
3 REPORT;LegalReferences;1
30000000;Attributes;1
50000000;Attributes;1
ACHIEVED;EconomicOperands;1
ACHIEVES;EconomicOperands;1
ADJUSTED;EconomicOperands;4
ADMITTED;EconomicOperands;8
ADVISORY;EconomicOperands;3
AFFECTED;EconomicOperands;1
AGENCIES;EconomicOperands;1
ALLOCATE;EconomicOperands;1
ANALYSIS;EconomicOperands;4
ANNUALLY;Attributes;1
ASSUMING;EconomicOperands;1
AT LEAST;LogicalConnectors;4
BASED ON;Other;4
BENEFITS;EconomicOperands;1
BULLETIN;EconomicOperands;1
BUSINESS;EconomicOperands;7
CAPACITY;EconomicOperands;2
CARRYING;EconomicOperands;3
CASUALTY;EconomicOperands;3
CLAUSE I;LegalReferences;2
CLERICAL;EconomicOperands;1
COMMENTS;EconomicOperands;2
COMPLETE;EconomicOperands;1
CONFLICT;EconomicOperands;1
CONGRESS;EconomicOperands;5
CONSIDER;EconomicOperands;1
CONSUMER;EconomicOperands;1
CONTEMPT;EconomicOperands;1
CONTENTS;Other;1
CONTINUE;EconomicOperands;1
CONTRACT;EconomicOperands;10
CONTROLS;EconomicOperands;4
COVERAGE;EconomicOperands;12
CREDITOR;EconomicOperands;1
CRITERIA;EconomicOperands;3
CRITICAL;EconomicOperands;1
DEDICATE;EconomicOperands;1
DEPOSITS;EconomicOperands;1
DIRECTLY;Attributes;4
DIRECTOR;EconomicOperands;27
DISTRICT;EconomicOperands;1
DOES NOT;FunctionWords;3
DOMESTIC;EconomicOperands;2
DURATION;EconomicOperands;1
ELECTION;EconomicOperands;1
ELIGIBLE;EconomicOperands;1
EMPLOYEE;EconomicOperands;1
ENTERING;EconomicOperands;1
ENTITIES;EconomicOperands;2
EXISTING;EconomicOperands;3
FINDINGS;EconomicOperands;2
GRADUATE;EconomicOperands;1
GREATEST;LogicalConnectors;1
GUARANTY;EconomicOperands;2
INCLUDED;EconomicOperands;2
INCLUDES;EconomicOperands;2
INDUSTRY;EconomicOperands;6
INSUREDS;EconomicOperands;7
INSURERS;EconomicOperands;8
INVOLVED;EconomicOperands;1
LICENSED;EconomicOperands;6
LICENSES;EconomicOperands;1
MAJORITY;EconomicOperands;1
MEASURES;EconomicOperands;5
MINIMIZE;EconomicOperands;1
NATIONAL;EconomicOperands;3
OBTAINED;EconomicOperands;4
OFFICIAL;EconomicOperands;3
ORIGINAL;EconomicOperands;1
PART III;LegalReferences;1
POLICIES;EconomicOperands;6
POSITION;EconomicOperands;2
PRACTICE;EconomicOperands;1
PREMIUMS;EconomicOperands;4
PROCURED;EconomicOperands;1
PRODUCTS;EconomicOperands;2
PROHIBIT;RegulatoryOperators;1
PROPERTY;EconomicOperands;3
PROVIDED;EconomicOperands;9
PROVIDES;EconomicOperands;1
PUBLICLY;EconomicOperands;2
PUNISHED;EconomicOperands;1
PURCHASE;EconomicOperands;1
PURPORTS;EconomicOperands;1
PURPOSES;EconomicOperands;5
RECEIVED;EconomicOperands;3
REGISTER;EconomicOperands;2
RELEVANT;Attributes;4
REQUIRED;RegulatoryOperators;12
RESOLVED;EconomicOperands;1
RESOURCE;EconomicOperands;1
RESTRICT;RegulatoryOperators;1
REVENUES;EconomicOperands;1
RULES OF;EconomicOperands;2
SECTIONS;LegalReferences;2
SEPARATE;EconomicOperands;2
SERVICES;EconomicOperands;4
SOLVENCY;EconomicOperands;6
SPECIFIC;FunctionWords;1
STANDARD;EconomicOperands;1
STRIKING;Other;3
SUBITEMS;LegalReferences;1
SUBPOENA;EconomicOperands;3
SYSTEMIC;EconomicOperands;1
TITLE 31;LegalReferences;3
TITLE 44;LegalReferences;1
TRUSTEES;EconomicOperands;1
30 DAYS;Attributes;1
330-DAY;Attributes;4
7 YEARS;Attributes;1
ABILITY;EconomicOperands;3
ACCOUNT;EconomicOperands;2
ACHIEVE;EconomicOperands;3
ACTIONS;EconomicOperands;2
ADOPTED;Other;4
ADVANCE;EconomicOperands;1
AMENDED;RegulatoryOperators;4
AMOUNTS;EconomicOperands;2
ANALYZE;EconomicOperands;2
ANNUITY;EconomicOperands;1
ANOTHER;FunctionWords;4
APPLIES;FunctionWords;1
ARISING;EconomicOperands;1
ASPECTS;EconomicOperands;1
ATTEMPT;EconomicOperands;1
BANKING;EconomicOperands;2
BETWEEN;FunctionWords;5
BREADTH;EconomicOperands;1
CAPITAL;EconomicOperands;2
CERTAIN;FunctionWords;2
CHAPTER;Other;2
COLLECT;EconomicOperands;3
COMPACT;EconomicOperands;7
CONDUCT;EconomicOperands;3
CONSULT;EconomicOperands;7
CONTAIN;EconomicOperands;1
CONTROL;EconomicOperands;4
COUNCIL;EconomicOperands;1
DEFINED;EconomicOperands;4
DEVELOP;EconomicOperands;2
EFFECTS;EconomicOperands;1
EFFORTS;EconomicOperands;1
EMPLOYS;EconomicOperands;2
ENFORCE;RegulatoryOperators;2
ENGAGED;EconomicOperands;3
ENTERED;EconomicOperands;2
EXAMINE;EconomicOperands;1
EXPERTS;EconomicOperands;1
EXPIRED;EconomicOperands;1
FACTORS;EconomicOperands;3
FAILURE;EconomicOperands;2
FEDERAL;EconomicOperands;26
FINANCE;EconomicOperands;4
FOREIGN;EconomicOperands;2
GENERAL;FunctionWords;3
GOVERNS;EconomicOperands;1
GREATER;LogicalConnectors;1
HOUSING;EconomicOperands;3
IMPLIED;EconomicOperands;1
IMPOSED;EconomicOperands;1
IMPROVE;EconomicOperands;1
IN THAT;LogicalConnectors;2
INCLUDE;EconomicOperands;4
INSURED;EconomicOperands;12
INSURER;EconomicOperands;34
INTENDS;EconomicOperands;1
JOINTLY;FunctionWords;3
LARGEST;LogicalConnectors;1
LAYOVER;EconomicOperands;1
LEAVING;EconomicOperands;1
LICENSE;EconomicOperands;1
LOCATED;EconomicOperands;3
MANAGER;EconomicOperands;1
MARKETS;EconomicOperands;1
MATTERS;FunctionWords;3
MEASURE;EconomicOperands;2
MINIMUM;Attributes;4
MONITOR;EconomicOperands;2
NOTHING;FunctionWords;5
OFFICER;EconomicOperands;1
ONGOING;EconomicOperands;1
ONLY IF;LogicalConnectors;2
OUTCOME;EconomicOperands;2
OUTSIDE;FunctionWords;1
PART II;LegalReferences;2
PAYMENT;EconomicOperands;6
PERFORM;EconomicOperands;1
PERSONS;EconomicOperands;4
PLACING;EconomicOperands;2
PORTION;EconomicOperands;1
PREEMPT;EconomicOperands;3
PREMIUM;EconomicOperands;2
PRIVACY;EconomicOperands;1
PROCURE;EconomicOperands;2
PROVIDE;EconomicOperands;9
PURPOSE;EconomicOperands;1
RECEIPT;EconomicOperands;1
RECEIVE;EconomicOperands;1
REFLECT;EconomicOperands;1
REFORMS;EconomicOperands;1
RELATED;FunctionWords;1
RENEWAL;EconomicOperands;1
REPORTS;EconomicOperands;5
REQUIRE;RegulatoryOperators;8
RESULTS;EconomicOperands;2
RETAINS;EconomicOperands;1
SATISFY;EconomicOperands;1
SAVINGS;FunctionWords;1
SECTION;LegalReferences;1
SEEKING;EconomicOperands;1
SESSION;EconomicOperands;1
SHIFTED;EconomicOperands;1
SIMILAR;LogicalConnectors;4
SKILLED;EconomicOperands;1
SOLICIT;EconomicOperands;2
SOURCES;EconomicOperands;2
SPECIAL;EconomicOperands;1
SUBJECT;EconomicOperands;3
SUCH AS;LogicalConnectors;1
SYSTEMS;EconomicOperands;1
THAT IS;LogicalConnectors;12
THEREOF;FunctionWords;1
THROUGH;FunctionWords;5
TITLE 5;LegalReferences;3
TITLE 9;LegalReferences;1
TITLE I;LegalReferences;1
UNIFORM;EconomicOperands;2
UPDATED;EconomicOperands;1
VARIOUS;FunctionWords;1
WHETHER;FunctionWords;5
WORKERS;EconomicOperands;3
WRITING;EconomicOperands;1
WRITTEN;EconomicOperands;1
100000;Attributes;1
2-YEAR;Attributes;1
5-YEAR;Attributes;1
ACCEPT;EconomicOperands;1
ACCESS;EconomicOperands;2
ACROSS;FunctionWords;1
ACTING;EconomicOperands;1
ACTION;EconomicOperands;2
ACTUAL;EconomicOperands;1
ADDING;Other;1
ADVISE;EconomicOperands;2
AFFECT;EconomicOperands;5
AGENCY;EconomicOperands;10
AGENTS;EconomicOperands;1
AMOUNT;EconomicOperands;4
ANNUAL;Attributes;3
ASSETS;EconomicOperands;1
ASSIST;EconomicOperands;1
BEFORE;LogicalConnectors;8
BEGINS;EconomicOperands;3
BRANCH;EconomicOperands;2
BROKER;EconomicOperands;3
CHANGE;EconomicOperands;4
CHARGE;EconomicOperands;1
CLAIMS;EconomicOperands;5
COMMON;FunctionWords;2
COMPLY;RegulatoryOperators;1
CREDIT;EconomicOperands;4
CRISIS;subprime crisis;1
DEEMED;RegulatoryOperators;1
DEGREE;EconomicOperands;2
DIRECT;Attributes;2
DURING;FunctionWords;2
DUTIES;EconomicOperands;2
EFFECT;EconomicOperands;4
ENGAGE;EconomicOperands;2
ENTITY;EconomicOperands;19
EXCEPT;FunctionWords;10
EXISTS;EconomicOperands;1
EXTEND;EconomicOperands;1
EXTENT;EconomicOperands;6
FILING;Other;1
FISCAL;EconomicOperands;1
GLOBAL;EconomicOperands;2
GOVERN;EconomicOperands;1
GUIDED;EconomicOperands;1
HEADED;EconomicOperands;1
HEALTH;EconomicOperands;8
HIGHER;LogicalConnectors;1
HOUSES;EconomicOperands;1
IMPACT;EconomicOperands;2
IMPAIR;EconomicOperands;1
IMPOSE;RegulatoryOperators;1
INCOME;EconomicOperands;1
ISSUED;EconomicOperands;4
ISSUES;EconomicOperands;2
LISTED;FunctionWords;1
MAKING;FunctionWords;2
MANNER;Other;3
MARKET;EconomicOperands;13
MATTER;Other;1
MEMBER;EconomicOperands;2
MODIFY;EconomicOperands;1
NATURE;EconomicOperands;1
NOTICE;EconomicOperands;5
NOTIFY;EconomicOperands;5
NUMBER;EconomicOperands;2
OBTAIN;EconomicOperands;1
OFFICE;EconomicOperands;29
ORDERS;EconomicOperands;1
PART I;LegalReferences;1
PERIOD;EconomicOperands;11
PERSON;EconomicOperands;19
PLACED;EconomicOperands;1
POLICY;EconomicOperands;5
PUBLIC;EconomicOperands;1
REMAIN;EconomicOperands;1
REPORT;EconomicOperands;16
REVIEW;EconomicOperands;1
RIGHTS;EconomicOperands;1
ROBUST;Attributes;1
SEARCH;EconomicOperands;1
SENATE;EconomicOperands;7
SINGLE;EconomicOperands;1
SOLELY;LogicalConnectors;2
SOUGHT;Other;1
SOURCE;EconomicOperands;5
STATES;EconomicOperands;9
STATUS;EconomicOperands;1
SUBMIT;EconomicOperands;9
SYSTEM;EconomicOperands;3
TIMELY;Attributes;2
UNLESS;LogicalConnectors;2
VOLUME;EconomicOperands;1
VOTING;EconomicOperands;1
WAIVER;RegulatoryOperators;2
WITHIN;FunctionWords;2
AFTER;LogicalConnectors;10
ALTER;EconomicOperands;1
AMEND;EconomicOperands;1
AMONG;FunctionWords;3
APPLY;Other;10
BASIS;EconomicOperands;3
CAUSE;EconomicOperands;2
CEDED;EconomicOperands;1
CITED;Other;2
CLASS;EconomicOperands;2
COSTS;EconomicOperands;1
COULD;FunctionWords;1
COURT;EconomicOperands;7
ENTER;EconomicOperands;5
FIELD;EconomicOperands;2
FILED;EconomicOperands;1
FINAL;EconomicOperands;2
FIRST;Attributes;1
FORMS;EconomicOperands;2
GIVEN;FunctionWords;1
GROUP;EconomicOperands;2
HUMAN;EconomicOperands;3
ISSUE;EconomicOperands;4
ITEMS;EconomicOperands;1
LEVEL;EconomicOperands;4
LIMIT;EconomicOperands;2
LINES;EconomicOperands;10
MAJOR;FunctionWords;2
MEANS;Other;30
MEETS;EconomicOperands;4
MIGHT;FunctionWords;1
ORDER;EconomicOperands;3
OTHER;FunctionWords;36
PLACE;EconomicOperands;3
PLANS;EconomicOperands;1
PLAYS;EconomicOperands;1
POWER;EconomicOperands;2
PRICE;EconomicOperands;1
PRIOR;EconomicOperands;1
RATES;EconomicOperands;1
RISKS;EconomicOperands;3
SALES;EconomicOperands;1
SCOPE;EconomicOperands;4
SERVE;EconomicOperands;1
SHALL;RegulatoryOperators;68
SMALL;EconomicOperands;1
STATE;EconomicOperands;78
STILL;LogicalConnectors;1
STUDY;EconomicOperands;12
TABLE;Other;1
TAKEN;Other;1
TAXES;EconomicOperands;1
TERMS;Other;3
THEIR;FunctionWords;1
THERE;FunctionWords;3
THOSE;FunctionWords;2
TITLE;LegalReferences;2
TRADE;EconomicOperands;1
UNDER;FunctionWords;36
WHICH;FunctionWords;13
WHILE;LogicalConnectors;1
WHOSE;FunctionWords;1
YEARS;EconomicOperands;1
1000;Attributes;1
5000;Attributes;1
ALSO;LogicalConnectors;2
BEAR;EconomicOperands;1
BEEN;FunctionWords;4
BOTH;FunctionWords;3
COPY;EconomicOperands;3
CROP;EconomicOperands;1
DATA;EconomicOperands;22
DATE;EconomicOperands;7
DENY;EconomicOperands;1
EACH;FunctionWords;9
FEES;EconomicOperands;2
FILE;EconomicOperands;2
FIRM;EconomicOperands;1
FROM;FunctionWords;18
FULL;EconomicOperands;1
FUND;EconomicOperands;2
GAPS;EconomicOperands;2
GUAM;EconomicOperands;2
HAVE;FunctionWords;8
HELD;EconomicOperands;1
INTO;FunctionWords;7
ITEM;Other;1
LAWS;EconomicOperands;7
LESS;FunctionWords;2
LIFE;EconomicOperands;2
LOSS;EconomicOperands;8
MADE;FunctionWords;6
MAKE;FunctionWords;1
MEAN;Other;1
MORE;FunctionWords;5
NAIC;EconomicOperands;16
NOTE;EconomicOperands;1
OBEY;EconomicOperands;2
ONLY;LogicalConnectors;3
OVER;FunctionWords;4
OWNS;EconomicOperands;1
PAID;EconomicOperands;4
PART;FunctionWords;6
RISK;EconomicOperands;14
ROLE;EconomicOperands;1
RULE;EconomicOperands;2
SELL;EconomicOperands;2
SIZE;EconomicOperands;4
SOLD;EconomicOperands;1
SUCH;FunctionWords;64
SUMS;EconomicOperands;1
TERM;Other;35
THAN;FunctionWords;7
THAT;FunctionWords;48
THEN;LogicalConnectors;1
THEY;FunctionWords;1
THIS;FunctionWords;5
TIME;EconomicOperands;3
TYPE;EconomicOperands;2
UNIT;EconomicOperands;1
UPON;FunctionWords;6
VOTE;EconomicOperands;1
WHAT;FunctionWords;1
WILL;FunctionWords;1
WITH;FunctionWords;34
YEAR;EconomicOperands;1
313;LegalReferences;1
314;LegalReferences;1
500;Attributes;1
501;LegalReferences;1
502;LegalReferences;1
521;LegalReferences;1
5C2;LegalReferences;1
701;LegalReferences;1
912;LegalReferences;1
ACT;LegalReferences;1
ALL;FunctionWords;10
AND;LogicalConnectors;175
ANY;FunctionWords;93
ARE;FunctionWords;10
ARM;EconomicOperands;1
BUT;LogicalConnectors;3
CAN;FunctionWords;1
CRM;EconomicOperands;1
DAY;EconomicOperands;1
END;Other;2
FEE;EconomicOperands;1
FOR;FunctionWords;43
GAO;EconomicOperands;1
HAS;FunctionWords;25
HOW;FunctionWords;2
III;LegalReferences;6
ITS;EconomicOperands;5
LAW;EconomicOperands;12
LOW;EconomicOperands;1
MAY;FunctionWords;31
NET;EconomicOperands;1
NEW;EconomicOperands;3
NON;LogicalConnectors;2
NOT;FunctionWords;18
ONE;FunctionWords;1
OUT;EconomicOperands;4
PER;FunctionWords;1
SEC;EconomicOperands;15
TAX;EconomicOperands;5
THE;FunctionWords;527
USE;EconomicOperands;1
WHO;FunctionWords;5
10;Attributes;2
11;LegalReferences;7
12;Attributes;2
13;LegalReferences;1
14;LegalReferences;1
15;Attributes;2
16;LegalReferences;1
22;LegalReferences;1
23;Attributes;1
24;LegalReferences;1
25;Attributes;1
27;LegalReferences;1
30;Attributes;1
31;LegalReferences;1
32;LegalReferences;1
41;LegalReferences;1
42;LegalReferences;2
A2;LegalReferences;1
AA;LegalReferences;3
AN;FunctionWords;55
AS;FunctionWords;40
AT;FunctionWords;7
BB;LegalReferences;3
BE;FunctionWords;46
BY;FunctionWords;59
CC;LegalReferences;1
CP;EconomicOperands;1
EC;EconomicOperands;4
F1;LegalReferences;1
IF;LogicalConnectors;16
II;LegalReferences;13
IN;FunctionWords;108
IS;FunctionWords;45
IT;EconomicOperands;3
IV;LegalReferences;5
NO;FunctionWords;6
OF;FunctionWords;292
ON;FunctionWords;45
OR;LogicalConnectors;192
SO;LogicalConnectors;2
TO;FunctionWords;125
US;EconomicOperands;3
/;EconomicOperands;2
1;Attributes;27
2;Attributes;20
3;Attributes;18
4;Attributes;9
5;Attributes;19
6;Attributes;6
7;Attributes;2
8;Attributes;2
9;Attributes;3
A;FunctionWords;146
B;LegalReferences;28
C;LegalReferences;20
D;LegalReferences;13
E;LegalReferences;18
F;LegalReferences;7
G;EconomicOperands;5
H;LegalReferences;2
I;FunctionWords;15
J;LegalReferences;1
K;LegalReferences;1
L;LegalReferences;1
M;LegalReferences;1
N;LegalReferences;1
O;LegalReferences;1
P;LegalReferences;1
Q;LegalReferences;1
R;LegalReferences;6
S;Attributes;25
U;LegalReferences;1
V;LegalReferences;3
X;LegalReferences;5
Y;LegalReferences;1
