THE DEPOSITORY INSTITUTIONS MANAGEMENT INTERLOCKS ACT 12 USC 3201 ET SEQ;LegalReferences;1
FINANCIAL INSTITUTIONS REFORM RECOVERY AND ENFORCEMENT ACT OF 1989;LegalReferences;1
NONBANK FINANCIAL COMPANY SUPERVISED BY THE BOARD OF GOVERNORS;EconomicOperands;62
SECTION 5136A OF THE REVISED STATUTES OF THE UNITED STATES;LegalReferences;1
THE BANK HOLDING COMPANY ACT OF 1956 12 USC 1841 ET SEQ;LegalReferences;1
GENERALLY APPLICABLE RISK-BASED CAPITAL REQUIREMENTS;EconomicOperands;4
THE BANK HOLDING COMPANY ACT OF 1956 12 USC 1843K6B;LegalReferences;1
THE INTERNATIONAL BANKING ACT OF 1978 12 USC 3105D3;LegalReferences;1
THE INTERNATIONAL BANKING ACT OF 1978 12 USC 3105E1;LegalReferences;1
GENERALLY APPLICABLE LEVERAGE CAPITAL REQUIREMENTS;EconomicOperands;4
THE BANK HOLDING COMPANY ACT OF 1956 12 USC 1843J1;LegalReferences;1
THE BANK HOLDING COMPANY ACT OF 1956 12 USC 1843J2;LegalReferences;1
THE INTERNATIONAL BANKING ACT OF 1978 12 USC 3106A;LegalReferences;1
NONBANK FINANCIAL COMPANY SUPERVISED BY THE BOARD;EconomicOperands;1
THE BANK HOLDING COMPANY ACT OF 1956 12 USC 1841;LegalReferences;1
THE BANK HOLDING COMPANY ACT OF 1956 12 USC 1842;LegalReferences;1
THE BANK HOLDING COMPANY ACT OF 1956 12 USC 1843;LegalReferences;2
THE EMERGENCY ECONOMIC STABILIZATION ACT OF 2008;LegalReferences;2
THE FEDERAL DEPOSIT INSURANCE ACT 12 USC 1818B3;LegalReferences;1
THE FEDERAL DEPOSIT INSURANCE ACT 12 USC 1820B3;LegalReferences;1
COMMITTEE ON BANKING HOUSING AND URBAN AFFAIRS;EconomicOperands;8
THE FARM CREDIT ACT OF 1971 12 USC 2001 ET SEQ;LegalReferences;1
THE SECURITIES EXCHANGE ACT OF 1934 15 USC 78O;LegalReferences;1
THE FEDERAL DEPOSIT INSURANCE ACT 12 USC 1818;LegalReferences;2
COMMITTEE ON FINANCIAL SERVICES OF THE HOUSE;EconomicOperands;8
THE FEDERAL ADVISORY COMMITTEE ACT 5 USC APP;LegalReferences;1
NATIONAL CREDIT UNION ADMINISTRATION BOARD;EconomicOperands;1
CHAPTER 71 OF TITLE 5 UNITED STATES CODE;LegalReferences;1
COMPTROLLER GENERAL OF THE UNITED STATES;EconomicOperands;6
BUREAU OF CONSUMER FINANCIAL PROTECTION;EconomicOperands;2
DEMONSTRATED GOOD FAITH EFFORT RESOLVE;EconomicOperands;1
DEPOSITORY INSTITUTION HOLDING COMPANY;EconomicOperands;7
SECURITY-BASED SWAP EXECUTION FACILITY;EconomicOperands;1
SMALLER INSURED DEPOSITORY INSTITUTION;EconomicOperands;3
FINANCIAL STABILITY OVERSIGHT COUNCIL;EconomicOperands;4
SIGNIFICANT NONBANK FINANCIAL COMPANY;EconomicOperands;2
COMMODITY FUTURES TRADING COMMISSION;EconomicOperands;2
NATIONAL CREDIT UNION ADMINISTRATION;EconomicOperands;2
THE BANK HOLDING COMPANY ACT OF 1956;LegalReferences;7
FEDERAL FINANCIAL REGULATORY AGENCY;EconomicOperands;1
FUNCTIONALLY REGULATED SUBSIDIARIES;EconomicOperands;1
PRIMARY FINANCIAL REGULATORY AGENCY;EconomicOperands;28
SECURITY-BASED SWAP DATA REPOSITORY;EconomicOperands;1
THE FINANCIAL STABILITY ACT OF 2010;LegalReferences;4
APPROPRIATE FEDERAL BANKING AGENCY;EconomicOperands;2
DERIVATIVES CLEARING ORGANIZATION;EconomicOperands;1
FOREIGN NONBANK FINANCIAL COMPANY;EconomicOperands;13
FUNCTIONALLY REGULATED SUBSIDIARY;EconomicOperands;4
THE FEDERAL DEPOSIT INSURANCE ACT;LegalReferences;6
SAVINGS AND LOAN HOLDING COMPANY;EconomicOperands;2
SIGNIFICANT BANK HOLDING COMPANY;EconomicOperands;1
COLLECTIVE BARGAINING AGREEMENT;EconomicOperands;1
INSURED DEPOSITORY INSTITUTION;EconomicOperands;22
TO THE FULLEST EXTENT POSSIBLE;Attributes;4
ANNUAL GROSS REVENUES DERIVED;EconomicOperands;1
INTERNAL FINANCIAL ACTIVITIES;EconomicOperands;3
REVERSE REPURCHASE AGREEMENTS;EconomicOperands;2
TROUBLED ASSET RELIEF PROGRAM;EconomicOperands;1
AUDITED FINANCIAL STATEMENTS;EconomicOperands;2
INTERMEDIATE HOLDING COMPANY;EconomicOperands;21
OFF-BALANCE-SHEET ACTIVITIES;EconomicOperands;4
OFFICE OF FINANCIAL RESEARCH;EconomicOperands;22
OFFICE OF THRIFT SUPERVISION;EconomicOperands;1
RESEARCH AND ANALYSIS CENTER;EconomicOperands;6
THE CLAYTON ACT 15 USC 18AC8;LegalReferences;1
US NONBANK FINANCIAL COMPANY;EconomicOperands;10
COMPTROLLER OF THE CURRENCY;EconomicOperands;3
SUBSECTIONS A1 A2 A7 AND C1;LegalReferences;1
DEPARTMENT OF THE TREASURY;EconomicOperands;1
FINANCIAL TRANSACTION DATA;EconomicOperands;2
FREEDOM OF INFORMATION ACT;LegalReferences;1
SPECIAL ADVISORY TECHNICAL;EconomicOperands;5
LEGALLY BINDING AGREEMENT;EconomicOperands;1
NONBANK FINANCIAL COMPANY;EconomicOperands;34
SECRETARY OF THE TREASURY;EconomicOperands;1
SUBPARAGRAPHS A THROUGH E;LegalReferences;1
CAPITAL PURCHASE PROGRAM;EconomicOperands;1
CONSOLIDATED SUPERVISION;EconomicOperands;1
ELIMINATING EXPECTATIONS;EconomicOperands;1
FEDERAL BANKING AGENCIES;EconomicOperands;6
FEDERAL INSURANCE OFFICE;EconomicOperands;6
MUTUAL HOLDING COMPANIES;EconomicOperands;1
PROMPT CORRECTIVE ACTION;EconomicOperands;2
REQUESTS FOR INFORMATION;EconomicOperands;1
FLEXIBLE WORK SCHEDULES;EconomicOperands;1
JURISDICTIONAL DISPUTES;EconomicOperands;2
REVISIONS DEMONSTRATING;EconomicOperands;1
SUBPARAGRAPHS C D AND E;LegalReferences;1
SUBSECTIONS B THROUGH N;LegalReferences;1
SUBSECTIONS C THROUGH G;LegalReferences;2
SUBSECTIONS D THROUGH H;LegalReferences;1
SWAP EXECUTION FACILITY;EconomicOperands;1
TAKE INTO CONSIDERATION;EconomicOperands;1
UNDERSERVED COMMUNITIES;EconomicOperands;3
WORKPLACE FLEXIBILITIES;EconomicOperands;1
AS SOON AS PRACTICABLE;Attributes;1
BANK HOLDING COMPANIES;EconomicOperands;43
DEPOSITORY INSTITUTION;EconomicOperands;16
DERIVATIVE TRANSACTION;EconomicOperands;1
FINANCIAL INSTITUTIONS;EconomicOperands;11
INSTITUTION-AFFILIATED;EconomicOperands;2
INVESTMENT COMPANY ACT;LegalReferences;1
LIQUIDITY REQUIREMENTS;EconomicOperands;3
PARAGRAPHS 1 THROUGH 4;LegalReferences;1
PERMANENT SELF-FUNDING;EconomicOperands;1
PROPOSED DETERMINATION;EconomicOperands;4
REPORTING REQUIREMENTS;EconomicOperands;2
SAFEGUARDS IMPLEMENTED;EconomicOperands;1
SYSTEMICALLY IMPORTANT;EconomicOperands;1
ADVERSE CIRCUMSTANCES;EconomicOperands;1
DEMONSTRABLE PROGRESS;EconomicOperands;4
FINANCIAL TRANSACTION;EconomicOperands;3
PREDOMINANTLY ENGAGED;EconomicOperands;5
REEMPLOYED ANNUITANTS;EconomicOperands;1
REPURCHASE AGREEMENTS;EconomicOperands;3
SUBPARAGRAPHS A AND B;LegalReferences;1
TO THE MAXIMUM EXTENT;Attributes;1
WORKFORCE FLEXIBILITY;EconomicOperands;1
WORKPLACE FLEXIBILITY;EconomicOperands;1
ACTIVITIES CONDUCTED;EconomicOperands;1
BANK HOLDING COMPANY;EconomicOperands;66
CAPITAL REQUIREMENTS;EconomicOperands;25
CHILDCARE ASSISTANCE;EconomicOperands;1
CLAUSES I THROUGH IX;LegalReferences;1
DISTRICT OF COLUMBIA;EconomicOperands;1
FINANCIAL ACTIVITIES;EconomicOperands;26
FINANCIAL INSTRUMENT;EconomicOperands;2
LESS FREQUENTLY THAN;LogicalConnectors;4
LIQUID 2-WAY MARKETS;EconomicOperands;1
ORIGINAL APPOINTMENT;EconomicOperands;1
PROPOSED ACQUISITION;EconomicOperands;1
PRUDENTIAL STANDARDS;EconomicOperands;30
RISK-RELATED FACTORS;EconomicOperands;6
RISK-WEIGHTED ASSETS;EconomicOperands;1
RULE OF CONSTRUCTION;Other;5
SECTION 113A OR 113B;LegalReferences;1
SWAP DATA REPOSITORY;EconomicOperands;1
AND DIVERSIFICATION;EconomicOperands;1
AND RISK MANAGEMENT;EconomicOperands;2
APPROPRIATED MONEYS;EconomicOperands;1
CAPITAL REQUIREMENT;EconomicOperands;5
COMPROMISE POSITION;EconomicOperands;1
COMPTROLLER GENERAL;EconomicOperands;5
COMPUTING RESOURCES;EconomicOperands;1
CORPORATE STRUCTURE;EconomicOperands;1
DIVERSE BACKGROUNDS;EconomicOperands;1
ENGLISH TRANSLATION;EconomicOperands;1
ESSENTIAL LONG-TERM;EconomicOperands;1
FINANCIAL CONDITION;EconomicOperands;5
FINANCIAL STABILITY;EconomicOperands;41
IRREVOCABLE LETTERS;EconomicOperands;1
MARKET TRANSPARENCY;EconomicOperands;1
MATURITIES SUITABLE;EconomicOperands;1
OWNERSHIP STRUCTURE;EconomicOperands;1
PROPOSED ACCOUNTING;EconomicOperands;1
SECURITIES CONTRACT;EconomicOperands;1
SUBSECTIONS A AND B;LegalReferences;7
SUCCESSION PLANNING;EconomicOperands;1
UNDERCAPITALIZATION;EconomicOperands;1
WRITTEN EXPLANATION;EconomicOperands;1
BENEFITS AND RISKS;EconomicOperands;1
BOARD OF GOVERNORS;EconomicOperands;200
CASE-BY-CASE BASIS;EconomicOperands;1
CONTINGENT CAPITAL;EconomicOperands;10
DISPUTE RESOLUTION;EconomicOperands;2
EMPIRICAL EVIDENCE;EconomicOperands;1
EXECUTIVE SCHEDULE;EconomicOperands;3
FARM CREDIT SYSTEM;EconomicOperands;1
FELLOWSHIP PROGRAM;EconomicOperands;2
FINANCIAL CONTRACT;EconomicOperands;3
FINANCIAL SERVICES;EconomicOperands;5
FOR THE PURPOSE OF;LogicalConnectors;3
FOREIGN GOVERNMENT;EconomicOperands;1
IN ACCORDANCE WITH;LogicalConnectors;18
IN CONNECTION WITH;FunctionWords;3
INTERCONNECTEDNESS;EconomicOperands;7
INTERNAL FINANCIAL;EconomicOperands;1
OFFICER PERFORMING;EconomicOperands;1
PARAGRAPHS 1 AND 3;LegalReferences;2
POLICY DEVELOPMENT;EconomicOperands;1
REVENUES GENERATED;EconomicOperands;1
SOFTWARE DEVELOPED;EconomicOperands;1
SOURCE OF STRENGTH;EconomicOperands;3
STATUTES GOVERNING;EconomicOperands;1
TOTAL CONSOLIDATED;EconomicOperands;18
UNITED STATES CODE;LegalReferences;12
ADVANCED TRAINING;EconomicOperands;1
AVOID DUPLICATION;EconomicOperands;1
CAPITAL STANDARDS;EconomicOperands;2
DEPOSIT INSURANCE;EconomicOperands;2
EASILY ACCESSIBLE;EconomicOperands;1
FINANCIAL COMPANY;EconomicOperands;11
FINANCIAL MARKETS;EconomicOperands;8
FINANCIAL PRODUCT;EconomicOperands;1
FINANCIAL SYSTEMS;EconomicOperands;1
FORWARD CONTRACTS;EconomicOperands;1
HART-SCOTT-RODINO;LegalReferences;1
HOLDING COMPANIES;EconomicOperands;14
IN THE EVENT THAT;LogicalConnectors;1
INSURANCE COMPANY;EconomicOperands;1
INTERNAL TREASURY;EconomicOperands;2
JUDICIAL DISTRICT;EconomicOperands;1
MARKET DISCIPLINE;EconomicOperands;2
MARKET EFFICIENCY;EconomicOperands;1
OFF-BALANCE SHEET;EconomicOperands;1
OFF-BALANCE-SHEET;EconomicOperands;3
OPTIMAL STRUCTURE;EconomicOperands;1
OVER-ACCUMULATION;EconomicOperands;2
PHASED RETIREMENT;EconomicOperands;1
PROCEEDS CREDITED;EconomicOperands;1
PROCURE TEMPORARY;EconomicOperands;1
PROPOSED DECISION;EconomicOperands;3
PUBLIC DISCLOSURE;EconomicOperands;7
REASONABLE NOTICE;LegalReferences;1
REPORTED PUBLICLY;EconomicOperands;2
STABILITY-RELATED;EconomicOperands;1
SUBSECTION A OR B;LegalReferences;3
SUBTITLES A AND C;LegalReferences;3
AFFIRMATIVE VOTE;EconomicOperands;9
ANSWER QUESTIONS;EconomicOperands;1
ATTRIBUTION RULE;LegalReferences;1
BECOME EFFECTIVE;EconomicOperands;1
COMMERCIAL PAPER;EconomicOperands;1
DECEMBER 31 2009;Attributes;1
EXISTING REPORTS;EconomicOperands;2
FINANCIAL ASSETS;EconomicOperands;3
FINANCIAL SYSTEM;EconomicOperands;20
MAINTAIN METRICS;EconomicOperands;1
NONAPPLICABILITY;Other;1
NONVOTING MEMBER;EconomicOperands;7
PERIOD BEGINNING;EconomicOperands;3
PREDOMINANT LINE;EconomicOperands;2
RESPONSIBILITIES;EconomicOperands;8
RISK MEASUREMENT;EconomicOperands;1
SIGNED STATEMENT;EconomicOperands;2
STANDARD-SETTING;EconomicOperands;1
THEREOF HAS BEEN;FunctionWords;1
ASSESSMENT BASE;EconomicOperands;1
ATTRIBUTABLE TO;FunctionWords;1
CAPITAL-RAISING;EconomicOperands;1
CHARACTERISTICS;EconomicOperands;1
COMPETITIVENESS;EconomicOperands;3
CONFIDENTIALITY;EconomicOperands;5
CREDIT EXPOSURE;EconomicOperands;19
ECONOMIC GROWTH;EconomicOperands;3
EMERGING MARKET;EconomicOperands;1
EXECUTIVE LEVEL;EconomicOperands;1
FORWARD-LOOKING;EconomicOperands;1
GUARANTEES TIED;EconomicOperands;1
HOLDING COMPANY;EconomicOperands;4
INSTRUMENTALITY;EconomicOperands;1
JUDICIAL REVIEW;EconomicOperands;2
NOTWITHSTANDING;LogicalConnectors;6
POST-EMPLOYMENT;EconomicOperands;2
PUBLICLY TRADED;EconomicOperands;4
RECOMMENDATIONS;EconomicOperands;35
REPRESENTATIVES;EconomicOperands;9
RESPONSIBLE FOR;EconomicOperands;1
RISK MANAGEMENT;EconomicOperands;8
SHORT-TERM DEBT;EconomicOperands;10
STANDARDIZATION;EconomicOperands;1
STANDBY LETTERS;EconomicOperands;2
THIS SUBSECTION;LegalReferences;41
WITH RESPECT TO;LogicalConnectors;22
WRITTEN FINDING;EconomicOperands;1
ADMINISTRATIVE;EconomicOperands;1
AND COMPLEXITY;EconomicOperands;1
AND REGULATION;EconomicOperands;4
AS A RESULT OF;LogicalConnectors;2
BOARD OF TRADE;EconomicOperands;1
CLASSIFICATION;EconomicOperands;1
COMPLYING WITH;RegulatoryOperators;1
CONCENTRATIONS;EconomicOperands;2
CONSIDERATIONS;EconomicOperands;10
COUNTERPARTIES;EconomicOperands;8
DETERMINATIONS;Other;5
EFFECTIVE DATE;EconomicOperands;2
FEDERAL AGENCY;EconomicOperands;1
GROSS REVENUES;EconomicOperands;1
IDENTIFICATION;EconomicOperands;4
IMPLEMENTATION;EconomicOperands;6
IN ADDITION TO;LogicalConnectors;6
IN NO INSTANCE;LogicalConnectors;1
IN THE CASE OF;LogicalConnectors;3
INTERCONNECTED;EconomicOperands;6
JANUARY 1 2010;Attributes;2
JANUARY 1 2013;Attributes;1
LETTER SR-01-1;LegalReferences;1
NOT LATER THAN;LogicalConnectors;33
OCTOBER 4 2010;Attributes;1
ORGANIZATIONAL;EconomicOperands;2
PARENTAL LEAVE;EconomicOperands;1
PART-TIME WORK;EconomicOperands;1
PARTICIPATIONS;EconomicOperands;1
QUANTITATIVELY;EconomicOperands;2
RECOMMENDATION;EconomicOperands;17
REPRESENTATIVE;EconomicOperands;1
SECTION 154B1B;LegalReferences;1
SECTION 3132A1;LegalReferences;1
SECTION 7103A8;LegalReferences;1
STUDY REQUIRED;LegalReferences;8
SUBCHAPTER III;LegalReferences;1
SUBPARAGRAPH A;LegalReferences;18
SUBPARAGRAPH B;LegalReferences;6
SUBPARAGRAPH C;LegalReferences;4
SUBPARAGRAPH D;LegalReferences;1
SUBSECTION B3A;LegalReferences;1
THIS PARAGRAPH;LegalReferences;14
WITH REGARD TO;LogicalConnectors;1
APPLICABILITY;FunctionWords;1
APPLICABLE TO;FunctionWords;11
APPORTIONMENT;EconomicOperands;2
APPROPRIATELY;Attributes;1
BALANCE SHEET;EconomicOperands;2
CIVIL SERVICE;EconomicOperands;2
COMMISSIONERS;EconomicOperands;2
COMPARABILITY;EconomicOperands;1
COMPREHENSIVE;EconomicOperands;2
CONCENTRATION;EconomicOperands;12
CONGRESSIONAL;EconomicOperands;1
CONSIDERATION;EconomicOperands;6
CONSISTING OF;FunctionWords;1
CONSOLIDATION;EconomicOperands;1
DELIBERATIONS;EconomicOperands;2
DETERMINATION;EconomicOperands;38
DIFFERENTIATE;EconomicOperands;2
DISCONTINUOUS;EconomicOperands;2
DISQUALIFYING;EconomicOperands;1
DISTRIBUTIONS;EconomicOperands;1
EFFECTIVENESS;EconomicOperands;2
ESTABLISHMENT;RegulatoryOperators;8
FOREIGN BANKS;EconomicOperands;3
FOREIGN-BASED;EconomicOperands;7
IN WHICH CASE;LogicalConnectors;1
INCREMENTALLY;EconomicOperands;1
INTEREST RATE;EconomicOperands;1
INTERNATIONAL;EconomicOperands;10
JURISDICTIONS;EconomicOperands;1
MAJORITY VOTE;EconomicOperands;1
MEMBER AGENCY;EconomicOperands;14
METHODOLOGIES;EconomicOperands;1
NONAFFILIATED;EconomicOperands;1
ORAL ARGUMENT;EconomicOperands;4
ORGANIZATIONS;EconomicOperands;8
PARTICIPATION;EconomicOperands;1
POSITION DATA;EconomicOperands;6
PROFESSIONALS;EconomicOperands;1
PROVIDED THAT;LogicalConnectors;3
REGARDLESS OF;LogicalConnectors;3
REGULATION OF;EconomicOperands;3
REIMBURSEMENT;EconomicOperands;2
RELATIONSHIPS;EconomicOperands;2
SECTION 113E3;LegalReferences;1
SECTION 1206A;LegalReferences;1
SECTION 154B1;LegalReferences;1
SECTION 167B2;LegalReferences;1
SECTION 3109B;LegalReferences;1
STANDARDIZING;EconomicOperands;1
SUBSECTION A1;LegalReferences;3
SUBSECTION A2;LegalReferences;4
SUBSECTION A4;LegalReferences;1
SUBSECTION A6;LegalReferences;1
SUBSECTION B2;LegalReferences;1
SUBSECTION B3;LegalReferences;3
SUBSECTION D1;LegalReferences;1
SUBSECTION D2;LegalReferences;1
SUBSTANTIALLY;FunctionWords;1
SYSTEMIC RISK;EconomicOperands;5
THIS SUBTITLE;LegalReferences;7
TO THE EXTENT;LogicalConnectors;14
TOGETHER WITH;LogicalConnectors;1
TRANSFER DATE;EconomicOperands;2
UNITED STATES;EconomicOperands;102
VOTING MEMBER;EconomicOperands;14
VOTING SHARES;EconomicOperands;1
ACQUISITIONS;EconomicOperands;4
ADMINISTERED;EconomicOperands;1
ADVISABILITY;EconomicOperands;1
AFFILIATIONS;EconomicOperands;4
APPLICATIONS;EconomicOperands;1
APPROPRIATED;EconomicOperands;2
AVAILABILITY;EconomicOperands;8
CAPABILITIES;EconomicOperands;3
COMMISSIONER;EconomicOperands;2
COMPENSATION;EconomicOperands;5
CONCENTRATED;EconomicOperands;1
CONFIDENTIAL;EconomicOperands;7
CONSEQUENCES;EconomicOperands;2
CONSOLIDATED;EconomicOperands;10
CONSULTATION;EconomicOperands;27
COORDINATION;EconomicOperands;8
CORPORATIONS;EconomicOperands;1
COUNTERPARTS;EconomicOperands;1
COUNTERPARTY;EconomicOperands;1
CROSS-BORDER;EconomicOperands;1
DEFICIENCIES;EconomicOperands;4
DEFINITIONAL;Other;1
DESCRIPTIONS;EconomicOperands;1
DEVELOPMENTS;EconomicOperands;5
EARLIER THAN;LogicalConnectors;1
ESTABLISHING;EconomicOperands;3
EXAMINATIONS;EconomicOperands;5
EXPERIENCING;EconomicOperands;1
FOREIGN BANK;EconomicOperands;10
FUNCTIONS OF;EconomicOperands;2
GREATER THAN;LogicalConnectors;6
IMPLEMENTING;RegulatoryOperators;5
IMPLICATIONS;EconomicOperands;1
IN THE PLACE;LogicalConnectors;1
INCORPORATED;EconomicOperands;4
INSTITUTIONS;EconomicOperands;6
INTELLECTUAL;EconomicOperands;1
INTERMEDIATE;EconomicOperands;4
INTERMITTENT;EconomicOperands;2
INTERRUPTION;EconomicOperands;2
INTERVENTION;EconomicOperands;1
JURISDICTION;EconomicOperands;4
MARKET SHARE;EconomicOperands;1
MODIFICATION;EconomicOperands;5
MULTILATERAL;EconomicOperands;1
NONDELEGABLE;EconomicOperands;3
NOTIFICATION;EconomicOperands;1
ON BEHALF OF;FunctionWords;10
ORGANIZATION;EconomicOperands;3
PARAGRAPH 13;LegalReferences;2
PARAGRAPH 1A;LegalReferences;2
PARAGRAPH 1B;LegalReferences;1
PARAGRAPH 22;LegalReferences;1
PARAGRAPH 2A;LegalReferences;1
PARAGRAPH 2B;LegalReferences;1
PARAGRAPH 3B;LegalReferences;1
PARAGRAPH 4B;LegalReferences;2
PARAGRAPH 6B;LegalReferences;1
PARTICIPANTS;EconomicOperands;1
PARTICIPATED;EconomicOperands;1
PARTICIPATES;EconomicOperands;2
PERIODICALLY;Attributes;4
PROFESSIONAL;EconomicOperands;9
PROGRAMMATIC;EconomicOperands;2
PROHIBITIONS;RegulatoryOperators;1
REEVALUATION;EconomicOperands;1
REGISTRATION;EconomicOperands;6
REGULATION D;LegalReferences;1
REIMBURSABLE;EconomicOperands;1
REQUIREMENTS;EconomicOperands;39
RESPECTIVELY;LogicalConnectors;1
RESTRICTIONS;RegulatoryOperators;2
SECTION 10B3;LegalReferences;1
SECTION 113B;LegalReferences;1
SECTION 115C;LegalReferences;2
SECTION 165A;LegalReferences;5
SECTION 165D;LegalReferences;1
SECTION 46A2;LegalReferences;1
SECTION 4K4E;LegalReferences;1
SECTION 4K6B;LegalReferences;1
SECTION 5314;LegalReferences;2
SECTION 5316;LegalReferences;1
SECTION 7AC8;LegalReferences;1
SHAREHOLDERS;EconomicOperands;1
SPECIFICALLY;LogicalConnectors;1
STAKEHOLDERS;EconomicOperands;1
STRESS TESTS;EconomicOperands;7
SUBPARAGRAPH;Other;5
SUBSECTION A;LegalReferences;54
SUBSECTION B;LegalReferences;4
SUBSECTION C;LegalReferences;2
SUBSECTION D;LegalReferences;2
SUBSECTION E;LegalReferences;1
SUBSIDIARIES;EconomicOperands;15
THIS SECTION;LegalReferences;38
TRANSACTIONS;EconomicOperands;14
UNAFFILIATED;EconomicOperands;3
UNAUTHORIZED;EconomicOperands;1
UNEXPECTEDLY;EconomicOperands;1
10000000000;Attributes;5
12 USC 3207;LegalReferences;1
15000000000;Attributes;1
50000000000;Attributes;11
ACCOMPANIED;EconomicOperands;1
ACCUMULATED;EconomicOperands;1
ACQUISITION;EconomicOperands;5
ADJUSTMENTS;EconomicOperands;1
AND CONDUCT;EconomicOperands;2
AND LENDING;EconomicOperands;2
ANTIEVASION;EconomicOperands;1
APPLICATION;EconomicOperands;11
APPOINTMENT;EconomicOperands;1
APPROPRIATE;Attributes;47
ASSESSMENTS;EconomicOperands;3
AUTHORITIES;EconomicOperands;2
BEING TAKEN;Other;1
CHAIRPERSON;EconomicOperands;27
COMBINATION;EconomicOperands;1
COMMINGLING;EconomicOperands;1
COMMODITIES;EconomicOperands;1
COMMUNITIES;EconomicOperands;2
COMPENSATED;EconomicOperands;2
COMPETITIVE;EconomicOperands;5
COMPUTATION;EconomicOperands;1
CONCURRENCE;EconomicOperands;1
CONFLICTING;EconomicOperands;1
CONSOLIDATE;EconomicOperands;1
CONTRACTUAL;EconomicOperands;1
CONTROLLING;EconomicOperands;3
CONVERTIBLE;EconomicOperands;2
COORDINATED;EconomicOperands;1
CORPORATION;EconomicOperands;21
DATA CENTER;EconomicOperands;15
DEFINITIONS;EconomicOperands;8
DENOMINATOR;LogicalConnectors;4
DERIVATIVES;EconomicOperands;1
DESCRIPTION;EconomicOperands;2
DETERMINING;EconomicOperands;8
DEVELOPMENT;EconomicOperands;5
DIFFERENCES;EconomicOperands;4
DISCUSSIONS;EconomicOperands;4
DISRUPTIONS;EconomicOperands;1
DIVESTITURE;EconomicOperands;2
DUPLICATION;EconomicOperands;1
DUPLICATIVE;EconomicOperands;2
ENDORSEMENT;EconomicOperands;1
ENFORCEABLE;Attributes;2
ENFORCEMENT;EconomicOperands;11
ESTABLISHED;RegulatoryOperators;22
ESTABLISHES;RegulatoryOperators;1
EVALUATIONS;EconomicOperands;1
EXAMINATION;EconomicOperands;10
EXPLANATION;EconomicOperands;3
FEASIBILITY;EconomicOperands;1
FORESEEABLE;EconomicOperands;1
GOVERNMENTS;EconomicOperands;2
IDENTIFYING;EconomicOperands;1
IMMEDIATELY;Attributes;1
IN ADDITION;LogicalConnectors;2
IN ANY CASE;LogicalConnectors;2
IN LIGHT OF;FunctionWords;2
IN ORDER TO;LogicalConnectors;15
INDEPENDENT;EconomicOperands;8
INDIVIDUALS;EconomicOperands;1
INFORMATION;EconomicOperands;46
INSTITUTION;EconomicOperands;5
INSTRUMENTS;EconomicOperands;17
INVESTIGATE;EconomicOperands;2
INVESTMENTS;EconomicOperands;5
LEGISLATION;EconomicOperands;1
LEGISLATIVE;EconomicOperands;2
LIABILITIES;EconomicOperands;5
LIMITATIONS;EconomicOperands;3
LIQUIDATION;EconomicOperands;2
LONGER THAN;LogicalConnectors;2
MARKETPLACE;EconomicOperands;3
MAY 19 2010;Attributes;10
NECESSARILY;EconomicOperands;1
NON-FEDERAL;EconomicOperands;1
NONPUBLICLY;EconomicOperands;1
OBLIGATIONS;EconomicOperands;7
OPERATIONAL;EconomicOperands;2
OPPORTUNITY;EconomicOperands;13
OR AT LEAST;LogicalConnectors;2
PARAGRAPH 1;LegalReferences;44
PARAGRAPH 2;LegalReferences;6
PARAGRAPH 3;LegalReferences;6
PARAGRAPH 4;LegalReferences;2
PARAGRAPH 6;LegalReferences;1
PERFORMANCE;EconomicOperands;1
PRACTICABLE;EconomicOperands;4
PRESCRIBING;EconomicOperands;4
PROBABILITY;EconomicOperands;1
PROCEEDINGS;EconomicOperands;2
PROCUREMENT;EconomicOperands;1
PROHIBITING;RegulatoryOperators;4
PROHIBITION;RegulatoryOperators;6
PROMULGATED;RegulatoryOperators;2
PUBLICATION;EconomicOperands;3
PURSUANT TO;FunctionWords;16
REASONS FOR;EconomicOperands;1
RECOMMENDED;EconomicOperands;5
RECRUITMENT;EconomicOperands;2
REFERRED TO;FunctionWords;2
REGULATIONS;EconomicOperands;47
RELATING TO;FunctionWords;7
RELEVANT TO;LogicalConnectors;1
REMEDIATION;EconomicOperands;5
REPRESENTED;EconomicOperands;1
REQUIREMENT;EconomicOperands;16
RESTORATION;EconomicOperands;1
SECTION 102;LegalReferences;1
SECTION 113;LegalReferences;12
SECTION 115;LegalReferences;7
SECTION 119;LegalReferences;1
SECTION 120;LegalReferences;1
SECTION 152;LegalReferences;1
SECTION 153;LegalReferences;1
SECTION 154;LegalReferences;2
SECTION 165;LegalReferences;2
SECTION 167;LegalReferences;1
SECTION 4J1;LegalReferences;1
SECTION 4J2;LegalReferences;1
SECTION 4J3;LegalReferences;1
SECTION 552;LegalReferences;1
SECTION 553;LegalReferences;1
SECTION 7D3;LegalReferences;1
SECTION 7E1;LegalReferences;1
SECTION 8B3;LegalReferences;1
SECURITIZED;EconomicOperands;1
SEGREGATION;EconomicOperands;1
SHORT TITLE;Other;1
SHORT-DATED;Attributes;1
SIGNIFICANT;Attributes;20
STANDARDIZE;EconomicOperands;1
STREAMLINED;EconomicOperands;1
STRESS TEST;EconomicOperands;1
SUBMISSIONS;EconomicOperands;1
SUBSECTIONS;LegalReferences;2
SUBTITLE BS;LegalReferences;1
SUMMARIZING;EconomicOperands;2
SUPERVISION;EconomicOperands;17
SUPERVISORS;EconomicOperands;1
SUPERVISORY;EconomicOperands;10
TAKE EFFECT;RegulatoryOperators;2
TERMINATION;EconomicOperands;3
THREATENING;EconomicOperands;1
TRADITIONAL;EconomicOperands;1
TRANSACTION;EconomicOperands;8
TRANSFERRED;EconomicOperands;3
25 PERCENT;Attributes;1
5000000000;Attributes;1
85 PERCENT;Attributes;2
ACCEPTABLE;Attributes;3
ACCEPTANCE;EconomicOperands;2
ACCOUNTING;EconomicOperands;2
ACTIVITIES;EconomicOperands;47
ADDITIONAL;EconomicOperands;8
ADEQUATELY;Attributes;1
ADJUSTMENT;EconomicOperands;2
ADMINISTER;EconomicOperands;2
AFFILIATED;EconomicOperands;3
AFFILIATES;EconomicOperands;7
AMENDMENTS;Other;2
ANALYTICAL;EconomicOperands;1
APPLICABLE;FunctionWords;13
APPLICANTS;EconomicOperands;1
AS FOLLOWS;FunctionWords;1
AS LONG AS;LogicalConnectors;1
ASSESSMENT;EconomicOperands;3
ASSIGNABLE;EconomicOperands;1
ASSIGNMENT;EconomicOperands;1
ASSISTANCE;EconomicOperands;5
AUTHORIZED;RegulatoryOperators;9
AUTHORIZES;RegulatoryOperators;1
BANKRUPTCY;EconomicOperands;1
BASED UPON;EconomicOperands;1
BECAUSE OF;LogicalConnectors;2
BUSINESSES;EconomicOperands;2
CAPRICIOUS;EconomicOperands;1
CHAPTER 51;LegalReferences;1
CHAPTER 53;LegalReferences;1
COLLATERAL;EconomicOperands;1
COLLECTING;EconomicOperands;1
COLLECTION;EconomicOperands;4
COMMENCING;EconomicOperands;1
COMMERCIAL;EconomicOperands;3
COMMISSION;EconomicOperands;6
COMMITTEES;EconomicOperands;8
COMPARABLE;EconomicOperands;6
COMPLEXITY;EconomicOperands;3
COMPLIANCE;EconomicOperands;9
COMPONENTS;EconomicOperands;3
COMPROMISE;EconomicOperands;1
CONCERNING;LogicalConnectors;8
CONDITIONS;EconomicOperands;5
CONDUCT OF;EconomicOperands;4
CONDUCTING;EconomicOperands;3
CONFIDENCE;EconomicOperands;1
CONSIDERED;EconomicOperands;4
CONSIST OF;EconomicOperands;1
CONSISTENT;Attributes;7
CONSTITUTE;EconomicOperands;1
CONSULTING;EconomicOperands;1
CONTAINING;EconomicOperands;2
CONTINGENT;EconomicOperands;3
CONTROLLED;EconomicOperands;1
CONVERSION;EconomicOperands;1
COORDINATE;EconomicOperands;5
CREATIVITY;EconomicOperands;1
DEFINITION;EconomicOperands;3
DEPARTMENT;EconomicOperands;7
DESCRIBING;EconomicOperands;1
DESIGNATED;RegulatoryOperators;5
DETERMINED;RegulatoryOperators;14
DETERMINES;RegulatoryOperators;19
DEVELOPING;EconomicOperands;2
DISABILITY;EconomicOperands;1
DISCLOSURE;EconomicOperands;2
DISCRETION;EconomicOperands;5
DISCUSSION;EconomicOperands;1
DISPUTANTS;EconomicOperands;2
DISRUPTION;EconomicOperands;1
DUE REGARD;EconomicOperands;3
EFFICIENCY;EconomicOperands;3
EMPLOYMENT;EconomicOperands;2
ENTERPRISE;EconomicOperands;1
ENUMERATED;EconomicOperands;1
EQUIVALENT;Attributes;1
EVALUATION;EconomicOperands;8
EXCEPTIONS;LogicalConnectors;2
EXECUTIVES;EconomicOperands;1
EXEMPTIONS;RegulatoryOperators;6
EXERCISING;EconomicOperands;2
EXPERIENCE;EconomicOperands;1
EXPIRATION;EconomicOperands;2
EXTENSIONS;EconomicOperands;1
EXTERNALLY;EconomicOperands;2
FACILITATE;EconomicOperands;6
FACILITIES;EconomicOperands;2
FEWER THAN;LogicalConnectors;7
FULFILLING;EconomicOperands;1
GOVERNMENT;EconomicOperands;12
GUARANTEED;EconomicOperands;1
GUARANTEES;EconomicOperands;2
HEIGHTENED;EconomicOperands;7
HISTORICAL;EconomicOperands;1
HOUSEHOLDS;EconomicOperands;2
IDENTIFIED;FunctionWords;3
IDENTIFIES;EconomicOperands;2
IMPORTANCE;EconomicOperands;4
IMPOSITION;EconomicOperands;3
IN GENERAL;FunctionWords;44
INADEQUATE;Attributes;1
INCIDENTAL;EconomicOperands;4
INCREASING;EconomicOperands;1
INDICATORS;EconomicOperands;2
INDIRECTLY;Attributes;2
INDIVIDUAL;EconomicOperands;6
INITIATIVE;EconomicOperands;1
INNOVATION;EconomicOperands;1
INSOLVENCY;EconomicOperands;1
INTERLOCKS;EconomicOperands;2
INVESTMENT;EconomicOperands;3
LEADERSHIP;EconomicOperands;1
LIMITATION;EconomicOperands;3
LIMITED TO;LogicalConnectors;1
LOW-INCOME;EconomicOperands;3
MAINTAINED;EconomicOperands;4
MANAGEMENT;EconomicOperands;10
MECHANISMS;EconomicOperands;1
MEMBERSHIP;EconomicOperands;1
MITIGATION;EconomicOperands;4
MITIGATORY;EconomicOperands;4
MONITORING;EconomicOperands;4
NEGATIVELY;Attributes;1
NONBINDING;EconomicOperands;2
OBJECTIVES;EconomicOperands;1
OBTAINABLE;EconomicOperands;1
OPERATIONS;EconomicOperands;10
PARAGRAPHS;LegalReferences;1
PARAMETERS;EconomicOperands;1
PARTICULAR;FunctionWords;4
PERCENTAGE;EconomicOperands;1
PERFORMING;EconomicOperands;2
PERMISSION;EconomicOperands;1
PERMISSIVE;EconomicOperands;1
PERSONALLY;EconomicOperands;4
PRESCRIBED;RegulatoryOperators;9
PREVIOUSLY;LogicalConnectors;1
PRINCIPLES;EconomicOperands;1
PRIORITIES;EconomicOperands;1
PROCEDURES;EconomicOperands;3
PROCEEDING;EconomicOperands;1
PRODUCTION;EconomicOperands;1
PROMULGATE;EconomicOperands;6
PROVISIONS;EconomicOperands;7
PRUDENTIAL;EconomicOperands;3
REASONABLE;Attributes;7
REDEMPTION;EconomicOperands;1
REEVALUATE;EconomicOperands;2
REFERENCES;EconomicOperands;1
REFINEMENT;EconomicOperands;1
REFLECTING;EconomicOperands;1
REGISTERED;EconomicOperands;2
REGULATION;EconomicOperands;14
REGULATORS;EconomicOperands;3
REGULATORY;EconomicOperands;27
REPRESENTS;EconomicOperands;2
RESCISSION;EconomicOperands;2
RESOLUTION;EconomicOperands;26
RESPECTIVE;EconomicOperands;3
RISK-BASED;EconomicOperands;8
RULEMAKING;Other;6
SAFEGUARDS;EconomicOperands;4
SECTION 15;LegalReferences;1
SECTION 38;LegalReferences;2
SECTION 4C;LegalReferences;1
SECTION 4K;LegalReferences;7
SECTION 8A;LegalReferences;1
SECTION 8T;LegalReferences;1
SECURITIES;EconomicOperands;8
SEMIANNUAL;Attributes;1
SEPARATION;EconomicOperands;1
SETTLEMENT;EconomicOperands;1
SHORT-TERM;EconomicOperands;2
STATE BANK;EconomicOperands;2
STATEMENTS;EconomicOperands;1
STRINGENCY;EconomicOperands;4
SUBJECT TO;LogicalConnectors;32
SUBMISSION;EconomicOperands;11
SUBMITTING;EconomicOperands;1
SUBSEQUENT;FunctionWords;3
SUBSIDIARY;EconomicOperands;36
SUBSTITUTE;EconomicOperands;2
SUBTITLE A;LegalReferences;3
SUBTITLE B;LegalReferences;2
SUCCESSION;EconomicOperands;2
SUFFICIENT;Attributes;2
SUPERVISED;EconomicOperands;39
SUPERVISES;RegulatoryOperators;1
SUPERVISOR;EconomicOperands;2
SYSTEMWIDE;EconomicOperands;1
TAX-EXEMPT;EconomicOperands;1
TECHNIQUES;EconomicOperands;1
TECHNOLOGY;EconomicOperands;1
THE FUTURE;EconomicOperands;1
THEREAFTER;FunctionWords;2
THEREUNDER;FunctionWords;3
THIS TITLE;LegalReferences;25
THREATENED;EconomicOperands;1
TITLE VIII;LegalReferences;2
TRANSITION;EconomicOperands;5
UNDERTAKEN;EconomicOperands;2
15 MONTHS;Attributes;1
18 MONTHS;Attributes;4
2 CONTENT;LegalReferences;1
ACADEMICS;EconomicOperands;1
ADVISABLE;Attributes;2
AFFILIATE;EconomicOperands;10
APPLICANT;EconomicOperands;1
APPOINTED;EconomicOperands;7
ARBITRARY;EconomicOperands;1
ASSEMBLED;EconomicOperands;1
ASSESSING;EconomicOperands;4
ASSISTING;EconomicOperands;1
AUTHORITY;EconomicOperands;41
AVAILABLE;EconomicOperands;13
BE SERVED;FunctionWords;1
BEGINNING;LogicalConnectors;1
BONA FIDE;EconomicOperands;1
BORROWING;EconomicOperands;2
CARRY OUT;EconomicOperands;10
CERTIFIED;EconomicOperands;1
CHARTERED;EconomicOperands;1
CLAUSE II;LegalReferences;1
COLLECTED;EconomicOperands;7
COMMITTEE;EconomicOperands;11
COMPANIES;EconomicOperands;79
COMPONENT;EconomicOperands;2
COMPUTING;EconomicOperands;1
CONCERNED;EconomicOperands;1
CONDITION;EconomicOperands;4
CONDUCTED;EconomicOperands;6
CONFIRMED;EconomicOperands;2
CONSIDERS;EconomicOperands;2
CONSTRUED;Other;7
CONTRACTS;EconomicOperands;2
CONTUMACY;EconomicOperands;1
CONVERTED;EconomicOperands;1
CREDITORS;EconomicOperands;1
CURRENTLY;EconomicOperands;1
DECISIONS;EconomicOperands;2
DEDUCTION;EconomicOperands;3
DEPOSITED;EconomicOperands;1
DESCRIBED;Other;76
DETAILING;Other;1
DETERMINE;RegulatoryOperators;14
DIFFERENT;FunctionWords;3
DIRECTION;EconomicOperands;1
DIRECTORS;EconomicOperands;5
DISPUTING;EconomicOperands;1
EFFECTIVE;Other;5
EMERGENCY;EconomicOperands;1
EMPLOYEES;EconomicOperands;10
ENACTMENT;Other;17
ENCOURAGE;EconomicOperands;1
ENFORCING;RegulatoryOperators;1
ESTABLISH;RegulatoryOperators;26
EXCEPT AS;LogicalConnectors;6
EXCEPTION;RegulatoryOperators;1
EXCLUDING;FunctionWords;1
EXECUTION;EconomicOperands;1
EXEMPTING;RegulatoryOperators;1
EXEMPTION;RegulatoryOperators;6
EXERCISES;EconomicOperands;1
EXPERTISE;EconomicOperands;3
EXPOSURES;EconomicOperands;4
EXPRESSED;EconomicOperands;1
EXTENSION;EconomicOperands;1
EXTRINSIC;EconomicOperands;1
FINANCIAL;EconomicOperands;155
FOLLOWING;FunctionWords;15
FOREGOING;EconomicOperands;1
FUNCTIONS;EconomicOperands;4
GAO AUDIT;EconomicOperands;1
GENERALLY;FunctionWords;1
GOVERNORS;EconomicOperands;1
GUARANTEE;EconomicOperands;1
HAPPENING;EconomicOperands;1
HIGH-RISK;EconomicOperands;1
IMPLEMENT;EconomicOperands;7
INCLUDING;EconomicOperands;51
INCLUSION;LogicalConnectors;1
INSERTING;Other;10
INSOLVENT;EconomicOperands;1
INSURANCE;EconomicOperands;8
INTEGRITY;EconomicOperands;2
INTERFERE;EconomicOperands;1
INTRINSIC;EconomicOperands;1
LESS THAN;LogicalConnectors;7
LEVERAGED;EconomicOperands;1
LIABILITY;EconomicOperands;3
LIQUIDITY;EconomicOperands;6
LISTED IN;Other;2
LONG-TERM;EconomicOperands;1
MANDATORY;EconomicOperands;1
MATERIALS;EconomicOperands;4
MECHANISM;EconomicOperands;1
MORE THAN;LogicalConnectors;2
NECESSARY;Attributes;24
NO LONGER;Attributes;2
NOMINATED;EconomicOperands;1
NUMERATOR;LogicalConnectors;4
OFFICIALS;EconomicOperands;1
OMISSIONS;EconomicOperands;1
OPERATING;EconomicOperands;4
OPERATION;EconomicOperands;1
ORGANIZED;EconomicOperands;7
OTHERWISE;LogicalConnectors;14
OVERSIGHT;EconomicOperands;3
OWNERSHIP;EconomicOperands;6
PERMITTED;RegulatoryOperators;2
PERSONNEL;EconomicOperands;2
PHASED IN;EconomicOperands;1
POSITIONS;EconomicOperands;2
POTENTIAL;EconomicOperands;10
PRACTICES;EconomicOperands;8
PREFERRED;EconomicOperands;3
PRESCRIBE;RegulatoryOperators;7
PRESENTED;EconomicOperands;1
PRESIDENT;EconomicOperands;6
PRIMARILY;Attributes;1
PRINCIPAL;EconomicOperands;1
PRINCIPLE;EconomicOperands;5
PRIVILEGE;EconomicOperands;4
PROCEDURE;EconomicOperands;4
PROCESSES;EconomicOperands;1
PROPOSALS;EconomicOperands;1
PROTECTED;EconomicOperands;3
PROVIDERS;EconomicOperands;1
PROVIDING;EconomicOperands;4
PROVISION;EconomicOperands;8
PURCHASED;EconomicOperands;2
PURCHASES;EconomicOperands;1
QUALIFIED;EconomicOperands;3
QUARTERLY;Attributes;1
RATIONALE;EconomicOperands;1
RECEIVING;EconomicOperands;1
RECOMMEND;EconomicOperands;4
REFERENCE;EconomicOperands;2
REGARDING;LogicalConnectors;16
REGULARLY;Attributes;1
REGULATED;RegulatoryOperators;4
REGULATOR;EconomicOperands;2
REPAYMENT;EconomicOperands;1
REPORTING;EconomicOperands;6
REPRESENT;EconomicOperands;1
REQUESTED;RegulatoryOperators;2
REQUIRING;RegulatoryOperators;8
RESCINDED;EconomicOperands;2
RESULTING;EconomicOperands;2
RETENTION;EconomicOperands;3
REVISIONS;EconomicOperands;5
RISKINESS;EconomicOperands;2
SAFEGUARD;EconomicOperands;1
SECRETARY;EconomicOperands;7
SECTION 2;LegalReferences;1
SECTION 3;LegalReferences;2
SECTION 4;LegalReferences;1
SECTION 7;LegalReferences;1
SECTION 8;LegalReferences;2
SELECTION;EconomicOperands;3
SET FORTH;RegulatoryOperators;13
SIGNATURE;EconomicOperands;1
SIMILARLY;LogicalConnectors;1
SOUNDNESS;EconomicOperands;4
SPECIFIED;RegulatoryOperators;3
SPREADING;EconomicOperands;2
STABILITY;EconomicOperands;10
STANDARDS;EconomicOperands;43
STATEMENT;EconomicOperands;6
STRINGENT;Attributes;9
STRUCTURE;EconomicOperands;8
SUBMITTED;EconomicOperands;7
SUBPOENAS;EconomicOperands;1
SUCCESSOR;EconomicOperands;3
SUPERSEDE;Other;1
SUPERVISE;RegulatoryOperators;1
TAXPAYERS;EconomicOperands;1
TECHNICAL;EconomicOperands;4
TEMPORARY;EconomicOperands;2
TERMINATE;EconomicOperands;3
TESTIMONY;EconomicOperands;10
THRESHOLD;EconomicOperands;3
TIMEFRAME;EconomicOperands;1
TIMELINES;EconomicOperands;1
TREATMENT;EconomicOperands;10
UTILITIES;EconomicOperands;1
VALUATION;EconomicOperands;3
VIOLATION;EconomicOperands;2
WORKFORCE;EconomicOperands;3
1 NOTICE;LegalReferences;2
120 DAYS;Attributes;1
180 DAYS;Attributes;1
24 HOURS;Attributes;1
ACADEMIC;EconomicOperands;1
ACCOUNTS;EconomicOperands;1
ACTIVITY;EconomicOperands;22
ADEQUACY;EconomicOperands;2
ADOPTING;EconomicOperands;4
ADVISORS;EconomicOperands;1
ADVISORY;EconomicOperands;5
AGENCIES;EconomicOperands;44
AGREEING;EconomicOperands;1
ALLOWING;RegulatoryOperators;1
ANALYSES;EconomicOperands;4
ANALYSIS;EconomicOperands;5
ANALYTIC;EconomicOperands;1
ANNUALLY;Attributes;4
APPLYING;EconomicOperands;2
APPROVAL;RegulatoryOperators;3
APPROVED;EconomicOperands;1
AT LEAST;LogicalConnectors;2
ATTRACTS;EconomicOperands;1
AVOIDING;EconomicOperands;1
BASED ON;Other;14
BASELINE;EconomicOperands;2
BELIEVES;EconomicOperands;2
BENEFITS;EconomicOperands;5
BUSINESS;EconomicOperands;12
CAPACITY;EconomicOperands;1
CARRYING;EconomicOperands;5
CATEGORY;EconomicOperands;2
CHAIRMAN;EconomicOperands;4
CHANNELS;EconomicOperands;1
CLEARING;EconomicOperands;2
COMMENTS;EconomicOperands;1
CONCERNS;EconomicOperands;1
CONDUCTS;EconomicOperands;2
CONGRESS;EconomicOperands;18
CONSIDER;EconomicOperands;12
CONTEMPT;EconomicOperands;1
CONTINUE;EconomicOperands;3
CONTRACT;EconomicOperands;1
CONTROLS;EconomicOperands;6
CREDIBLE;Attributes;3
CREDITED;EconomicOperands;3
CRITERIA;EconomicOperands;9
DATABASE;EconomicOperands;2
DECISION;EconomicOperands;11
DEDUCTED;EconomicOperands;1
DELIVERY;EconomicOperands;1
DEPOSITS;EconomicOperands;2
DERIVING;EconomicOperands;1
DESCRIBE;Other;1
DESIGNEE;EconomicOperands;1
DETAILED;EconomicOperands;4
DIRECTLY;Attributes;2
DIRECTOR;EconomicOperands;38
DISPUTES;EconomicOperands;1
DISTRESS;EconomicOperands;11
DISTRICT;EconomicOperands;3
DOES NOT;FunctionWords;13
DOMESTIC;EconomicOperands;3
ECONOMIC;EconomicOperands;8
ELIGIBLE;EconomicOperands;1
EMERGING;EconomicOperands;3
EMPLOYED;EconomicOperands;1
EMPLOYEE;EconomicOperands;9
ENFORCED;EconomicOperands;1
ENGAGING;EconomicOperands;2
ENHANCED;EconomicOperands;7
ENSURING;RegulatoryOperators;1
ENTIRETY;EconomicOperands;1
ENTITIES;EconomicOperands;12
EQUAL TO;LogicalConnectors;7
EQUALITY;EconomicOperands;4
ESTIMATE;EconomicOperands;1
EVALUATE;RegulatoryOperators;1
EXCHANGE;EconomicOperands;3
EXCLUDED;EconomicOperands;2
EXERCISE;EconomicOperands;1
EXISTING;EconomicOperands;3
EXPEDITE;EconomicOperands;1
EXPENDED;EconomicOperands;1
EXPENSES;EconomicOperands;5
EXPLICIT;EconomicOperands;1
EXPOSURE;EconomicOperands;2
FAILURES;EconomicOperands;1
FINDINGS;EconomicOperands;4
FULFILLS;EconomicOperands;1
GUIDANCE;EconomicOperands;1
HEARINGS;EconomicOperands;1
IDENTIFY;EconomicOperands;6
IMPLICIT;EconomicOperands;1
IMPOSING;EconomicOperands;2
INCLUDES;EconomicOperands;9
INCREASE;EconomicOperands;6
INDIRECT;EconomicOperands;1
INDUSTRY;EconomicOperands;1
INFORMED;EconomicOperands;2
INITIATE;EconomicOperands;1
INTENDED;EconomicOperands;1
INTEREST;EconomicOperands;4
INVESTED;EconomicOperands;1
INVESTOR;EconomicOperands;1
INVOLVED;EconomicOperands;1
ISSUANCE;EconomicOperands;1
JUDGMENT;EconomicOperands;1
LEVERAGE;EconomicOperands;11
LIMITING;RegulatoryOperators;4
MAINTAIN;EconomicOperands;11
MAJORITY;EconomicOperands;1
MANAGING;EconomicOperands;1
MATERIAL;EconomicOperands;10
MATURITY;EconomicOperands;1
MAXIMIZE;EconomicOperands;1
MEANINGS;Other;1
MEASURES;EconomicOperands;2
MEETINGS;EconomicOperands;3
MINIMIZE;EconomicOperands;3
MINORITY;EconomicOperands;3
MITIGATE;RegulatoryOperators;14
NATIONAL;EconomicOperands;6
NOT ONLY;LogicalConnectors;1
NOTIFIED;EconomicOperands;1
OBTAINED;EconomicOperands;5
OFFICERS;EconomicOperands;4
OFFICIAL;EconomicOperands;3
OPERATES;EconomicOperands;1
OVERSEEN;EconomicOperands;1
PATTERNS;EconomicOperands;1
PERIODIC;Attributes;4
PHASE-IN;EconomicOperands;2
POLICIES;EconomicOperands;2
POSITION;EconomicOperands;3
POSSIBLE;Attributes;8
PRACTICE;EconomicOperands;9
PRESENTS;EconomicOperands;5
PROBLEMS;EconomicOperands;2
PROCEEDS;EconomicOperands;2
PRODUCTS;EconomicOperands;2
PROGRAMS;EconomicOperands;1
PROHIBIT;RegulatoryOperators;2
PROJECTS;EconomicOperands;1
PROMPTLY;Attributes;1
PROPERLY;Attributes;1
PROPERTY;EconomicOperands;1
PROPOSED;EconomicOperands;4
PROSPECT;EconomicOperands;1
PROVIDED;EconomicOperands;13
PROVIDES;EconomicOperands;1
PUBLICLY;EconomicOperands;3
PUNISHED;EconomicOperands;1
PURPOSES;EconomicOperands;39
RECEIPTS;EconomicOperands;1
RECEIVED;EconomicOperands;2
RECEIVER;EconomicOperands;1
RECEIVES;EconomicOperands;2
RECOURSE;EconomicOperands;1
REFERRAL;EconomicOperands;1
REGISTER;EconomicOperands;2
RELEVANT;Attributes;6
RELIANCE;EconomicOperands;2
REMEDIAL;EconomicOperands;1
REMEDIES;EconomicOperands;1
REPORTED;EconomicOperands;3
REQUESTS;EconomicOperands;2
REQUIRED;RegulatoryOperators;42
REQUIRES;RegulatoryOperators;3
RESEARCH;EconomicOperands;17
RESTRICT;RegulatoryOperators;2
RESUBMIT;EconomicOperands;5
REVISION;EconomicOperands;1
RULES OF;EconomicOperands;2
SCHEDULE;EconomicOperands;3
SECURITY;EconomicOperands;2
SEPARATE;EconomicOperands;1
SERVICES;EconomicOperands;10
SEVERELY;EconomicOperands;2
SOFTWARE;EconomicOperands;1
SPECIFIC;FunctionWords;4
STANDARD;EconomicOperands;5
STRIKING;Other;11
SUBPOENA;EconomicOperands;4
SUBTITLE;LegalReferences;1
TAILORED;Other;1
TELEWORK;EconomicOperands;1
THEREFOR;FunctionWords;1
THIS ACT;LegalReferences;21
TITLE 11;LegalReferences;3
TITLE 31;LegalReferences;1
TITLE II;LegalReferences;3
TRAINING;EconomicOperands;3
TRANSFER;EconomicOperands;2
TREASURY;EconomicOperands;1
VALIDATE;EconomicOperands;1
VIOLATED;EconomicOperands;1
WHENEVER;FunctionWords;5
10 DAYS;Attributes;2
14 DAYS;Attributes;1
15 DAYS;Attributes;1
180-DAY;Attributes;1
2 YEARS;Attributes;6
30 DAYS;Attributes;8
5 YEARS;Attributes;5
6 YEARS;Attributes;2
60 DAYS;Attributes;5
90 DAYS;Attributes;2
ABILITY;EconomicOperands;3
ABSENCE;EconomicOperands;1
ACCOUNT;EconomicOperands;10
ACQUIRE;EconomicOperands;2
ACTIONS;EconomicOperands;10
ADDRESS;EconomicOperands;3
ADOPTED;Other;4
ADVANCE;EconomicOperands;1
ADVERSE;EconomicOperands;6
AGAINST;FunctionWords;4
ALREADY;Attributes;2
AMENDED;RegulatoryOperators;9
AMOUNTS;EconomicOperands;5
ANOTHER;FunctionWords;3
APPLIED;EconomicOperands;4
APPOINT;EconomicOperands;3
ARISING;EconomicOperands;3
AVERAGE;EconomicOperands;2
BACK-UP;EconomicOperands;2
BANKERS;EconomicOperands;1
BANKING;EconomicOperands;4
BELIEVE;EconomicOperands;1
BENEFIT;EconomicOperands;3
BETWEEN;FunctionWords;10
BINDING;EconomicOperands;2
CAPITAL;EconomicOperands;37
CATALOG;EconomicOperands;2
CERTAIN;FunctionWords;12
CHANGED;EconomicOperands;1
CHANGES;EconomicOperands;8
CHAPTER;Other;1
CLASSES;EconomicOperands;1
COLLECT;EconomicOperands;6
COMMENT;EconomicOperands;3
COMPANY;EconomicOperands;164
COMPLEX;EconomicOperands;1
CONDUCT;EconomicOperands;15
CONFORM;RegulatoryOperators;1
CONSENT;EconomicOperands;3
CONSULT;EconomicOperands;9
CONTAIN;EconomicOperands;3
CONTENT;Other;2
CONTEST;EconomicOperands;3
CONTEXT;Other;1
CONTROL;EconomicOperands;8
COUNCIL;EconomicOperands;213
COUNSEL;EconomicOperands;4
COUNTRY;EconomicOperands;13
COVERED;EconomicOperands;1
CREATED;EconomicOperands;1
CURRENT;FunctionWords;3
CURTAIL;EconomicOperands;1
DECLINE;EconomicOperands;3
DEFINED;EconomicOperands;12
DERIVED;EconomicOperands;1
DEVELOP;EconomicOperands;4
DISCUSS;EconomicOperands;2
DISMISS;EconomicOperands;1
DISPUTE;EconomicOperands;8
DISRUPT;EconomicOperands;2
ECONOMY;EconomicOperands;3
EFFECTS;EconomicOperands;6
EFFORTS;EconomicOperands;2
ENFORCE;RegulatoryOperators;2
ENGAGED;EconomicOperands;4
ENHANCE;EconomicOperands;4
EVASION;EconomicOperands;1
EXAMINE;EconomicOperands;3
EXCEEDS;EconomicOperands;1
EXCLUDE;EconomicOperands;1
EXPLAIN;EconomicOperands;2
FACTORS;EconomicOperands;16
FAILURE;EconomicOperands;19
FEDERAL;EconomicOperands;22
FINANCE;EconomicOperands;3
FOLLOWS;FunctionWords;1
FOREIGN;EconomicOperands;35
FORMATS;EconomicOperands;4
FUNDING;EconomicOperands;5
FUTURES;EconomicOperands;1
GENERAL;FunctionWords;5
GRANTED;LogicalConnectors;2
GREATER;LogicalConnectors;3
HEARING;EconomicOperands;21
HOUSING;EconomicOperands;1
IMPOSED;EconomicOperands;5
IMPROVE;EconomicOperands;1
IN CASE;LogicalConnectors;2
INCLUDE;EconomicOperands;21
INITIAL;EconomicOperands;1
INSURED;EconomicOperands;1
INTERIM;EconomicOperands;1
INVITED;EconomicOperands;1
ISSUING;EconomicOperands;2
JOINTLY;FunctionWords;6
LETTERS;EconomicOperands;1
LIMITED;EconomicOperands;2
LOCATED;EconomicOperands;1
MANAGED;EconomicOperands;2
MARKETS;EconomicOperands;3
MATTERS;FunctionWords;2
MAXIMUM;Attributes;1
MEANING;Other;2
MEASURE;EconomicOperands;3
MEETING;EconomicOperands;2
MEMBERS;EconomicOperands;13
MINIMUM;Attributes;12
MISSION;EconomicOperands;1
MONITOR;EconomicOperands;5
NONBANK;EconomicOperands;55
NOTHING;FunctionWords;7
NOTICES;EconomicOperands;2
OFFICER;EconomicOperands;2
OFFICES;EconomicOperands;4
ONGOING;EconomicOperands;3
OPTIONS;EconomicOperands;1
ORDERLY;EconomicOperands;8
OUTCOME;EconomicOperands;1
OUTSIDE;FunctionWords;1
OVERALL;LogicalConnectors;4
PARTIES;EconomicOperands;1
PARTNER;EconomicOperands;1
PAYMENT;EconomicOperands;1
PENDING;FunctionWords;1
PERFORM;EconomicOperands;1
PERIODS;EconomicOperands;1
PERSONS;EconomicOperands;3
PLEDGED;EconomicOperands;1
PORTION;EconomicOperands;2
PREPARE;EconomicOperands;2
PRESENT;FunctionWords;2
PREVENT;RegulatoryOperators;5
PRIMARY;EconomicOperands;8
PRIVATE;EconomicOperands;4
PROCESS;EconomicOperands;5
PRODUCT;EconomicOperands;1
PROFILE;EconomicOperands;2
PROMOTE;EconomicOperands;6
PROTECT;EconomicOperands;1
PROVIDE;EconomicOperands;25
PUBLISH;EconomicOperands;5
PURPOSE;EconomicOperands;13
QUALIFY;EconomicOperands;1
REASONS;EconomicOperands;1
RECEIPT;EconomicOperands;14
RECEIVE;EconomicOperands;1
RECORDS;EconomicOperands;4
RELATED;FunctionWords;8
REPORTS;EconomicOperands;32
REQUEST;EconomicOperands;29
REQUIRE;RegulatoryOperators;34
RESCIND;EconomicOperands;1
RESOLVE;EconomicOperands;4
RESPOND;EconomicOperands;1
RESULTS;EconomicOperands;9
RETAINS;EconomicOperands;1
ROLE OF;EconomicOperands;1
SAVINGS;FunctionWords;1
SECTION;LegalReferences;1
SERVICE;EconomicOperands;5
SERVING;EconomicOperands;11
SETTING;EconomicOperands;1
SHARING;EconomicOperands;3
SHORTER;Attributes;2
SIMILAR;LogicalConnectors;6
SMALLER;Attributes;1
SOURCES;EconomicOperands;1
SPECIAL;EconomicOperands;2
SPONSOR;EconomicOperands;2
STARTUP;EconomicOperands;1
STATING;EconomicOperands;2
STATUTE;Other;1
STUDIES;EconomicOperands;3
SUBJECT;EconomicOperands;9
SUCCEED;EconomicOperands;1
SUCH AS;LogicalConnectors;3
SUMMARY;EconomicOperands;2
SUPPORT;EconomicOperands;11
SURPLUS;EconomicOperands;2
SYSTEMS;EconomicOperands;4
TESTIFY;EconomicOperands;3
THAT IS;LogicalConnectors;34
THEREIN;Other;1
THEREOF;FunctionWords;19
THERETO;FunctionWords;4
THREATS;EconomicOperands;7
THROUGH;FunctionWords;14
TITLE 5;LegalReferences;8
TITLE I;LegalReferences;1
TITLE X;LegalReferences;1
TRADING;EconomicOperands;1
TREATED;EconomicOperands;9
UNSOUND;EconomicOperands;1
VACANCY;EconomicOperands;4
WHETHER;FunctionWords;17
WITHOUT;FunctionWords;11
WORKING;EconomicOperands;1
WRITING;EconomicOperands;9
WRITTEN;EconomicOperands;11
2-YEAR;Attributes;3
3-YEAR;Attributes;1
60-DAY;Attributes;1
ABROAD;EconomicOperands;1
ABSORB;EconomicOperands;1
ACCESS;EconomicOperands;10
ACTING;EconomicOperands;9
ACTION;EconomicOperands;17
ADDING;Other;5
ADJUST;EconomicOperands;1
ADVICE;EconomicOperands;5
ADVISE;EconomicOperands;1
AFFECT;EconomicOperands;4
AGENCY;EconomicOperands;21
AGENTS;EconomicOperands;1
AMOUNT;EconomicOperands;9
ANNUAL;Attributes;10
APPEAL;EconomicOperands;9
APPEAR;EconomicOperands;5
ASSESS;EconomicOperands;2
ASSETS;EconomicOperands;34
ASSIST;EconomicOperands;1
BACKUP;EconomicOperands;1
BECOME;EconomicOperands;3
BEFORE;LogicalConnectors;20
BELIEF;EconomicOperands;1
BRANCH;EconomicOperands;1
BROKER;EconomicOperands;6
BUDGET;EconomicOperands;2
BURDEN;EconomicOperands;2
BUREAU;EconomicOperands;2
CANNOT;RegulatoryOperators;1
CEASES;EconomicOperands;1
CHANGE;EconomicOperands;1
COMMON;FunctionWords;1
COMPLY;RegulatoryOperators;2
COPIES;EconomicOperands;3
COURSE;EconomicOperands;1
COURTS;EconomicOperands;1
CREATE;EconomicOperands;4
CREDIT;EconomicOperands;20
DEALER;EconomicOperands;6
DEDUCT;LogicalConnectors;1
DEEMED;RegulatoryOperators;2
DEFINE;EconomicOperands;3
DEGREE;EconomicOperands;4
DENIES;EconomicOperands;1
DETAIL;EconomicOperands;4
DIRECT;Attributes;6
DIVEST;EconomicOperands;2
DURING;FunctionWords;6
DUTIES;EconomicOperands;16
EFFECT;EconomicOperands;11
ENGAGE;EconomicOperands;1
ENSURE;RegulatoryOperators;8
ENTITY;EconomicOperands;16
EQUITY;EconomicOperands;11
ETHICS;EconomicOperands;1
EXCEED;EconomicOperands;1
EXCEPT;FunctionWords;7
EXEMPT;RegulatoryOperators;2
EXISTS;EconomicOperands;1
EXPERT;EconomicOperands;1
EXTEND;EconomicOperands;2
EXTENT;EconomicOperands;27
FACTOR;EconomicOperands;2
FAILED;EconomicOperands;1
FILING;Other;1
FILLED;EconomicOperands;1
FISCAL;EconomicOperands;1
FOLLOW;EconomicOperands;1
FORCED;EconomicOperands;1
FORMAT;EconomicOperands;2
FOSTER;EconomicOperands;1
FUTURE;EconomicOperands;1
GIVING;FunctionWords;2
GLOBAL;EconomicOperands;2
GROUPS;EconomicOperands;1
GROWTH;EconomicOperands;2
HARBOR;EconomicOperands;1
HAVING;FunctionWords;6
HEADED;EconomicOperands;1
HIGHER;LogicalConnectors;1
HIGHLY;Attributes;2
HIRING;EconomicOperands;1
HYBRID;EconomicOperands;5
IMPACT;EconomicOperands;11
IMPOSE;RegulatoryOperators;4
INFORM;EconomicOperands;1
INTENT;EconomicOperands;1
INVEST;EconomicOperands;1
ISSUED;EconomicOperands;9
ISSUES;EconomicOperands;3
ITSELF;FunctionWords;2
LESSEN;EconomicOperands;1
LEVELS;EconomicOperands;1
LIKELY;Attributes;1
LIMITS;EconomicOperands;19
LONGER;LogicalConnectors;1
LOSSES;EconomicOperands;2
MAKING;FunctionWords;14
MANNER;Other;12
MARKET;EconomicOperands;9
MATTER;Other;1
MEMBER;EconomicOperands;32
MERGER;EconomicOperands;1
MODELS;EconomicOperands;1
MODIFY;EconomicOperands;1
NATURE;EconomicOperands;27
NOTICE;EconomicOperands;25
NOTIFY;EconomicOperands;7
NUMBER;EconomicOperands;2
OBTAIN;EconomicOperands;1
OFFICE;EconomicOperands;64
ORDERS;EconomicOperands;7
PARENT;EconomicOperands;9
PERIOD;EconomicOperands;18
PERMIT;RegulatoryOperators;2
PERSON;EconomicOperands;16
POLICY;EconomicOperands;6
POWERS;EconomicOperands;2
PRICES;EconomicOperands;1
PUBLIC;EconomicOperands;5
RATHER;LogicalConnectors;3
RATIOS;LogicalConnectors;1
REDUCE;EconomicOperands;2
REGARD;EconomicOperands;2
RELATE;EconomicOperands;1
RELIED;EconomicOperands;1
REMAIN;EconomicOperands;3
REPORT;EconomicOperands;53
RESULT;EconomicOperands;6
RETAIN;EconomicOperands;1
REVIEW;EconomicOperands;17
REVISE;EconomicOperands;1
RIGHTS;EconomicOperands;4
ROBUST;Attributes;1
SAFETY;EconomicOperands;4
SECTOR;EconomicOperands;2
SECURE;EconomicOperands;1
SELLER;EconomicOperands;1
SENATE;EconomicOperands;10
SENIOR;EconomicOperands;1
SERIES;EconomicOperands;1
SHARED;EconomicOperands;2
SHARES;EconomicOperands;3
SHIELD;EconomicOperands;1
SHOULD;FunctionWords;5
SOLELY;LogicalConnectors;3
SOURCE;EconomicOperands;6
STAGES;EconomicOperands;2
STATUS;EconomicOperands;4
STRESS;EconomicOperands;3
SUBMIT;EconomicOperands;24
SYSTEM;EconomicOperands;4
TAKING;EconomicOperands;4
TARGET;EconomicOperands;1
THREAT;EconomicOperands;12
TIER 1;EconomicOperands;6
TIMELY;Attributes;6
TIMING;EconomicOperands;1
TOWARD;FunctionWords;4
TRADED;EconomicOperands;1
UNABLE;EconomicOperands;1
UNLESS;LogicalConnectors;6
UNSAFE;EconomicOperands;1
UPDATE;EconomicOperands;2
USEFUL;EconomicOperands;3
VALUES;EconomicOperands;1
VOLUME;EconomicOperands;1
VOTING;EconomicOperands;1
WAIVER;RegulatoryOperators;6
WITHIN;FunctionWords;5
1833B;LegalReferences;1
ABOUT;FunctionWords;2
ABOVE;FunctionWords;1
ADAPT;EconomicOperands;2
ADOPT;EconomicOperands;1
AFTER;LogicalConnectors;49
AGENT;EconomicOperands;1
ALLOW;RegulatoryOperators;1
ALONG;FunctionWords;1
AMONG;FunctionWords;13
APPLY;Other;21
AREAS;EconomicOperands;2
ARISE;EconomicOperands;4
ASSET;EconomicOperands;7
AUDIT;EconomicOperands;3
AVOID;EconomicOperands;2
BANKS;EconomicOperands;2
BASIC;EconomicOperands;1
BASIS;EconomicOperands;23
BEGIN;EconomicOperands;1
BEING;FunctionWords;5
BOARD;EconomicOperands;7
BONDS;EconomicOperands;1
BOOKS;EconomicOperands;1
BRING;EconomicOperands;2
CARRY;EconomicOperands;1
CEASE;EconomicOperands;2
CITED;Other;1
CLASS;EconomicOperands;1
COSTS;EconomicOperands;4
COULD;FunctionWords;15
COURT;EconomicOperands;8
COVER;EconomicOperands;1
CROSS;EconomicOperands;1
DAILY;Attributes;1
DEEMS;RegulatoryOperators;9
EARLY;EconomicOperands;4
EVADE;EconomicOperands;1
EVENT;EconomicOperands;8
EVERY;FunctionWords;2
FAILS;EconomicOperands;2
FINAL;EconomicOperands;26
FINDS;EconomicOperands;1
FIRMS;EconomicOperands;1
FLOOR;EconomicOperands;2
FORMS;EconomicOperands;1
FORTH;FunctionWords;1
FORUM;EconomicOperands;1
FOUND;Other;1
FUNDS;EconomicOperands;8
GIVEN;FunctionWords;1
GOODS;EconomicOperands;1
GRANT;EconomicOperands;1
GRAVE;Attributes;2
HOLDS;EconomicOperands;1
ISSUE;EconomicOperands;14
ITEMS;EconomicOperands;3
JOINT;EconomicOperands;1
KNOWN;Other;1
LARGE;EconomicOperands;14
LATER;FunctionWords;2
LEASE;EconomicOperands;1
LEGAL;EconomicOperands;1
LEVEL;EconomicOperands;3
LIMIT;EconomicOperands;14
LINES;EconomicOperands;1
LOANS;EconomicOperands;1
LOCAL;EconomicOperands;2
LOWER;EconomicOperands;3
MAJOR;FunctionWords;1
MAKES;FunctionWords;4
MEANS;Other;21
MEETS;EconomicOperands;2
MERGE;EconomicOperands;1
MINES;EconomicOperands;1
NAMES;EconomicOperands;1
NEEDS;EconomicOperands;3
OFFER;EconomicOperands;1
ORDER;EconomicOperands;6
OTHER;FunctionWords;98
OWNED;EconomicOperands;3
PARTY;EconomicOperands;4
PLACE;EconomicOperands;4
PLANS;EconomicOperands;7
POOLS;EconomicOperands;1
POSED;EconomicOperands;1
POSES;EconomicOperands;8
PRIOR;EconomicOperands;8
RAPID;EconomicOperands;2
RATES;EconomicOperands;3
RATIO;LogicalConnectors;3
RIGHT;EconomicOperands;2
RISKS;EconomicOperands;32
ROLES;EconomicOperands;1
RULES;EconomicOperands;9
SALES;EconomicOperands;2
SCALE;EconomicOperands;7
SCOPE;EconomicOperands;11
SERVE;EconomicOperands;14
SHALL;RegulatoryOperators;273
SHARE;EconomicOperands;1
SHARP;EconomicOperands;2
SKILL;EconomicOperands;1
SMALL;EconomicOperands;5
SOUND;EconomicOperands;4
SPEND;EconomicOperands;1
STAFF;EconomicOperands;4
STATE;EconomicOperands;18
STEPS;EconomicOperands;5
STOCK;EconomicOperands;3
STUDY;EconomicOperands;15
SWAPS;EconomicOperands;2
TAKEN;Other;7
TAKES;FunctionWords;1
TERMS;Other;7
TESTS;EconomicOperands;5
THEIR;FunctionWords;14
THERE;FunctionWords;4
THIRD;Attributes;1
THOSE;FunctionWords;19
TIMES;EconomicOperands;4
TITLE;LegalReferences;1
TOOLS;EconomicOperands;1
TOTAL;Attributes;4
TRUST;EconomicOperands;3
TYPES;EconomicOperands;5
UNDER;FunctionWords;187
UNDUE;Attributes;1
UNITS;EconomicOperands;3
UNTIL;FunctionWords;4
VALUE;EconomicOperands;1
VIEWS;EconomicOperands;2
WAIVE;RegulatoryOperators;1
WHERE;FunctionWords;1
WHICH;FunctionWords;66
WHOLE;FunctionWords;1
WHOSE;FunctionWords;2
WOULD;FunctionWords;19
YEARS;EconomicOperands;2
ACTS;LegalReferences;1
ALSO;LogicalConnectors;2
AREA;EconomicOperands;1
BANK;EconomicOperands;5
BEAR;EconomicOperands;1
BEEN;FunctionWords;2
BEST;EconomicOperands;1
BODY;EconomicOperands;1
BOTH;FunctionWords;2
CALL;EconomicOperands;1
COST;EconomicOperands;3
DATA;EconomicOperands;29
DATE;EconomicOperands;42
DEBT;EconomicOperands;9
DEEM;RegulatoryOperators;2
DEEP;EconomicOperands;1
DUAL;EconomicOperands;1
EACH;FunctionWords;27
FACA;LegalReferences;1
FEES;EconomicOperands;1
FORM;EconomicOperands;7
FREE;EconomicOperands;1
FROM;FunctionWords;54
FULL;EconomicOperands;1
FUND;EconomicOperands;17
GAPS;EconomicOperands;1
GIVE;FunctionWords;2
HARM;EconomicOperands;1
HAVE;FunctionWords;20
HEAD;EconomicOperands;5
HELD;EconomicOperands;3
HOME;EconomicOperands;15
INTO;FunctionWords;13
ITEM;Other;1
KEEP;EconomicOperands;2
KEPT;EconomicOperands;1
LAST;EconomicOperands;2
LAWS;EconomicOperands;3
LEAD;EconomicOperands;1
LESS;FunctionWords;1
LIKE;LogicalConnectors;1
LIST;EconomicOperands;1
LOAN;EconomicOperands;4
LOSS;EconomicOperands;3
MADE;FunctionWords;18
MAKE;FunctionWords;17
MEAN;Other;1
MEET;EconomicOperands;4
MORE;FunctionWords;24
NEED;EconomicOperands;2
NEXT;LogicalConnectors;1
OATH;EconomicOperands;2
OBEY;EconomicOperands;2
ONLY;LogicalConnectors;5
ORAL;EconomicOperands;8
OVER;FunctionWords;3
OWNS;EconomicOperands;2
PAID;EconomicOperands;1
PART;FunctionWords;4
PLAN;EconomicOperands;28
POSE;EconomicOperands;15
RATE;EconomicOperands;1
RELY;EconomicOperands;4
RISE;Other;1
RISK;EconomicOperands;25
RULE;EconomicOperands;3
SAFE;Attributes;2
SALE;EconomicOperands;2
SAME;FunctionWords;11
SEEK;EconomicOperands;3
SELL;EconomicOperands;1
SIZE;EconomicOperands;14
SOLD;EconomicOperands;2
SOLE;LogicalConnectors;5
SOME;FunctionWords;1
SUCH;FunctionWords;199
TAKE;FunctionWords;11
TERM;Other;34
TEST;EconomicOperands;1
THAN;FunctionWords;19
THAT;FunctionWords;200
THEM;FunctionWords;1
THEN;LogicalConnectors;11
THEY;FunctionWords;1
THIS;FunctionWords;3
TIME;EconomicOperands;13
TYPE;EconomicOperands;1
UPON;FunctionWords;16
USED;EconomicOperands;8
VIII;LegalReferences;1
VOTE;EconomicOperands;9
WAYS;EconomicOperands;1
WERE;FunctionWords;10
WHAT;FunctionWords;1
WHEN;FunctionWords;1
WHOM;FunctionWords;1
WIDE;EconomicOperands;1
WILL;FunctionWords;3
WITH;FunctionWords;107
WORK;EconomicOperands;3
YEAR;EconomicOperands;6
101;LegalReferences;1
102;LegalReferences;1
113;LegalReferences;1
115;LegalReferences;1
119;LegalReferences;1
120;LegalReferences;1
152;LegalReferences;1
153;LegalReferences;1
154;LegalReferences;1
165;LegalReferences;1
167;LegalReferences;1
2/3;Attributes;8
ACT;LegalReferences;6
ALL;FunctionWords;26
AND;LogicalConnectors;616
ANY;FunctionWords;172
ARE;FunctionWords;57
BUT;LogicalConnectors;7
END;Other;16
FIX;EconomicOperands;6
FOR;FunctionWords;193
HAD;FunctionWords;3
HAS;FunctionWords;24
III;LegalReferences;16
ITS;EconomicOperands;26
JOB;EconomicOperands;1
KEY;EconomicOperands;1
LAW;EconomicOperands;8
MAY;FunctionWords;126
MIX;EconomicOperands;5
NEW;EconomicOperands;9
NON;LogicalConnectors;4
NOR;LogicalConnectors;2
NOT;FunctionWords;70
ONE;FunctionWords;8
OUR;FunctionWords;2
OUT;EconomicOperands;5
OWN;FunctionWords;5
PAY;EconomicOperands;4
SEC;EconomicOperands;26
SET;Other;2
THE;FunctionWords;1780
USE;EconomicOperands;13
VII;LegalReferences;1
WAS;FunctionWords;7
WHO;FunctionWords;7
WHY;LogicalConnectors;1
11;LegalReferences;6
12;Attributes;4
15;Attributes;5
16;LegalReferences;7
17;LegalReferences;7
23;Attributes;2
AN;FunctionWords;104
AS;FunctionWords;136
AT;FunctionWords;40
B2;LegalReferences;1
BE;FunctionWords;124
BY;FunctionWords;243
DO;FunctionWords;5
EC;EconomicOperands;11
F1;LegalReferences;2
IF;LogicalConnectors;47
II;LegalReferences;22
IN;FunctionWords;339
IS;FunctionWords;67
IT;EconomicOperands;5
IV;LegalReferences;12
IX;LegalReferences;1
NO;FunctionWords;14
OF;FunctionWords;972
ON;FunctionWords;94
OR;LogicalConnectors;448
TO;FunctionWords;496
US;EconomicOperands;4
VI;EconomicOperands;2
1;Attributes;91
2;Attributes;83
3;Attributes;51
4;Attributes;26
5;Attributes;21
6;Attributes;15
7;Attributes;9
8;Attributes;5
9;Attributes;2
A;FunctionWords;498
B;LegalReferences;99
C;LegalReferences;65
D;LegalReferences;34
E;LegalReferences;27
F;LegalReferences;21
G;EconomicOperands;17
H;LegalReferences;12
I;FunctionWords;33
J;LegalReferences;8
K;LegalReferences;7
L;LegalReferences;3
M;LegalReferences;1
N;LegalReferences;1
O;LegalReferences;1
R;LegalReferences;1
S;Attributes;56
T;LegalReferences;2
V;LegalReferences;6
X;LegalReferences;1
Y;LegalReferences;1
