SECTIONS 422B6 423B7 424C4 442B6 AND 443B6 OF THE CRANSTON-GONZALEZ NATIONAL AFFORDABLE HOUSING ACT 42 USC 12872B6 12873B7 12874C4 12892B6 AND 12893B6;LegalReferences;1
SECTIONS 2023 AND 810B2A OF THE NATIVE AMERICAN HOUSING AND SELF-DETERMINATION ACT OF 1996 25 USC 41323 4229B2A;LegalReferences;2
SECTION 220D2G OF THE LOW-INCOME HOUSING PRESERVATION AND RESIDENT HOMEOWNERSHIP ACT OF 1990 12 USC 4110D2G;LegalReferences;1
TITLE XII OF DIVISION A OF THE AMERICAN RECOVERY AND REINVESTMENT ACT OF 2009 PUBLIC LAW 111-5 123 STAT 217;LegalReferences;2
TITLE XII OF DIVISION A OF THE AMERICAN RECOVERY AND REINVESTMENT ACT OF 2009 PUBLIC LAW 1115 123 STAT 217;LegalReferences;1
SECTION 1124 OF THE FINANCIAL INSTITUTIONS REFORM RECOVERY AND ENFORCEMENT ACT OF 1989 12 USC 3331 ET SEQ;LegalReferences;1
SECTION 1113 OF THE FINANCIAL INSTITUTIONS AND REFORM RECOVERY AND ENFORCEMENT ACT OF 1989 12 USC 3342;LegalReferences;1
SECTION 1119A2 OF THE FINANCIAL INSTITUTIONS REFORM RECOVERY AND ENFORCEMENT ACT OF 1989 12 USC 3348A2;LegalReferences;1
SECTION 112111 OF THE FINANCIAL INSTITUTIONS REFORM RECOVERY AND ENFORCEMENT ACT OF 1989 12 USC 335011;LegalReferences;1
SECTIONS 233B2 AND 258B OF THE CRANSTON-GONZALEZ NATIONAL AFFORDABLE HOUSING ACT 42 USC 12773B2 12808B;LegalReferences;1
TITLE XI OF THE FINANCIAL INSTITUTIONS REFORM RECOVERY AND ENFORCEMENT ACT OF 1989 12 USC 3331 ET SEQ;LegalReferences;3
SECTION 1103A OF THE FINANCIAL INSTITUTIONS REFORM RECOVERY AND ENFORCEMENT ACT OF 1989 12 USC 3332A;LegalReferences;2
SECTION 1104B OF THE FINANCIAL INSTITUTIONS REFORM RECOVERY AND ENFORCEMENT ACT OF 1989 12 USC 3333B;LegalReferences;1
SECTION 1109A OF THE FINANCIAL INSTITUTIONS REFORM RECOVERY AND ENFORCEMENT ACT OF 1989 12 USC 3338A;LegalReferences;2
SECTION 1109B OF THE FINANCIAL INSTITUTIONS REFORM RECOVERY AND ENFORCEMENT ACT OF 1989 12 USC 3338B;LegalReferences;1
SECTION 1112B OF THE FINANCIAL INSTITUTIONS REFORM RECOVERY AND ENFORCEMENT ACT OF 1989 12 USC 3341B;LegalReferences;1
SECTION 11216 OF THE FINANCIAL INSTITUTIONS REFORM RECOVERY AND ENFORCEMENT ACT OF 1989 12 USC 33506;LegalReferences;1
SECTION 11218 OF THE FINANCIAL INSTITUTIONS REFORM RECOVERY AND ENFORCEMENT ACT OF 1989 12 USC 33508;LegalReferences;1
SECTION 1122D OF THE FINANCIAL INSTITUTIONS REFORM RECOVERY AND ENFORCEMENT ACT OF 1989 12 USC 3351D;LegalReferences;1
SECTION 1122 OF THE FINANCIAL INSTITUTIONS REFORM RECOVERY AND ENFORCEMENT ACT OF 1989 12 USC 3351B;LegalReferences;1
SECTION 1106 OF THE FINANCIAL INSTITUTIONS REFORM RECOVERY AND ENFORCEMENT ACT OF 1989 12 USC 3335;LegalReferences;1
SECTION 1110 OF THE FINANCIAL INSTITUTIONS REFORM RECOVERY AND ENFORCEMENT ACT OF 1989 12 USC 3339;LegalReferences;1
SECTION 1116 OF THE FINANCIAL INSTITUTIONS REFORM RECOVERY AND ENFORCEMENT ACT OF 1989 12 USC 3345;LegalReferences;1
SECTION 1117 OF THE FINANCIAL INSTITUTIONS REFORM RECOVERY AND ENFORCEMENT ACT OF 1989 12 USC 3346;LegalReferences;1
SECTION 1118 OF THE FINANCIAL INSTITUTIONS REFORM RECOVERY AND ENFORCEMENT ACT OF 1989 12 USC 3347;LegalReferences;1
SECTION 1121 OF THE FINANCIAL INSTITUTIONS REFORM RECOVERY AND ENFORCEMENT ACT OF 1989 12 USC 3350;LegalReferences;1
SECTION 1122 OF THE FINANCIAL INSTITUTIONS REFORM RECOVERY AND ENFORCEMENT ACT OF 1989 12 USC 3351;LegalReferences;4
SECTION 302A4 OF THE AMERICAN HOMEOWNERSHIP AND ECONOMIC OPPORTUNITY ACT OF 2000 42 USC 1437F NOTE;LegalReferences;1
SECTION 233B2 OF THE CRANSTON-GONZALEZ NATIONAL AFFORDABLE HOUSING ACT 42 USC 12773B2;LegalReferences;1
SECTION 422B6 OF THE CRANSTON-GONZALEZ NATIONAL AFFORDABLE HOUSING ACT 42 USC 12872B6;LegalReferences;1
SECTION 1045 OF THE CRANSTON-GONZALEZ NATIONAL AFFORDABLE HOUSING ACT 42 USC 127045;LegalReferences;1
SECTION 106C5AII OF THE HOUSING AND URBAN DEVELOPMENT ACT OF 1968 12 USC 1701XC5AII;LegalReferences;1
SECTION 2301F3AII OF THE HOUSING AND ECONOMIC RECOVERY ACT OF 2008 42 USC 5301F3AII;LegalReferences;1
SECTION 105A20 OF THE HOUSING AND COMMUNITY DEVELOPMENT ACT OF 1974 42 USC 5305A20;LegalReferences;2
SECTION 491B1FIII OF THE MCKINNEY-VENTO HOMELESS ASSISTANCE ACT 42 USC 11408B1FIII;LegalReferences;2
SECTION 101E OF THE HOUSING AND URBAN DEVELOPMENT ACT OF 1968 12 USC 1701X 1701WE;LegalReferences;1
SECTION 106A4F OF THE HOUSING AND URBAN DEVELOPMENT ACT OF 1968 12 USC 1701XA4F;LegalReferences;1
SECTION 2301B OF THE HOUSING AND ECONOMIC RECOVERY ACT OF 2008 42 USC 5301 NOTE;LegalReferences;1
THE FEDERAL FINANCIAL INSTITUTIONS EXAMINATION COUNCIL ACT OF 1978 12 USC 3310;LegalReferences;1
PARAGRAPH 1 OF SECTION 2301C OF THE HOUSING AND ECONOMIC RECOVERY ACT OF 2008;LegalReferences;1
SECTION 106A4 OF THE HOUSING AND URBAN DEVELOPMENT ACT OF 1968 12 USC 1701XA4;LegalReferences;1
SECTION 106G1 OF THE HOUSING AND URBAN DEVELOPMENT ACT OF 1968 12 USC 1701XH1;LegalReferences;1
SECTION 4 OF THE DEPARTMENT OF HOUSING AND URBAN DEVELOPMENT ACT 42 USC 3533;LegalReferences;1
SECTION 106A OF THE HOUSING AND URBAN DEVELOPMENT ACT OF 1968 12 USC 1701XA;LegalReferences;1
SECTION 106E OF THE HOUSING AND URBAN DEVELOPMENT ACT OF 1968 12 USC 1701XE;LegalReferences;3
SUBSECTION E OF SECTION 701 OF THE EQUAL CREDIT OPPORTUNITY ACT 15 USC 1691;LegalReferences;1
SECTION 5 OF THE REAL ESTATE SETTLEMENT PROCEDURES ACT OF 1974 12 USC 2604;LegalReferences;2
SECTION 508 OF THE HOUSING AND URBAN DEVELOPMENT ACT OF 1970 12 USC 1701Z7;LegalReferences;1
SECTION 106 OF THE HOUSING AND URBAN DEVELOPMENT ACT OF 1968 12 USC 1701X;LegalReferences;4
SECTION 2301 OF THE HOUSING AND ECONOMIC RECOVERY ACT OF 2008 42 USC 5301;LegalReferences;1
THE EMERGENCY ECONOMIC STABILIZATION ACT OF 2008 12 USC 5201 ET SEQ;LegalReferences;1
FINANCIAL INSTITUTIONS REFORM RECOVERY AND ENFORCEMENT ACT OF 1989;LegalReferences;4
SECTION 8 OF THE UNITED STATES HOUSING ACT OF 1937 42 USC 1437F;LegalReferences;1
THE REAL ESTATE SETTLEMENT PROCEDURES ACT OF 1974 12 USC 2605I2;LegalReferences;1
EMERGENCY ECONOMIC STABILIZATION ACT OF 2008 PUBLIC LAW 110343;LegalReferences;2
SECTION 106 OF THE ENERGY POLICY ACT OF 1992 42 USC 12712 NOTE;LegalReferences;1
THE REAL ESTATE SETTLEMENT PROCEDURES ACT OF 1974 12 USC 2605E;LegalReferences;1
THE REAL ESTATE SETTLEMENT PROCEDURES ACT OF 1974 12 USC 2605F;LegalReferences;1
THE REAL ESTATE SETTLEMENT PROCEDURES ACT OF 1974 12 USC 2605G;LegalReferences;1
THE REAL ESTATE SETTLEMENT PROCEDURES ACT OF 1974 12 USC 2605;LegalReferences;1
THE FEDERAL HOME LOAN MORTGAGE CORPORATION ACT 12 USC 1454A2;LegalReferences;6
SECTIONS 21B AND 21C OF THE SECURITIES EXCHANGE ACT OF 1934;LegalReferences;1
DODD-FRANK WALL STREET REFORM AND CONSUMER PROTECTION ACT;LegalReferences;1
EXPAND AND PRESERVE HOME OWNERSHIP THROUGH COUNSELING ACT;LegalReferences;2
SECTION 103AA2 OF THE TRUTH IN LENDING ACT 15 USC 1602AA2;LegalReferences;1
SECTION 103AA4 OF THE TRUTH IN LENDING ACT 15 USC 1602AA4;LegalReferences;1
SECTION 203C2A OF THE NATIONAL HOUSING ACT 12 USC 1709C2A;LegalReferences;1
CHAPTER 2 OF THE TRUTH IN LENDING ACT 15 USC 1631 ET SEQ;LegalReferences;8
SECTION 502H4B OF THE HOUSING ACT OF 1949 42 USC 1472H4B;LegalReferences;1
SUBCHAPTER I OF CHAPTER 57 OF TITLE 5 UNITED STATES CODE;LegalReferences;1
HOUSING AND URBAN DEVELOPMENT ACT OF 1968 12 USC 1701XE;LegalReferences;1
SECTION 103AA OF THE TRUTH IN LENDING ACT 15 USC 1602AA;LegalReferences;2
SECTION 129C2 OF THE TRUTH IN LENDING ACT 15 USC 1639C2;LegalReferences;1
SECTION 108A OF THE TRUTH IN LENDING ACT 15 USC 1607A;LegalReferences;1
SECTION 128B OF THE TRUTH IN LENDING ACT 15 USC 1638B;LegalReferences;1
SECTION 129E OF THE TRUTH IN LENDING ACT 15 USC 1639E;LegalReferences;1
SECTION 130A OF THE TRUTH IN LENDING ACT 15 USC 1640A;LegalReferences;1
SECTION 130E OF THE TRUTH IN LENDING ACT 15 USC 1640E;LegalReferences;2
SUBSECTIONS D2B AND M1 OF SECTION 255 12 USC 1715Z20;LegalReferences;1
SECTION 103 OF THE TRUTH IN LENDING ACT 15 USC 1602;LegalReferences;2
SECTION 105 OF THE TRUTH IN LENDING ACT 15 USC 1604;LegalReferences;1
SECTION 128 OF THE TRUTH IN LENDING ACT 15 USC 1638;LegalReferences;1
SECTION 129 OF THE TRUTH IN LENDING ACT 15 USC 1639;LegalReferences;6
SECTION 130 OF THE TRUTH IN LENDING ACT 15 USC 1640;LegalReferences;2
NATIONWIDE MORTGAGE LICENSING SYSTEM AND REGISTRY;EconomicOperands;3
SECTION 128A OF TRUTH IN LENDING ACT 15 USC 1638A;LegalReferences;1
SUBSECTIONS A AND C3 OF SECTION 237 12 USC 1715Z2;LegalReferences;1
THE HELPING FAMILIES SAVE THEIR HOMES ACT OF 2009;LegalReferences;1
THE REAL ESTATE SETTLEMENT PROCEDURES ACT OF 1974;LegalReferences;5
SECTIONS 125 AND 129 OF THE TRUTH IN LENDING ACT;LegalReferences;1
COMMITTEE ON BANKING HOUSING AND URBAN AFFAIRS;EconomicOperands;4
MORTGAGE REFORM AND ANTI-PREDATORY LENDING ACT;LegalReferences;3
COMMUNITY DEVELOPMENT ACT OF 1974 42 USC 5302;LegalReferences;1
REAL ESTATE SETTLEMENT PROCEDURES ACT OF 1974;LegalReferences;2
SECTION 10153D OF TITLE 11 UNITED STATES CODE;LegalReferences;3
THE EMERGENCY HOUSING ACT OF 1975 12 USC 2706;LegalReferences;1
COMMITTEE ON FINANCIAL SERVICES OF THE HOUSE;EconomicOperands;4
COMMONWEALTH OF THE NORTHERN MARIANA ISLANDS;EconomicOperands;1
DEPARTMENT OF HOUSING AND URBAN DEVELOPMENT;EconomicOperands;18
THE NATIONAL HOUSING ACT 12 USC 1702 ET SEQ;LegalReferences;2
THE NATIONAL HOUSING ACT 12 USC 1707 ET SEQ;LegalReferences;1
NATIONAL CREDIT UNION ADMINISTRATION BOARD;EconomicOperands;6
SECRETARY OF HOUSING AND URBAN DEVELOPMENT;EconomicOperands;24
SECTION 129CB3 OF THE TRUTH IN LENDING ACT;LegalReferences;1
ECONOMIC RECOVERY ACT OF 2008 42 USC 5301;LegalReferences;1
THE FLOOD DISASTER PROTECTION ACT OF 1973;LegalReferences;3
COMPTROLLER GENERAL OF THE UNITED STATES;EconomicOperands;2
FEDERALLY INSURED DEPOSITORY INSTITUTION;EconomicOperands;1
SECTION 129B OF THE TRUTH IN LENDING ACT;LegalReferences;3
SECTION 129C OF THE TRUTH IN LENDING ACT;LegalReferences;4
SECTION 129D OF THE TRUTH IN LENDING ACT;LegalReferences;1
THE NATIONAL FLOOD INSURANCE ACT OF 1968;LegalReferences;1
BUREAU OF CONSUMER FINANCIAL PROTECTION;EconomicOperands;12
FEDERAL HOME LOAN MORTGAGE CORPORATION;EconomicOperands;1
CHAPTER 2 OF THE TRUTH IN LENDING ACT;LegalReferences;5
FEDERAL DEPOSIT INSURANCE CORPORATION;EconomicOperands;7
FEDERAL NATIONAL MORTGAGE ASSOCIATION;EconomicOperands;1
NEIGHBORHOOD REINVESTMENT CORPORATION;EconomicOperands;2
PROTECTING TENANTS AT FORECLOSURE ACT;LegalReferences;1
HOME AFFORDABLE MODIFICATION PROGRAM;EconomicOperands;5
SECURITIES AND EXCHANGE COMMISSION;EconomicOperands;1
THE ADMINISTRATIVE PROCEDURES ACT;LegalReferences;1
THE EMERGENCY HOUSING ACT OF 1975;LegalReferences;1
UNITED STATES HOUSING ACT OF 1937;LegalReferences;2
GOVERNMENT-SPONSORED ENTERPRISES;EconomicOperands;2
INTERNAL REVENUE SERVICE FORM W2;LegalReferences;1
TRUST TERRITORIES OF THE PACIFIC;EconomicOperands;1
UNIT OF GENERAL LOCAL GOVERNMENT;EconomicOperands;2
APPRAISAL SUBCOMMITTEE OF FFIEC;EconomicOperands;1
CERTIFIED OR LICENSED APPRAISER;EconomicOperands;7
HYBRID ADJUSTABLE RATE MORTGAGE;EconomicOperands;6
HUD-APPROVED COUNSELING AGENCY;EconomicOperands;2
MORTGAGE LICENSING ACT OF 2008;LegalReferences;3
ECONOMIC RECOVERY ACT OF 2008;LegalReferences;1
EQUITY PROTECTION ACT OF 1994;LegalReferences;1
FLOOD DISASTER PROTECTION ACT;LegalReferences;1
INTERNAL REVENUE CODE OF 1986;EconomicOperands;1
URBAN DEVELOPMENT ACT OF 1968;LegalReferences;2
APPRAISAL MANAGEMENT COMPANY;EconomicOperands;28
OFFICE OF THRIFT SUPERVISION;EconomicOperands;1
STATE HOUSING FINANCE AGENCY;EconomicOperands;2
COMMONWEALTH OF PUERTO RICO;EconomicOperands;1
COMPTROLLER OF THE CURRENCY;EconomicOperands;7
SECTION 23C4 42 USC 1437UC4;LegalReferences;2
MORTGAGE-BACKED SECURITIES;EconomicOperands;1
ADJUSTABLE RATE MORTGAGES;EconomicOperands;1
AUTOMATED VALUATION MODEL;EconomicOperands;10
BONA FIDE DISCOUNT POINTS;EconomicOperands;8
RENTAL HOUSING COUNSELING;EconomicOperands;8
RESIDENTIAL MORTGAGE LOAN;EconomicOperands;94
SECRETARY OF THE TREASURY;EconomicOperands;8
UNIFORM RESOURCE LOCATORS;EconomicOperands;1
ADJUSTABLE RATE MORTGAGE;EconomicOperands;1
AVERAGE PRIME OFFER RATE;EconomicOperands;18
DESIGNATED TRANSFER DATE;EconomicOperands;3
ENUMERATED CONSUMER LAWS;EconomicOperands;1
HOMEOWNERSHIP COUNSELING;EconomicOperands;15
HUD/FHA FORM HUD 92564CN;LegalReferences;1
SECRETARY OF AGRICULTURE;EconomicOperands;1
SECTION 129 15 USC 1639A;LegalReferences;1
SECTION 9E 42 USC 1437GE;LegalReferences;2
SENIOR EXECUTIVE SERVICE;EconomicOperands;1
THE NATIONAL HOUSING ACT;LegalReferences;3
DEPOSITORY INSTITUTIONS;EconomicOperands;2
SECTION 103 12 USC 2702;LegalReferences;1
SECTION 104 12 USC 2703;LegalReferences;1
SECTION 105 12 USC 2704;LegalReferences;1
SECTION 108 12 USC 2707;LegalReferences;1
SECTION 109 12 USC 2708;LegalReferences;1
SECTION 112 12 USC 2711;LegalReferences;1
SECTION 203 12 USC 1709;LegalReferences;1
SUBPARAGRAPHS A B AND C;LegalReferences;1
SUBPARAGRAPHS A B AND D;LegalReferences;1
SUBSECTIONS N O P AND Q;LegalReferences;1
TAKE INTO CONSIDERATION;EconomicOperands;3
APPRAISAL SUBCOMMITTEE;EconomicOperands;40
CREDIT OPPORTUNITY ACT;LegalReferences;1
DEPOSITORY INSTITUTION;EconomicOperands;3
FINANCIAL INSTITUTIONS;EconomicOperands;6
FORCE-PLACED INSURANCE;EconomicOperands;12
MULTIFAMILY PROPERTIES;EconomicOperands;2
NONPROFIT ORGANIZATION;EconomicOperands;5
PARAGRAPHS 2 THROUGH 5;LegalReferences;1
VARIABLE RATE MORTGAGE;EconomicOperands;1
APPLICABLE INDIVIDUAL;EconomicOperands;8
BUSINESS OF INSURANCE;EconomicOperands;1
CONFLICTS OF INTEREST;EconomicOperands;2
FINANCIAL INSTITUTION;EconomicOperands;13
NATIONALLY RECOGNIZED;EconomicOperands;1
POLITICAL SUBDIVISION;EconomicOperands;2
RESIDENTIAL MORTGAGES;EconomicOperands;1
RULES OF CONSTRUCTION;Other;1
SUBPARAGRAPHS C AND D;LegalReferences;1
TO THE MAXIMUM EXTENT;Attributes;1
65 PERCENTAGE POINTS;Attributes;1
85 PERCENTAGE POINTS;Attributes;2
ALLOCATION OF CREDIT;EconomicOperands;1
APPRAISAL FOUNDATION;EconomicOperands;3
BROKER PRICE OPINION;EconomicOperands;7
CONFLICT OF INTEREST;EconomicOperands;1
DISTRICT OF COLUMBIA;EconomicOperands;2
FINDINGS CONCLUSIONS;EconomicOperands;1
HIGHER-RISK MORTGAGE;EconomicOperands;6
IN DANGER OF DEFAULT;EconomicOperands;1
MULTIMEDIA CAMPAIGNS;EconomicOperands;3
PRUDENTIAL REGULATOR;EconomicOperands;1
RESIDENTIAL MORTGAGE;EconomicOperands;4
RULE OF CONSTRUCTION;Other;3
TRUTH IN LENDING ACT;LegalReferences;8
ANTI-DEFICIENCY LAW;EconomicOperands;6
CIVIL MONEY PENALTY;EconomicOperands;2
COMPTROLLER GENERAL;EconomicOperands;6
CONSUMER PROTECTION;EconomicOperands;1
FORECLOSURE-RELATED;EconomicOperands;1
IN CONJUNCTION WITH;FunctionWords;1
MISCHARACTERIZATION;EconomicOperands;2
MORTGAGE ORIGINATOR;EconomicOperands;44
REACHING FIRST-TIME;EconomicOperands;1
SUBCLAUSES I AND II;LegalReferences;1
SUBPARAGRAPH A OR B;LegalReferences;1
SUBSECTIONS A AND B;LegalReferences;1
SUBSECTIONS L AND M;LegalReferences;1
AS THE CASE MAY BE;LogicalConnectors;2
BOARD OF GOVERNORS;EconomicOperands;3
COUNSELING-RELATED;EconomicOperands;1
COVERED ASSISTANCE;EconomicOperands;11
FOR THE PURPOSE OF;LogicalConnectors;5
FULLY INDEXED RATE;EconomicOperands;2
GOVERNMENT-INSURED;EconomicOperands;1
HIGH-COST MORTGAGE;EconomicOperands;22
HIGHER-THAN-NORMAL;RegulatoryOperators;1
IN ACCORDANCE WITH;LogicalConnectors;30
IN CONFORMITY WITH;RegulatoryOperators;1
IN CONNECTION WITH;FunctionWords;47
MUTUALLY AGREEABLE;EconomicOperands;1
PARAGRAPHS 1 AND 2;LegalReferences;1
PARAGRAPHS 5 AND 6;LegalReferences;1
POLICY DEVELOPMENT;EconomicOperands;1
QUALIFIED MORTGAGE;EconomicOperands;20
SUBSECTIONS B OR D;LegalReferences;1
UNITED STATES CODE;LegalReferences;1
CREDIT PROTECTION;EconomicOperands;1
CREDIT WORTHINESS;EconomicOperands;1
HOMEOWNERS FACING;EconomicOperands;1
IN THE CONTEXT OF;FunctionWords;1
INCONSISTENT WITH;LogicalConnectors;1
INSTRUMENTALITIES;EconomicOperands;1
INSURANCE COMPANY;EconomicOperands;1
MANUFACTURED HOME;EconomicOperands;1
MISCHARACTERIZING;EconomicOperands;3
NON-ESTABLISHMENT;EconomicOperands;1
PRE-QUALIFICATION;EconomicOperands;1
PREDATORY LENDING;EconomicOperands;1
REAL ESTATE-OWNED;EconomicOperands;1
SUBPRIME MORTGAGE;EconomicOperands;2
SUBSECTION A OR C;LegalReferences;1
TABLE OF CONTENTS;FunctionWords;3
UNDER THE PURVIEW;Other;2
10 BUSINESS DAYS;Attributes;1
AND FORECLOSURES;EconomicOperands;2
ATTORNEY GENERAL;EconomicOperands;3
BALLOON PAYMENTS;EconomicOperands;4
BORROWER-RELATED;EconomicOperands;1
DECEMBER 23 2008;Attributes;1
FOR THE PURPOSES;LogicalConnectors;4
HAZARD INSURANCE;EconomicOperands;13
MONEY LAUNDERING;EconomicOperands;1
MORTGAGE-RELATED;EconomicOperands;4
PARAGRAPH 1 OR 2;LegalReferences;3
PERIOD BEGINNING;EconomicOperands;13
POST-CONTROVERSY;EconomicOperands;1
RESPONSIBILITIES;EconomicOperands;4
REVERSE MORTGAGE;EconomicOperands;11
SEPTEMBER 7 2008;Attributes;1
ADJUSTABLE RATE;EconomicOperands;5
AND PERFORMANCE;EconomicOperands;3
ANTI-DEFICIENCY;EconomicOperands;2
ASSOCIATED WITH;FunctionWords;4
ATTRIBUTABLE TO;FunctionWords;1
BALLOON PAYMENT;EconomicOperands;6
CAREER-RESERVED;EconomicOperands;1
CHARACTERISTICS;EconomicOperands;2
COLLATERALIZING;EconomicOperands;1
COMMUNITY-BASED;EconomicOperands;1
CONFIDENTIALITY;EconomicOperands;3
CONSERVATORSHIP;EconomicOperands;2
CREDITOR-PLACED;EconomicOperands;1
CULTURAL STYLES;EconomicOperands;1
ELECTRONIC MAIL;EconomicOperands;1
ELIGIBLE ENTITY;EconomicOperands;1
FEDERAL RESERVE;EconomicOperands;3
FEE-FOR-SERVICE;EconomicOperands;1
FLOOD INSURANCE;EconomicOperands;10
HUD/FHA BOOKLET;EconomicOperands;1
INSTRUMENTALITY;EconomicOperands;1
MODERATE-INCOME;EconomicOperands;1
MORTGAGE MARKET;EconomicOperands;4
NON-PROPRIETARY;EconomicOperands;1
NOTWITHSTANDING;LogicalConnectors;14
ORDINARY COURSE;EconomicOperands;1
POINTS AND FEES;EconomicOperands;17
PRE-FORECLOSURE;EconomicOperands;1
REAUTHORIZATION;RegulatoryOperators;1
RECOMMENDATIONS;EconomicOperands;8
REGULATIONS FOR;EconomicOperands;1
REPRESENTATIVES;EconomicOperands;4
RESPONSIBLE FOR;EconomicOperands;3
THIS SUBSECTION;LegalReferences;44
VULNERABILITIES;EconomicOperands;1
WITH RESPECT TO;LogicalConnectors;32
WRITTEN FINDING;EconomicOperands;1
WRITTEN REQUEST;EconomicOperands;2
ACCOUNTABILITY;EconomicOperands;6
ACTUAL DAMAGES;EconomicOperands;1
ADMINISTRATION;EconomicOperands;7
ADMINISTRATIVE;EconomicOperands;4
AMERICAN SAMOA;EconomicOperands;1
AND REGULATION;EconomicOperands;5
APPROPRIATIONS;EconomicOperands;4
AS A RESULT OF;LogicalConnectors;3
COMPLYING WITH;RegulatoryOperators;1
CORRESPONDENCE;EconomicOperands;1
CREDIT RATINGS;EconomicOperands;1
DEBT-TO-INCOME;EconomicOperands;1
DISCRIMINATORY;EconomicOperands;1
EFFECTIVE DATE;EconomicOperands;6
ELECTRONICALLY;EconomicOperands;1
FEDERAL AGENCY;EconomicOperands;1
FOR ANY REASON;LogicalConnectors;1
HOUSING MARKET;EconomicOperands;1
IDENTIFICATION;EconomicOperands;1
IMPLEMENTATION;EconomicOperands;2
IN ADDITION TO;LogicalConnectors;9
IN THE CASE OF;LogicalConnectors;37
INTEREST RATES;EconomicOperands;1
INTERPRETATION;EconomicOperands;1
INVESTIGATIONS;EconomicOperands;3
LOSS-OF-INCOME;EconomicOperands;2
NON-COMPLIANCE;EconomicOperands;1
NOT LATER THAN;LogicalConnectors;10
OCTOBER 1 2010;Attributes;2
OWNER-OCCUPIED;EconomicOperands;1
PUBLIC-PRIVATE;EconomicOperands;1
PURCHASE-MONEY;EconomicOperands;1
RECOMMENDATION;EconomicOperands;2
REHABILITATION;EconomicOperands;2
RESPONSIBILITY;EconomicOperands;2
SECTION 103AA4;LegalReferences;2
SECTION 104B1A;LegalReferences;1
SECTIONS 302B6;LegalReferences;1
SECURITIZATION;EconomicOperands;1
SENIOR-CITIZEN;EconomicOperands;1
SIMPLIFICATION;EconomicOperands;1
SMALL BUSINESS;EconomicOperands;4
SPECIFICATIONS;EconomicOperands;1
STUDY REQUIRED;LegalReferences;3
SUBPARAGRAPH A;LegalReferences;18
SUBPARAGRAPH B;LegalReferences;8
SUBPARAGRAPH C;LegalReferences;3
SUBPARAGRAPH D;LegalReferences;4
SUBPARAGRAPH E;LegalReferences;2
SUBPARAGRAPH G;LegalReferences;1
SUBSECTION B3B;LegalReferences;1
SUBSTANTIATION;EconomicOperands;1
THIS PARAGRAPH;LegalReferences;13
UNAVAILABILITY;EconomicOperands;1
UNDERDEVELOPED;EconomicOperands;1
UNDERSTANDABLE;EconomicOperands;4
UNPROFESSIONAL;EconomicOperands;1
VIRGIN ISLANDS;EconomicOperands;1
WHERE FEASIBLE;Attributes;1
WITH REGARD TO;LogicalConnectors;4
WORLD WIDE WEB;EconomicOperands;5
1000000000000;Attributes;1
5300000000000;Attributes;1
AFFORDABILITY;EconomicOperands;2
ANNOUNCEMENTS;EconomicOperands;1
APPLICABILITY;FunctionWords;1
APPLICABLE TO;FunctionWords;5
APPROPRIATELY;Attributes;1
APPROXIMATELY;LogicalConnectors;1
AUTHORIZATION;RegulatoryOperators;6
AUTOMATICALLY;EconomicOperands;1
BALLOON LOANS;EconomicOperands;2
BROKER-PRICED;EconomicOperands;1
CALENDAR YEAR;EconomicOperands;2
CERTIFICATION;EconomicOperands;26
CIRCUMSTANCES;EconomicOperands;1
CIRCUMVENTION;EconomicOperands;3
CLARIFICATION;EconomicOperands;3
COLLABORATING;EconomicOperands;1
COMMUNICATING;EconomicOperands;1
COMPLIES WITH;RegulatoryOperators;1
COMPREHENSIVE;EconomicOperands;1
CONSIDERATION;EconomicOperands;7
CORRESPONDING;EconomicOperands;1
DEMONSTRATION;EconomicOperands;3
DERECOGNITION;EconomicOperands;1
DETERMINATION;EconomicOperands;13
DISCRETIONARY;EconomicOperands;2
DISTRIBUTIONS;EconomicOperands;1
DOCUMENTATION;EconomicOperands;2
EFFECTIVENESS;EconomicOperands;3
ESTABLISHMENT;RegulatoryOperators;10
FEE APPRAISER;EconomicOperands;3
FULLY-INDEXED;EconomicOperands;1
HELPING PRIME;EconomicOperands;1
HOMEOWNERSHIP;EconomicOperands;11
IN THE FUTURE;Attributes;1
IN WHICH CASE;LogicalConnectors;1
INAPPROPRIATE;EconomicOperands;1
INDEPENDENTLY;EconomicOperands;1
INSUFFICIENCY;EconomicOperands;1
INTEREST RATE;EconomicOperands;43
INTEREST-ONLY;EconomicOperands;1
INVESTIGATION;EconomicOperands;2
MISCELLANEOUS;FunctionWords;1
MODIFICATIONS;EconomicOperands;7
OPPORTUNITIES;EconomicOperands;2
ORGANIZATIONS;EconomicOperands;13
PARAGRAPH 2AI;LegalReferences;1
PARAGRAPH 2BI;LegalReferences;1
PARTICIPATING;EconomicOperands;5
PARTICIPATION;EconomicOperands;1
PREDOMINANTLY;EconomicOperands;2
PROVIDED THAT;LogicalConnectors;2
QUALIFICATION;EconomicOperands;7
REDESIGNATING;Other;8
REDEVELOPMENT;EconomicOperands;2
REGULATION OF;EconomicOperands;3
REIMBURSEMENT;EconomicOperands;1
RENEGOTIATING;EconomicOperands;1
RENEGOTIATION;EconomicOperands;1
RESTRUCTURING;EconomicOperands;1
SECTION 1022C;LegalReferences;1
SECTION 106A4;LegalReferences;1
SECTION 1125C;LegalReferences;1
SECTION 1402A;LegalReferences;2
SECTION 1402B;LegalReferences;1
SECTION 1461A;LegalReferences;1
SECTION 1461C;LegalReferences;1
SECTION 1464B;LegalReferences;1
SECTION 1473G;LegalReferences;1
SECTION 2301A;LegalReferences;1
SECTION 2301B;LegalReferences;2
SECTION 302B6;LegalReferences;1
SECTION 304C4;LegalReferences;1
SECTION 305A2;LegalReferences;6
SECTION 33D2B;LegalReferences;2
SECTIONS 128F;LegalReferences;1
SECTIONS 1471;LegalReferences;1
SIGNIFICANTLY;Attributes;1
SINGLE-FAMILY;EconomicOperands;2
STABILIZATION;EconomicOperands;2
SUBCLAUSE III;LegalReferences;1
SUBCOMMITTEES;EconomicOperands;2
SUBORDINATING;EconomicOperands;1
SUBPARAGRAPHS;Other;1
SUBSECTION A1;LegalReferences;5
SUBSECTION A2;LegalReferences;1
SUBSECTION A4;LegalReferences;3
SUBSECTION AA;LegalReferences;1
SUBSECTION B2;LegalReferences;4
SUBSECTION C2;LegalReferences;1
SUBSECTION CC;LegalReferences;1
SUBSECTION E2;LegalReferences;1
SUBSECTION G1;LegalReferences;1
SUBSECTION G3;LegalReferences;1
SUBSECTION G4;LegalReferences;1
SUBSECTION R4;LegalReferences;1
SUBSTANTIALLY;FunctionWords;3
THIS SUBTITLE;LegalReferences;7
TO THE EXTENT;LogicalConnectors;4
TOGETHER WITH;LogicalConnectors;2
TRADITIONALLY;EconomicOperands;1
UNDERSTANDING;EconomicOperands;1
UNINTENTIONAL;EconomicOperands;3
UNITED STATES;EconomicOperands;7
VARIABLE RATE;EconomicOperands;3
175000000000;Attributes;1
200000000000;Attributes;1
42 USC 1472H;LegalReferences;1
ACCELERATION;EconomicOperands;1
ACQUISITIONS;EconomicOperands;1
ADDITIONALLY;LogicalConnectors;3
ADMINISTERED;EconomicOperands;4
ADVISABILITY;EconomicOperands;2
AMORTIZATION;EconomicOperands;8
APPLICATIONS;EconomicOperands;1
APPRECIATION;EconomicOperands;2
APPROPRIATED;EconomicOperands;6
ARRANGEMENTS;EconomicOperands;1
AUDIT REPORT;EconomicOperands;1
AVAILABILITY;EconomicOperands;14
BALLOON LOAN;EconomicOperands;1
BUSINESS DAY;EconomicOperands;4
CANCELLATION;EconomicOperands;4
CENSUS TRACT;EconomicOperands;2
COMPENSATION;EconomicOperands;11
COMPUTERIZED;EconomicOperands;1
CONFIRMATION;EconomicOperands;2
CONSEQUENCES;EconomicOperands;1
CONSTRUCTION;EconomicOperands;5
CONSULTATION;EconomicOperands;8
CONSUMMATION;EconomicOperands;17
CONTRIBUTING;EconomicOperands;2
CONVENTIONAL;EconomicOperands;2
COORDINATION;EconomicOperands;4
CORPORATIONS;EconomicOperands;2
CREDIT UNION;EconomicOperands;1
DEMONSTRATED;EconomicOperands;1
DESCRIPTIONS;EconomicOperands;1
DESIGNATIONS;EconomicOperands;1
DIFFERENTIAL;EconomicOperands;2
DISCIPLINARY;EconomicOperands;5
DISTRIBUTING;EconomicOperands;1
DISTRIBUTION;EconomicOperands;9
DUTY OF CARE;EconomicOperands;1
ESTABLISHING;EconomicOperands;8
FACILITATING;EconomicOperands;2
FAIR LENDING;EconomicOperands;1
FHA-APPROVED;EconomicOperands;1
FORBEARANCES;EconomicOperands;1
FORCE-PLACED;EconomicOperands;1
FORECLOSURES;EconomicOperands;7
FUNCTIONS OF;EconomicOperands;2
GOVERNMENTAL;EconomicOperands;3
GREATER THAN;LogicalConnectors;3
GUARANTEEING;EconomicOperands;3
HUD-APPROVED;EconomicOperands;2
IDENTIFIABLE;EconomicOperands;1
IMPLEMENTING;RegulatoryOperators;2
IMPLICATIONS;EconomicOperands;1
IMPROVEMENTS;EconomicOperands;3
IN EXCESS OF;LogicalConnectors;3
INCORPORATED;EconomicOperands;1
INDEBTEDNESS;EconomicOperands;1
INDEPENDENCE;EconomicOperands;15
INSTALLMENTS;EconomicOperands;1
INSTITUTIONS;EconomicOperands;3
INSUFFICIENT;Attributes;1
INTER-AGENCY;EconomicOperands;2
INTERPRETIVE;EconomicOperands;2
INTRODUCTORY;EconomicOperands;5
IRREGULARITY;EconomicOperands;1
JURISDICTION;EconomicOperands;2
MANIPULATION;EconomicOperands;1
MARKET SHARE;EconomicOperands;1
METROPOLITAN;EconomicOperands;3
MISREPRESENT;EconomicOperands;1
MODIFICATION;EconomicOperands;14
NEIGHBORHOOD;EconomicOperands;2
NON-ESCROWED;EconomicOperands;2
NOTIFICATION;EconomicOperands;5
ON BEHALF OF;FunctionWords;7
ORGANIZATION;EconomicOperands;30
PARAGRAPH 12;LegalReferences;1
PARAGRAPH 1A;LegalReferences;3
PARAGRAPH 1B;LegalReferences;1
PARAGRAPH 22;LegalReferences;1
PARAGRAPH 2A;LegalReferences;3
PARAGRAPH 2B;LegalReferences;2
PARAGRAPH 3B;LegalReferences;1
PARAGRAPH 4A;LegalReferences;1
PARTICIPANTS;EconomicOperands;2
PARTICULARLY;LogicalConnectors;1
PERIODICALLY;Attributes;1
PRE-APPROVAL;EconomicOperands;1
PRESERVATION;EconomicOperands;2
PROFESSIONAL;EconomicOperands;11
PROHIBITIONS;RegulatoryOperators;5
REDESIGNATED;Other;3
REFINANCINGS;EconomicOperands;1
REGISTRATION;EconomicOperands;9
REQUIREMENTS;EconomicOperands;67
RESCUE SCAMS;EconomicOperands;7
RESPECTIVELY;LogicalConnectors;2
SATISFACTION;EconomicOperands;1
SECTION 1002;LegalReferences;1
SECTION 1011;LegalReferences;1
SECTION 101E;LegalReferences;1
SECTION 102D;LegalReferences;1
SECTION 102E;LegalReferences;1
SECTION 104A;LegalReferences;1
SECTION 105F;LegalReferences;1
SECTION 1062;LegalReferences;1
SECTION 106E;LegalReferences;1
SECTION 106G;LegalReferences;1
SECTION 107A;LegalReferences;1
SECTION 1099;LegalReferences;1
SECTION 10A2;LegalReferences;1
SECTION 1110;LegalReferences;1
SECTION 1113;LegalReferences;1
SECTION 128A;LegalReferences;1
SECTION 129C;LegalReferences;19
SECTION 129E;LegalReferences;3
SECTION 1301;LegalReferences;2
SECTION 1401;LegalReferences;1
SECTION 1403;LegalReferences;1
SECTION 1404;LegalReferences;1
SECTION 1411;LegalReferences;3
SECTION 1444;LegalReferences;1
SECTION 1461;LegalReferences;1
SECTION 1472;LegalReferences;1
SECTION 1507;LegalReferences;1
SECTION 18A4;LegalReferences;2
SECTION 2301;LegalReferences;1
SECTION 32E4;LegalReferences;2
SECTION 501C;LegalReferences;1
SECTIONS 110;LegalReferences;1
SECTIONS 129;LegalReferences;3
SIGNIFICANCE;EconomicOperands;2
SIMULTANEOUS;EconomicOperands;1
SPECIFICALLY;LogicalConnectors;2
STREAMLINING;EconomicOperands;1
SUBCLAUSE IV;LegalReferences;2
SUBPARAGRAPH;Other;7
SUBSECTION A;LegalReferences;24
SUBSECTION B;LegalReferences;21
SUBSECTION C;LegalReferences;8
SUBSECTION D;LegalReferences;4
SUBSECTION E;LegalReferences;7
SUBSECTION F;LegalReferences;2
SUBSECTION G;LegalReferences;4
SUBSECTION H;LegalReferences;1
SUBSECTION I;LegalReferences;1
SUBSECTION K;LegalReferences;1
SUBSECTION L;LegalReferences;1
SUBSECTION Q;LegalReferences;1
SUBSECTION R;LegalReferences;1
SUBSECTION S;LegalReferences;1
SUBSECTION T;LegalReferences;1
SUBSECTION U;LegalReferences;1
SUBSEQUENTLY;LogicalConnectors;3
SUBSIDIARIES;EconomicOperands;3
SUBSTITUTING;Other;3
SUFFICIENTLY;Attributes;1
TABLE-FUNDED;EconomicOperands;2
THIS SECTION;LegalReferences;108
TRANSACTIONS;EconomicOperands;15
TRANSMISSION;EconomicOperands;2
TRANSMITTING;EconomicOperands;1
TRANSPARENCY;EconomicOperands;1
UNDERWRITERS;EconomicOperands;2
UNDERWRITING;EconomicOperands;9
UNDESIGNATED;Other;6
UNEMPLOYMENT;EconomicOperands;6
UNREASONABLE;EconomicOperands;1
UNSCRUPULOUS;EconomicOperands;1
VERIFICATION;EconomicOperands;3
101 PERCENT;Attributes;1
12 USC 2709;LegalReferences;1
327 PERCENT;Attributes;1
501 PERCENT;Attributes;1
788 PERCENT;Attributes;1
799 PERCENT;Attributes;1
ACCELERATED;EconomicOperands;1
ACCORDINGLY;LogicalConnectors;3
ACQUISITION;EconomicOperands;3
ADJUSTMENTS;EconomicOperands;6
ADVERTISING;EconomicOperands;1
AGRICULTURE;EconomicOperands;1
ALLOCATIONS;EconomicOperands;1
ALT-A LOANS;EconomicOperands;2
ALTERNATIVE;EconomicOperands;5
AND CONDUCT;EconomicOperands;2
APPLICATION;EconomicOperands;15
APPOINTMENT;EconomicOperands;1
APPROPRIATE;Attributes;31
ARBITRATION;EconomicOperands;3
ASSESSMENTS;EconomicOperands;8
ASSIGNED TO;EconomicOperands;2
ASSOCIATION;EconomicOperands;3
AUTHORITIES;EconomicOperands;1
CALCULATING;EconomicOperands;3
CALCULATION;EconomicOperands;5
CARRIED OUT;EconomicOperands;2
CERTIFICATE;EconomicOperands;1
COMBINATION;EconomicOperands;1
COMMUNITIES;EconomicOperands;7
COMPARATIVE;EconomicOperands;1
COMPENSATED;EconomicOperands;2
COMPETITIVE;EconomicOperands;2
COMPUTATION;EconomicOperands;1
CONCLUSIONS;EconomicOperands;1
CONCURRENCE;EconomicOperands;1
CONSIDERING;LogicalConnectors;3
CONSISTS OF;EconomicOperands;1
CONSPICUOUS;EconomicOperands;2
CONSTITUTES;EconomicOperands;2
CONSTRUCTED;EconomicOperands;3
CONSUMMATED;EconomicOperands;10
CONTRACTING;EconomicOperands;1
CONTRACTORS;EconomicOperands;1
CONTRACTUAL;EconomicOperands;1
CONTRIBUTED;EconomicOperands;1
CONTROVERSY;EconomicOperands;2
COOPERATIVE;EconomicOperands;2
COORDINATED;EconomicOperands;2
CORPORATION;EconomicOperands;1
CORRECTIONS;EconomicOperands;3
CREDIT LINE;EconomicOperands;1
CREDIT RISK;EconomicOperands;4
DEFINITIONS;EconomicOperands;10
DELINQUENCY;EconomicOperands;3
DEMONSTRATE;EconomicOperands;3
DENOMINATED;EconomicOperands;1
DESCRIPTION;EconomicOperands;4
DESIGNATION;EconomicOperands;3
DETERMINING;EconomicOperands;8
DEVELOPMENT;EconomicOperands;13
DIFFERENCES;EconomicOperands;1
DISAPPROVAL;RegulatoryOperators;1
DISAPPROVED;RegulatoryOperators;1
DISCLOSURES;EconomicOperands;6
DISPARITIES;EconomicOperands;1
DISPOSITION;EconomicOperands;1
DISTRIBUTED;EconomicOperands;4
DUE-ON-SALE;EconomicOperands;1
EDUCATIONAL;EconomicOperands;1
EFFECTIVELY;Other;1
ELECTRICITY;EconomicOperands;1
ELIGIBILITY;EconomicOperands;1
ENFORCEMENT;EconomicOperands;11
ENTERPRISES;EconomicOperands;1
ESTABLISHED;RegulatoryOperators;32
ESTABLISHES;RegulatoryOperators;1
EXAMINATION;EconomicOperands;6
EXPECTATION;EconomicOperands;1
EXPLANATION;EconomicOperands;16
FHA-INSURED;EconomicOperands;1
FIRST-CLASS;EconomicOperands;2
FLEXIBILITY;EconomicOperands;1
FOR EXAMPLE;LogicalConnectors;1
FORECLOSURE;EconomicOperands;47
FREDDIE MAC;EconomicOperands;12
GRANTMAKING;EconomicOperands;1
HOME OWNERS;EconomicOperands;2
IMMEDIATELY;Attributes;1
IN ANY CASE;LogicalConnectors;1
IN ORDER TO;LogicalConnectors;7
INCREMENTAL;EconomicOperands;3
INDEPENDENT;EconomicOperands;5
INDIVIDUALS;EconomicOperands;8
INFLUENCING;EconomicOperands;2
INFORMATION;EconomicOperands;51
INSPECTIONS;EconomicOperands;1
INSTALLMENT;EconomicOperands;5
INSTITUTION;EconomicOperands;2
INTERPRETED;EconomicOperands;1
INTIMIDATES;EconomicOperands;1
LEGISLATION;EconomicOperands;1
LEGISLATIVE;EconomicOperands;4
LIABILITIES;EconomicOperands;1
LIMITATIONS;EconomicOperands;7
MAINTAINING;EconomicOperands;6
MAINTENANCE;EconomicOperands;1
METHODOLOGY;EconomicOperands;5
MULTIFAMILY;EconomicOperands;1
NON-COMPLEX;EconomicOperands;1
NONJUDICIAL;EconomicOperands;4
NONSTANDARD;EconomicOperands;1
OBLIGATIONS;EconomicOperands;4
OPPORTUNITY;EconomicOperands;1
ORIGINATION;EconomicOperands;15
OUTSTANDING;EconomicOperands;10
PARAGRAPH 1;LegalReferences;27
PARAGRAPH 2;LegalReferences;13
PARAGRAPH 3;LegalReferences;8
PARAGRAPH 4;LegalReferences;11
PARAGRAPH 5;LegalReferences;2
PARAGRAPH 6;LegalReferences;2
PENULTIMATE;LogicalConnectors;1
PORTABILITY;EconomicOperands;3
POTENTIALLY;Other;4
PREFERENCES;EconomicOperands;1
PRELIMINARY;EconomicOperands;3
PREPARATION;EconomicOperands;1
PRESCRIBING;EconomicOperands;3
PRESUMPTION;EconomicOperands;3
PROCEEDINGS;EconomicOperands;2
PROHIBITING;RegulatoryOperators;4
PROHIBITION;RegulatoryOperators;6
PROMINENTLY;EconomicOperands;1
PROMOTIONAL;EconomicOperands;1
PROMULGATED;RegulatoryOperators;5
PROSPECTIVE;Other;5
PUBLICATION;EconomicOperands;6
PURSUANT TO;FunctionWords;49
REALLOCATED;EconomicOperands;1
REAPPOINTED;EconomicOperands;1
REASONS FOR;EconomicOperands;2
RECIPROCITY;EconomicOperands;2
RECOMMENDED;EconomicOperands;2
REFERRED TO;FunctionWords;17
REFINANCING;EconomicOperands;20
REGULATIONS;EconomicOperands;58
REIMBURSING;EconomicOperands;1
RELATING TO;FunctionWords;38
RELIED UPON;Other;1
REPACKAGING;EconomicOperands;1
REPLACEMENT;EconomicOperands;2
REQUIREMENT;EconomicOperands;14
RESIDENTIAL;EconomicOperands;14
RESPONSIBLE;EconomicOperands;4
RESTITUTION;EconomicOperands;2
RESTRICTING;RegulatoryOperators;1
RESTRICTION;RegulatoryOperators;1
SEASONALITY;EconomicOperands;1
SECTION 102;LegalReferences;1
SECTION 103;LegalReferences;1
SECTION 106;LegalReferences;2
SECTION 107;LegalReferences;1
SECTION 108;LegalReferences;1
SECTION 110;LegalReferences;1
SECTION 127;LegalReferences;1
SECTION 128;LegalReferences;2
SECTION 129;LegalReferences;23
SECTION 130;LegalReferences;3
SECTION 6I2;LegalReferences;1
SECTION 702;LegalReferences;1
SECTION 704;LegalReferences;1
SECTION 8Y1;LegalReferences;1
SECURITIZED;EconomicOperands;2
SHORT TITLE;Other;3
SIGNIFICANT;Attributes;1
SPECIFICITY;EconomicOperands;1
SPECULATION;EconomicOperands;1
STATISTICAL;EconomicOperands;4
STREAMLINED;EconomicOperands;1
STRUCTURING;EconomicOperands;1
SUBCLAUSE I;LegalReferences;2
SUBORDINATE;EconomicOperands;5
SUBSECTIONS;LegalReferences;9
SUBSISTENCE;EconomicOperands;1
SUBSTANTIAL;Attributes;2
SUBSTITUTED;Other;1
SUFFICIENCY;EconomicOperands;1
SUITABILITY;RegulatoryOperators;1
SUPERSEDING;RegulatoryOperators;1
SUPERVISION;EconomicOperands;7
SUPERVISORY;EconomicOperands;2
SURRENDERED;EconomicOperands;2
SUSTAINABLE;EconomicOperands;1
TAKE EFFECT;RegulatoryOperators;5
TERMINATION;EconomicOperands;1
TERRITORIES;EconomicOperands;1
THIRD-PARTY;EconomicOperands;3
THREATENING;EconomicOperands;1
TRANSACTION;EconomicOperands;93
TRANSFERRED;EconomicOperands;2
TRANSMITTED;EconomicOperands;2
UNCOMMITTED;EconomicOperands;1
UNDERSERVED;EconomicOperands;2
UNDERWRITER;EconomicOperands;1
UNNECESSARY;Attributes;1
UNOBLIGATED;EconomicOperands;1
WITHHOLDING;EconomicOperands;1
05 PERCENT;Attributes;1
10 PERCENT;Attributes;5
1000000000;Attributes;2
15 PERCENT;Attributes;1
1500000000;Attributes;1
28 PERCENT;Attributes;1
40 PERCENT;Attributes;1
42 PERCENT;Attributes;1
44 PERCENT;Attributes;1
56 PERCENT;Attributes;1
60 PERCENT;Attributes;1
75 PERCENT;Attributes;2
ACCELERATE;EconomicOperands;1
ACCEPTABLE;Attributes;1
ACCEPTANCE;EconomicOperands;3
ACCESSIBLE;EconomicOperands;1
ACCOUNTING;EconomicOperands;1
ACTIVITIES;EconomicOperands;15
ADDITIONAL;EconomicOperands;15
ADJUSTABLE;EconomicOperands;2
ADJUSTMENT;EconomicOperands;4
ADMINISTER;EconomicOperands;3
ADVANTAGES;EconomicOperands;1
AFFILIATED;EconomicOperands;1
AFFILIATES;EconomicOperands;2
AFFORDABLE;EconomicOperands;14
AGGREGATED;EconomicOperands;1
AGREEMENTS;EconomicOperands;2
ALLOCATING;EconomicOperands;2
ALLOCATION;EconomicOperands;2
ALTERATION;EconomicOperands;1
ALTOGETHER;LogicalConnectors;1
AMENDMENTS;Other;13
AMORTIZING;EconomicOperands;3
APART FROM;LogicalConnectors;1
APPLICABLE;FunctionWords;35
APPLICANTS;EconomicOperands;6
APPOINTEES;EconomicOperands;1
APPRAISALS;EconomicOperands;15
APPRAISERS;EconomicOperands;23
APPROACHED;EconomicOperands;1
APPROACHES;EconomicOperands;7
AS FOLLOWS;FunctionWords;9
AS LONG AS;LogicalConnectors;1
AS WELL AS;LogicalConnectors;3
ASSESSMENT;EconomicOperands;2
ASSIGNMENT;EconomicOperands;6
ASSISTANCE;EconomicOperands;45
ASSUMPTION;EconomicOperands;1
AUTHORISED;RegulatoryOperators;1
AUTHORIZED;RegulatoryOperators;13
BACKGROUND;EconomicOperands;2
BENEFICIAL;EconomicOperands;2
CALCULATED;EconomicOperands;3
CALCULATOR;EconomicOperands;5
CERTIFYING;EconomicOperands;17
CO-OBLIGOR;EconomicOperands;1
COLLATERAL;EconomicOperands;4
COLLECTING;EconomicOperands;2
COLLECTION;EconomicOperands;1
COMMISSION;EconomicOperands;6
COMPARABLE;EconomicOperands;9
COMPENSATE;EconomicOperands;5
COMPETENCE;EconomicOperands;1
COMPLETION;EconomicOperands;1
COMPLIANCE;EconomicOperands;15
CONCERNING;LogicalConnectors;3
CONCLUSION;EconomicOperands;1
CONCURRENT;EconomicOperands;1
CONDITIONS;EconomicOperands;11
CONDUCTING;EconomicOperands;4
CONFIDENCE;EconomicOperands;1
CONFORMING;Other;4
CONSENSUAL;EconomicOperands;1
CONSIDERED;EconomicOperands;3
CONSIST OF;EconomicOperands;1
CONSISTENT;Attributes;13
CONTAINING;EconomicOperands;4
CONTRACTED;EconomicOperands;4
CONTRACTOR;EconomicOperands;1
CONTROLLED;EconomicOperands;3
CONVERSION;EconomicOperands;1
COORDINATE;EconomicOperands;2
COUNSELING;EconomicOperands;71
COUNSELORS;EconomicOperands;6
DEFICIENCY;EconomicOperands;1
DEFINITION;EconomicOperands;9
DELINQUENT;EconomicOperands;6
DEPARTMENT;EconomicOperands;18
DESCRIBING;EconomicOperands;3
DESIGNATED;RegulatoryOperators;2
DETERMINED;RegulatoryOperators;7
DETERMINES;RegulatoryOperators;13
DIFFERENCE;EconomicOperands;2
DIFFICULTY;EconomicOperands;1
DIRECTIVES;EconomicOperands;1
DISABILITY;EconomicOperands;2
DISCIPLINE;EconomicOperands;1
DISCLOSING;EconomicOperands;1
DISCLOSURE;EconomicOperands;11
DISCOUNTED;EconomicOperands;4
DISCRETION;EconomicOperands;6
DISTRIBUTE;EconomicOperands;2
DOCUMENTED;EconomicOperands;4
EFFECTUATE;EconomicOperands;3
ELECTRONIC;EconomicOperands;1
EMPLOYMENT;EconomicOperands;1
ENCOURAGES;EconomicOperands;1
ENTERPRISE;EconomicOperands;2
ENUMERATED;EconomicOperands;2
EQUIVALENT;Attributes;1
EVALUATING;EconomicOperands;2
EVALUATION;EconomicOperands;1
EXCEPTIONS;LogicalConnectors;2
EXCLUSIONS;LogicalConnectors;1
EXEMPTIONS;RegulatoryOperators;5
EXPERIENCE;EconomicOperands;1
EXPIRATION;EconomicOperands;5
FACILITATE;EconomicOperands;4
FACILITIES;EconomicOperands;1
FANNIE MAE;EconomicOperands;13
FIRST-TIME;EconomicOperands;2
FIXED RATE;EconomicOperands;5
FIXED-RATE;EconomicOperands;2
FOR-PROFIT;EconomicOperands;1
FORECLOSED;EconomicOperands;2
FRAUDULENT;EconomicOperands;3
GOOD FAITH;EconomicOperands;5
GOVERNMENT;EconomicOperands;17
GUARANTEED;EconomicOperands;5
GUIDELINES;EconomicOperands;11
HOMEBUYERS;EconomicOperands;9
HOMEOWNERS;EconomicOperands;12
IDENTIFIED;FunctionWords;1
IDENTIFIER;EconomicOperands;1
IMPORTANCE;EconomicOperands;3
IN GENERAL;FunctionWords;60
IN LIEU OF;LogicalConnectors;2
IN NO CASE;LogicalConnectors;2
INADEQUATE;Attributes;1
INCENTIVES;EconomicOperands;2
INCIDENTAL;EconomicOperands;1
INCOMPLETE;EconomicOperands;2
INCREASING;EconomicOperands;1
INDIRECTLY;Attributes;7
INDIVIDUAL;EconomicOperands;8
INELIGIBLE;RegulatoryOperators;1
INFLUENCED;EconomicOperands;1
INITIATIVE;EconomicOperands;2
INSPECTION;EconomicOperands;9
INTIMIDATE;EconomicOperands;1
LATER THAN;LogicalConnectors;2
LEAD-BASED;EconomicOperands;1
LIKELIHOOD;EconomicOperands;2
LIMITATION;EconomicOperands;12
LIMITED TO;LogicalConnectors;3
LITIGATION;EconomicOperands;2
LOW-INCOME;EconomicOperands;8
MAINTAINED;EconomicOperands;1
MANAGEMENT;EconomicOperands;21
MATERIALLY;EconomicOperands;2
MEANINGFUL;EconomicOperands;1
MECHANISMS;EconomicOperands;1
MEMBERSHIP;EconomicOperands;3
MINORITIES;EconomicOperands;4
MONITORING;EconomicOperands;3
MULTI-YEAR;Attributes;1
MULTIMEDIA;EconomicOperands;1
MULTIPLIED;LogicalConnectors;2
NATIONALLY;EconomicOperands;1
NEAR-PRIME;EconomicOperands;1
OBLIGATION;EconomicOperands;18
OCCURRENCE;EconomicOperands;1
OPERATIONS;EconomicOperands;3
ORIGINATED;EconomicOperands;2
ORIGINATOR;EconomicOperands;3
PARAGRAPHS;LegalReferences;7
PARTICULAR;FunctionWords;1
PERCENTAGE;EconomicOperands;45
PERFORMING;EconomicOperands;2
PERMITTING;RegulatoryOperators;1
PERSONALLY;EconomicOperands;2
PHASED-OUT;EconomicOperands;1
POPULATION;EconomicOperands;1
POSSESSION;EconomicOperands;1
PRECLUDING;RegulatoryOperators;1
PREPAYMENT;EconomicOperands;22
PRESCRIBED;RegulatoryOperators;28
PREVAILING;EconomicOperands;1
PREVALENCE;EconomicOperands;1
PREVENTION;EconomicOperands;2
PREVIOUSLY;LogicalConnectors;1
PROCEDURES;EconomicOperands;18
PROCESSING;EconomicOperands;1
PROFESSION;EconomicOperands;1
PROHIBITED;EconomicOperands;4
PROMULGATE;EconomicOperands;2
PROPERTIES;EconomicOperands;12
PROTECTING;EconomicOperands;1
PROTECTION;EconomicOperands;23
PROVISIONS;EconomicOperands;26
PURCHASERS;EconomicOperands;1
REASONABLE;Attributes;28
REASONABLY;Attributes;11
REBUTTABLE;EconomicOperands;1
RECAPTURED;EconomicOperands;1
RECIPIENTS;EconomicOperands;3
RECIPROCAL;EconomicOperands;2
RECOGNIZED;EconomicOperands;1
RECOUPMENT;EconomicOperands;4
REFERENCES;EconomicOperands;1
REFINANCED;EconomicOperands;3
REFINANCES;EconomicOperands;2
REFUNDABLE;EconomicOperands;1
REGISTERED;EconomicOperands;7
REGISTRIES;EconomicOperands;2
REGULATION;EconomicOperands;10
REGULATORS;EconomicOperands;1
REGULATORY;EconomicOperands;13
REPOSITORY;EconomicOperands;1
REPRESENTS;EconomicOperands;1
RESCISSION;EconomicOperands;3
RESOLUTION;EconomicOperands;3
RESPONDING;EconomicOperands;2
RETIREMENT;EconomicOperands;3
REVOCATION;EconomicOperands;2
SANCTIONED;EconomicOperands;1
SCHEDULING;EconomicOperands;1
SECRETARYS;EconomicOperands;3
SECTION 10;LegalReferences;1
SECTION 43;LegalReferences;1
SECTION 6E;LegalReferences;1
SECTION 6F;LegalReferences;1
SECTION 6G;LegalReferences;1
SECURITIES;EconomicOperands;3
SETTLEMENT;EconomicOperands;9
SO LONG AS;LogicalConnectors;1
STATEMENTS;EconomicOperands;4
STATIONERY;EconomicOperands;1
STRENGTHEN;EconomicOperands;1
STRUCTURAL;EconomicOperands;1
STRUCTURES;EconomicOperands;2
SUBCLAUSES;LegalReferences;1
SUBJECT TO;LogicalConnectors;25
SUBMISSION;EconomicOperands;3
SUBMITTING;EconomicOperands;2
SUBSECTION;LegalReferences;27
SUBSEQUENT;FunctionWords;6
SUBSIDIARY;EconomicOperands;5
SUBSTITUTE;EconomicOperands;1
SUBTITLE A;LegalReferences;1
SUBTITLE B;LegalReferences;1
SUBTITLE F;LegalReferences;1
SUBTITLE G;LegalReferences;1
SUBTITLE H;LegalReferences;1
SUCCESSFUL;EconomicOperands;1
SUFFICIENT;Attributes;5
SUPERVISOR;EconomicOperands;1
SUPPLEMENT;EconomicOperands;3
SUSPENSION;EconomicOperands;6
TERMINATED;EconomicOperands;1
THEREAFTER;FunctionWords;1
THEREUNDER;FunctionWords;2
THIS TITLE;LegalReferences;41
THRESHOLDS;EconomicOperands;2
THROUGHOUT;FunctionWords;1
TIMEFRAMES;EconomicOperands;1
TRANSCRIPT;EconomicOperands;1
TRANSITION;EconomicOperands;1
ULTIMATELY;EconomicOperands;1
UNDERLYING;EconomicOperands;3
UNDERSTAND;EconomicOperands;1
UNDERTAKEN;EconomicOperands;1
UNEXPENDED;EconomicOperands;1
UPWARDS OF;LogicalConnectors;1
VALUATIONS;EconomicOperands;1
VIOLATIONS;EconomicOperands;9
VULNERABLE;EconomicOperands;3
WIDESPREAD;EconomicOperands;1
12 MONTHS;Attributes;7
18 MONTHS;Attributes;2
2 CONTENT;LegalReferences;1
24 MONTHS;Attributes;1
300000000;Attributes;1
36 MONTHS;Attributes;2
5 PERCENT;Attributes;1
ABANDONED;EconomicOperands;2
ACCOUNTED;EconomicOperands;1
ADDRESSES;EconomicOperands;5
ADHERE TO;EconomicOperands;1
ADJUSTING;EconomicOperands;1
ADVISABLE;Attributes;1
ADVOCATES;EconomicOperands;1
AFFECTING;EconomicOperands;3
AFFILIATE;EconomicOperands;9
AFFIRMING;EconomicOperands;1
AGGREGATE;EconomicOperands;5
AGREEMENT;EconomicOperands;8
ALLOCATED;EconomicOperands;1
AMENDMENT;Other;10
AMORTIZES;EconomicOperands;4
APPLICANT;EconomicOperands;14
APPOINTED;EconomicOperands;5
APPRAISAL;EconomicOperands;108
APPRAISED;EconomicOperands;7
APPRAISER;EconomicOperands;47
ASSESSING;EconomicOperands;1
ATTEMPTED;EconomicOperands;1
ATTORNEYS;EconomicOperands;2
AUTHORITY;EconomicOperands;17
AUTHORIZE;RegulatoryOperators;1
AVAILABLE;EconomicOperands;56
AWARENESS;EconomicOperands;1
BEGINNING;LogicalConnectors;1
BONA FIDE;EconomicOperands;12
BORROWERS;EconomicOperands;16
BREAKDOWN;EconomicOperands;1
BROCHURES;EconomicOperands;1
BROKERAGE;EconomicOperands;4
CALCULATE;EconomicOperands;1
CANCELLED;EconomicOperands;1
CARRY OUT;EconomicOperands;9
CAUSES OF;EconomicOperands;1
CERTIFIED;EconomicOperands;26
CERTIFIES;EconomicOperands;1
CHAPTER 5;LegalReferences;1
CHARACTER;EconomicOperands;1
CHARTERED;EconomicOperands;1
CLAUSE II;LegalReferences;2
COLLECTED;EconomicOperands;7
COMMITTEE;EconomicOperands;11
COMMUNITY;EconomicOperands;6
COMPANIES;EconomicOperands;18
COMPETENT;EconomicOperands;5
COMPLAINT;EconomicOperands;15
COMPLETED;EconomicOperands;1
COMPLETES;EconomicOperands;1
COMPUTING;EconomicOperands;2
CONDITION;EconomicOperands;5
CONDUCTED;EconomicOperands;7
CONFUSING;EconomicOperands;1
CONSIDERS;EconomicOperands;5
CONSTRUED;Other;10
CONSUMERS;EconomicOperands;54
CONTINUES;EconomicOperands;1
CONTRACTS;EconomicOperands;2
CONVICTED;EconomicOperands;8
COUNSELOR;EconomicOperands;4
CRACKDOWN;EconomicOperands;2
CREDITING;EconomicOperands;3
CREDITORS;EconomicOperands;6
CURRENTLY;EconomicOperands;3
CUSTOMARY;EconomicOperands;4
CUSTOMERS;EconomicOperands;1
DECEPTION;EconomicOperands;2
DECEPTIVE;EconomicOperands;4
DECISIONS;EconomicOperands;1
DEDUCTION;EconomicOperands;1
DEFERENCE;Other;3
DELETIONS;EconomicOperands;1
DEPOSITED;EconomicOperands;3
DESCRIBED;Other;22
DESCRIBES;Other;2
DETERMINE;RegulatoryOperators;13
DEVELOPED;EconomicOperands;5
DIFFERENT;FunctionWords;6
DILIGENCE;EconomicOperands;1
DISBURSED;EconomicOperands;1
DISCOUNTS;EconomicOperands;1
DISCOVERS;EconomicOperands;1
DISCOVERY;EconomicOperands;1
DISCUSSED;EconomicOperands;1
DOCUMENTS;EconomicOperands;6
DRAW DOWN;EconomicOperands;1
DWELLINGS;EconomicOperands;2
EDUCATION;EconomicOperands;9
EFFECTIVE;Other;8
EFFICIENT;EconomicOperands;1
EMERGENCY;EconomicOperands;7
EMPIRICAL;EconomicOperands;1
EMPLOYEES;EconomicOperands;3
ENACTMENT;Other;18
ENCOURAGE;EconomicOperands;4
ESCROWING;EconomicOperands;1
ESSENTIAL;EconomicOperands;1
ESTABLISH;RegulatoryOperators;20
ESTIMATED;EconomicOperands;2
ETHNICITY;EconomicOperands;1
EXCEPT AS;LogicalConnectors;13
EXCEPTION;RegulatoryOperators;4
EXCESSIVE;EconomicOperands;1
EXECUTIVE;EconomicOperands;1
EXEMPTION;RegulatoryOperators;6
EXISTENCE;EconomicOperands;4
EXPANDING;EconomicOperands;1
EXPENSIVE;EconomicOperands;1
EXPERTISE;EconomicOperands;1
EXPRESSLY;Other;1
EXTENDING;EconomicOperands;2
EXTENSION;EconomicOperands;16
EXTENSIVE;EconomicOperands;1
FACSIMILE;EconomicOperands;1
FAVORABLE;EconomicOperands;1
FEDERALLY;EconomicOperands;20
FINANCIAL;EconomicOperands;12
FINANCING;EconomicOperands;6
FOLLOWING;FunctionWords;106
FUNCTIONS;EconomicOperands;14
FURNISHED;EconomicOperands;1
GENERALLY;FunctionWords;1
GENERATED;EconomicOperands;1
GUARANTEE;EconomicOperands;5
HEREAFTER;FunctionWords;2
HOMEOWNER;EconomicOperands;4
IMPLEMENT;EconomicOperands;6
IMPORTANT;EconomicOperands;1
IMPROVING;EconomicOperands;1
INCENTIVE;EconomicOperands;1
INCLUDING;EconomicOperands;80
INCREASED;EconomicOperands;3
INCREASES;EconomicOperands;3
INFLATION;EconomicOperands;1
INFLUENCE;EconomicOperands;2
INFORMING;EconomicOperands;1
INITIALLY;LogicalConnectors;2
INITIATED;EconomicOperands;1
INSERTING;Other;88
INSPECTOR;EconomicOperands;2
INSTRUCTS;EconomicOperands;1
INSURANCE;EconomicOperands;50
INTEGRITY;EconomicOperands;2
INTERESTS;EconomicOperands;1
INTERPRET;EconomicOperands;1
INVESTORS;EconomicOperands;1
INVOLVING;EconomicOperands;5
IRREGULAR;EconomicOperands;1
KNOWINGLY;EconomicOperands;2
KNOWLEDGE;EconomicOperands;1
LESS THAN;LogicalConnectors;8
LIABILITY;EconomicOperands;7
LIBRARIES;EconomicOperands;1
LICENSING;EconomicOperands;23
LICENSURE;EconomicOperands;3
LISTED IN;Other;2
LOCATIONS;EconomicOperands;1
MAINTAINS;EconomicOperands;2
MANDATORY;EconomicOperands;4
MATERIALS;EconomicOperands;9
MECHANISM;EconomicOperands;1
MODIFYING;EconomicOperands;1
MORE THAN;LogicalConnectors;28
MORTGAGED;EconomicOperands;4
MORTGAGEE;EconomicOperands;1
MORTGAGES;EconomicOperands;28
MORTGAGOR;EconomicOperands;5
NECESSARY;Attributes;20
NEGOTIATE;EconomicOperands;2
NO LONGER;Attributes;3
NONPROFIT;EconomicOperands;1
OBJECTIVE;EconomicOperands;1
OBTAINING;EconomicOperands;9
OCCASIONS;EconomicOperands;1
OPERATING;EconomicOperands;3
OPERATION;EconomicOperands;3
ORGANIZED;EconomicOperands;1
OTHERWISE;LogicalConnectors;16
OVERSIGHT;EconomicOperands;1
OWNERSHIP;EconomicOperands;3
PARAGRAPH;LegalReferences;15
PENALTIES;EconomicOperands;13
PER ANNUM;Attributes;1
PERFORMED;EconomicOperands;5
PERMANENT;EconomicOperands;3
PERMITTED;RegulatoryOperators;4
PERSONNEL;EconomicOperands;2
PLACEMENT;EconomicOperands;1
PORTFOLIO;EconomicOperands;3
POTENTIAL;EconomicOperands;6
PRACTICES;EconomicOperands;17
PRECEDING;FunctionWords;4
PREDATORY;EconomicOperands;2
PREFERRED;EconomicOperands;1
PREPARING;EconomicOperands;1
PRESCRIBE;RegulatoryOperators;18
PRINCIPAL;EconomicOperands;60
PRIVATELY;EconomicOperands;1
PRIVILEGE;EconomicOperands;1
PRO-RATED;RegulatoryOperators;1
PROCEDURE;EconomicOperands;2
PROCESSED;EconomicOperands;1
PROCESSES;EconomicOperands;2
PROCURING;EconomicOperands;1
PROMINENT;EconomicOperands;2
PROPERTYS;EconomicOperands;1
PROPOSALS;EconomicOperands;1
PROVIDERS;EconomicOperands;3
PROVIDING;EconomicOperands;19
PROVISION;EconomicOperands;24
PUBLISHED;EconomicOperands;2
PURCHASED;EconomicOperands;4
PURCHASER;EconomicOperands;1
PURCHASES;EconomicOperands;2
QUALIFIED;EconomicOperands;6
QUALIFIES;EconomicOperands;1
RECEIVING;EconomicOperands;9
RECOGNIZE;EconomicOperands;1
RECOMMEND;EconomicOperands;2
REDUCTION;EconomicOperands;8
REFERENCE;EconomicOperands;3
REFERRALS;EconomicOperands;2
REFINANCE;EconomicOperands;4
REGARDING;LogicalConnectors;21
REGULATED;RegulatoryOperators;7
REGULATOR;EconomicOperands;1
REIMBURSE;EconomicOperands;2
REPAYMENT;EconomicOperands;14
REPEALING;RegulatoryOperators;1
REPLACING;EconomicOperands;1
REPORTING;EconomicOperands;10
REPRESENT;EconomicOperands;1
REQUIRING;RegulatoryOperators;2
RESETTING;EconomicOperands;2
RESIDENCE;EconomicOperands;10
RESOLVING;EconomicOperands;2
RESOURCES;EconomicOperands;4
RESULTING;EconomicOperands;1
RETENTION;EconomicOperands;5
REVIEWING;EconomicOperands;2
REVISIONS;EconomicOperands;1
SAFEGUARD;EconomicOperands;1
SANCTIONS;EconomicOperands;2
SCHEDULED;EconomicOperands;6
SECONDARY;EconomicOperands;5
SECRETARY;EconomicOperands;75
SECTION 4;LegalReferences;1
SECTION 6;LegalReferences;2
SELECTING;EconomicOperands;1
SELECTION;EconomicOperands;3
SEMICOLON;Other;3
SERVICERS;EconomicOperands;7
SERVICING;EconomicOperands;2
SITUATION;EconomicOperands;1
SIX-MONTH;Attributes;1
SOUNDNESS;EconomicOperands;1
SPECIFIED;RegulatoryOperators;5
SPECIFIES;EconomicOperands;1
SPONSORED;EconomicOperands;2
STANDARDS;EconomicOperands;32
STATEMENT;EconomicOperands;12
STATUTORY;EconomicOperands;3
STRIPPING;EconomicOperands;1
STRUCTURE;EconomicOperands;2
SUBCLAUSE;LegalReferences;1
SUBMITTED;EconomicOperands;1
SUBORNING;EconomicOperands;2
SUBSIDIES;EconomicOperands;1
SUCCESSOR;EconomicOperands;4
SUSPENDED;EconomicOperands;1
TAXPAYERS;EconomicOperands;1
TECHNICAL;EconomicOperands;3
TELEPHONE;EconomicOperands;11
TEMPORARY;EconomicOperands;6
TERMINATE;EconomicOperands;2
TERRITORY;EconomicOperands;1
THRESHOLD;EconomicOperands;4
TIMESHARE;EconomicOperands;1
TITLE III;LegalReferences;1
TITLE XIV;LegalReferences;1
TO RESUME;LogicalConnectors;1
TOLL-FREE;EconomicOperands;5
TRADE-OFF;EconomicOperands;1
UNDERTAKE;EconomicOperands;1
UNETHICAL;EconomicOperands;1
UNRELATED;EconomicOperands;1
UNTENABLE;EconomicOperands;1
UTILITIES;EconomicOperands;1
VALUATION;EconomicOperands;11
VIOLATING;EconomicOperands;1
VIOLATION;EconomicOperands;20
WEB-BASED;EconomicOperands;1
WHOLESALE;EconomicOperands;1
WILLFULLY;EconomicOperands;1
WITHDRAWN;EconomicOperands;1
1-4 UNIT;Attributes;1
10 YEARS;Attributes;2
12-MONTH;Attributes;1
18-MONTH;Attributes;1
180 DAYS;Attributes;1
3 REPORT;LegalReferences;1
35000000;Attributes;1
45000000;Attributes;1
6 MONTHS;Attributes;3
ACADEMIC;EconomicOperands;1
ACCEPTED;EconomicOperands;3
ACCIDENT;EconomicOperands;2
ACCOUNTS;EconomicOperands;11
ACCRUING;EconomicOperands;1
ACCURACY;EconomicOperands;1
ACCURATE;EconomicOperands;1
ACHIEVED;EconomicOperands;1
ACTIVITY;EconomicOperands;2
ADDITION;EconomicOperands;2
ADEQUACY;EconomicOperands;1
ADEQUATE;Attributes;2
ADJUSTED;EconomicOperands;4
ADOPTION;EconomicOperands;1
ADVANCES;EconomicOperands;2
ADVISING;EconomicOperands;2
ADVISORY;EconomicOperands;11
AGENCIES;EconomicOperands;29
AGREEING;EconomicOperands;1
AIMED AT;EconomicOperands;1
ALLOCATE;EconomicOperands;2
AMENDING;Other;7
AMORTIZE;EconomicOperands;2
ANALYSES;EconomicOperands;2
ANALYSIS;EconomicOperands;9
APPARENT;EconomicOperands;3
APPLYING;EconomicOperands;3
APPROACH;EconomicOperands;3
APPROVAL;RegulatoryOperators;4
APPROVED;EconomicOperands;9
ASSESSED;EconomicOperands;3
ASSIGNED;RegulatoryOperators;1
ASSIGNEE;EconomicOperands;11
ASSISTED;EconomicOperands;1
ASSUMING;EconomicOperands;2
AT FIRST;LogicalConnectors;1
AT LEAST;LogicalConnectors;9
AVOIDING;EconomicOperands;7
AWARDING;EconomicOperands;1
BALANCES;EconomicOperands;4
BARRIERS;EconomicOperands;2
BASED ON;Other;19
BECOMING;Other;1
BOOKLETS;EconomicOperands;2
BORROWER;EconomicOperands;36
BRINGING;EconomicOperands;1
BROCHURE;EconomicOperands;2
BUILDING;EconomicOperands;1
BUSINESS;EconomicOperands;3
CAPACITY;EconomicOperands;4
CARRYING;EconomicOperands;8
CASUALTY;EconomicOperands;1
CHANNELS;EconomicOperands;10
CHARGING;EconomicOperands;1
CLAUSE I;LegalReferences;3
CLERICAL;EconomicOperands;6
COERCION;EconomicOperands;1
COLLUDES;EconomicOperands;1
COMBINED;EconomicOperands;2
COMMENCE;EconomicOperands;1
COMMONLY;FunctionWords;1
COMPANYS;EconomicOperands;1
COMPARED;EconomicOperands;1
COMPLETE;EconomicOperands;3
COMPLIED;EconomicOperands;1
COMPUTED;RegulatoryOperators;2
COMPUTER;EconomicOperands;6
CONCERNS;EconomicOperands;1
CONDUCTS;EconomicOperands;1
CONGRESS;EconomicOperands;15
CONSIDER;EconomicOperands;8
CONSUMER;EconomicOperands;165
CONTAINS;EconomicOperands;2
CONTENTS;Other;1
CONTRACT;EconomicOperands;10
COSTS OF;EconomicOperands;3
COUNCILS;EconomicOperands;2
COVERAGE;EconomicOperands;14
CREATING;EconomicOperands;1
CREDITED;EconomicOperands;1
CREDITOR;EconomicOperands;108
CRIMINAL;EconomicOperands;1
CRITERIA;EconomicOperands;17
CULTURAL;EconomicOperands;1
DATABASE;EconomicOperands;5
DEADLINE;EconomicOperands;2
DECISION;EconomicOperands;3
DECREASE;EconomicOperands;2
DEFAULTS;EconomicOperands;4
DEFERRAL;EconomicOperands;2
DEFERRED;EconomicOperands;1
DEFINING;EconomicOperands;3
DELETION;EconomicOperands;1
DELIVERY;EconomicOperands;1
DESCRIBE;Other;1
DESIGNED;EconomicOperands;4
DIRECTLY;Attributes;14
DIRECTOR;EconomicOperands;31
DISASTER;EconomicOperands;1
DISCLOSE;EconomicOperands;4
DISCOUNT;EconomicOperands;9
DISTINCT;EconomicOperands;1
DISTRICT;EconomicOperands;2
DIVISION;EconomicOperands;2
DOCUMENT;EconomicOperands;2
DOES NOT;FunctionWords;27
DURATION;EconomicOperands;2
DWELLING;EconomicOperands;41
ECONOMIC;EconomicOperands;2
ELECTION;EconomicOperands;6
ELIGIBLE;EconomicOperands;2
EMERGING;EconomicOperands;1
EMPHASIS;EconomicOperands;3
EMPLOYED;EconomicOperands;4
EMPLOYEE;EconomicOperands;4
ENFORCED;EconomicOperands;1
ENGAGING;EconomicOperands;2
ENHANCED;EconomicOperands;1
ENSURING;RegulatoryOperators;2
ENTERING;EconomicOperands;1
ENTITIES;EconomicOperands;6
ENTITLED;EconomicOperands;8
EQUAL TO;LogicalConnectors;7
ESCROWED;EconomicOperands;1
ESTIMATE;EconomicOperands;6
EVASIONS;EconomicOperands;2
EVICTION;EconomicOperands;2
EVIDENCE;EconomicOperands;3
EXCHANGE;EconomicOperands;1
EXCLUDED;EconomicOperands;3
EXISTING;EconomicOperands;19
EXPECTED;EconomicOperands;3
EXPENDED;EconomicOperands;1
EXPENSES;EconomicOperands;3
EXTENDED;EconomicOperands;4
EXTERNAL;EconomicOperands;1
FEASIBLE;Attributes;1
FINANCED;EconomicOperands;4
FINDINGS;EconomicOperands;3
FORMULAE;EconomicOperands;1
FUNCTION;EconomicOperands;2
GRANTEES;EconomicOperands;1
GUIDANCE;EconomicOperands;1
HANDBOOK;EconomicOperands;1
HEARINGS;EconomicOperands;1
IDENTIFY;EconomicOperands;1
IDENTITY;EconomicOperands;2
IMPORTED;EconomicOperands;1
IMPROPER;Attributes;2
INCIDENT;EconomicOperands;1
INCLUDED;EconomicOperands;5
INCLUDES;EconomicOperands;7
INCREASE;EconomicOperands;8
INCURRED;EconomicOperands;1
INDICATE;EconomicOperands;1
INDIRECT;EconomicOperands;6
INDUSTRY;EconomicOperands;5
INITIATE;EconomicOperands;1
INSTRUCT;EconomicOperands;1
INSURING;EconomicOperands;5
INTEREST;EconomicOperands;32
INTERIOR;EconomicOperands;1
INTERNAL;EconomicOperands;1
INTERNET;EconomicOperands;5
INVOLVED;EconomicOperands;5
ISSUANCE;EconomicOperands;3
JUDGMENT;EconomicOperands;2
JUDICIAL;EconomicOperands;2
LANGUAGE;EconomicOperands;8
LICENSED;EconomicOperands;10
LICENSES;EconomicOperands;4
LIFETIME;EconomicOperands;1
LIMITING;RegulatoryOperators;2
LOCATION;EconomicOperands;1
LUMP SUM;EconomicOperands;1
MAINTAIN;EconomicOperands;11
MANDATED;EconomicOperands;3
MATERIAL;EconomicOperands;1
MATURITY;EconomicOperands;2
MEASURES;EconomicOperands;6
MEETINGS;EconomicOperands;3
MINORITY;EconomicOperands;3
MISSTATE;EconomicOperands;1
MODIFIED;FunctionWords;2
MORTGAGE;EconomicOperands;147
MULTIPLE;EconomicOperands;3
NATIONAL;EconomicOperands;17
NEGATIVE;EconomicOperands;9
NONPRIME;EconomicOperands;1
NOTIFIED;EconomicOperands;2
NOTIFIES;EconomicOperands;1
OBTAINED;EconomicOperands;2
OFFERING;EconomicOperands;1
OMISSION;EconomicOperands;2
OPERATED;EconomicOperands;1
OPERATES;EconomicOperands;5
OPINIONS;EconomicOperands;1
ORIGINAL;EconomicOperands;14
OUTREACH;EconomicOperands;4
OVERSEES;EconomicOperands;1
PACKAGES;EconomicOperands;1
PAMPHLET;EconomicOperands;1
PAYMENTS;EconomicOperands;39
PER DIEM;EconomicOperands;1
PERFORMS;EconomicOperands;3
PERIODIC;Attributes;9
PERSONAL;EconomicOperands;3
PHYSICAL;EconomicOperands;2
PLANNING;EconomicOperands;3
POLICIES;EconomicOperands;7
POSITION;EconomicOperands;4
POSSIBLE;Attributes;1
PRACTICE;EconomicOperands;11
PRE-LOAN;EconomicOperands;2
PRECEDES;Other;2
PREMIUMS;EconomicOperands;19
PREPARED;EconomicOperands;5
PRESENCE;EconomicOperands;2
PREVIOUS;LogicalConnectors;5
PRIORITY;EconomicOperands;4
PROBABLE;EconomicOperands;1
PROCEEDS;EconomicOperands;3
PRODUCED;EconomicOperands;1
PRODUCTS;EconomicOperands;1
PROGRAMS;EconomicOperands;17
PROGRESS;EconomicOperands;1
PROHIBIT;RegulatoryOperators;2
PROJECTS;EconomicOperands;2
PROMPTLY;Attributes;2
PROPERLY;Attributes;1
PROPERTY;EconomicOperands;73
PROVIDED;EconomicOperands;56
PROVIDES;EconomicOperands;15
PUBLICLY;EconomicOperands;6
PURCHASE;EconomicOperands;17
PURPOSES;EconomicOperands;63
PURSUANT;EconomicOperands;1
QUESTION;EconomicOperands;2
RECEIPTS;EconomicOperands;1
RECEIVED;EconomicOperands;9
RECEIVES;EconomicOperands;10
REDUCING;EconomicOperands;2
REGISTER;EconomicOperands;4
REGISTRY;EconomicOperands;17
REJECTED;EconomicOperands;1
RELATION;EconomicOperands;1
RELEVANT;Attributes;3
RELIABLE;EconomicOperands;3
REMEDIES;EconomicOperands;2
REMINDER;EconomicOperands;1
RENDERED;EconomicOperands;2
REPEALED;RegulatoryOperators;1
REQUESTS;EconomicOperands;8
REQUIRED;RegulatoryOperators;56
REQUIRES;RegulatoryOperators;3
RESEARCH;EconomicOperands;1
RESERVES;EconomicOperands;2
RESIDENT;EconomicOperands;2
RESIDING;EconomicOperands;1
RESIDUAL;EconomicOperands;1
RESOLVED;EconomicOperands;1
RESPONSE;EconomicOperands;2
RETAILER;EconomicOperands;1
RETAINED;EconomicOperands;8
RETURNED;EconomicOperands;1
REVENUES;EconomicOperands;2
REVISION;EconomicOperands;1
SANITARY;EconomicOperands;1
SCHEDULE;EconomicOperands;10
SEASONAL;EconomicOperands;2
SECTIONS;LegalReferences;18
SECURING;EconomicOperands;12
SECURITY;EconomicOperands;7
SENTENCE;Other;18
SEPARATE;EconomicOperands;6
SERVICER;EconomicOperands;49
SERVICES;EconomicOperands;35
SETTLING;EconomicOperands;1
SO AS TO;LogicalConnectors;2
SOFTWARE;EconomicOperands;9
SPECIFIC;FunctionWords;6
STAFFING;EconomicOperands;2
STANDARD;EconomicOperands;7
STANDING;EconomicOperands;1
STEERING;EconomicOperands;4
STRIKING;Other;48
SUBPRIME;EconomicOperands;5
SUBTITLE;LegalReferences;5
SUBTRACT;RegulatoryOperators;3
SUITABLE;RegulatoryOperators;1
TARGETED;EconomicOperands;1
TAXATION;EconomicOperands;1
THIS ACT;LegalReferences;20
TITLE II;LegalReferences;2
TITLE XI;LegalReferences;2
TOWNSHIP;EconomicOperands;1
TRACKING;EconomicOperands;2
TRAINING;EconomicOperands;4
TRANSFER;EconomicOperands;3
TRANSMIT;EconomicOperands;4
TREASURY;EconomicOperands;3
UNBIASED;EconomicOperands;1
UNLAWFUL;Attributes;1
UPDATING;EconomicOperands;2
VARIABLE;EconomicOperands;4
VERIFIED;EconomicOperands;3
VERIFIES;EconomicOperands;1
VETERANS;EconomicOperands;2
VICINITY;EconomicOperands;2
VIOLATED;EconomicOperands;1
VIOLATES;EconomicOperands;2
VOUCHERS;EconomicOperands;1
WARNINGS;EconomicOperands;2
WHATEVER;FunctionWords;2
WITHHOLD;EconomicOperands;1
1-MONTH;Attributes;1
1000000;Attributes;3
120-DAY;Attributes;1
14 DAYS;Attributes;1
14 UNIT;Attributes;1
15 DAYS;Attributes;2
2 YEARS;Attributes;1
30 DAYS;Attributes;6
3000000;Attributes;1
5 YEARS;Attributes;4
6-MONTH;Attributes;1
60 DAYS;Attributes;5
90 DAYS;Attributes;6
ABILITY;EconomicOperands;24
ABSENCE;EconomicOperands;2
ABUSIVE;EconomicOperands;6
ACCEPTS;EconomicOperands;1
ACCOUNT;EconomicOperands;48
ACHIEVE;EconomicOperands;1
ACTIONS;EconomicOperands;15
ADDRESS;EconomicOperands;7
ADOPTED;Other;1
ADVANCE;EconomicOperands;10
ADVERSE;EconomicOperands;1
ADVISES;EconomicOperands;1
AFFAIRS;EconomicOperands;2
AFFECTS;EconomicOperands;4
AFFORDS;EconomicOperands;1
AGAINST;FunctionWords;11
AGENCYS;EconomicOperands;1
ALLEGED;EconomicOperands;1
ALLOWED;RegulatoryOperators;2
ALREADY;Attributes;2
AMENDED;RegulatoryOperators;99
AMOUNTS;EconomicOperands;35
ANOTHER;FunctionWords;4
APPEARS;Other;3
APPLIED;EconomicOperands;10
APPOINT;EconomicOperands;1
ARISING;EconomicOperands;2
ARRANGE;EconomicOperands;1
ASSURED;EconomicOperands;1
AT-RISK;EconomicOperands;1
ATTEMPT;EconomicOperands;1
AVERAGE;EconomicOperands;4
AVOIDED;EconomicOperands;1
BALANCE;EconomicOperands;14
BANKING;EconomicOperands;1
BECOMES;EconomicOperands;2
BELIEVE;EconomicOperands;2
BENEFIT;EconomicOperands;2
BETWEEN;FunctionWords;9
BOOKLET;EconomicOperands;11
BOROUGH;EconomicOperands;1
BROKERS;EconomicOperands;1
BROUGHT;EconomicOperands;2
CAPABLE;EconomicOperands;1
CAPITAL;EconomicOperands;1
CAUSING;EconomicOperands;2
CENTERS;EconomicOperands;2
CERTAIN;FunctionWords;16
CERTIFY;EconomicOperands;1
CHANGES;EconomicOperands;3
CHAPTER;Other;2
CHARGED;EconomicOperands;10
CHARGES;EconomicOperands;14
CHOICES;EconomicOperands;2
CLAUSES;EconomicOperands;1
CLEARLY;EconomicOperands;1
CLIENTS;EconomicOperands;2
CLOSING;EconomicOperands;13
CLOSURE;EconomicOperands;1
COERCES;EconomicOperands;1
COLLECT;EconomicOperands;4
COLLUDE;EconomicOperands;1
COMMENT;EconomicOperands;1
COMPANY;EconomicOperands;8
COMPLEX;EconomicOperands;5
CONDUCT;EconomicOperands;12
CONFORM;RegulatoryOperators;3
CONTACT;EconomicOperands;7
CONTAIN;EconomicOperands;4
CONTENT;Other;2
CONTROL;EconomicOperands;3
CORRECT;EconomicOperands;2
COUNCIL;EconomicOperands;9
COURIER;EconomicOperands;1
COURSES;EconomicOperands;1
COVERED;EconomicOperands;1
CREATED;EconomicOperands;1
CURRENT;FunctionWords;9
DAMAGES;EconomicOperands;8
DANGERS;EconomicOperands;1
DEALING;EconomicOperands;1
DEFAULT;EconomicOperands;12
DEFENSE;EconomicOperands;3
DEFINED;EconomicOperands;42
DENSITY;EconomicOperands;3
DERIVED;EconomicOperands;1
DETAILS;EconomicOperands;1
DEVELOP;EconomicOperands;4
DISPUTE;EconomicOperands;1
DROPPED;EconomicOperands;1
DRYWALL;EconomicOperands;3
EARLIER;Attributes;3
EDUCATE;EconomicOperands;1
EFFECTS;EconomicOperands;2
EFFORTS;EconomicOperands;6
ELDERLY;EconomicOperands;2
EMPLOYS;EconomicOperands;3
ENFORCE;RegulatoryOperators;3
ENGLISH;EconomicOperands;4
ENHANCE;EconomicOperands;2
ENSURES;EconomicOperands;1
EQUALLY;LogicalConnectors;1
EVADING;EconomicOperands;2
EVASION;EconomicOperands;4
EXAMINE;EconomicOperands;1
EXCEEDS;EconomicOperands;4
EXCLUDE;EconomicOperands;4
EXPENSE;EconomicOperands;2
EXPOSED;EconomicOperands;1
EXPRESS;EconomicOperands;3
EXTORTS;EconomicOperands;1
FACTORS;EconomicOperands;3
FAILING;FunctionWords;1
FAILURE;EconomicOperands;5
FALLING;EconomicOperands;1
FEDERAL;EconomicOperands;55
FINANCE;EconomicOperands;21
FINDING;EconomicOperands;4
FOLLOWS;FunctionWords;5
FORFEIT;EconomicOperands;1
FORGERY;EconomicOperands;1
FORMULA;EconomicOperands;4
FULFILL;EconomicOperands;1
FUNDING;EconomicOperands;6
FURNISH;EconomicOperands;1
FURTHER;LogicalConnectors;3
GENERAL;FunctionWords;7
GETTING;EconomicOperands;1
GRANTED;LogicalConnectors;1
GREATER;LogicalConnectors;1
HEADING;Other;5
HIGHEST;Attributes;4
HISTORY;EconomicOperands;3
HOTLINE;EconomicOperands;7
HOUSING;EconomicOperands;66
HOWEVER;LogicalConnectors;1
IMPOSED;EconomicOperands;7
IMPOUND;EconomicOperands;21
IMPROVE;EconomicOperands;1
IN CASE;LogicalConnectors;1
IN FACT;LogicalConnectors;2
IN THAT;LogicalConnectors;1
INCLUDE;EconomicOperands;44
INDEXED;EconomicOperands;2
INITIAL;EconomicOperands;9
INSURED;EconomicOperands;8
INTERIM;EconomicOperands;5
INVOLVE;EconomicOperands;1
ISSUERS;EconomicOperands;1
ISSUING;EconomicOperands;1
JOINTLY;FunctionWords;7
JUNE 15;Attributes;1
LARCENY;EconomicOperands;1
LENDERS;EconomicOperands;12
LENDING;EconomicOperands;10
LICENSE;EconomicOperands;5
LIMITED;EconomicOperands;2
LOCATED;EconomicOperands;5
LOCK IN;EconomicOperands;1
MAILING;EconomicOperands;2
MATTERS;FunctionWords;1
MAXIMUM;Attributes;16
MEANING;Other;6
MEDICAL;EconomicOperands;1
MEETING;EconomicOperands;2
MEMBERS;EconomicOperands;4
METHODS;EconomicOperands;2
MINIMUM;Attributes;16
MISSION;EconomicOperands;1
MISUSED;EconomicOperands;1
MONITOR;EconomicOperands;6
MONTHLY;Attributes;21
NETWORK;EconomicOperands;1
NOTHING;FunctionWords;2
NOTICES;EconomicOperands;1
NUMBERS;EconomicOperands;3
OBLIGOR;EconomicOperands;7
OFFERED;EconomicOperands;4
OFFICES;EconomicOperands;1
ONLY IF;LogicalConnectors;4
OPERATE;EconomicOperands;1
OPTIONS;EconomicOperands;2
ORDERED;EconomicOperands;1
OVERALL;LogicalConnectors;1
PARTIAL;EconomicOperands;4
PARTIES;EconomicOperands;2
PAYABLE;EconomicOperands;12
PAYMENT;EconomicOperands;67
PAYROLL;EconomicOperands;1
PENALTY;EconomicOperands;17
PENDING;FunctionWords;2
PERCENT;Attributes;14
PERFORM;EconomicOperands;7
PERMITS;RegulatoryOperators;3
PERSONS;EconomicOperands;13
PLANNED;EconomicOperands;1
PORTION;EconomicOperands;2
POSTING;EconomicOperands;1
PREMIUM;EconomicOperands;5
PREPAID;EconomicOperands;1
PREPARE;EconomicOperands;2
PRESENT;FunctionWords;7
PREVENT;RegulatoryOperators;5
PRICING;EconomicOperands;1
PRIMARY;EconomicOperands;4
PRIVACY;EconomicOperands;3
PRIVATE;EconomicOperands;6
PROCESS;EconomicOperands;19
PRODUCT;EconomicOperands;2
PROGRAM;EconomicOperands;40
PROMOTE;EconomicOperands;3
PROTECT;EconomicOperands;5
PROVIDE;EconomicOperands;46
PROVISO;Other;3
PRUDENT;Attributes;1
PUBLISH;EconomicOperands;2
PURPOSE;EconomicOperands;10
QUALIFY;EconomicOperands;1
QUALITY;EconomicOperands;3
QUARTER;Attributes;1
QUICKLY;EconomicOperands;1
RECEIPT;EconomicOperands;7
RECEIVE;EconomicOperands;15
RECORDS;EconomicOperands;1
RECRUIT;EconomicOperands;1
REDUCED;EconomicOperands;2
REDUCES;EconomicOperands;1
REFLECT;EconomicOperands;7
REFORMS;EconomicOperands;1
REFUSED;EconomicOperands;1
REGULAR;EconomicOperands;2
RELATED;FunctionWords;31
REMAINS;EconomicOperands;3
RENEWAL;EconomicOperands;1
RENTERS;EconomicOperands;2
RENTING;EconomicOperands;1
REPLACE;EconomicOperands;1
REPORTS;EconomicOperands;7
REQUEST;EconomicOperands;4
REQUIRE;RegulatoryOperators;9
RESCUES;EconomicOperands;1
RESIDES;EconomicOperands;2
RESPOND;EconomicOperands;2
RESULTS;EconomicOperands;3
RESUMES;EconomicOperands;1
RETAINS;EconomicOperands;2
RETURNS;EconomicOperands;2
REVENUE;EconomicOperands;1
REVIEWS;EconomicOperands;2
REVISED;EconomicOperands;2
REVOKED;EconomicOperands;2
ROLE OF;EconomicOperands;2
SATISFY;EconomicOperands;3
SAVINGS;FunctionWords;2
SCHEMES;EconomicOperands;1
SECTION;LegalReferences;11
SECURED;EconomicOperands;36
SEEKING;EconomicOperands;4
SEGMENT;EconomicOperands;1
SELLING;EconomicOperands;2
SERVICE;EconomicOperands;8
SERVING;EconomicOperands;2
SESSION;EconomicOperands;2
SET-OFF;EconomicOperands;2
SETTING;EconomicOperands;1
SEVERAL;FunctionWords;2
SHARING;EconomicOperands;1
SHOPPED;EconomicOperands;1
SIMILAR;LogicalConnectors;5
SMALLER;Attributes;2
SO THAT;LogicalConnectors;3
SOURCES;EconomicOperands;2
SPANISH;EconomicOperands;4
SPECIAL;EconomicOperands;4
STATUTE;Other;3
STUDIES;EconomicOperands;2
SUBJECT;EconomicOperands;3
SUCH AS;LogicalConnectors;9
SUMMARY;EconomicOperands;1
SUPPORT;EconomicOperands;4
SURVEYS;EconomicOperands;1
SYSTEMS;EconomicOperands;6
TAXABLE;EconomicOperands;2
TENANCY;EconomicOperands;1
TENANTS;EconomicOperands;4
TESTING;EconomicOperands;2
THAT IS;LogicalConnectors;45
THEREIN;Other;1
THEREOF;FunctionWords;4
THROUGH;FunctionWords;24
TITLE 5;LegalReferences;1
TITLE I;LegalReferences;4
TITLE X;LegalReferences;3
TRADING;EconomicOperands;1
TRIPLED;RegulatoryOperators;1
TYPICAL;EconomicOperands;1
UNIFORM;EconomicOperands;9
UNSOUND;EconomicOperands;1
UPDATED;EconomicOperands;1
UPFRONT;EconomicOperands;1
UTILIZE;EconomicOperands;1
VALUING;EconomicOperands;1
VARIOUS;FunctionWords;3
VARYING;FunctionWords;2
VERSION;EconomicOperands;1
VIOLATE;EconomicOperands;3
WARRANT;EconomicOperands;1
WEBSITE;EconomicOperands;2
WHETHER;FunctionWords;23
WITHOUT;FunctionWords;12
WORKING;EconomicOperands;2
WRITING;EconomicOperands;3
WRITTEN;EconomicOperands;14
1-YEAR;Attributes;5
15-DAY;Attributes;2
3 DAYS;Attributes;2
3-YEAR;Attributes;2
30-DAY;Attributes;3
500000;Attributes;2
ACCEPT;EconomicOperands;2
ACCESS;EconomicOperands;4
ACCRUE;EconomicOperands;1
ACTING;EconomicOperands;5
ACTION;EconomicOperands;23
ACTUAL;EconomicOperands;1
ADDING;Other;33
ADJUST;EconomicOperands;6
ADVICE;EconomicOperands;3
ADVISE;EconomicOperands;2
AGENCY;EconomicOperands;51
AGENTS;EconomicOperands;3
ALLOWS;RegulatoryOperators;1
ALMOST;LogicalConnectors;1
AMOUNT;EconomicOperands;83
ANNUAL;Attributes;21
ANYONE;FunctionWords;1
ASKING;EconomicOperands;1
ASSERT;EconomicOperands;1
ASSESS;EconomicOperands;1
ASSETS;EconomicOperands;4
ASSIST;EconomicOperands;6
ASSURE;EconomicOperands;3
BANKER;EconomicOperands;2
BECOME;EconomicOperands;1
BEFORE;LogicalConnectors;27
BEHIND;FunctionWords;2
BOARDS;EconomicOperands;1
BODIES;EconomicOperands;1
BRIBES;EconomicOperands;1
BRIDGE;EconomicOperands;2
BROKER;EconomicOperands;8
BUDGET;EconomicOperands;4
BUREAU;EconomicOperands;11
BUYING;EconomicOperands;3
CHANGE;EconomicOperands;3
CHARGE;EconomicOperands;19
CHOICE;EconomicOperands;3
CHOOSE;EconomicOperands;3
CLAIMS;EconomicOperands;1
CLAUSE;LegalReferences;2
CLOSED;EconomicOperands;2
COERCE;EconomicOperands;1
COMBAT;EconomicOperands;2
COMMON;FunctionWords;1
COMPLY;RegulatoryOperators;9
COPIES;EconomicOperands;1
COUNTY;EconomicOperands;1
COUPON;EconomicOperands;1
COURSE;EconomicOperands;1
CREATE;EconomicOperands;1
CREDIT;EconomicOperands;98
DEALER;EconomicOperands;1
DEEMED;RegulatoryOperators;4
DEFINE;EconomicOperands;2
DENIAL;EconomicOperands;1
DENIED;EconomicOperands;3
DENIES;EconomicOperands;1
DETAIL;EconomicOperands;4
DIRECT;Attributes;9
DIVIDE;RegulatoryOperators;1
DOLLAR;EconomicOperands;3
DUE TO;LogicalConnectors;3
DURING;FunctionWords;24
DUTIES;EconomicOperands;4
EFFECT;EconomicOperands;19
EFFORT;EconomicOperands;1
EITHER;LogicalConnectors;10
ELECTS;EconomicOperands;1
ENABLE;EconomicOperands;1
ENDING;EconomicOperands;1
ENGAGE;EconomicOperands;1
ENSURE;RegulatoryOperators;12
ENTIRE;LogicalConnectors;4
ENTITY;EconomicOperands;11
EQUITY;EconomicOperands;7
ESCROW;EconomicOperands;27
ESTATE;EconomicOperands;25
ETHNIC;EconomicOperands;1
EXCEED;EconomicOperands;33
EXCEPT;FunctionWords;19
EXEMPT;RegulatoryOperators;6
EXISTS;EconomicOperands;1
EXPECT;EconomicOperands;1
EXTEND;EconomicOperands;7
EXTENT;EconomicOperands;1
EXTORT;EconomicOperands;1
FACING;EconomicOperands;2
FACTOR;EconomicOperands;2
FAILED;EconomicOperands;3
FAMILY;EconomicOperands;3
FELONY;EconomicOperands;1
FISCAL;EconomicOperands;5
FOLLOW;EconomicOperands;2
FORCED;EconomicOperands;1
FORMAL;EconomicOperands;2
FOURTH;Attributes;2
FUNDED;EconomicOperands;3
FUTURE;EconomicOperands;2
GENDER;EconomicOperands;1
GIVING;FunctionWords;1
GROUND;EconomicOperands;1
HARBOR;EconomicOperands;3
HAVING;FunctionWords;8
HAZARD;EconomicOperands;2
HEALTH;EconomicOperands;2
HEREBY;FunctionWords;3
HIGHER;LogicalConnectors;2
HIRING;EconomicOperands;1
HOLDER;EconomicOperands;4
HYBRID;EconomicOperands;4
IMPACT;EconomicOperands;4
IMPOSE;RegulatoryOperators;6
INCOME;EconomicOperands;25
INDUCE;EconomicOperands;2
INFORM;EconomicOperands;4
INSERT;Other;1
INSURE;EconomicOperands;1
INTENT;EconomicOperands;2
ISSUED;EconomicOperands;8
ISSUES;EconomicOperands;3
JUNIOR;EconomicOperands;1
LARGER;LogicalConnectors;1
LENDER;EconomicOperands;19
LENGTH;EconomicOperands;1
LESSER;LogicalConnectors;1
LEVELS;EconomicOperands;4
LIABLE;EconomicOperands;3
LIKELY;Attributes;1
LIMITS;EconomicOperands;1
LOCATE;EconomicOperands;2
MAKING;FunctionWords;17
MANAGE;EconomicOperands;1
MANNER;Other;12
MARGIN;EconomicOperands;3
MARKET;EconomicOperands;11
MASTER;EconomicOperands;2
MATTER;Other;5
MEDIAN;Attributes;2
MEMBER;EconomicOperands;2
METHOD;EconomicOperands;6
MISUSE;EconomicOperands;2
MODELS;EconomicOperands;9
MODIFY;EconomicOperands;4
MOVING;Other;1
NATURE;EconomicOperands;6
NEEDED;EconomicOperands;1
NOTICE;EconomicOperands;28
NOTIFY;EconomicOperands;2
NUMBER;EconomicOperands;27
OBTAIN;EconomicOperands;11
OCCURS;EconomicOperands;1
OFFERS;EconomicOperands;1
OFFICE;EconomicOperands;22
OPTION;EconomicOperands;2
ORDERS;EconomicOperands;1
OTHERS;EconomicOperands;1
OWNERS;EconomicOperands;3
PARISH;EconomicOperands;1
PAYING;EconomicOperands;7
PAYOFF;EconomicOperands;10
PERIOD;EconomicOperands;35
PERMIT;RegulatoryOperators;3
PERSON;EconomicOperands;49
PLACED;EconomicOperands;3
POINTS;EconomicOperands;30
POLICY;EconomicOperands;9
PRICES;EconomicOperands;1
PROMPT;Attributes;4
PROPER;EconomicOperands;3
PUBLIC;EconomicOperands;27
PURELY;Other;1
PURSUE;EconomicOperands;2
RANDOM;EconomicOperands;1
RATIOS;LogicalConnectors;1
REASON;EconomicOperands;2
RECORD;EconomicOperands;2
REFORM;EconomicOperands;1
REFUND;EconomicOperands;3
REGARD;EconomicOperands;3
REGION;EconomicOperands;1
RELATE;EconomicOperands;2
RELIEF;EconomicOperands;7
RELIES;EconomicOperands;1
REMAIN;EconomicOperands;5
REMEDY;EconomicOperands;2
REMOVE;RegulatoryOperators;1
RENTAL;EconomicOperands;7
REPAID;EconomicOperands;1
REPAIR;EconomicOperands;1
REPORT;EconomicOperands;31
RESCUE;EconomicOperands;1
RESETS;EconomicOperands;3
RESULT;EconomicOperands;11
RESUME;EconomicOperands;1
RETAIN;EconomicOperands;1
RETURN;EconomicOperands;1
REVIEW;EconomicOperands;5
REVISE;EconomicOperands;6
RIGHTS;EconomicOperands;1
SAFETY;EconomicOperands;1
SAMPLE;EconomicOperands;3
SAVING;FunctionWords;1
SECOND;LogicalConnectors;11
SECTOR;EconomicOperands;2
SECURE;EconomicOperands;4
SELECT;EconomicOperands;4
SELLER;EconomicOperands;1
SENATE;EconomicOperands;4
SERVES;EconomicOperands;1
SETOFF;EconomicOperands;1
SHARED;EconomicOperands;2
SHARES;EconomicOperands;2
SHOULD;FunctionWords;7
SINGLE;EconomicOperands;5
SOLELY;LogicalConnectors;1
SOURCE;EconomicOperands;3
SPREAD;EconomicOperands;1
STATED;EconomicOperands;1
STATES;EconomicOperands;9
STATUS;EconomicOperands;5
SUBMIT;EconomicOperands;9
SUNSET;LegalReferences;1
SUPPLY;EconomicOperands;1
SYSTEM;EconomicOperands;5
TAKING;EconomicOperands;2
TARGET;EconomicOperands;1
TENANT;EconomicOperands;1
THINGS;EconomicOperands;1
THOUGH;LogicalConnectors;1
TIMELY;Attributes;7
TOPICS;Other;2
TOWARD;FunctionWords;1
TRAVEL;EconomicOperands;2
UNABLE;EconomicOperands;1
UNFAIR;EconomicOperands;4
UNIQUE;EconomicOperands;1
UNLESS;LogicalConnectors;24
UNUSED;EconomicOperands;1
UPDATE;EconomicOperands;3
VALUES;EconomicOperands;2
VARIES;EconomicOperands;2
VERIFY;EconomicOperands;4
VERSUS;FunctionWords;1
VOLUME;EconomicOperands;1
WAIVER;RegulatoryOperators;3
WEEKLY;Attributes;1
WIDELY;EconomicOperands;1
WITHIN;FunctionWords;25
10000;Attributes;2
20000;Attributes;3
ABOUT;FunctionWords;11
ABOVE;FunctionWords;4
ACTED;EconomicOperands;2
ADDED;Other;27
ADOPT;EconomicOperands;1
AFTER;LogicalConnectors;103
AGENT;EconomicOperands;4
AGING;EconomicOperands;1
AGREE;EconomicOperands;2
ALLOW;RegulatoryOperators;2
ALONE;LogicalConnectors;2
ALONG;FunctionWords;1
AMEND;EconomicOperands;1
AMONG;FunctionWords;4
APPLY;Other;21
AREAS;EconomicOperands;18
ARENA;EconomicOperands;1
ARISE;EconomicOperands;1
ASSET;EconomicOperands;2
AUDIT;EconomicOperands;2
AVOID;EconomicOperands;3
AWARD;EconomicOperands;1
AWARE;EconomicOperands;3
BASED;Other;1
BASIC;EconomicOperands;1
BASIS;EconomicOperands;15
BEGIN;EconomicOperands;2
BEING;FunctionWords;7
BELOW;FunctionWords;1
BOARD;EconomicOperands;50
BRIBE;EconomicOperands;1
BRIEF;EconomicOperands;2
BUYER;EconomicOperands;3
CARDS;EconomicOperands;1
CAUSE;EconomicOperands;4
CHINA;EconomicOperands;1
CITED;Other;2
CIVIL;EconomicOperands;4
CLAIM;EconomicOperands;2
CLASS;EconomicOperands;4
CLEAR;EconomicOperands;4
CLOSE;EconomicOperands;2
COSTS;EconomicOperands;14
COURT;EconomicOperands;7
COVER;EconomicOperands;1
CURED;EconomicOperands;1
CYCLE;EconomicOperands;2
DATES;EconomicOperands;1
DEFER;EconomicOperands;4
DELAY;EconomicOperands;2
EMAIL;EconomicOperands;1
ENJOY;EconomicOperands;1
ENTER;EconomicOperands;1
EQUAL;EconomicOperands;4
ERROR;EconomicOperands;3
EVENT;EconomicOperands;2
EVERY;FunctionWords;2
EXIST;EconomicOperands;1
FAILS;EconomicOperands;3
FEWER;FunctionWords;1
FIELD;EconomicOperands;1
FINAL;EconomicOperands;11
FINDS;EconomicOperands;3
FIRST;Attributes;26
FIXED;EconomicOperands;2
FLOOD;EconomicOperands;3
FORCE;EconomicOperands;2
FORMS;EconomicOperands;1
FORTH;FunctionWords;1
FOUND;Other;3
FRAUD;EconomicOperands;8
FULLY;EconomicOperands;10
FUNDS;EconomicOperands;11
GIVEN;FunctionWords;3
GOALS;EconomicOperands;3
GRACE;EconomicOperands;1
GRANT;EconomicOperands;18
HOLDS;EconomicOperands;1
HOMES;EconomicOperands;6
INDEX;EconomicOperands;6
INPUT;EconomicOperands;3
ISSUE;EconomicOperands;5
ITEMS;EconomicOperands;9
KNOWN;Other;3
KNOWS;EconomicOperands;3
LACKS;EconomicOperands;1
LARGE;EconomicOperands;2
LEGAL;EconomicOperands;15
LEVEL;EconomicOperands;6
LIMIT;EconomicOperands;4
LOANS;EconomicOperands;50
LOCAL;EconomicOperands;13
LOWER;EconomicOperands;3
MAKES;FunctionWords;5
MEANS;Other;38
MEETS;EconomicOperands;6
MODEL;EconomicOperands;4
MONEY;EconomicOperands;1
MORAL;EconomicOperands;1
NAMES;EconomicOperands;2
NEEDS;EconomicOperands;1
NEWLY;EconomicOperands;1
NORMS;EconomicOperands;2
OFFER;EconomicOperands;4
OLDER;EconomicOperands;1
ORDER;EconomicOperands;3
OTHER;FunctionWords;131
OWNED;EconomicOperands;7
OWNER;EconomicOperands;1
PAINT;EconomicOperands;1
PANEL;EconomicOperands;1
PARTS;FunctionWords;1
PARTY;EconomicOperands;8
PIECE;EconomicOperands;3
PLACE;EconomicOperands;5
PLAIN;EconomicOperands;1
PLANS;EconomicOperands;5
POINT;EconomicOperands;4
POWER;EconomicOperands;1
PRICE;EconomicOperands;7
PRIOR;EconomicOperands;11
RADON;EconomicOperands;1
RANGE;EconomicOperands;1
RAPID;EconomicOperands;1
RATES;EconomicOperands;8
RATIO;LogicalConnectors;1
REFER;EconomicOperands;2
RENEW;EconomicOperands;2
RENTS;EconomicOperands;1
REPAY;EconomicOperands;17
RESET;EconomicOperands;7
RESPA;EconomicOperands;1
RIGHT;EconomicOperands;7
RISKS;EconomicOperands;2
RULES;EconomicOperands;18
RURAL;EconomicOperands;7
SALES;EconomicOperands;5
SCAMS;EconomicOperands;3
SCOPE;EconomicOperands;2
SEEKS;EconomicOperands;1
SENSE;EconomicOperands;3
SERVE;EconomicOperands;1
SEWER;EconomicOperands;1
SHALL;RegulatoryOperators;308
SIXTH;Attributes;4
STAFF;EconomicOperands;1
STATE;EconomicOperands;97
STEPS;EconomicOperands;2
STOCK;EconomicOperands;2
STUDY;EconomicOperands;29
TABLE;Other;6
TAKEN;Other;7
TAKES;FunctionWords;4
TASKS;EconomicOperands;1
TAXES;EconomicOperands;19
TERMS;Other;40
THEFT;EconomicOperands;1
THEIR;FunctionWords;12
THERE;FunctionWords;10
THESE;FunctionWords;10
THIRD;Attributes;8
THOSE;FunctionWords;10
TIMES;EconomicOperands;4
TITLE;LegalReferences;5
TOTAL;Attributes;24
TRADE;EconomicOperands;3
TRUST;EconomicOperands;15
TWICE;Attributes;2
TYPES;EconomicOperands;2
UNDER;FunctionWords;221
UNITS;EconomicOperands;6
UNTIL;FunctionWords;3
URBAN;EconomicOperands;1
USAGE;EconomicOperands;1
USING;EconomicOperands;5
VALID;EconomicOperands;3
VALUE;EconomicOperands;22
VISIT;EconomicOperands;3
WAIVE;RegulatoryOperators;4
WATER;EconomicOperands;1
WHERE;FunctionWords;18
WHICH;FunctionWords;93
WHILE;LogicalConnectors;3
WHOLE;FunctionWords;2
WHOSE;FunctionWords;5
WORTH;EconomicOperands;2
WOULD;FunctionWords;15
YEARS;EconomicOperands;7
YIELD;EconomicOperands;1
1000;Attributes;3
1122;LegalReferences;1
1124;LegalReferences;1
128A;LegalReferences;1
129E;LegalReferences;2
1401;LegalReferences;1
1403;LegalReferences;1
1404;LegalReferences;1
1411;LegalReferences;1
1444;LegalReferences;1
1461;LegalReferences;1
1462;LegalReferences;1
1463;LegalReferences;1
1464;LegalReferences;1
1471;LegalReferences;1
1472;LegalReferences;2
1977;LegalReferences;1
1995;Attributes;1
1996;Attributes;1
2000;Attributes;3
2001;Attributes;1
2003;Attributes;1
2004;Attributes;3
2005;Attributes;1
2006;Attributes;1
2007;Attributes;3
2008;Attributes;3
2009;Attributes;2
2010;Attributes;1
2011;Attributes;3
2012;Attributes;4
2013;Attributes;1
2014;Attributes;1
5000;Attributes;2
ABLE;EconomicOperands;2
ACTS;LegalReferences;7
ALSO;LogicalConnectors;14
AREA;EconomicOperands;10
BEEN;FunctionWords;25
BEST;EconomicOperands;1
BILL;EconomicOperands;1
BODY;EconomicOperands;1
BOOK;EconomicOperands;1
BOTH;FunctionWords;8
CITY;EconomicOperands;2
CODE;EconomicOperands;5
COME;EconomicOperands;1
COPY;EconomicOperands;6
COST;EconomicOperands;10
DATA;EconomicOperands;18
DATE;EconomicOperands;58
DAYS;Attributes;3
DEBT;EconomicOperands;14
DEED;EconomicOperands;6
DOWN;FunctionWords;1
DUAL;EconomicOperands;1
DUTY;EconomicOperands;2
EACH;FunctionWords;51
ENDS;Other;1
FACE;EconomicOperands;1
FACT;EconomicOperands;3
FAIL;EconomicOperands;4
FAIR;EconomicOperands;3
FEES;EconomicOperands;45
FHFA;EconomicOperands;2
FIND;EconomicOperands;1
FINE;EconomicOperands;2
FIRM;EconomicOperands;1
FORM;EconomicOperands;11
FOUR;Attributes;1
FREE;EconomicOperands;4
FROM;FunctionWords;72
FULL;EconomicOperands;6
FUND;EconomicOperands;6
GAIN;EconomicOperands;3
GIVE;FunctionWords;5
GOOD;EconomicOperands;2
GUAM;EconomicOperands;1
HAVE;FunctionWords;39
HEAD;EconomicOperands;1
HELD;EconomicOperands;2
HELP;EconomicOperands;2
HIGH;EconomicOperands;12
HOLD;EconomicOperands;2
HOME;EconomicOperands;48
HVCC;EconomicOperands;5
INTO;FunctionWords;14
ITEM;Other;5
JOIN;EconomicOperands;1
KNOW;Other;2
LACK;EconomicOperands;4
LAND;EconomicOperands;1
LAST;EconomicOperands;2
LATE;EconomicOperands;9
LAWS;EconomicOperands;5
LEFT;Other;1
LESS;FunctionWords;1
LIEN;EconomicOperands;14
LIFE;EconomicOperands;7
LINE;EconomicOperands;2
LIST;EconomicOperands;7
LOAN;EconomicOperands;172
LOSE;EconomicOperands;1
LOSS;EconomicOperands;5
MADE;FunctionWords;62
MAIL;EconomicOperands;2
MAKE;FunctionWords;23
MEET;EconomicOperands;8
MORE;FunctionWords;19
MOST;FunctionWords;3
MUCH;FunctionWords;1
MUST;FunctionWords;7
NAME;EconomicOperands;1
NEED;EconomicOperands;3
NEXT;LogicalConnectors;1
NONE;FunctionWords;3
NOTE;EconomicOperands;4
ONCE;FunctionWords;3
ONE-;FunctionWords;1
ONLY;LogicalConnectors;11
OPEN;EconomicOperands;13
OVER;FunctionWords;12
OWNS;EconomicOperands;1
PAID;EconomicOperands;17
PART;FunctionWords;7
PAST;FunctionWords;4
PLAN;EconomicOperands;13
PLUS;FunctionWords;4
RACE;EconomicOperands;1
RATE;EconomicOperands;27
READ;Other;7
REAL;EconomicOperands;31
RISE;Other;2
RISK;EconomicOperands;4
ROLE;EconomicOperands;2
ROOT;EconomicOperands;1
RULE;EconomicOperands;7
SAFE;Attributes;4
SALE;EconomicOperands;10
SAME;FunctionWords;14
SEEK;EconomicOperands;2
SELL;EconomicOperands;1
SEND;EconomicOperands;1
SENT;EconomicOperands;3
SIDE;EconomicOperands;1
SIGN;EconomicOperands;1
SITE;EconomicOperands;8
SIZE;EconomicOperands;8
SOLE;LogicalConnectors;2
SOME;FunctionWords;1
SUCH;FunctionWords;297
SUMS;EconomicOperands;1
TAKE;FunctionWords;9
TASK;EconomicOperands;1
TERM;Other;69
TEST;EconomicOperands;1
THAN;FunctionWords;29
THAT;FunctionWords;256
THEM;FunctionWords;1
THEY;FunctionWords;5
THIS;FunctionWords;12
TIME;EconomicOperands;34
TIPS;EconomicOperands;5
TOWN;EconomicOperands;1
TYPE;EconomicOperands;6
UNIT;EconomicOperands;4
UPON;FunctionWords;9
URLS;EconomicOperands;1
USED;EconomicOperands;28
USES;EconomicOperands;1
VARY;EconomicOperands;4
VIII;LegalReferences;5
WAYS;EconomicOperands;1
WERE;FunctionWords;7
WHAT;FunctionWords;1
WHEN;FunctionWords;16
WHOM;FunctionWords;1
WILL;FunctionWords;36
WITH;FunctionWords;105
WORK;EconomicOperands;2
YEAR;EconomicOperands;14
YOUR;FunctionWords;4
100;Attributes;1
113;LegalReferences;1
125;Attributes;2
129;LegalReferences;21
130;LegalReferences;1
133;Attributes;1
140;LegalReferences;4
141;LegalReferences;8
201;LegalReferences;1
220;LegalReferences;1
2ND;Attributes;1
303;LegalReferences;1
3RD;Attributes;1
443;Attributes;2
4TH;Attributes;1
6TH;Attributes;3
ACT;LegalReferences;9
ADD;RegulatoryOperators;3
AGE;EconomicOperands;5
AIG;EconomicOperands;1
AII;LegalReferences;1
ALL;FunctionWords;54
AND;LogicalConnectors;827
ANY;FunctionWords;279
APP;LegalReferences;1
ARE;FunctionWords;68
ASK;EconomicOperands;2
BAR;FunctionWords;2
BUT;LogicalConnectors;19
CAN;FunctionWords;7
DAY;EconomicOperands;3
DUE;Attributes;14
END;Other;65
FEE;EconomicOperands;37
FOR;FunctionWords;416
GAO;EconomicOperands;3
GET;EconomicOperands;3
HAD;FunctionWords;1
HAS;FunctionWords;70
HOW;FunctionWords;9
HUD;EconomicOperands;5
IFI;EconomicOperands;2
III;LegalReferences;36
ILL;EconomicOperands;1
ITS;EconomicOperands;10
LAW;EconomicOperands;31
LOW;EconomicOperands;2
MAY;FunctionWords;121
MET;FunctionWords;3
NET;EconomicOperands;6
NEW;EconomicOperands;76
NON;LogicalConnectors;2
NOT;FunctionWords;120
NPV;EconomicOperands;4
NRC;EconomicOperands;1
OFF;FunctionWords;4
ONE;FunctionWords;5
OUR;FunctionWords;1
OUT;EconomicOperands;11
OWN;FunctionWords;3
PAY;EconomicOperands;17
SEC;EconomicOperands;39
SET;Other;15
SUM;EconomicOperands;1
TAX;EconomicOperands;3
TEN;Attributes;2
THE;FunctionWords;2288
USE;EconomicOperands;23
VII;LegalReferences;6
WAS;FunctionWords;6
WEB;EconomicOperands;2
WHO;FunctionWords;32
XII;LegalReferences;1
10;Attributes;4
11;LegalReferences;4
12;Attributes;7
13;LegalReferences;1
14;LegalReferences;46
15;Attributes;6
16;LegalReferences;2
17;LegalReferences;2
18;LegalReferences;2
19;LegalReferences;2
1B;LegalReferences;3
20;Attributes;4
21;LegalReferences;1
22;LegalReferences;1
25;Attributes;8
27;LegalReferences;2
2B;LegalReferences;6
30;Attributes;2
31;LegalReferences;1
32;LegalReferences;1
35;Attributes;4
3C;LegalReferences;1
40;LegalReferences;1
41;LegalReferences;1
42;LegalReferences;11
46;LegalReferences;1
47;LegalReferences;1
48;LegalReferences;1
49;LegalReferences;1
4D;LegalReferences;2
50;Attributes;3
51;LegalReferences;1
54;LegalReferences;1
5D;LegalReferences;2
A2;LegalReferences;1
A4;LegalReferences;2
A6;LegalReferences;2
A7;LegalReferences;1
AA;LegalReferences;6
AN;FunctionWords;189
AS;FunctionWords;195
AT;FunctionWords;99
B2;LegalReferences;1
BB;LegalReferences;1
BE;FunctionWords;187
BY;FunctionWords;486
CC;LegalReferences;6
DO;FunctionWords;11
EC;EconomicOperands;29
F1;LegalReferences;2
GO;FunctionWords;1
IF;LogicalConnectors;52
II;LegalReferences;57
IN;FunctionWords;445
IS;FunctionWords;229
IT;EconomicOperands;6
IV;LegalReferences;15
IX;LegalReferences;3
NO;FunctionWords;47
OF;FunctionWords;1253
ON;FunctionWords;176
OR;LogicalConnectors;648
SO;LogicalConnectors;4
TO;FunctionWords;564
TR;EconomicOperands;1
UP;FunctionWords;9
US;EconomicOperands;12
VI;EconomicOperands;6
XI;LegalReferences;2
1;Attributes;123
2;Attributes;119
3;Attributes;85
4;Attributes;55
5;Attributes;39
6;Attributes;22
7;Attributes;30
8;Attributes;15
9;Attributes;14
A;FunctionWords;842
B;LegalReferences;155
C;LegalReferences;95
D;LegalReferences;74
E;LegalReferences;46
F;LegalReferences;23
G;EconomicOperands;23
H;LegalReferences;19
I;FunctionWords;64
J;LegalReferences;5
K;LegalReferences;7
L;LegalReferences;7
M;LegalReferences;8
N;LegalReferences;7
O;LegalReferences;4
P;LegalReferences;8
Q;LegalReferences;1
R;LegalReferences;7
S;Attributes;182
T;LegalReferences;7
U;LegalReferences;7
V;LegalReferences;11
X;LegalReferences;2
Y;LegalReferences;1
Z;LegalReferences;5
