SECTION 130320 OF THE FEDERAL HOUSING ENTERPRISES FINANCIAL SAFETY AND SOUNDNESS ACT OF 1992 12 USC 450220;LegalReferences;1
THE FEDERAL DEPOSIT INSURANCE CORPORATION IMPROVEMENT ACT OF 1991 12 USC 4401 ET SEQ;LegalReferences;1
THE FEDERAL DEPOSIT INSURANCE CORPORATION IMPROVEMENT ACT OF 1991 12 USC 4403A;LegalReferences;1
HOUSING ENTERPRISES FINANCIAL SAFETY AND SOUNDNESS ACT OF 1992 12 USC 4617D;LegalReferences;1
SECTION 21 OR 27 OF THE SECURITIES EXCHANGE ACT OF 1934 15 USC 78U 78AA;LegalReferences;2
THE SECURITIES INVESTOR PROTECTION ACT OF 1970 15 USC 78AAA ET SEQ;LegalReferences;18
THE FEDERAL DEPOSIT INSURANCE CORPORATION IMPROVEMENT ACT OF 1991;LegalReferences;3
NONBANK FINANCIAL COMPANY SUPERVISED BY THE BOARD OF GOVERNORS;EconomicOperands;4
THE SECURITIES INVESTOR PROTECTION ACT OF 1970 15 USC 78DDD;LegalReferences;1
THE SECURITIES INVESTOR PROTECTION ACT OF 1970 15 USC 78LLL;LegalReferences;1
DODD-FRANK WALL STREET REFORM AND CONSUMER PROTECTION ACT;LegalReferences;2
SECTION 5A OF THE INSPECTOR GENERAL ACT OF 1978 5 USC APP;LegalReferences;2
SECURITIES INVESTOR PROTECTION ACT OF 1970 15 USC 78FFF2C;LegalReferences;1
SECURITIES INVESTOR PROTECTION ACT 15 USC 78AAA ET SEQ;LegalReferences;1
THE BANK HOLDING COMPANY ACT OF 1956 12 USC 1841A;LegalReferences;1
THE BANK HOLDING COMPANY ACT OF 1956 12 USC 1841B;LegalReferences;1
THE BANK HOLDING COMPANY ACT OF 1956 12 USC 1843K;LegalReferences;3
PART 366 OF TITLE 12 CODE OF FEDERAL REGULATIONS;LegalReferences;1
THE SECURITIES EXCHANGE ACT OF 1934 15 USC 73OB;LegalReferences;1
THE SECURITIES EXCHANGE ACT OF 1934 15 USC 78OB;LegalReferences;2
COMMITTEE ON BANKING HOUSING AND URBAN AFFAIRS;EconomicOperands;10
THE FEDERAL DEPOSIT INSURANCE ACT 12 USC 1818;LegalReferences;1
COMMITTEE ON FINANCIAL SERVICES OF THE HOUSE;EconomicOperands;8
CHAPTER 31 OF TITLE 31 UNITED STATES CODE;LegalReferences;2
COMPTROLLER GENERAL OF THE UNITED STATES;EconomicOperands;9
ADMINISTRATIVE EXPENSES OF THE RECEIVER;EconomicOperands;5
RECORDS OF A COVERED FINANCIAL COMPANY;EconomicOperands;2
CUSTOMER PROPERTY AND MEMBER PROPERTY;EconomicOperands;3
FEDERAL DEPOSIT INSURANCE CORPORATION;EconomicOperands;2
REVISED STATUTES OF THE UNITED STATES;LegalReferences;1
PRIMARY FINANCIAL REGULATORY AGENCY;EconomicOperands;6
THE SECURITIES EXCHANGE ACT OF 1934;LegalReferences;3
ACTUAL DIRECT COMPENSATORY DAMAGES;EconomicOperands;4
APPROPRIATE FEDERAL BANKING AGENCY;EconomicOperands;2
SUPREME COURT OF THE UNITED STATES;EconomicOperands;1
CHAPTER 11 OF THE BANKRUPTCY CODE;LegalReferences;2
THE FEDERAL DEPOSIT INSURANCE ACT;LegalReferences;7
FEDERAL RULES OF CIVIL PROCEDURE;LegalReferences;2
COMMITTEE ON FINANCIAL SERVICES;EconomicOperands;2
INSURED DEPOSITORY INSTITUTION;EconomicOperands;12
UNITED STATES COURT OF APPEALS;EconomicOperands;1
IMPACT ON FINANCIAL STABILITY;EconomicOperands;1
INTERNAL REVENUE CODE OF 1986;EconomicOperands;1
ORDERLY LIQUIDATION AUTHORITY;EconomicOperands;4
SELF-REGULATORY ORGANIZATIONS;EconomicOperands;1
DISTRICT OF COLUMBIA CIRCUIT;EconomicOperands;1
QUALIFIED FINANCIAL CONTRACT;EconomicOperands;50
REVERSE REPURCHASE AGREEMENT;EconomicOperands;1
SELF-REGULATORY ORGANIZATION;EconomicOperands;1
THE FEDERAL CREDIT UNION ACT;LegalReferences;1
FUTURES COMMISSION MERCHANT;EconomicOperands;3
THE FARM CREDIT ACT OF 1971;LegalReferences;1
COMMITTEE ON THE JUDICIARY;EconomicOperands;6
DEPARTMENT OF THE TREASURY;EconomicOperands;4
ELIGIBLE FINANCIAL COMPANY;EconomicOperands;1
THE COMMODITY EXCHANGE ACT;LegalReferences;1
BANK PRODUCTS ACT OF 2000;LegalReferences;1
COVERED FINANCIAL COMPANY;EconomicOperands;414
FEDERAL REGULATORY AGENCY;EconomicOperands;1
MASTER AGREEMENT CONTAINS;EconomicOperands;2
NONBANK FINANCIAL COMPANY;EconomicOperands;2
STATE INSURANCE REGULATOR;EconomicOperands;1
SUBCLAUSES I THROUGH VIII;LegalReferences;2
SUBPARAGRAPHS A B C AND D;LegalReferences;1
BRIDGE FINANCIAL COMPANY;EconomicOperands;135
COVERED BROKER OR DEALER;EconomicOperands;43
CUSTOMER NAME SECURITIES;EconomicOperands;8
FEDERAL BANKING AGENCIES;EconomicOperands;2
FEDERAL INSURANCE OFFICE;EconomicOperands;2
HOUSE OF REPRESENTATIVES;EconomicOperands;6
PROMPT CORRECTIVE ACTION;EconomicOperands;4
SUBCLAUSES I THROUGH XII;LegalReferences;1
DEPOSITORY INSTITUTIONS;EconomicOperands;1
IMPLEMENTATION EXPENSES;EconomicOperands;5
IN CONNECTION THEREWITH;LogicalConnectors;3
SUBPARAGRAPHS B C AND D;LegalReferences;1
SUBPARAGRAPHS C D AND E;LegalReferences;1
UNDERSERVED COMMUNITIES;EconomicOperands;2
AS SOON AS PRACTICABLE;Attributes;1
CUSTOMER NAME SECURITY;EconomicOperands;2
DEPOSITORY INSTITUTION;EconomicOperands;2
FINANCIAL INSTITUTIONS;EconomicOperands;2
GRAMM-LEACH-BLILEY ACT;LegalReferences;1
INSTITUTION-AFFILIATED;EconomicOperands;1
SUBCLAUSES I THROUGH V;LegalReferences;1
SUBCLAUSES I THROUGH X;LegalReferences;2
BUSINESS OF INSURANCE;EconomicOperands;1
CLAUSES I THROUGH III;LegalReferences;1
CLEARING ORGANIZATION;EconomicOperands;13
CONFLICTS OF INTEREST;EconomicOperands;4
FINANCIAL INSTITUTION;EconomicOperands;14
PREDOMINANTLY ENGAGED;EconomicOperands;3
RESOLUTION MECHANISMS;EconomicOperands;2
RULES OF CONSTRUCTION;Other;1
SUBPARAGRAPHS A AND B;LegalReferences;3
TO THE MAXIMUM EXTENT;Attributes;1
BANK HOLDING COMPANY;EconomicOperands;2
CLAUSES I THROUGH VI;LegalReferences;1
CONFLICT OF INTEREST;EconomicOperands;1
CORPORATE GOVERNANCE;EconomicOperands;2
DISTRICT OF COLUMBIA;EconomicOperands;2
IN DANGER OF DEFAULT;EconomicOperands;13
INSURED CREDIT UNION;EconomicOperands;1
LESS FREQUENTLY THAN;LogicalConnectors;1
PARAGRAPHS 13 AND 14;LegalReferences;1
REPURCHASE AGREEMENT;EconomicOperands;7
RISK-RELATED FACTORS;EconomicOperands;1
RULE OF CONSTRUCTION;Other;3
SUBCLAUSES I AND III;LegalReferences;1
COMPTROLLER GENERAL;EconomicOperands;3
CREDIT ENHANCEMENTS;EconomicOperands;1
DERIVATIVES MARKETS;EconomicOperands;1
FINANCIAL CONDITION;EconomicOperands;4
FINANCIAL STABILITY;EconomicOperands;12
INVESTOR PROTECTION;EconomicOperands;6
PARAGRAPHS 9 AND 10;LegalReferences;2
SECURITIES CONTRACT;EconomicOperands;5
SUBCLAUSES I AND IV;LegalReferences;1
SUBPARAGRAPH A OR B;LegalReferences;1
SUBPARAGRAPH G OR H;LegalReferences;1
SUBSECTIONS A AND B;LegalReferences;2
SUBSECTIONS B AND C;LegalReferences;1
12 USC 2001 ET SEQ;LegalReferences;1
BANKRUPTCY PROCESS;EconomicOperands;5
BOARD OF GOVERNORS;EconomicOperands;25
CLAUSES II AND III;LegalReferences;1
COMMODITY CONTRACT;EconomicOperands;6
COVERED SUBSIDIARY;EconomicOperands;14
FARM CREDIT SYSTEM;EconomicOperands;1
FEDERAL ASSISTANCE;EconomicOperands;2
FINANCIAL SERVICES;EconomicOperands;2
FOR THE PURPOSE OF;LogicalConnectors;7
FOREIGN GOVERNMENT;EconomicOperands;1
IN ACCORDANCE WITH;LogicalConnectors;52
IN CONFORMITY WITH;RegulatoryOperators;1
IN CONNECTION WITH;FunctionWords;29
INTERCONNECTEDNESS;EconomicOperands;1
PARAGRAPHS 1 AND 2;LegalReferences;2
PARAGRAPHS 2 AND 3;LegalReferences;3
RESOLUTION PROCESS;EconomicOperands;1
SITUATED CLAIMANTS;EconomicOperands;1
TOTAL CONSOLIDATED;EconomicOperands;5
TRANSFER OF ASSETS;EconomicOperands;5
UNITED STATES CODE;LegalReferences;7
WRIT OF CERTIORARI;LegalReferences;1
CUSTOMER PROPERTY;EconomicOperands;16
DEPOSIT INSURANCE;EconomicOperands;6
FINANCIAL COMPANY;EconomicOperands;61
FINANCIAL MARKETS;EconomicOperands;3
IN THE CONTEXT OF;FunctionWords;2
IN THE EVENT THAT;LogicalConnectors;4
INSURANCE COMPANY;EconomicOperands;13
MARKET DISCIPLINE;EconomicOperands;2
OFF-BALANCE SHEET;EconomicOperands;2
PARAGRAPH 9 OR 10;LegalReferences;1
PROTECTIVE DECREE;EconomicOperands;5
PUBLIC DISCLOSURE;EconomicOperands;1
SUBSECTION A OR B;LegalReferences;1
UNJUST ENRICHMENT;EconomicOperands;1
WRITTEN AGREEMENT;EconomicOperands;3
ATTORNEY GENERAL;EconomicOperands;7
CEASE-AND-DESIST;EconomicOperands;1
COMMODITY BROKER;EconomicOperands;2
COURT OF APPEALS;EconomicOperands;6
FINANCIAL SYSTEM;EconomicOperands;10
FOR THE PURPOSES;LogicalConnectors;1
FOREIGN EXCHANGE;EconomicOperands;1
FORWARD CONTRACT;EconomicOperands;6
FULLY GUARANTEED;EconomicOperands;2
GOLDEN PARACHUTE;EconomicOperands;1
LETTER OF CREDIT;EconomicOperands;1
MORTGAGE-RELATED;EconomicOperands;1
PARAGRAPH 1 OR 2;LegalReferences;1
PARAGRAPH 3 OR 5;LegalReferences;1
PERIOD BEGINNING;EconomicOperands;11
PURSUANT THERETO;LogicalConnectors;1
RESPONSIBILITIES;EconomicOperands;9
UNENFORCEABILITY;EconomicOperands;1
15 USC 78EEEB2C;LegalReferences;1
ADVERSE EFFECTS;EconomicOperands;7
ASSOCIATED WITH;FunctionWords;8
BANKRUPTCY CODE;EconomicOperands;33
COMPATIBLE WITH;EconomicOperands;1
CONFIDENTIALITY;EconomicOperands;2
FEDERAL RESERVE;EconomicOperands;4
FINANCIAL FIRMS;EconomicOperands;1
INSTRUMENTALITY;EconomicOperands;3
JUDICIAL REVIEW;EconomicOperands;2
LEGAL CERTAINTY;EconomicOperands;1
LOAN COMMITMENT;EconomicOperands;1
MAJORITY LEADER;EconomicOperands;1
MINORITY LEADER;EconomicOperands;2
NOTWITHSTANDING;LogicalConnectors;36
ORDINARY COURSE;EconomicOperands;3
RECOMMENDATIONS;EconomicOperands;4
REPRESENTATIVES;EconomicOperands;10
RESPONSIBLE FOR;EconomicOperands;8
SECTION 210C10B;LegalReferences;1
SECURITIES LAWS;EconomicOperands;2
STATE-CHARTERED;EconomicOperands;4
THE CLAYTON ACT;LegalReferences;3
THIS SUBSECTION;LegalReferences;41
WALKAWAY CLAUSE;EconomicOperands;4
WITH RESPECT TO;LogicalConnectors;92
ADMINISTRATION;EconomicOperands;2
ADMINISTRATIVE;EconomicOperands;15
ADVERSE EFFECT;EconomicOperands;1
AND REGULATION;EconomicOperands;4
AS A RESULT OF;LogicalConnectors;9
BOARD OF TRADE;EconomicOperands;3
COLLATERALIZED;EconomicOperands;1
COMMODITY SWAP;EconomicOperands;1
CONCENTRATIONS;EconomicOperands;2
CONSIDERATIONS;EconomicOperands;3
COUNTERPARTIES;EconomicOperands;6
CROSS-CURRENCY;EconomicOperands;1
DETERMINATIONS;Other;2
DISCRIMINATION;EconomicOperands;1
ELECTRONICALLY;EconomicOperands;1
FEDERAL AGENCY;EconomicOperands;11
IDENTIFICATION;EconomicOperands;1
IMPLEMENTATION;EconomicOperands;7
IN ADDITION TO;LogicalConnectors;3
IN THE CASE OF;LogicalConnectors;19
INTERCONNECTED;EconomicOperands;1
INVESTIGATIONS;EconomicOperands;5
NOT LATER THAN;LogicalConnectors;31
RECOMMENDATION;EconomicOperands;14
REHABILITATION;EconomicOperands;3
REORGANIZATION;EconomicOperands;2
REPRESENTATIVE;EconomicOperands;3
RESPONSIBILITY;EconomicOperands;4
SECTION 201A11;LegalReferences;4
SECTION 202A1A;LegalReferences;1
SECTION 202C1A;LegalReferences;1
SECTION 210A1A;LegalReferences;2
SECTION 210N14;LegalReferences;1
SMALL BUSINESS;EconomicOperands;1
STUDY REQUIRED;LegalReferences;2
SUBCHAPTER III;LegalReferences;1
SUBPARAGRAPH A;LegalReferences;45
SUBPARAGRAPH B;LegalReferences;14
SUBPARAGRAPH C;LegalReferences;3
SUBPARAGRAPH D;LegalReferences;3
SUBPARAGRAPH F;LegalReferences;1
SUBPARAGRAPH G;LegalReferences;1
SUBPARAGRAPH H;LegalReferences;1
SUBSECTION A11;LegalReferences;3
SWAP AGREEMENT;EconomicOperands;5
THIS PARAGRAPH;LegalReferences;30
WITH REGARD TO;LogicalConnectors;5
APPLICABILITY;FunctionWords;1
APPLICABLE TO;FunctionWords;9
AUTHORIZATION;RegulatoryOperators;2
AUTOMATICALLY;EconomicOperands;1
BALANCE SHEET;EconomicOperands;2
CERTIFICATION;EconomicOperands;1
CIRCUMVENTION;EconomicOperands;1
CLARIFICATION;EconomicOperands;2
CONGRESSIONAL;EconomicOperands;1
CONSIDERATION;EconomicOperands;6
CONSISTING OF;FunctionWords;1
CONSOLIDATION;EconomicOperands;4
CONTRIBUTIONS;EconomicOperands;1
CURRENCY SWAP;EconomicOperands;1
DETERMINATION;EconomicOperands;38
DIFFERENTIATE;EconomicOperands;1
DISCRETIONARY;EconomicOperands;1
DOCUMENTATION;EconomicOperands;4
EFFECTIVENESS;EconomicOperands;6
ESTABLISHMENT;RegulatoryOperators;8
EXPEDITIOUSLY;EconomicOperands;1
IN THE FUTURE;Attributes;2
INCORPORATION;EconomicOperands;1
INSUFFICIENCY;EconomicOperands;6
INTEREST RATE;EconomicOperands;4
INTERNATIONAL;EconomicOperands;13
INVESTIGATION;EconomicOperands;2
INVOLUNTARILY;EconomicOperands;2
MISCELLANEOUS;FunctionWords;2
MODIFICATIONS;EconomicOperands;1
NONDEFAULTING;EconomicOperands;1
NORMAL COURSE;EconomicOperands;2
OF SECURITIES;EconomicOperands;4
PARAGRAPH 10A;LegalReferences;1
PARAGRAPH 10B;LegalReferences;1
PARAGRAPH 12B;LegalReferences;1
PARAGRAPH 13A;LegalReferences;1
PARAGRAPH 13B;LegalReferences;1
PARAGRAPH 2BI;LegalReferences;3
PARTICIPATION;EconomicOperands;4
PROVIDED THAT;LogicalConnectors;2
PUBLIC POLICY;EconomicOperands;1
RAMIFICATIONS;EconomicOperands;1
RECORDKEEPING;EconomicOperands;3
REGARDLESS OF;LogicalConnectors;1
REGISTRATIONS;EconomicOperands;1
REGULATION OF;EconomicOperands;2
REIMBURSEMENT;EconomicOperands;8
SECTION 102A4;LegalReferences;2
SECTION 202A1;LegalReferences;1
SECTION 203C3;LegalReferences;2
SECTION 210A2;LegalReferences;1
SECTION 210A5;LegalReferences;1
SECTION 210B1;LegalReferences;1
SECTION 210C8;LegalReferences;1
SECTION 210N9;LegalReferences;1
SECTIONS 204D;LegalReferences;1
SUBSECTION A1;LegalReferences;2
SUBSECTION A4;LegalReferences;1
SUBSECTION A6;LegalReferences;1
SUBSECTION A8;LegalReferences;2
SUBSECTION B1;LegalReferences;4
SUBSECTION B2;LegalReferences;1
SUBSECTION B4;LegalReferences;3
SUBSECTION D4;LegalReferences;1
SUBSECTION D5;LegalReferences;2
SUBSECTION E2;LegalReferences;1
SUBSECTION H2;LegalReferences;1
SUBSECTION N9;LegalReferences;2
SUBSECTION O1;LegalReferences;4
SUBSTANTIALLY;FunctionWords;9
SUPREME COURT;EconomicOperands;4
SYSTEMIC RISK;EconomicOperands;1
THIRD PARTIES;EconomicOperands;5
TO THE EXTENT;LogicalConnectors;18
TOGETHER WITH;LogicalConnectors;7
UNITED STATES;EconomicOperands;48
URBAN AFFAIRS;EconomicOperands;2
ACCELERATION;EconomicOperands;5
ADJUDICATION;EconomicOperands;2
ADMINISTERED;EconomicOperands;1
ARRANGEMENTS;EconomicOperands;1
AVAILABILITY;EconomicOperands;1
BUSINESS DAY;EconomicOperands;5
BY REASON OF;FunctionWords;5
BY VIRTUE OF;FunctionWords;4
CERTIFICATES;EconomicOperands;6
COMMENCEMENT;EconomicOperands;4
COMMENSURATE;EconomicOperands;1
COMPENSATION;EconomicOperands;6
COMPENSATORY;EconomicOperands;1
CONFIDENTIAL;EconomicOperands;1
CONFIRMATION;EconomicOperands;2
CONSOLIDATED;EconomicOperands;2
CONSTITUTION;EconomicOperands;1
CONSULTATION;EconomicOperands;14
CONSUMMATION;EconomicOperands;1
CONTINUATION;EconomicOperands;1
CONTRIBUTION;EconomicOperands;1
COORDINATION;EconomicOperands;12
COUNTERPARTY;EconomicOperands;3
DEFINITIONAL;Other;1
DEMONSTRATED;EconomicOperands;1
DEMONSTRATES;EconomicOperands;3
DISTRIBUTION;EconomicOperands;2
DUTY OF CARE;EconomicOperands;1
EARLIER THAN;LogicalConnectors;1
ENTITLEMENTS;EconomicOperands;3
ESTABLISHING;EconomicOperands;1
EXPECTATIONS;EconomicOperands;1
FACILITATING;EconomicOperands;4
FOREIGN BANK;EconomicOperands;4
FUNCTIONS OF;EconomicOperands;7
GOVERNMENTAL;EconomicOperands;5
GREATER THAN;LogicalConnectors;4
GUARANTEEING;EconomicOperands;2
IMPLICATIONS;EconomicOperands;1
IN THE PLACE;LogicalConnectors;1
INCORPORATED;EconomicOperands;4
INSUFFICIENT;Attributes;3
JURISDICTION;EconomicOperands;13
MARKET SHARE;EconomicOperands;1
MODIFICATION;EconomicOperands;2
MORAL HAZARD;EconomicOperands;4
MUNICIPALITY;EconomicOperands;3
NOTIFICATION;EconomicOperands;7
ON BEHALF OF;FunctionWords;5
ORGANIZATION;EconomicOperands;6
PARAGRAPH 11;LegalReferences;1
PARAGRAPH 12;LegalReferences;2
PARAGRAPH 13;LegalReferences;8
PARAGRAPH 14;LegalReferences;2
PARAGRAPH 15;LegalReferences;1
PARAGRAPH 1A;LegalReferences;3
PARAGRAPH 1B;LegalReferences;5
PARAGRAPH 1C;LegalReferences;2
PARAGRAPH 2B;LegalReferences;1
PARAGRAPH 3A;LegalReferences;3
PARAGRAPH 3B;LegalReferences;1
PARAGRAPH 4B;LegalReferences;1
PARAGRAPH 51;LegalReferences;1
PARAGRAPH 6B;LegalReferences;1
PARAGRAPH 8A;LegalReferences;1
PARAGRAPH 9A;LegalReferences;1
PARTICIPANTS;EconomicOperands;2
PARTICIPATED;EconomicOperands;2
PERIODICALLY;Attributes;1
PRESCRIPTION;EconomicOperands;1
QUANTITATIVE;EconomicOperands;1
RECEIVERSHIP;EconomicOperands;30
RELATIONSHIP;EconomicOperands;1
REQUIREMENTS;EconomicOperands;18
RESPECTIVELY;LogicalConnectors;2
RESTRICTIONS;RegulatoryOperators;4
SATISFACTION;EconomicOperands;10
SECTION 1013;LegalReferences;3
SECTION 1032;LegalReferences;2
SECTION 1367;LegalReferences;1
SECTION 15C5;LegalReferences;1
SECTION 202A;LegalReferences;1
SECTION 203A;LegalReferences;1
SECTION 203B;LegalReferences;4
SECTION 203D;LegalReferences;2
SECTION 204D;LegalReferences;2
SECTION 205E;LegalReferences;1
SECTION 205F;LegalReferences;2
SECTION 2105;LegalReferences;1
SECTION 210B;LegalReferences;1
SECTION 210C;LegalReferences;1
SECTION 210H;LegalReferences;1
SECTION 210N;LegalReferences;1
SECTION 3A47;LegalReferences;1
SECTION 403A;LegalReferences;1
SECTION 5242;LegalReferences;1
SECTION 547C;LegalReferences;1
SECTION 548C;LegalReferences;1
SECTIONS 403;LegalReferences;1
SECTIONS 547;LegalReferences;1
SECTIONS 741;LegalReferences;1
SHAREHOLDERS;EconomicOperands;14
SIMULTANEOUS;EconomicOperands;1
SOLICITATION;EconomicOperands;1
SPECIFICALLY;LogicalConnectors;4
STAKEHOLDERS;EconomicOperands;1
SUBCLAUSE II;LegalReferences;5
SUBORDINATED;EconomicOperands;2
SUBPARAGRAPH;Other;13
SUBSECTION A;LegalReferences;7
SUBSECTION B;LegalReferences;5
SUBSECTION C;LegalReferences;1
SUBSECTION D;LegalReferences;3
SUBSECTION E;LegalReferences;2
SUBSECTION H;LegalReferences;3
SUBSECTION O;LegalReferences;2
SUBSIDIARIES;EconomicOperands;9
THIS SECTION;LegalReferences;42
TRANSACTIONS;EconomicOperands;14
TRANSFERRING;EconomicOperands;2
UNENCUMBERED;EconomicOperands;1
UNLIQUIDATED;EconomicOperands;1
50000000000;Attributes;2
ACQUISITION;EconomicOperands;4
AFFIRMATIVE;EconomicOperands;1
ALTERNATIVE;EconomicOperands;2
AND CONDUCT;EconomicOperands;2
APPLICATION;EconomicOperands;3
APPOINTMENT;EconomicOperands;73
APPROPRIATE;Attributes;48
ARRANGEMENT;EconomicOperands;7
AS A RESULT;LogicalConnectors;1
ASSESSMENTS;EconomicOperands;21
ASSOCIATION;EconomicOperands;6
AUTHORITIES;EconomicOperands;15
AUTHORIZING;RegulatoryOperators;3
CALCULATION;EconomicOperands;1
CERTIFICATE;EconomicOperands;5
CHAIRPERSON;EconomicOperands;4
COMBINATION;EconomicOperands;5
COMMISSIONS;EconomicOperands;2
COMMODITIES;EconomicOperands;1
COMPETITION;EconomicOperands;1
COMPETITIVE;EconomicOperands;2
CONCLUSIONS;EconomicOperands;1
CONCURRENCE;EconomicOperands;2
CONFLICTING;EconomicOperands;1
CONSEQUENCE;EconomicOperands;1
CONSERVATOR;EconomicOperands;4
CONSTITUTES;EconomicOperands;1
CONSUMMATED;EconomicOperands;3
CONTINGENCY;EconomicOperands;1
CONTRACTUAL;EconomicOperands;5
CONTRIBUTED;EconomicOperands;3
CONVERTIBLE;EconomicOperands;1
COOPERATION;EconomicOperands;3
CORPORATION;EconomicOperands;518
DEFINITIONS;EconomicOperands;9
DESCRIPTION;EconomicOperands;6
DESIGNATION;EconomicOperands;1
DETERMINING;EconomicOperands;6
DEVELOPMENT;EconomicOperands;3
DIFFERENCES;EconomicOperands;4
DISPOSITION;EconomicOperands;13
DISSOLUTION;EconomicOperands;3
DISTRIBUTED;EconomicOperands;1
DUPLICATIVE;EconomicOperands;1
ENFORCEABLE;Attributes;16
ENFORCEMENT;EconomicOperands;2
ENHANCEMENT;EconomicOperands;10
ESTABLISHED;RegulatoryOperators;28
ESTABLISHES;RegulatoryOperators;1
EVALUATIONS;EconomicOperands;1
EVIDENTIARY;EconomicOperands;1
EXAMINATION;EconomicOperands;1
EXCLUSIVELY;FunctionWords;2
FILING DATE;EconomicOperands;6
FORECLOSURE;EconomicOperands;2
GOVERNMENTS;EconomicOperands;1
IMMEDIATELY;Attributes;13
IMPROVEMENT;EconomicOperands;1
IN ANY CASE;LogicalConnectors;3
IN ORDER TO;LogicalConnectors;3
INFORMATION;EconomicOperands;6
INSTITUTION;EconomicOperands;3
INSTRUMENTS;EconomicOperands;3
INVESTMENTS;EconomicOperands;2
INVOLUNTARY;EconomicOperands;2
LEGISLATIVE;EconomicOperands;1
LIABILITIES;EconomicOperands;37
LIMITATIONS;EconomicOperands;16
LIQUIDATING;EconomicOperands;3
LIQUIDATION;EconomicOperands;65
LONGER THAN;LogicalConnectors;1
LONGER-TERM;EconomicOperands;1
MAINTAINING;EconomicOperands;1
OBLIGATIONS;EconomicOperands;56
OPPORTUNITY;EconomicOperands;3
OUTSTANDING;EconomicOperands;5
PARAGRAPH 1;LegalReferences;26
PARAGRAPH 2;LegalReferences;12
PARAGRAPH 3;LegalReferences;6
PARAGRAPH 4;LegalReferences;3
PARAGRAPH 5;LegalReferences;4
PARAGRAPH 6;LegalReferences;1
PARAGRAPH 8;LegalReferences;6
PARAGRAPH 9;LegalReferences;2
PARTNERSHIP;EconomicOperands;1
PERFORMANCE;EconomicOperands;8
PRACTICABLE;EconomicOperands;4
PRESUMPTION;EconomicOperands;1
PROCEEDINGS;EconomicOperands;5
PROHIBITION;RegulatoryOperators;6
PROMULGATED;RegulatoryOperators;1
PROSECUTION;EconomicOperands;1
PROTECTIONS;EconomicOperands;3
PUBLICATION;EconomicOperands;4
PURSUANT TO;FunctionWords;41
REASONS FOR;EconomicOperands;1
RECOVERABLE;EconomicOperands;1
REFERRED TO;FunctionWords;42
REGULATIONS;EconomicOperands;21
RELATING TO;FunctionWords;17
RELATIVE TO;LogicalConnectors;1
REQUIREMENT;EconomicOperands;4
RESTITUTION;EconomicOperands;2
RESTRICTION;RegulatoryOperators;1
SECTION 101;LegalReferences;1
SECTION 11E;LegalReferences;1
SECTION 120;LegalReferences;1
SECTION 15B;LegalReferences;3
SECTION 165;LegalReferences;1
SECTION 201;LegalReferences;2
SECTION 202;LegalReferences;4
SECTION 203;LegalReferences;3
SECTION 204;LegalReferences;1
SECTION 205;LegalReferences;4
SECTION 206;LegalReferences;1
SECTION 209;LegalReferences;1
SECTION 210;LegalReferences;8
SECTION 215;LegalReferences;1
SECTION 402;LegalReferences;1
SECTION 546;LegalReferences;1
SECTION 5B2;LegalReferences;1
SHAREHOLDER;EconomicOperands;3
SIGNIFICANT;Attributes;2
STOCKBROKER;EconomicOperands;2
SUBCLAUSE I;LegalReferences;12
SUBORDINATE;EconomicOperands;2
SUBSECTIONS;LegalReferences;2
SUBSTANTIAL;Attributes;3
SUMMARIZING;EconomicOperands;6
SUPERVISION;EconomicOperands;2
SUPERVISORY;EconomicOperands;1
SUPPLEMENTS;EconomicOperands;6
TERMINATION;EconomicOperands;14
TERRITORIAL;EconomicOperands;3
TO CONCLUDE;LogicalConnectors;2
TRANSACTION;EconomicOperands;68
TRANSFERRED;EconomicOperands;16
TRANSMITTAL;EconomicOperands;1
TRANSMITTED;EconomicOperands;1
UTILIZATION;EconomicOperands;4
VOLUNTARILY;EconomicOperands;2
10 PERCENT;Attributes;1
85 PERCENT;Attributes;1
90 PERCENT;Attributes;1
ACCELERATE;EconomicOperands;1
ACCEPTABLE;Attributes;4
ACCEPTANCE;EconomicOperands;6
ACCOUNTANT;EconomicOperands;3
ACCOUNTING;EconomicOperands;5
ACQUIESCES;EconomicOperands;1
ACTIVITIES;EconomicOperands;8
ADDITIONAL;EconomicOperands;14
ADMINISTER;EconomicOperands;1
AFFILIATES;EconomicOperands;6
AFFIRMANCE;EconomicOperands;11
AGREEMENTS;EconomicOperands;15
ALLOCATION;EconomicOperands;1
AMENDMENTS;Other;4
APPLICABLE;FunctionWords;44
APPOINTING;EconomicOperands;1
AS SOON AS;LogicalConnectors;1
ASSESSMENT;EconomicOperands;7
ASSIGNMENT;EconomicOperands;6
ASSISTANCE;EconomicOperands;5
ASSOCIATED;EconomicOperands;3
ASSUMPTION;EconomicOperands;6
AUTHORIZED;RegulatoryOperators;23
BANKRUPTCY;EconomicOperands;12
BASED UPON;EconomicOperands;3
BASIS SWAP;EconomicOperands;1
BECAUSE OF;LogicalConnectors;1
BENEFICIAL;EconomicOperands;1
BURDENSOME;EconomicOperands;1
BUSINESSES;EconomicOperands;1
CALCULATED;EconomicOperands;2
CAPRICIOUS;EconomicOperands;5
CATEGORIES;EconomicOperands;2
CHALLENGES;EconomicOperands;1
CIRCUMVENT;EconomicOperands;2
CLAUSE III;LegalReferences;3
CLAUSE VII;LegalReferences;1
COLLATERAL;EconomicOperands;6
COLLECTING;EconomicOperands;3
COLLECTION;EconomicOperands;2
COMMERCIAL;EconomicOperands;4
COMMISSION;EconomicOperands;14
COMMITTEES;EconomicOperands;8
COMPARABLE;EconomicOperands;3
COMPLETING;EconomicOperands;1
COMPLETION;EconomicOperands;2
COMPLEXITY;EconomicOperands;1
CONCLUSION;EconomicOperands;1
CONDITIONS;EconomicOperands;18
CONDUCT OF;EconomicOperands;2
CONDUCTING;EconomicOperands;3
CONFORMING;Other;1
CONSIDERED;EconomicOperands;11
CONSIST OF;EconomicOperands;1
CONSISTENT;Attributes;8
CONSTITUTE;EconomicOperands;3
CONSULTING;EconomicOperands;1
CONTAINING;EconomicOperands;1
CONTINGENT;EconomicOperands;8
CONTINUING;EconomicOperands;1
CONVENIENT;EconomicOperands;2
CONVERSION;EconomicOperands;1
COORDINATE;EconomicOperands;5
CURRENCIES;EconomicOperands;2
DEFINITION;EconomicOperands;14
DESCRIBING;EconomicOperands;6
DESIGNATED;RegulatoryOperators;2
DETERMINED;RegulatoryOperators;23
DETERMINES;RegulatoryOperators;21
DIFFERENCE;EconomicOperands;3
DIRECTIVES;EconomicOperands;1
DISCHARGED;EconomicOperands;1
DISCLOSING;EconomicOperands;1
DISCRETION;EconomicOperands;17
DISRUPTIVE;EconomicOperands;1
DUE REGARD;EconomicOperands;1
EARLIER OF;LogicalConnectors;3
EFFICIENCY;EconomicOperands;1
EMPLOYMENT;EconomicOperands;2
EQUIVALENT;Attributes;1
EVALUATING;EconomicOperands;1
EVALUATION;EconomicOperands;8
EXCEPTIONS;LogicalConnectors;3
EXECUTIVES;EconomicOperands;3
EXEMPTIONS;RegulatoryOperators;1
EXERCISING;EconomicOperands;6
EXPEDITION;EconomicOperands;2
EXPERIENCE;EconomicOperands;1
EXPIRATION;EconomicOperands;3
EXPLAINING;EconomicOperands;1
EXTENSIONS;EconomicOperands;1
FACILITATE;EconomicOperands;4
FEWER THAN;LogicalConnectors;3
FORECLOSED;EconomicOperands;1
FRAUDULENT;EconomicOperands;3
FULFILLING;EconomicOperands;1
GOOD FAITH;EconomicOperands;4
GOVERNMENT;EconomicOperands;1
GUARANTEED;EconomicOperands;2
GUIDELINES;EconomicOperands;1
HOUSEHOLDS;EconomicOperands;1
IMPORTANCE;EconomicOperands;2
IMPRISONED;EconomicOperands;1
IN GENERAL;FunctionWords;61
IN LIEU OF;LogicalConnectors;2
INCENTIVES;EconomicOperands;2
INCIDENTAL;EconomicOperands;6
INDIRECTLY;Attributes;2
INDIVIDUAL;EconomicOperands;4
INITIATIVE;EconomicOperands;3
INJUNCTION;EconomicOperands;1
INJUNCTIVE;EconomicOperands;1
INSOLVENCY;EconomicOperands;27
INVESTMENT;EconomicOperands;1
JUSTIFYING;EconomicOperands;1
LIKELIHOOD;EconomicOperands;2
LIMITATION;EconomicOperands;13
LIMITED TO;LogicalConnectors;5
LIQUIDATED;EconomicOperands;5
LITIGATION;EconomicOperands;6
MAINTAINED;EconomicOperands;2
MANAGEMENT;EconomicOperands;13
MATERIALLY;EconomicOperands;1
MATURITIES;EconomicOperands;1
MECHANISMS;EconomicOperands;2
MEMBERSHIP;EconomicOperands;1
MISCONDUCT;EconomicOperands;2
MITIGATING;EconomicOperands;1
MULTIPLIED;LogicalConnectors;1
NET EQUITY;EconomicOperands;4
OBLIGATION;EconomicOperands;45
OCCURRENCE;EconomicOperands;3
OPERATIONS;EconomicOperands;7
PARAGRAPHS;LegalReferences;1
PARTICULAR;FunctionWords;2
PERFORMING;EconomicOperands;5
PERMITTING;RegulatoryOperators;2
PERSONALLY;EconomicOperands;1
POSSESSION;EconomicOperands;10
PREFERENCE;EconomicOperands;1
PRESCRIBED;RegulatoryOperators;5
PRESERVING;EconomicOperands;1
PREVENTION;EconomicOperands;1
PREVIOUSLY;LogicalConnectors;3
PRIORITIES;EconomicOperands;4
PRIVILEGES;EconomicOperands;15
PROCEDURES;EconomicOperands;21
PROCEEDING;EconomicOperands;18
PROHIBITED;EconomicOperands;3
PROMULGATE;EconomicOperands;1
PROSECUTED;EconomicOperands;1
PROTECTION;EconomicOperands;4
PROTECTIVE;EconomicOperands;2
PROVISIONS;EconomicOperands;33
PURCHASING;EconomicOperands;2
REASONABLE;Attributes;10
REASONABLY;Attributes;3
RECKLESSLY;EconomicOperands;1
RECOUPMENT;EconomicOperands;2
RECOVERIES;EconomicOperands;1
REDEMPTION;EconomicOperands;2
REGISTERED;EconomicOperands;4
REGULATION;EconomicOperands;10
REGULATORS;EconomicOperands;2
REGULATORY;EconomicOperands;11
REPURCHASE;EconomicOperands;10
RESOLUTION;EconomicOperands;21
RISK-BASED;EconomicOperands;4
RULEMAKING;Other;8
SCHEDULING;EconomicOperands;1
SECTION 14;LegalReferences;1
SECTION 16;LegalReferences;1
SECTION 2A;LegalReferences;1
SECTION 2B;LegalReferences;1
SECTION 4K;LegalReferences;3
SECTION 7A;LegalReferences;6
SECTION 8C;LegalReferences;1
SECTION 8E;LegalReferences;1
SECTION 8N;LegalReferences;1
SECTION 8V;LegalReferences;1
SECURITIES;EconomicOperands;26
SEMIANNUAL;Attributes;2
SETTLEMENT;EconomicOperands;9
SHORT-TERM;EconomicOperands;1
STRUCTURES;EconomicOperands;3
SUBCHAPTER;Other;4
SUBJECT TO;LogicalConnectors;55
SUBSEQUENT;FunctionWords;3
SUBSIDIARY;EconomicOperands;9
SUBTITLE A;LegalReferences;1
SUCCESSION;EconomicOperands;1
SUCCESSIVE;EconomicOperands;2
SUFFICIENT;Attributes;2
SUPERVISED;EconomicOperands;2
SUPPORTING;EconomicOperands;2
SUSPENSION;EconomicOperands;2
TERMINATED;EconomicOperands;5
THEMSELVES;FunctionWords;2
THEREAFTER;FunctionWords;6
THEREUNDER;FunctionWords;2
THIS TITLE;LegalReferences;91
UNDERLYING;EconomicOperands;1
UNDISPUTED;EconomicOperands;1
UNRESOLVED;EconomicOperands;1
VALUATIONS;EconomicOperands;1
VOLATILITY;EconomicOperands;2
WINDING UP;EconomicOperands;1
24 MONTHS;Attributes;1
ACQUIESCE;EconomicOperands;2
ACQUIRING;EconomicOperands;1
ADVERSELY;EconomicOperands;2
ADVISABLE;Attributes;2
AFFECTING;EconomicOperands;3
AFFILIATE;EconomicOperands;13
AGGREGATE;EconomicOperands;7
AGREEMENT;EconomicOperands;119
ALLEGEDLY;EconomicOperands;1
ALLOCATED;EconomicOperands;2
ALLOWANCE;EconomicOperands;11
AMENDMENT;Other;1
ANTITRUST;EconomicOperands;2
APPEARING;EconomicOperands;2
APPLICANT;EconomicOperands;1
APPOINTED;EconomicOperands;57
APPRAISER;EconomicOperands;3
ARBITRARY;EconomicOperands;5
AUTHORITY;EconomicOperands;37
AUTHORIZE;RegulatoryOperators;3
AVAILABLE;EconomicOperands;22
AVOIDABLE;EconomicOperands;3
AVOIDANCE;EconomicOperands;3
BE SERVED;FunctionWords;1
BEGINNING;LogicalConnectors;1
BONA FIDE;EconomicOperands;2
BORROWING;EconomicOperands;1
BROKERAGE;EconomicOperands;1
CARRY OUT;EconomicOperands;7
CAUSES OF;EconomicOperands;1
CERTIFIES;EconomicOperands;1
CHALLENGE;EconomicOperands;2
CHAPTER 7;LegalReferences;8
CHARACTER;EconomicOperands;1
CHARTERED;EconomicOperands;2
CLAUSE II;LegalReferences;11
CLAUSE IV;LegalReferences;1
CLEARANCE;EconomicOperands;1
COMMENCED;EconomicOperands;9
COMMITTED;EconomicOperands;2
COMMODITY;EconomicOperands;8
COMPANIES;EconomicOperands;64
COMPETENT;EconomicOperands;6
CONDITION;EconomicOperands;8
CONDUCTED;EconomicOperands;8
CONFIRMED;EconomicOperands;2
CONSIDERS;EconomicOperands;1
CONSTRUED;Other;9
CONSUMERS;EconomicOperands;2
CONTAINED;EconomicOperands;4
CONTRACTS;EconomicOperands;18
CONVICTED;EconomicOperands;2
CORPORATE;EconomicOperands;6
CREDITORS;EconomicOperands;30
CURRENTLY;EconomicOperands;2
CUSTODIAN;EconomicOperands;5
CUSTOMERS;EconomicOperands;6
DECISIONS;EconomicOperands;1
DEFAULTED;EconomicOperands;2
DEPLETION;EconomicOperands;1
DEPOSITED;EconomicOperands;2
DESCRIBED;Other;59
DETERMINE;RegulatoryOperators;20
DETERRENT;EconomicOperands;1
DEVELOPED;EconomicOperands;1
DIFFERENT;FunctionWords;6
DIRECTION;EconomicOperands;2
DIRECTORS;EconomicOperands;19
DISCHARGE;EconomicOperands;1
DISCLOSED;EconomicOperands;1
DISCLOSES;EconomicOperands;1
DISCOVERY;EconomicOperands;2
DISMISSAL;EconomicOperands;1
DISMISSED;EconomicOperands;1
DISREGARD;EconomicOperands;2
DISRUPTED;EconomicOperands;1
DIVIDENDS;EconomicOperands;4
DOCUMENTS;EconomicOperands;4
EFFECTING;EconomicOperands;1
EFFECTIVE;Other;15
EFFICIENT;EconomicOperands;1
EMISSIONS;EconomicOperands;1
EMPLOYEES;EconomicOperands;5
ENACTMENT;Other;14
EQUITABLE;Attributes;3
ESSENTIAL;EconomicOperands;3
ESTABLISH;RegulatoryOperators;9
ESTIMATED;EconomicOperands;1
EXCEPT AS;LogicalConnectors;20
EXCEPTION;RegulatoryOperators;3
EXCESSIVE;EconomicOperands;1
EXCLUDING;FunctionWords;1
EXCLUSION;EconomicOperands;1
EXECUTING;EconomicOperands;1
EXECUTION;EconomicOperands;6
EXECUTIVE;EconomicOperands;10
EXEMPLARY;EconomicOperands;1
EXERCISED;EconomicOperands;1
EXERCISES;EconomicOperands;1
EXPEDITED;EconomicOperands;7
EXPRESSLY;Other;1
EXTENSION;EconomicOperands;17
FAVORABLE;EconomicOperands;2
FIDUCIARY;EconomicOperands;2
FINANCIAL;EconomicOperands;84
FINANCING;EconomicOperands;3
FOLLOWING;FunctionWords;14
FOREGOING;EconomicOperands;2
FREQUENCY;EconomicOperands;3
FUNCTIONS;EconomicOperands;3
GENERALLY;FunctionWords;2
GENERATED;EconomicOperands;2
GOVERNING;EconomicOperands;4
GUARANTEE;EconomicOperands;7
HEREAFTER;FunctionWords;1
HEREUNDER;LogicalConnectors;1
IMMEDIATE;EconomicOperands;5
IMPLEMENT;EconomicOperands;4
INABILITY;EconomicOperands;1
INCLUDING;EconomicOperands;86
INFLATION;EconomicOperands;3
INITIATED;EconomicOperands;1
INSERTING;Other;2
INSOLVENT;EconomicOperands;10
INSPECTOR;EconomicOperands;15
INSURANCE;EconomicOperands;6
INTENTION;EconomicOperands;4
INTERESTS;EconomicOperands;15
INTERFERE;EconomicOperands;1
INVESTORS;EconomicOperands;1
INVOLVING;EconomicOperands;5
JUSTIFIES;RegulatoryOperators;1
KNOWLEDGE;EconomicOperands;1
LESS THAN;LogicalConnectors;11
LEVERAGED;EconomicOperands;1
LIABILITY;EconomicOperands;22
LIQUIDATE;EconomicOperands;4
LIQUIDITY;EconomicOperands;3
LONG-TERM;EconomicOperands;1
MAGNITUDE;EconomicOperands;1
MANDATORY;EconomicOperands;2
MARKETING;EconomicOperands;1
MEASURING;EconomicOperands;1
MITIGATES;RegulatoryOperators;2
MORE THAN;LogicalConnectors;9
MUNICIPAL;EconomicOperands;2
NECESSARY;Attributes;29
OBLIGATED;EconomicOperands;1
OBTAINING;EconomicOperands;5
OCCURRING;EconomicOperands;1
OFFICIALS;EconomicOperands;1
OMISSIONS;EconomicOperands;1
OPERATING;EconomicOperands;1
OPERATION;EconomicOperands;11
ORGANIZED;EconomicOperands;6
OTHERWISE;LogicalConnectors;38
OWNERSHIP;EconomicOperands;2
PENALTIES;EconomicOperands;2
PERFORMED;EconomicOperands;5
PERMITTED;RegulatoryOperators;7
PORTFOLIO;EconomicOperands;1
POSITIONS;EconomicOperands;1
POTENTIAL;EconomicOperands;10
PRACTICES;EconomicOperands;4
PRECEDING;FunctionWords;7
PREJUDICE;EconomicOperands;4
PRESCRIBE;RegulatoryOperators;13
PRESENTED;EconomicOperands;2
PRESENTLY;Attributes;2
PRESIDENT;EconomicOperands;1
PRINCIPAL;EconomicOperands;4
PRIVILEGE;EconomicOperands;1
PROCEDURE;EconomicOperands;5
PROHIBITS;RegulatoryOperators;4
PROMOTING;EconomicOperands;1
PROVIDING;EconomicOperands;6
PROVISION;EconomicOperands;49
PUBLISHED;EconomicOperands;3
PURCHASED;EconomicOperands;4
PURCHASER;EconomicOperands;8
PURCHASES;EconomicOperands;3
QUALIFIED;EconomicOperands;2
QUARTERLY;Attributes;1
RECEIVING;EconomicOperands;1
RECOMMEND;EconomicOperands;2
RECORDING;EconomicOperands;2
REFERENCE;EconomicOperands;2
REGARDING;LogicalConnectors;12
REGULATED;RegulatoryOperators;1
REIMBURSE;EconomicOperands;1
REPAYMENT;EconomicOperands;9
REPORTING;EconomicOperands;1
REPUDIATE;EconomicOperands;10
REQUESTED;RegulatoryOperators;5
REQUIRING;RegulatoryOperators;1
RESOLVING;EconomicOperands;1
RESTRICTS;RegulatoryOperators;1
RESULTING;EconomicOperands;3
RETENTION;EconomicOperands;4
REVIEWING;EconomicOperands;1
SATISFIED;RegulatoryOperators;2
SATISFIES;RegulatoryOperators;7
SECRETARY;EconomicOperands;70
SECTION 1;LegalReferences;1
SECTION 3;LegalReferences;1
SECTION 4;LegalReferences;1
SECTION 7;LegalReferences;1
SELECTION;EconomicOperands;1
SET FORTH;RegulatoryOperators;7
SIMILARLY;LogicalConnectors;7
SOUNDNESS;EconomicOperands;1
SPECIFIED;RegulatoryOperators;9
STABILITY;EconomicOperands;4
STANDARDS;EconomicOperands;1
STATEMENT;EconomicOperands;7
SUBCLAUSE;LegalReferences;3
SUBMITTED;EconomicOperands;1
SUCCESSOR;EconomicOperands;2
SUPERVISE;RegulatoryOperators;2
SUPPORTED;EconomicOperands;1
SUSPENDED;EconomicOperands;1
TAXPAYERS;EconomicOperands;4
TEMPORARY;EconomicOperands;1
TERMINATE;EconomicOperands;11
TERRITORY;EconomicOperands;1
TESTIMONY;EconomicOperands;4
TIMELINES;EconomicOperands;1
TRANSFERS;EconomicOperands;13
TREATMENT;EconomicOperands;14
UNMATURED;EconomicOperands;1
UNSECURED;EconomicOperands;20
VALUATION;EconomicOperands;2
VIOLATION;EconomicOperands;5
VOLUNTARY;EconomicOperands;1
WIND DOWN;EconomicOperands;1
120 DAYS;Attributes;1
180 DAYS;Attributes;4
2 MONTHS;Attributes;1
24 HOURS;Attributes;2
3 REPORT;LegalReferences;2
6 MONTHS;Attributes;6
ACCOUNTS;EconomicOperands;7
ACCRUING;EconomicOperands;2
ACQUIRED;EconomicOperands;5
ACTIVITY;EconomicOperands;2
ADEQUACY;EconomicOperands;2
ADEQUATE;Attributes;4
AFFECTED;EconomicOperands;3
AGENCIES;EconomicOperands;10
ALLOCATE;EconomicOperands;1
AMORTIZE;EconomicOperands;1
ANALYSIS;EconomicOperands;1
AND RISK;EconomicOperands;1
APPROVAL;RegulatoryOperators;26
APPROVED;EconomicOperands;4
ASSESSED;EconomicOperands;6
ASSIGNED;RegulatoryOperators;2
ASSUMING;EconomicOperands;1
AT LEAST;LogicalConnectors;1
ATTORNEY;EconomicOperands;3
BARRIERS;EconomicOperands;2
BASED ON;Other;5
BASELINE;EconomicOperands;1
BEHAVIOR;EconomicOperands;1
BELIEVED;EconomicOperands;1
BENEFITS;EconomicOperands;7
BORROWED;EconomicOperands;1
BUSINESS;EconomicOperands;20
CALENDAR;EconomicOperands;4
CAPACITY;EconomicOperands;7
CARRYING;EconomicOperands;9
CATEGORY;EconomicOperands;4
CLAIMANT;EconomicOperands;41
CLAIMING;EconomicOperands;2
CLAUSE I;LegalReferences;25
CLAUSE V;LegalReferences;1
CLEARING;EconomicOperands;1
COMMENCE;EconomicOperands;1
COMPANYS;EconomicOperands;6
COMPLETE;EconomicOperands;2
COMPUTER;EconomicOperands;1
CONCLUDE;EconomicOperands;1
CONFLICT;EconomicOperands;1
CONGRESS;EconomicOperands;12
CONSENTS;EconomicOperands;3
CONSIDER;EconomicOperands;6
CONTENTS;Other;1
CONTINUE;EconomicOperands;14
CONTRACT;EconomicOperands;63
CONTRARY;Other;2
CONVEYED;EconomicOperands;2
COSTS OF;EconomicOperands;3
CREATING;EconomicOperands;4
CREATION;EconomicOperands;1
CREDITED;EconomicOperands;2
CREDITOR;EconomicOperands;21
CRIMINAL;EconomicOperands;2
CRITERIA;EconomicOperands;2
CUSTOMER;EconomicOperands;29
DEADLINE;EconomicOperands;1
DECISION;EconomicOperands;11
DECREASE;EconomicOperands;1
DEFAULTS;EconomicOperands;1
DEFERRED;EconomicOperands;1
DEFINING;EconomicOperands;1
DELIVERY;EconomicOperands;4
DESIGNED;EconomicOperands;1
DIMINISH;EconomicOperands;3
DIRECTLY;Attributes;4
DIRECTOR;EconomicOperands;22
DISCOUNT;EconomicOperands;1
DISPUTED;EconomicOperands;1
DISTRESS;EconomicOperands;2
DISTRICT;EconomicOperands;11
DOCUMENT;EconomicOperands;2
DOES NOT;FunctionWords;11
DURATION;EconomicOperands;1
DYNAMICS;EconomicOperands;1
EARNINGS;EconomicOperands;1
ECONOMIC;EconomicOperands;11
ELECTION;EconomicOperands;5
ELIGIBLE;EconomicOperands;6
EMPLOYED;EconomicOperands;3
EMPLOYEE;EconomicOperands;9
ENFORCES;RegulatoryOperators;1
ENSURING;RegulatoryOperators;1
ENTERING;EconomicOperands;1
ENTITIES;EconomicOperands;1
ENTITLED;EconomicOperands;8
EQUAL TO;LogicalConnectors;7
ESTIMATE;EconomicOperands;1
EVALUATE;RegulatoryOperators;4
EVIDENCE;EconomicOperands;1
EXCEPTED;RegulatoryOperators;1
EXCHANGE;EconomicOperands;3
EXECUTED;EconomicOperands;6
EXEMPTED;RegulatoryOperators;1
EXERCISE;EconomicOperands;27
EXISTING;EconomicOperands;3
EXPECTED;EconomicOperands;3
EXPEDITE;EconomicOperands;1
EXPENDED;EconomicOperands;1
EXPENSES;EconomicOperands;7
EXPOSURE;EconomicOperands;1
EXTENDED;EconomicOperands;12
FINDINGS;EconomicOperands;4
FOLLOWED;EconomicOperands;1
FULFILLS;EconomicOperands;1
FUNCTION;EconomicOperands;3
GOVERNED;EconomicOperands;1
GRADUATE;EconomicOperands;2
GRANTING;RegulatoryOperators;1
GREATEST;LogicalConnectors;1
GUARANTY;EconomicOperands;1
IDENTIFY;EconomicOperands;3
IDENTITY;EconomicOperands;1
IMPOSING;EconomicOperands;2
IMPROPER;Attributes;2
INCIDENT;EconomicOperands;1
INCLUDED;EconomicOperands;3
INCLUDES;EconomicOperands;6
INCREASE;EconomicOperands;4
INCURRED;EconomicOperands;14
INDIRECT;EconomicOperands;1
INITIATE;EconomicOperands;3
INSTANCE;EconomicOperands;1
INTENDED;EconomicOperands;1
INTEREST;EconomicOperands;43
INVOLVES;EconomicOperands;1
ISSUANCE;EconomicOperands;7
JUDGMENT;EconomicOperands;6
JUDICIAL;EconomicOperands;10
LEVERAGE;EconomicOperands;3
LIMITING;RegulatoryOperators;3
MAINTAIN;EconomicOperands;4
MAJORITY;EconomicOperands;3
MATERIAL;EconomicOperands;3
MATURITY;EconomicOperands;6
MAXIMIZE;EconomicOperands;7
MEANINGS;Other;4
MEASURED;EconomicOperands;3
MEASURES;EconomicOperands;3
MERCHANT;EconomicOperands;1
MINIMIZE;EconomicOperands;9
MINORITY;EconomicOperands;2
MITIGATE;RegulatoryOperators;4
MODIFIED;FunctionWords;1
MONETARY;EconomicOperands;2
MORTGAGE;EconomicOperands;15
MULTIPLE;EconomicOperands;1
NATIONAL;EconomicOperands;2
NOTIFIED;EconomicOperands;1
OBTAINED;EconomicOperands;2
OCCURRED;EconomicOperands;2
OFFERING;EconomicOperands;1
OFFICERS;EconomicOperands;5
OFFICIAL;EconomicOperands;3
OMISSION;EconomicOperands;2
ORGANIZE;EconomicOperands;3
ORIGINAL;EconomicOperands;1
OUTWEIGH;EconomicOperands;1
PAYMENTS;EconomicOperands;21
PENDENCY;EconomicOperands;3
PERSONAL;EconomicOperands;2
PETITION;EconomicOperands;15
PLANNING;EconomicOperands;1
POLICIES;EconomicOperands;6
POSSIBLE;Attributes;3
PRACTICE;EconomicOperands;8
PREPARED;EconomicOperands;2
PRESUMED;RegulatoryOperators;2
PREVIOUS;LogicalConnectors;3
PRIORITY;EconomicOperands;20
PROBABLE;EconomicOperands;1
PROCEEDS;EconomicOperands;11
PROHIBIT;RegulatoryOperators;2
PROMPTLY;Attributes;9
PROPERTY;EconomicOperands;50
PROPOSED;EconomicOperands;3
PROPOSES;EconomicOperands;1
PROSPECT;EconomicOperands;3
PROVIDED;EconomicOperands;51
PROVIDES;EconomicOperands;14
PUNITIVE;EconomicOperands;1
PURCHASE;EconomicOperands;15
PURPOSES;EconomicOperands;40
REALIZED;EconomicOperands;7
RECEIPTS;EconomicOperands;1
RECEIVED;EconomicOperands;14
RECEIVER;EconomicOperands;273
RECEIVES;EconomicOperands;1
RECORDED;EconomicOperands;1
RECOVERY;EconomicOperands;4
RELEVANT;Attributes;2
RELIANCE;EconomicOperands;1
REMEDIES;EconomicOperands;6
RENDERED;EconomicOperands;4
REQUESTS;EconomicOperands;1
REQUIRED;RegulatoryOperators;37
REQUIRES;RegulatoryOperators;3
RESERVES;EconomicOperands;1
RESOLVED;EconomicOperands;1
RESPONSE;EconomicOperands;2
RESTRAIN;RegulatoryOperators;2
RESUBMIT;EconomicOperands;1
RESULTED;EconomicOperands;1
RETAINED;EconomicOperands;3
REVENUES;EconomicOperands;3
REVIEWED;EconomicOperands;1
RULES OF;EconomicOperands;10
SALARIES;EconomicOperands;2
SCHEDULE;EconomicOperands;6
SECURING;EconomicOperands;5
SECURITY;EconomicOperands;34
SEPARATE;EconomicOperands;4
SERVICES;EconomicOperands;18
SITUATED;EconomicOperands;6
SO AS TO;LogicalConnectors;3
SPECIFIC;FunctionWords;4
STRICTLY;Attributes;1
STRIKING;Other;1
SUBPOENA;EconomicOperands;1
SUITABLE;RegulatoryOperators;1
SYSTEMIC;EconomicOperands;2
TAXATION;EconomicOperands;3
TAXPAYER;EconomicOperands;3
THIS ACT;LegalReferences;16
TITLE 11;LegalReferences;2
TITLE 18;LegalReferences;3
TITLE II;LegalReferences;2
TITLE IV;LegalReferences;1
TRANSFER;EconomicOperands;83
TREASURY;EconomicOperands;4
VACATION;EconomicOperands;2
VALIDITY;EconomicOperands;2
VIOLATED;EconomicOperands;1
10 DAYS;Attributes;2
10-YEAR;Attributes;1
1000000;Attributes;1
2 YEARS;Attributes;2
24-HOUR;Attributes;1
30 DAYS;Attributes;7
45 DAYS;Attributes;1
5 YEARS;Attributes;2
60 DAYS;Attributes;1
90 DAYS;Attributes;7
ABILITY;EconomicOperands;6
ACCEPTS;EconomicOperands;1
ACCOUNT;EconomicOperands;12
ACCRUED;EconomicOperands;3
ACCRUES;EconomicOperands;5
ACHIEVE;EconomicOperands;1
ACQUIRE;EconomicOperands;9
ACTIONS;EconomicOperands;31
ADDRESS;EconomicOperands;6
ADOPTED;Other;2
ADVANCE;EconomicOperands;1
ADVERSE;EconomicOperands;2
AFFAIRS;EconomicOperands;5
AFFECTS;EconomicOperands;1
AGAINST;FunctionWords;42
ALLEGES;EconomicOperands;1
ALLOWED;RegulatoryOperators;13
ALREADY;Attributes;2
AMENDED;RegulatoryOperators;6
AMOUNTS;EconomicOperands;18
ANOTHER;FunctionWords;5
APPEARS;Other;1
APPLIED;EconomicOperands;1
APPLIES;FunctionWords;2
APPOINT;EconomicOperands;7
APPROVE;RegulatoryOperators;4
ARISING;EconomicOperands;13
ARRANGE;EconomicOperands;1
AVERAGE;EconomicOperands;3
AVOIDED;EconomicOperands;2
BACK-UP;EconomicOperands;1
BALANCE;EconomicOperands;3
BANKERS;EconomicOperands;3
BANKING;EconomicOperands;2
BECOMES;EconomicOperands;5
BENEFIT;EconomicOperands;12
BETWEEN;FunctionWords;12
BONUSES;EconomicOperands;1
BROKERS;EconomicOperands;5
BROUGHT;EconomicOperands;6
CAPITAL;EconomicOperands;22
CENTRAL;EconomicOperands;1
CERTAIN;FunctionWords;18
CHAPTER;Other;1
CLAUSES;EconomicOperands;1
CLEARED;EconomicOperands;4
COLLECT;EconomicOperands;1
COMPANY;EconomicOperands;43
COMPARE;EconomicOperands;1
CONDUCT;EconomicOperands;17
CONSENT;EconomicOperands;13
CONSULT;EconomicOperands;6
CONTACT;EconomicOperands;1
CONTAIN;EconomicOperands;3
CONTENT;Other;1
CONTEXT;Other;1
CONTROL;EconomicOperands;4
CONVERT;EconomicOperands;1
COUNCIL;EconomicOperands;21
COUNTRY;EconomicOperands;2
COVERED;EconomicOperands;21
CREATED;EconomicOperands;2
CREDITS;EconomicOperands;1
CURRENT;FunctionWords;9
CUSTODY;EconomicOperands;8
DAMAGES;EconomicOperands;25
DEALERS;EconomicOperands;5
DEALING;EconomicOperands;2
DECIDED;EconomicOperands;1
DECLARE;RegulatoryOperators;1
DEFAULT;EconomicOperands;35
DEFENSE;EconomicOperands;3
DEFINED;EconomicOperands;18
DEFRAUD;EconomicOperands;2
DELIVER;EconomicOperands;2
DEPLETE;EconomicOperands;2
DEPOSIT;EconomicOperands;11
DERIVED;EconomicOperands;1
DISPUTE;EconomicOperands;1
EARLIER;Attributes;3
EFFECTS;EconomicOperands;1
EFFORTS;EconomicOperands;3
ELECTED;EconomicOperands;1
ENABLES;EconomicOperands;1
ENFORCE;RegulatoryOperators;5
ENGAGED;EconomicOperands;6
ENHANCE;EconomicOperands;1
ENSURES;EconomicOperands;1
ENTERED;EconomicOperands;8
EXAMINE;EconomicOperands;1
EXCEEDS;EconomicOperands;3
EXPENSE;EconomicOperands;3
EXPERTS;EconomicOperands;1
EXPIRED;EconomicOperands;3
FACTORS;EconomicOperands;3
FAILING;FunctionWords;3
FAILURE;EconomicOperands;9
FEDERAL;EconomicOperands;41
FINDING;EconomicOperands;1
FOREIGN;EconomicOperands;13
FORWARD;EconomicOperands;12
FULFILL;EconomicOperands;1
FUNDING;EconomicOperands;11
FURNISH;EconomicOperands;1
FURTHER;LogicalConnectors;10
GENERAL;FunctionWords;24
GRANTED;LogicalConnectors;10
GREATER;LogicalConnectors;2
HEADING;Other;1
HEARING;EconomicOperands;7
HOLDERS;EconomicOperands;4
HOLDING;EconomicOperands;1
HOUSING;EconomicOperands;2
IMPACTS;EconomicOperands;2
IMPOSED;EconomicOperands;7
IMPROVE;EconomicOperands;1
IN THAT;LogicalConnectors;1
INCLUDE;EconomicOperands;17
INDEXED;EconomicOperands;2
INDICES;EconomicOperands;1
INITIAL;EconomicOperands;3
INSIDER;EconomicOperands;4
INSURED;EconomicOperands;2
INTERIM;EconomicOperands;2
ISSUING;EconomicOperands;1
JOINTLY;FunctionWords;6
JUSTICE;EconomicOperands;1
LARGEST;LogicalConnectors;2
LEGALLY;EconomicOperands;7
LENDING;EconomicOperands;2
LIMITED;EconomicOperands;4
LOCATED;EconomicOperands;1
MAILING;EconomicOperands;2
MANAGED;EconomicOperands;1
MARKETS;EconomicOperands;1
MATTERS;FunctionWords;1
MATURED;EconomicOperands;2
MAXIMUM;Attributes;6
MEANING;Other;9
MEASURE;EconomicOperands;3
MEMBERS;EconomicOperands;10
MERGERS;EconomicOperands;1
MINIMUM;Attributes;2
MONITOR;EconomicOperands;1
NEITHER;FunctionWords;1
NETTING;EconomicOperands;3
NONBANK;EconomicOperands;2
NOTHING;FunctionWords;4
OFFENSE;EconomicOperands;3
OFFERED;EconomicOperands;2
OFFEROR;EconomicOperands;1
OFFICER;EconomicOperands;15
ONGOING;EconomicOperands;5
ONLY IF;LogicalConnectors;2
OPERATE;EconomicOperands;7
OPINION;EconomicOperands;2
OPTIONS;EconomicOperands;1
ORDERED;EconomicOperands;1
ORDERLY;EconomicOperands;44
OUTSIDE;FunctionWords;3
OVERALL;LogicalConnectors;1
OVERSEE;EconomicOperands;1
PARTIAL;EconomicOperands;1
PARTIES;EconomicOperands;10
PARTNER;EconomicOperands;6
PATTERN;EconomicOperands;1
PAYABLE;EconomicOperands;3
PAYMENT;EconomicOperands;25
PENALTY;EconomicOperands;1
PENDING;FunctionWords;3
PERCENT;Attributes;2
PERFORM;EconomicOperands;3
PERIODS;EconomicOperands;1
PERMITS;RegulatoryOperators;1
PERSONS;EconomicOperands;7
PLACING;EconomicOperands;1
PORTION;EconomicOperands;8
PREPAID;EconomicOperands;1
PRESENT;FunctionWords;11
PREVENT;RegulatoryOperators;4
PRIMARY;EconomicOperands;6
PRIVATE;EconomicOperands;7
PROCESS;EconomicOperands;8
PRODUCT;EconomicOperands;2
PROFITS;EconomicOperands;2
PROMOTE;EconomicOperands;1
PROTECT;EconomicOperands;3
PROVIDE;EconomicOperands;29
PRUDENT;Attributes;1
PUBLISH;EconomicOperands;3
PURPOSE;EconomicOperands;8
QUARTER;Attributes;2
REACHED;EconomicOperands;1
REASONS;EconomicOperands;1
RECEIPT;EconomicOperands;4
RECEIVE;EconomicOperands;12
RECORDS;EconomicOperands;14
RECOVER;EconomicOperands;13
REDUCED;EconomicOperands;1
REFLECT;EconomicOperands;3
RELATED;FunctionWords;15
REMAINS;EconomicOperands;2
REMOVAL;EconomicOperands;1
REMOVED;EconomicOperands;4
REPORTS;EconomicOperands;11
REQUEST;EconomicOperands;17
REQUIRE;RegulatoryOperators;1
RESOLVE;EconomicOperands;3
RESPECT;Other;11
RESULTS;EconomicOperands;6
REVERSE;EconomicOperands;4
REVIEWS;EconomicOperands;4
SATISFY;EconomicOperands;5
SAVINGS;FunctionWords;2
SECTION;LegalReferences;1
SECURED;EconomicOperands;18
SEEKING;EconomicOperands;3
SELLING;EconomicOperands;1
SERIOUS;Attributes;5
SERVICE;EconomicOperands;5
SERVING;EconomicOperands;5
SETTING;EconomicOperands;3
SETTLES;EconomicOperands;1
SHARING;EconomicOperands;3
SHORTER;Attributes;1
SHOWING;EconomicOperands;1
SIMILAR;LogicalConnectors;21
SO THAT;LogicalConnectors;1
SOLVENT;EconomicOperands;1
SOURCES;EconomicOperands;3
SPEAKER;EconomicOperands;1
SPECIAL;EconomicOperands;3
STATUTE;Other;12
STUDIED;EconomicOperands;7
STUDIES;EconomicOperands;2
SUBJECT;EconomicOperands;8
SUBMITS;EconomicOperands;2
SUCCEED;EconomicOperands;9
SUCH AS;LogicalConnectors;6
SUMMARY;EconomicOperands;3
SUPPORT;EconomicOperands;3
SURPLUS;EconomicOperands;3
SUSPEND;EconomicOperands;2
SYSTEMS;EconomicOperands;1
THAT IS;LogicalConnectors;52
THEREIN;Other;6
THEREOF;FunctionWords;16
THEREON;FunctionWords;1
THERETO;FunctionWords;9
THROUGH;FunctionWords;8
TITLE 1;LegalReferences;1
TITLE 5;LegalReferences;1
TREATED;EconomicOperands;13
TRUSTEE;EconomicOperands;17
UNSOUND;EconomicOperands;1
UTILIZE;EconomicOperands;3
VARIOUS;FunctionWords;2
WEATHER;EconomicOperands;1
WEBSITE;EconomicOperands;1
WHETHER;FunctionWords;33
WILLFUL;EconomicOperands;1
WIND UP;EconomicOperands;1
WITHOUT;FunctionWords;30
WRITING;EconomicOperands;5
WRITTEN;EconomicOperands;15
1-YEAR;Attributes;2
2-YEAR;Attributes;3
250000;Attributes;1
3-YEAR;Attributes;2
30-DAY;Attributes;3
60-DAY;Attributes;3
90-DAY;Attributes;8
ACCEPT;EconomicOperands;3
ACCESS;EconomicOperands;2
ACCRUE;EconomicOperands;2
ACTING;EconomicOperands;10
ACTION;EconomicOperands;62
ACTUAL;EconomicOperands;4
AFFECT;EconomicOperands;11
AFFIRM;EconomicOperands;5
AFFORD;EconomicOperands;1
AGENCY;EconomicOperands;25
AGENTS;EconomicOperands;1
AGREED;EconomicOperands;2
AGREES;EconomicOperands;1
ALLOWS;RegulatoryOperators;3
AMOUNT;EconomicOperands;47
ANNUAL;Attributes;2
APPEAL;EconomicOperands;21
APPEAR;EconomicOperands;4
ARISEN;EconomicOperands;1
ASSERT;EconomicOperands;2
ASSETS;EconomicOperands;84
ASSIGN;EconomicOperands;1
ASSIST;EconomicOperands;4
ASSUME;EconomicOperands;7
ASSURE;EconomicOperands;1
BACKUP;EconomicOperands;1
BECAME;EconomicOperands;2
BECOME;EconomicOperands;3
BEFORE;LogicalConnectors;39
BEGINS;EconomicOperands;1
BEYOND;FunctionWords;1
BRANCH;EconomicOperands;3
BREACH;EconomicOperands;10
BRIDGE;EconomicOperands;11
BROKER;EconomicOperands;6
BURDEN;EconomicOperands;2
CANCEL;EconomicOperands;1
CANNOT;RegulatoryOperators;1
CAUSED;EconomicOperands;1
CHARGE;EconomicOperands;2
CHOICE;EconomicOperands;1
CLAIMS;EconomicOperands;71
CLAUSE;LegalReferences;28
CLOSED;EconomicOperands;1
COLLAR;EconomicOperands;2
COMMIT;EconomicOperands;1
COMPLY;RegulatoryOperators;4
COPIES;EconomicOperands;1
COUNTY;EconomicOperands;5
COURSE;EconomicOperands;2
COURTS;EconomicOperands;8
CREATE;EconomicOperands;1
CREDIT;EconomicOperands;45
DEALER;EconomicOperands;7
DEBTOR;EconomicOperands;3
DEEMED;RegulatoryOperators;15
DEFINE;EconomicOperands;1
DEGREE;EconomicOperands;2
DEMAND;EconomicOperands;1
DENIES;EconomicOperands;1
DIFFER;EconomicOperands;1
DIRECT;Attributes;3
DOLLAR;EconomicOperands;1
DUE TO;LogicalConnectors;2
DURING;FunctionWords;10
DUTIES;EconomicOperands;10
EARNED;EconomicOperands;3
EFFECT;EconomicOperands;17
EITHER;LogicalConnectors;6
ENABLE;EconomicOperands;1
ENGAGE;EconomicOperands;1
ENSURE;RegulatoryOperators;9
ENTIRE;LogicalConnectors;1
ENTITY;EconomicOperands;14
EQUITY;EconomicOperands;10
ESTATE;EconomicOperands;3
ETHNIC;EconomicOperands;1
EVENTS;EconomicOperands;2
EXCEED;EconomicOperands;3
EXCEPT;FunctionWords;23
EXEMPT;RegulatoryOperators;4
EXISTS;EconomicOperands;3
EXTEND;EconomicOperands;4
EXTENT;EconomicOperands;12
FAILED;EconomicOperands;3
FILING;Other;14
FOLLOW;EconomicOperands;1
FORMER;EconomicOperands;1
FUTURE;EconomicOperands;14
GOVERN;EconomicOperands;2
HAVING;FunctionWords;8
HIGHER;LogicalConnectors;2
HINDER;EconomicOperands;2
HOLDER;EconomicOperands;5
I MEAN;LogicalConnectors;11
IF NOT;LogicalConnectors;1
IMPACT;EconomicOperands;5
IMPAIR;EconomicOperands;6
IMPEDE;EconomicOperands;1
IMPOSE;RegulatoryOperators;6
INCOME;EconomicOperands;5
INDUCE;EconomicOperands;1
INFORM;EconomicOperands;1
INJURY;EconomicOperands;2
INTENT;EconomicOperands;2
INVEST;EconomicOperands;1
ISSUED;EconomicOperands;13
ISSUES;EconomicOperands;7
ITSELF;FunctionWords;3
JUNIOR;EconomicOperands;1
LEASES;EconomicOperands;2
LESSEE;EconomicOperands;9
LESSOR;EconomicOperands;4
LIABLE;EconomicOperands;8
LIKELY;Attributes;10
LIMITS;EconomicOperands;1
LINKED;EconomicOperands;1
LONGER;LogicalConnectors;3
LOSSES;EconomicOperands;11
MAKING;FunctionWords;8
MANAGE;EconomicOperands;2
MANNER;Other;19
MARGIN;EconomicOperands;4
MARKET;EconomicOperands;9
MASTER;EconomicOperands;32
MEMBER;EconomicOperands;14
MERGED;EconomicOperands;2
MERGER;EconomicOperands;6
METHOD;EconomicOperands;1
MODIFY;EconomicOperands;1
MONTHS;EconomicOperands;1
MOTION;EconomicOperands;2
MUTUAL;EconomicOperands;3
NATURE;EconomicOperands;5
NORMAL;EconomicOperands;2
NOTICE;EconomicOperands;35
NOTIFY;EconomicOperands;9
NUMBER;EconomicOperands;2
OBTAIN;EconomicOperands;10
OFFERS;EconomicOperands;1
OFFICE;EconomicOperands;9
OFFSET;EconomicOperands;10
ONLINE;EconomicOperands;1
OPPOSE;EconomicOperands;1
OPTION;EconomicOperands;26
ORDERS;EconomicOperands;2
OTHERS;EconomicOperands;1
PAYING;EconomicOperands;1
PERIOD;EconomicOperands;44
PERMIT;RegulatoryOperators;1
PERSON;EconomicOperands;51
POSING;EconomicOperands;1
POWERS;EconomicOperands;35
PROMPT;Attributes;1
PROVED;EconomicOperands;3
PROVEN;EconomicOperands;8
PUBLIC;EconomicOperands;9
PURSUE;EconomicOperands;1
REASON;EconomicOperands;6
RECENT;EconomicOperands;1
RECORD;EconomicOperands;6
REFILE;EconomicOperands;2
REGARD;EconomicOperands;7
RELATE;EconomicOperands;1
RELIEF;EconomicOperands;6
REMAIN;EconomicOperands;6
REMEDY;EconomicOperands;1
REPORT;EconomicOperands;36
RESULT;EconomicOperands;2
RETAIN;EconomicOperands;2
RETURN;EconomicOperands;7
REVIEW;EconomicOperands;13
REVISE;EconomicOperands;1
RIGHTS;EconomicOperands;62
SAFETY;EconomicOperands;1
SECOND;LogicalConnectors;2
SECTOR;EconomicOperands;7
SECURE;EconomicOperands;2
SENATE;EconomicOperands;14
SENIOR;EconomicOperands;18
SERVES;EconomicOperands;1
SETOFF;EconomicOperands;12
SEVERE;EconomicOperands;1
SHOULD;FunctionWords;5
SINGLE;EconomicOperands;2
SMOOTH;EconomicOperands;1
SOLELY;LogicalConnectors;8
SOUGHT;Other;1
SOURCE;EconomicOperands;2
SPREAD;EconomicOperands;1
STATED;EconomicOperands;2
STATES;EconomicOperands;1
STATUS;EconomicOperands;17
STAYED;EconomicOperands;4
SUBMIT;EconomicOperands;9
SUDDEN;EconomicOperands;1
SUFFER;EconomicOperands;1
TAKING;EconomicOperands;11
TIMELY;Attributes;3
TIMING;EconomicOperands;4
TITLES;LegalReferences;5
TRADED;EconomicOperands;1
UNABLE;EconomicOperands;4
UNLESS;LogicalConnectors;18
UNPAID;EconomicOperands;2
UNSAFE;EconomicOperands;1
VESTED;EconomicOperands;1
VIABLE;EconomicOperands;1
WAIVED;EconomicOperands;1
WHOLLY;EconomicOperands;1
WITHIN;FunctionWords;14
ABIDE;EconomicOperands;1
ABOUT;FunctionWords;1
ABOVE;FunctionWords;2
AFTER;LogicalConnectors;83
AGENT;EconomicOperands;5
AGREE;EconomicOperands;1
ALLOW;RegulatoryOperators;6
ALONG;FunctionWords;1
AMEND;EconomicOperands;5
AMONG;FunctionWords;3
APPLY;Other;22
ARISE;EconomicOperands;4
ASSET;EconomicOperands;11
AUDIT;EconomicOperands;4
AVOID;EconomicOperands;14
AWARE;EconomicOperands;2
BANKS;EconomicOperands;4
BASED;Other;1
BASES;EconomicOperands;1
BASIS;EconomicOperands;12
BEING;FunctionWords;7
BOARD;EconomicOperands;9
BOOKS;EconomicOperands;6
BRING;EconomicOperands;1
CASES;FunctionWords;5
CAUSE;EconomicOperands;8
CEASE;EconomicOperands;1
CHART;EconomicOperands;12
CIVIL;EconomicOperands;2
CLAIM;EconomicOperands;94
CLEAR;EconomicOperands;1
CLOSE;EconomicOperands;1
COSTS;EconomicOperands;4
COULD;FunctionWords;4
COURT;EconomicOperands;61
COVER;EconomicOperands;3
DEBTS;EconomicOperands;3
DEEMS;RegulatoryOperators;3
DELAY;EconomicOperands;3
ELECT;EconomicOperands;1
ENTER;EconomicOperands;6
ENTRY;EconomicOperands;2
EQUAL;EconomicOperands;4
EVENT;EconomicOperands;4
EVERY;FunctionWords;4
EXIST;EconomicOperands;2
FAILS;EconomicOperands;3
FIFTH;Attributes;2
FILED;EconomicOperands;23
FILES;EconomicOperands;2
FINAL;EconomicOperands;18
FINED;EconomicOperands;1
FINES;EconomicOperands;1
FIRST;Attributes;3
FIXED;EconomicOperands;2
FLOOR;EconomicOperands;1
FORTH;FunctionWords;3
FOUND;Other;1
FRAUD;EconomicOperands;2
FULLY;EconomicOperands;3
FUNDS;EconomicOperands;18
GAINS;EconomicOperands;1
GIVEN;FunctionWords;1
GRANT;EconomicOperands;4
GROSS;EconomicOperands;2
GROUP;EconomicOperands;6
HEDGE;EconomicOperands;1
HOURS;EconomicOperands;1
IMPLY;LogicalConnectors;1
INCUR;EconomicOperands;7
INDEX;EconomicOperands;9
ISSUE;EconomicOperands;19
JOINT;EconomicOperands;4
JUDGE;EconomicOperands;1
KNOWN;Other;1
LARGE;EconomicOperands;1
LATER;FunctionWords;4
LEASE;EconomicOperands;19
LEAST;LogicalConnectors;1
LEAVE;EconomicOperands;2
LEGAL;EconomicOperands;10
LIMIT;EconomicOperands;11
LOANS;EconomicOperands;9
LOCAL;EconomicOperands;6
MEANS;Other;33
MEDIA;EconomicOperands;2
MEETS;EconomicOperands;1
MERGE;EconomicOperands;1
METAL;EconomicOperands;1
MIGHT;FunctionWords;1
MONEY;EconomicOperands;7
MONTH;EconomicOperands;1
NEEDS;EconomicOperands;2
OCCUR;EconomicOperands;1
OFFER;EconomicOperands;2
ORDER;EconomicOperands;19
OTHER;FunctionWords;178
OWNED;EconomicOperands;2
PANEL;EconomicOperands;1
PAPER;EconomicOperands;1
PARTY;EconomicOperands;32
PLACE;EconomicOperands;3
PLANS;EconomicOperands;2
POSED;EconomicOperands;1
POWER;EconomicOperands;9
PRIOR;EconomicOperands;10
PROOF;EconomicOperands;4
RATES;EconomicOperands;1
RATIO;LogicalConnectors;1
REFER;EconomicOperands;2
RENEW;EconomicOperands;2
REPAY;EconomicOperands;1
RIGHT;EconomicOperands;29
RISKS;EconomicOperands;3
RULES;EconomicOperands;19
SALES;EconomicOperands;3
SCOPE;EconomicOperands;5
SEEKS;EconomicOperands;2
SERVE;EconomicOperands;1
SHALL;RegulatoryOperators;388
SINCE;LogicalConnectors;2
SMALL;EconomicOperands;1
STAND;EconomicOperands;2
STATE;EconomicOperands;55
STEPS;EconomicOperands;5
STILL;LogicalConnectors;1
STOCK;EconomicOperands;12
STUDY;EconomicOperands;25
TAKEN;Other;17
TAKES;FunctionWords;1
TERMS;Other;35
THEIR;FunctionWords;12
THERE;FunctionWords;6
THIRD;Attributes;4
THOSE;FunctionWords;7
TIMES;EconomicOperands;1
TITLE;LegalReferences;8
TOTAL;Attributes;4
TRADE;EconomicOperands;3
TREAT;EconomicOperands;4
TRUST;EconomicOperands;8
TYPES;EconomicOperands;1
UNDER;FunctionWords;380
UNTIL;FunctionWords;6
USING;EconomicOperands;1
VALID;EconomicOperands;7
VALUE;EconomicOperands;29
WHERE;FunctionWords;4
WHICH;FunctionWords;169
WHILE;LogicalConnectors;4
WHOLE;FunctionWords;3
WHOSE;FunctionWords;3
WOULD;FunctionWords;29
YIELD;EconomicOperands;2
1006;LegalReferences;1
1014;LegalReferences;1
1032;LegalReferences;1
1991;LegalReferences;1
210H;LegalReferences;2
ABLE;EconomicOperands;11
ACTS;LegalReferences;1
ALSO;LogicalConnectors;1
BANK;EconomicOperands;4
BEAR;EconomicOperands;5
BEEN;FunctionWords;44
BEST;EconomicOperands;4
BODY;EconomicOperands;5
BOND;EconomicOperands;4
BOOK;EconomicOperands;1
BOTH;FunctionWords;6
CALL;EconomicOperands;1
CASE;EconomicOperands;12
CASH;EconomicOperands;2
CODE;EconomicOperands;1
COPY;EconomicOperands;1
COST;EconomicOperands;7
DATE;EconomicOperands;130
DAYS;Attributes;1
DEAL;EconomicOperands;2
DEBT;EconomicOperands;32
DUTY;EconomicOperands;4
EACH;FunctionWords;27
ENDS;Other;3
FACE;EconomicOperands;1
FACT;EconomicOperands;1
FAIL;EconomicOperands;1
FAIR;EconomicOperands;3
FALL;EconomicOperands;1
FDIC;EconomicOperands;1
FEES;EconomicOperands;1
FILE;EconomicOperands;9
FIRM;EconomicOperands;2
FORM;EconomicOperands;2
FREE;EconomicOperands;1
FROM;FunctionWords;75
FULL;EconomicOperands;2
FUND;EconomicOperands;22
GAIN;EconomicOperands;1
GIVE;FunctionWords;1
GOOD;EconomicOperands;1
HARM;EconomicOperands;1
HAVE;FunctionWords;61
HEAR;EconomicOperands;1
HELD;EconomicOperands;10
HOLD;EconomicOperands;3
INTO;FunctionWords;27
KNEW;EconomicOperands;1
LAST;EconomicOperands;2
LATE;EconomicOperands;1
LAWS;EconomicOperands;16
LESS;FunctionWords;3
LIEN;EconomicOperands;15
LOAN;EconomicOperands;15
LOSE;EconomicOperands;1
LOSS;EconomicOperands;9
LOST;EconomicOperands;1
MADE;FunctionWords;26
MAIL;EconomicOperands;3
MAKE;FunctionWords;24
MEAN;Other;2
MEET;EconomicOperands;5
MORE;FunctionWords;26
MOST;FunctionWords;1
NAME;EconomicOperands;3
NEED;EconomicOperands;4
NEXT;LogicalConnectors;1
NONE;FunctionWords;2
ONCE;FunctionWords;1
ONLY;LogicalConnectors;12
OVER;FunctionWords;6
OWED;EconomicOperands;9
PAID;EconomicOperands;14
PART;FunctionWords;12
PAST;FunctionWords;1
PLAN;EconomicOperands;18
PLUS;FunctionWords;4
POSE;EconomicOperands;1
POST;EconomicOperands;4
RACE;EconomicOperands;1
RATE;EconomicOperands;9
REAL;EconomicOperands;13
RING;EconomicOperands;3
RISK;EconomicOperands;9
RULE;EconomicOperands;6
SALE;EconomicOperands;37
SAME;FunctionWords;18
SEAL;EconomicOperands;1
SEEK;EconomicOperands;2
SELL;EconomicOperands;6
SHOW;EconomicOperands;2
SIGN;EconomicOperands;1
SIPC;EconomicOperands;37
SIZE;EconomicOperands;2
SOLE;LogicalConnectors;2
SPOT;EconomicOperands;2
STAY;EconomicOperands;5
SUCH;FunctionWords;437
SUIT;EconomicOperands;8
SWAP;EconomicOperands;12
TAKE;FunctionWords;19
TERM;Other;51
THAN;FunctionWords;37
THAT;FunctionWords;191
THEN;LogicalConnectors;7
THEY;FunctionWords;1
THIS;FunctionWords;37
TIME;EconomicOperands;48
TOOL;EconomicOperands;1
TYPE;EconomicOperands;1
UPON;FunctionWords;41
USED;EconomicOperands;13
VIII;LegalReferences;3
VOID;EconomicOperands;1
VOTE;EconomicOperands;4
WAYS;EconomicOperands;5
WERE;FunctionWords;15
WHEN;FunctionWords;6
WHOM;FunctionWords;1
WILL;FunctionWords;13
WITH;FunctionWords;105
YEAR;EconomicOperands;18
100;Attributes;3
13C;LegalReferences;1
2/3;Attributes;5
201;LegalReferences;1
202;LegalReferences;1
203;LegalReferences;1
204;LegalReferences;1
205;LegalReferences;1
206;LegalReferences;1
208;LegalReferences;1
209;LegalReferences;1
210;Attributes;1
211;LegalReferences;1
212;LegalReferences;1
214;LegalReferences;1
215;LegalReferences;1
217;LegalReferences;1
341;LegalReferences;1
343;LegalReferences;1
404;LegalReferences;1
500;Attributes;3
5C5;LegalReferences;1
657;LegalReferences;1
761;LegalReferences;1
ABL;EconomicOperands;1
ABS;EconomicOperands;1
ACH;EconomicOperands;6
ACT;LegalReferences;9
AGE;EconomicOperands;3
AID;EconomicOperands;1
ALL;FunctionWords;93
AND;LogicalConnectors;695
ANY;FunctionWords;651
APP;LegalReferences;1
ARE;FunctionWords;58
BAN;EconomicOperands;1
BAR;FunctionWords;1
BUT;LogicalConnectors;8
CAP;EconomicOperands;1
CRO;EconomicOperands;2
DAY;EconomicOperands;12
DID;FunctionWords;2
DUE;Attributes;9
END;Other;20
FOR;FunctionWords;360
GAO;EconomicOperands;1
HAD;FunctionWords;13
HAS;FunctionWords;64
HIS;FunctionWords;2
HOW;FunctionWords;2
IFI;EconomicOperands;8
III;LegalReferences;61
IRC;EconomicOperands;2
ITS;EconomicOperands;76
LAW;EconomicOperands;80
LED;EconomicOperands;4
LOW;EconomicOperands;2
MAP;EconomicOperands;1
MAY;FunctionWords;144
MET;FunctionWords;1
NET;EconomicOperands;7
NEW;EconomicOperands;4
NON;LogicalConnectors;12
NOR;LogicalConnectors;2
NOT;FunctionWords;134
OMO;EconomicOperands;2
ONE;FunctionWords;17
OUT;EconomicOperands;13
OWN;FunctionWords;3
PAY;EconomicOperands;19
PER;FunctionWords;9
PIT;EconomicOperands;1
PUT;Other;1
RUN;EconomicOperands;1
SEC;EconomicOperands;17
SET;Other;6
SEX;EconomicOperands;1
SHE;FunctionWords;2
TAX;EconomicOperands;8
THE;FunctionWords;2742
USE;EconomicOperands;9
VAR;EconomicOperands;1
VII;LegalReferences;5
WAS;FunctionWords;54
WHO;FunctionWords;13
WHY;LogicalConnectors;2
10;Attributes;4
11;LegalReferences;11
12;Attributes;9
13;LegalReferences;6
14;LegalReferences;4
15;Attributes;6
16;LegalReferences;5
17;LegalReferences;2
18;LegalReferences;3
1A;LegalReferences;1
20;Attributes;1
24;LegalReferences;1
25;Attributes;2
2C;LegalReferences;1
44;LegalReferences;1
48;LegalReferences;1
49;LegalReferences;1
A1;LegalReferences;1
AA;LegalReferences;4
AN;FunctionWords;146
AS;FunctionWords;404
AT;FunctionWords;97
B2;LegalReferences;1
B4;LegalReferences;1
BB;LegalReferences;4
BE;FunctionWords;244
BY;FunctionWords;284
CC;LegalReferences;3
D4;LegalReferences;4
DO;FunctionWords;4
E2;LegalReferences;1
EC;EconomicOperands;14
GO;FunctionWords;1
H5;LegalReferences;4
HE;FunctionWords;1
IF;LogicalConnectors;87
II;LegalReferences;173
IN;FunctionWords;510
IS;FunctionWords;235
IT;EconomicOperands;13
IV;LegalReferences;37
IX;LegalReferences;8
NO;FunctionWords;62
OF;FunctionWords;1673
ON;FunctionWords;229
OR;LogicalConnectors;1013
PE;EconomicOperands;2
SO;LogicalConnectors;10
TO;FunctionWords;646
TR;EconomicOperands;4
UP;FunctionWords;5
US;EconomicOperands;5
VI;EconomicOperands;6
XI;LegalReferences;3
1;Attributes;68
2;Attributes;52
3;Attributes;23
4;Attributes;21
5;Attributes;21
6;Attributes;20
7;Attributes;10
8;Attributes;9
9;Attributes;8
A;FunctionWords;825
B;LegalReferences;111
C;LegalReferences;122
D;LegalReferences;169
E;LegalReferences;258
F;LegalReferences;31
G;EconomicOperands;49
H;LegalReferences;24
I;FunctionWords;207
J;LegalReferences;6
K;LegalReferences;7
L;LegalReferences;49
M;LegalReferences;39
N;LegalReferences;55
O;LegalReferences;24
P;LegalReferences;48
Q;LegalReferences;4
R;LegalReferences;115
S;Attributes;150
T;LegalReferences;93
U;LegalReferences;61
V;LegalReferences;31
X;LegalReferences;11
Y;LegalReferences;18
Z;LegalReferences;8
