Operators;RATIO;9
Operators;RESIDUAL;60
Operators;ADOPTED;65
Operators;NAMELY;4
Operators;ADDITIONALLY;9
Operators;ADDITIONAL;76
Operators;IMPLEMENTATION;48
Operators;ENFORCING;1
Operators;CASES;311
Operators;DEDUCTIBLE;1
Operators;INVOLVES;29
Operators;CIRCUMSTANCES;394
Operators;FULL;42
Operators;LEAST;19
Operators;ASSESS;23
Operators;CRITERION;3
Operators;INCIDENTALLY;3
Operators;ASSESSED;11
Operators;MEASURED;18
Operators;MAY;1430
Operators;AVERAGING;2
Operators;DIFFERENCES;168
Operators;INSTANCE;51
Operators;ONLY;181
Operators;ELIMINATION;10
Operators;THRESHOLDS;2
Operators;6+17;1
Operators;ESTABLISHES;11
Operators;PREVENT;26
Operators;COMPARED;39
Operators;ASSUME;175
Operators;VERIFY;10
Operators;+;22
Operators;BELONG;6
Operators;DIFFERING;8
Operators;COMPARES;6
Operators;COMBINED;40
Operators;COMPRISES;5
Operators;ENSURE;91
Operators;DISTINGUISHABLE;1
Operators;INCORPORATING;3
Operators;DEFINES;2
Operators;AND/OR;48
Operators;FULLY;30
Operators;SOLE;8
Operators;DENIAL;3
Operators;COVERED;41
Operators;ATTRIBUTABLE;38
Operators;SATISFY;20
Operators;BRIEFLY;1
Operators;NEVERTHELESS;21
Operators;APPROXIMATION;10
Operators;ASSUMPTIONS;92
Operators;DETERMINATION;126
Operators;AIMED;4
Operators;MINIMISE;7
Operators;NOT;1257
Operators;QUANTITATIVE;2
Operators;NOR;35
Operators;RAISE;23
Operators;ALLOCATES;2
Operators;PORTION;14
Operators;RECOMMENDATION;25
Operators;AGGREGATED;9
Operators;LIMITATIONS;17
Operators;KEPT;7
Operators;LACKING;3
Operators;&;5
Operators;CONVERSELY;2
Operators;REGULATED;4
Operators;SETS;18
Operators;WHY;14
Operators;DIFFERENT;157
Operators;APPORTION;1
Operators;AVERAGE;20
Operators;ALLOWED;12
Operators;THUS;61
Operators;CANNOT;50
Operators;COMPLY;21
Operators;EVEN;54
Operators;CORRESPONDING;68
Operators;LIKE;12
Operators;RESEMBLE;1
Operators;SEPARATELY;27
Operators;SO;179
Operators;REPEALED;1
Operators;DEFINE;5
Operators;REFLECTS;29
Operators;EXCEPTION;3
Operators;RELATIONSHIP;42
Operators;TOP;2
Operators;EXCEEDING;5
Operators;SINGLE;30
Operators;WILLING;29
Operators;TOO;15
Operators;DISREGARDING;1
Operators;ESTIMATES;5
Operators;TOGETHER;37
Operators;NEARLY;2
Operators;COMPUTATION;1
Operators;FURTHER;130
Operators;DIFFERENTIATION;2
Operators;COMPUTED;2
Operators;ASSUMED;139
Operators;ESPECIALLY;28
Operators;FINALLY;17
Operators;ASSUMES;65
Operators;COMPARE;10
Operators;OVERALL;39
Operators;NEGATIVE;6
Operators;SAME;220
Operators;ENSURING;15
Operators;CONJUNCTION;4
Operators;MULTIPLE;28
Operators;INTENDED;67
Operators;CONSIST;12
Operators;SEPARATE;100
Operators;SEEMS;3
Operators;DUPLICATE;3
Operators;COMBINE;3
Operators;ALTHOUGH;59
Operators;GAP;2
Operators;PRE;3
Operators;DETERMINES;14
Operators;SIMILAR;144
Operators;CORRESPOND;8
Operators;WHOLLY;14
Operators;SAY;5
Operators;DETERMINED;132
Operators;DEMONSTRATED;6
Operators;RESTRICTIONS;11
Operators;EXEMPTION;9
Operators;SIMILARLY;45
Operators;REVERSED;1
Operators;UNACCEPTABLE;1
Operators;SHIFTING;26
Operators;CHOOSING;2
Operators;HENCE;5
Operators;APPROVE;1
Operators;FIRST;83
Operators;BECAUSE;161
Operators;COMBINATION;20
Operators;ADDITION;82
Operators;IMPOSE;14
Operators;POSED;1
Operators;EITHER;113
Operators;COMPRISE;12
Operators;APART;3
Operators;CIRCUMSTANCE;8
Operators;EXCEEDS;8
Operators;ACCEPTED;26
Operators;OBLIGATED;5
Operators;DENY;1
Operators;STRICTLY;2
Operators;REQUIRED;157
Operators;FALLS;2
Operators;WEIGHTING;3
Operators;MINIMUM;38
Operators;REQUIRES;54
Operators;APPLIED;103
Operators;UNLESS;42
Operators;EG;176
Operators;MITIGATE;14
Operators;EX;65
Operators;APPLIES;34
Operators;MANDATORY;12
Operators;POST;35
Operators;TREATED;34
Operators;THEREIN;10
Operators;GRANTING;7
Operators;QUANTIFY;3
Operators;AGGREGATION;7
Operators;STIPULATE;1
Operators;EVALUATING;50
Operators;WHEREBY;8
Operators;ALTERNATIVELY;10
Operators;TREATMENT;45
Operators;DEDUCTING;1
Operators;OTHERWISE;62
Operators;PRESCRIBED;6
Operators;REQUIREMENT;29
Operators;SET;137
Operators;RULE;17
Operators;INCREASE;40
Operators;INDICATE;18
Operators;LOOKS;1
Operators;DIFFERS;4
Operators;STILL;38
Operators;EXCEED;7
Operators;ENTAIL;5
Operators;SINCE;57
Operators;RAISES;6
Operators;ALTOGETHER;2
Operators;OUTCOME;38
Operators;PREVIOUS;22
Operators;REPRESENT;14
Operators;SPECIFICALLY;26
Operators;EXEMPT;2
Operators;30/70;3
Operators;DEEMED;16
Operators;PARTICULARLY;56
Operators;ALLOCATIONS;8
Operators;DEPENDING;76
Operators;GRANTED;11
Operators;IMPLEMENTING;14
Operators;PRESCRIBING;6
Operators;APPROVAL;8
Operators;APPROVED;17
Operators;HEREAFTER;4
Operators;SHIFTED;4
Operators;ALBEIT;4
Operators;DEPEND;49
Operators;REQUIRING;10
Operators;SELECTED;26
Operators;ALLOCATE;14
Operators;PERMIT;12
Operators;AGGREGATE;21
Operators;ESTABLISH;53
Operators;DIVISION;15
Operators;KEEPING;12
Operators;NONETHELESS;7
Operators;INCLUDES;39
Operators;REFLECTING;11
Operators;RELATION;71
Operators;RECOMMENDATIONS;7
Operators;INCLUDED;56
Operators;APPLYING;116
Operators;CALCULATING;10
Operators;ANNEX;113
Operators;NONUNIQUE;7
Operators;BESIDES;2
Operators;TEST;16
Operators;REQUESTS;26
Operators;PERMITTED;23
Operators;ALLOCABLE;1
Operators;COMPARING;8
Operators;WANT;7
Operators;DEFINITIONS;13
Operators;CONFIRMS;4
Operators;ABSOLUTE;4
Operators;DIFFERENCE;59
Operators;LIMITS;27
Operators;HOWEVER;212
Operators;NEXT;10
Operators;DETERMINE;167
Operators;ASSUMING;56
Operators;ALLOCATED;66
Operators;CONSEQUENTLY;20
Operators;ESTIMATED;9
Operators;DEFINITIONAL;1
Operators;ADJUSTED;23
Operators;FLOOR;3
Operators;HEREIN;9
Operators;RELATIVE;59
Operators;NOTWITHSTANDING;29
Operators;SETTING;21
Operators;DIFFERENTLY;8
Operators;X;69
Operators;REPRESENTS;8
Operators;CONFORMS;1
Operators;AFTER;138
Operators;ALLOWS;11
Operators;REFLECTED;47
Operators;ACTUALLY;59
Operators;INCLUDING;246
Operators;RECALCULATE;1
Operators;YET;3
Operators;EXEMPTIONS;4
Operators;COMPARABLES;179
Operators;ENSURES;5
Operators;RETURN;117
Operators;RATIOS;8
Operators;PREVIOUSLY;18
Operators;REQUIRE;105
Operators;DERIVING;6
Operators;15/25;1
Operators;DECREASE;8
Operators;CONSTITUTES;7
Operators;EXCESS;24
Operators;DECREASED;1
Operators;CHANGES;50
Operators;INCLUSION;6
Operators;DISTINCT;11
Operators;BUT;178
Operators;FRACTION;1
Operators;RESPECTIVELY;6
Operators;INDICATORS;43
Operators;MEET;26
Operators;SUBSEQUENTLY;2
Operators;INCREASING;10
Operators;DEFINING;5
Operators;SUBJECTING;1
Operators;CONSIDERING;30
Operators;IMPOSED;37
Operators;DIVIDE;2
Operators;FOR;2654
Operators;EQUIVALENT;15
Operators;COMBINATIONS;4
Operators;EQUALITY;1
Operators;ALLOCATING;7
Operators;WHOLE;32
Operators;AND;5053
Operators;CONFORM;7
Operators;SELECTION;57
Operators;SHALL;93
Operators;INITIALLY;9
Operators;POSITIVE;8
Operators;PROHIBITION;3
Operators;CONNECTION;63
Operators;EXCLUDED;25
Operators;FACTOR;21
Operators;SATISFIES;6
Operators;REFERRED;36
Operators;THEN;91
Operators;MINIMISING;7
Operators;FURTHERMORE;17
Operators;ETC;30
Operators;DEDUCTED;1
Operators;IMPLEMENT;12
Operators;CASE;410
Operators;LIMITATION;8
Operators;COMPUTING;5
Operators;RATHER;51
Operators;PERFORMING;67
Operators;IDENTIFIED;99
Operators;WERE;132
Operators;DISTINGUISH;6
Operators;APPLY;136
Operators;IDENTIFIES;8
Operators;CLOSER;8
Operators;NEEDS;18
Operators;FACTORS;98
Operators;CONCERNING;9
Operators;COVER;23
Operators;SECOND;42
Operators;MOREOVER;25
Operators;WAS;114
Operators;ENFORCE;1
Operators;INCORPORATE;1
Operators;CONVERSION;11
Operators;PRESCRIBE;3
Operators;ASSUMPTION;73
Operators;15/25=;1
Operators;DESPITE;4
Operators;ENTIRELY;1
Operators;LOWER;48
Operators;SIMPLIFIES;1
Operators;EXCEEDED;4
Operators;CONSEQUENCE;19
Operators;THEREBY;23
Operators;MEANS;107
Operators;ADMITTEDLY;1
Operators;INDICATIONS;4
Operators;OPTIONS;55
Operators;ELIMINATING;3
Operators;EXCLUDE;16
Operators;SUITABLE;12
Operators;MEAN;32
Operators;10/25=;1
Operators;EXISTS;15
Operators;EXCLUSIVE;25
Operators;WHEREAS;35
Operators;SUPERVISE;1
Operators;ACCORDING;27
Operators;DEDUCTION;4
Operators;EXTRACTED;2
Operators;ALLOW;26
Operators;ESTIMATE;14
Operators;IE;76
Operators;IF;533
Operators;REQUIREMENTS;89
Operators;ALWAYS;36
Operators;SHIFTS;1
Operators;ADOPTION;5
Operators;TESTING;11
Operators;RENDER;2
Operators;THOUGH;18
Operators;APPROXIMATE;3
Operators;CONSTITUTE;27
Operators;TREAT;10
Operators;ELIMINATED;7
Operators;DIFFER;28
Operators;CLOSEST;1
Operators;COMPUTATIONS;2
Operators;DERIVED;62
Operators;THRESHOLD;16
Operators;REFER;12
Operators;DISTINGUISHES;2
Operators;COMPARABLE;336
Operators;ASSESSING;37
Operators;INDEED;13
Operators;REDUCES;3
Operators;ADOPT;20
Operators;REQUEST;56
Operators;ACCORDINGLY;51
Operators;UNIQUE;55
Operators;REDUCED;10
Operators;BEFORE;99
Operators;DERIVE;19
Operators;TREATS;3
Operators;DOUBLE;133
Operators;APPORTIONED;1
Operators;CORRESPONDS;4
Operators;LIMITING;9
Operators;NEEDED;40
Operators;SPECIFIED;27
Operators;RESPECT;147
Operators;ALTERNATIVE;34
Operators;OR;2213
Operators;PARTIALLY;12
Operators;CONTAINS;17
Operators;RELATE;24
Operators;REGARDING;85
Operators;RESTRICT;8
Operators;ALLOWING;8
Operators;ADDING;9
Operators;ADDED;9
Operators;SELECTING;25
Operators;AUTHORIZED;4
Operators;IRRESPECTIVE;10
Operators;APPEARS;5
Operators;CALCULATE;8
Operators;CONFIRM;7
Operators;RESPECTIVE;44
Operators;CONTAINED;37
Operators;INSTEAD;27
Operators;MANDATED;2
Operators;PRESUMED;1
Operators;ATTRIBUTE;3
Operators;INCLUSIVE;6
Operators;REMOVE;5
Operators;INTRA;18
Operators;REPRESENTED;11
Operators;REPLICATE;1
Operators;SUBJECT;93
Operators;EVALUATE;45
Operators;SUM;20
Operators;RECOMMEND;4
Operators;STOP;1
Operators;EVALUATED;25
Operators;WHILE;89
Operators;REFERENCES;7
Operators;NET;213
Operators;EQUALLY;18
Operators;ATTRIBUTION;11
Operators;CALCULATED;23
Operators;*;30
Operators;DEPENDS;27
Operators;CONTRARY;9
Operators;PROXY;1
Operators;RESULTED;8
Operators;INDIFFERENT;1
Operators;SOLELY;35
Operators;CALCULATES;1
Operators;DISALLOWED;1
Operators;IMPLIES;7
Operators;DENIED;1
Operators;MAXIMUM;3
Operators;ADD;8
Operators;OTHERS;32
Operators;NEED;154
Operators;REDUCING;15
Operators;GREATER;60
Operators;SUBTRACTS;1
Operators;ACCORDANCE;104
Operators;PROPORTION;19
Operators;SUBMIT;7
Operators;ADJUST;16
Operators;IDENTIFICATION;46
Operators;EXCLUSION;1
Operators;IDENTIFYING;65
Operators;REDUCTIONS;1
Operators;LIKEWISE;2
Operators;EQUAL;19
Operators;COMPARISONS;17
Operators;SEEM;5
Operators;REGULATE;1
Operators;MINIMAL;4
Operators;ENTIRE;12
Operators;SPLITTING;6
Operators;ALSO;344
Operators;ALIKE;2
Operators;ADOPTING;9
Operators;DIVIDED;5
Operators;EVENTUALLY;1
Operators;REGARDLESS;8
Operators;CONSULTS;2
Operators;QUANTIFIED;3
Operators;APPROXIMATES;2
Operators;HOW;144
Operators;AS;1355
Operators;THEREFORE;140
Operators;40/70;3
Operators;APPROXIMATED;1
Operators;=;4
Operators;INCREASES;5
Operators;BALANCING;41
Operators;SUBTRACTING;1
Operands;LIFE;30
Operands;FUNDAMENTALLY;2
Operands;POSITIONS;17
Operands;AGE;2
Operands;UNCERTAINTY;23
Operands;LENGTHY;5
Operands;ENVIRONMENT;25
Operands;EFFICIENCY;13
Operands;DEMAND;16
Operands;ILLUSTRATING;6
Operands;SUPERVISION;3
Operands;OCCURRENCE;13
Operands;ENGAGE;19
Operands;IMPERFECT;2
Operands;PATENT;49
Operands;161;1
Operands;PREMISED;4
Operands;EVALUATION;43
Operands;EXPLAIN;11
Operands;MOVEMENTS;6
Operands;TRANSACTIONS;807
Operands;INHERENTLY;4
Operands;HAND;31
Operands;CURRENT;52
Operands;TAXED;11
Operands;BREAKER;1
Operands;NAME;45
Operands;MANUFACTURE;19
Operands;MAP;194
Operands;ASSETS;268
Operands;GUIDANCE;289
Operands;ANNUAL;35
Operands;PRIMARY;59
Operands;FRANCE;1
Operands;PERSON;12
Operands;VALUES;13
Operands;PROPERTY;66
Operands;INTELLECTUAL;6
Operands;FIGURES;11
Operands;INNOVATIVE;5
Operands;COMPLIANCE;118
Operands;BEHAVIOUR;8
Operands;COMMON;43
Operands;UNDERTAKE;23
Operands;STANDARDISED;9
Operands;PROPOSAL;43
Operands;CLEARLY;28
Operands;ADDRESSING;10
Operands;FUTURES;1
Operands;PARIS;3
Operands;SOLD;40
Operands;SYSTEMS;40
Operands;ACTIVE;5
Operands;ACCOUNTING;92
Operands;104;4
Operands;105;10
Operands;PREPARATION;9
Operands;STARTUP;8
Operands;CONTROLS;45
Operands;PUBLIC;28
Operands;SELLS;28
Operands;NOW;15
Operands;DETAILED;57
Operands;MEXICO;2
Operands;SPECULATIVE;4
Operands;NOMINAL;8
Operands;TRADEMARKS;27
Operands;DOCUMENTED;4
Operands;METHODS;155
Operands;MEMBER;152
Operands;INVOLVING;143
Operands;CEASE;1
Operands;TAXABLE;49
Operands;TABLE;3
Operands;INTERPRETATIONS;1
Operands;GOODS;116
Operands;ITALY;1
Operands;CONCLUSIONS;15
Operands;VARY;20
Operands;ELEMENT;57
Operands;UNPREDICTABLE;4
Operands;UNITS;37
Operands;90;7
Operands;HARSHER;1
Operands;94;5
Operands;DISADVANTAGE;8
Operands;PRODUCING;14
Operands;MULTIYEAR;2
Operands;EARLY;30
Operands;EXPENDITURE;40
Operands;WIDELY;12
Operands;DECLARATION;3
Operands;NOTICE;29
Operands;COPYRIGHT;3
Operands;UNFAIR;4
Operands;PEER;13
Operands;PERIODICALLY;4
Operands;PARAMETERS;19
Operands;SEGMENTS;2
Operands;NATURE;139
Operands;COMPETITION;13
Operands;MAINTAIN;34
Operands;REACHED;17
Operands;LOANS;4
Operands;EXAMINES;5
Operands;FORM;84
Operands;KEYS;27
Operands;RESERVES;1
Operands;TAXES;33
Operands;ASCERTAIN;3
Operands;ANTE;36
Operands;FOUND;66
Operands;REFERS;11
Operands;PASSIVE;2
Operands;ELECT;7
Operands;PRAGMATIC;4
Operands;UNLIMITED;1
Operands;SALES;126
Operands;INSTANCES;11
Operands;CALL;5
Operands;LICENSING;23
Operands;CONTRIBUTION;93
Operands;FUNCTIONS;386
Operands;UNILATERAL;39
Operands;ALLOCATION;138
Operands;LIMIT;35
Operands;JUSTIFIED;15
Operands;SUFFER;10
Operands;TRUE;12
Operands;ECONOMY;10
Operands;HEAVY;5
Operands;PARTNERS;13
Operands;RELY;14
Operands;PLATFORM;6
Operands;INFLUENCE;19
Operands;SOURCE;15
Operands;LICENCE;64
Operands;400;4
Operands;CONDITIONS;285
Operands;SYNERGIES;39
Operands;BALANCES;1
Operands;SAMPLE;12
Operands;HUNGARY;1
Operands;ISSUE;69
Operands;PROPERTIES;2
Operands;CLAIM;16
Operands;EXPENDITURES;17
Operands;AUSTRALIA;1
Operands;OBJECTIVES;46
Operands;ATTACHED;12
Operands;INTERPRETED;10
Operands;CLARIFY;7
Operands;PRICING;930
Operands;ADDRESS;33
Operands;PROGRESS;16
Operands;MARGIN;135
Operands;BRAND;19
Operands;COMMENCING;5
Operands;BASED;253
Operands;CORPORATION;3
Operands;CONCERNED;20
Operands;REDUCE;25
Operands;OPERATIONAL;17
Operands;DEFENCE;3
Operands;REGISTRATION;10
Operands;INDIRECT;15
Operands;OBTAINED;25
Operands;BEGIN;6
Operands;STRENGTHS;8
Operands;BURDENS;22
Operands;SILENT;1
Operands;DEVELOPING;31
Operands;PROFIT;466
Operands;SHARE;81
Operands;OVERHEAD;12
Operands;MEASUREMENT;5
Operands;SPECIAL;30
Operands;ARTICULATED;1
Operands;CLASSIFICATION;8
Operands;COUNTRYBYCOUNTRY;108
Operands;MAINLY;8
Operands;POSSIBLE;166
Operands;POSSIBLY;15
Operands;DETAILS;14
Operands;COMPOUND;2
Operands;APPROPRIATENESS;16
Operands;TIMELY;38
Operands;295;1
Operands;MOBILE;1
Operands;CONTINUE;28
Operands;TIME;302
Operands;CONFLICTS;1
Operands;JAPAN;1
Operands;CONCERN;47
Operands;DESCRIBED;124
Operands;WORKING;62
Operands;SECTION;367
Operands;WEAKNESSES;5
Operands;DESCRIBES;4
Operands;TREATMENT;45
Operands;179;2
Operands;178;2
Operands;177;3
Operands;176;1
Operands;JULY;16
Operands;174;1
Operands;173;4
Operands;AUDITED;6
Operands;171;3
Operands;170;10
Operands;LAND;2
Operands;LEVERAGE;2
Operands;UTILISE;6
Operands;AREA;27
Operands;TRADE;68
Operands;RATIFICATION;1
Operands;ANTALYA;1
Operands;BELIEVE;9
Operands;MODELS;9
Operands;PERCENT;13
Operands;REPORTED;28
Operands;PRINCIPALLY;2
Operands;NEWLY;5
Operands;192;1
Operands;EUR;7
Operands;UNDETERMINED;1
Operands;REPRESENT;14
Operands;ELIGIBLE;9
Operands;LENDING;1
Operands;BREAK;2
Operands;MAJORITY;3
Operands;TRADING;15
Operands;ADEQUATE;22
Operands;SAFEGUARD;4
Operands;IMPROVE;29
Operands;DEGREE;34
Operands;PURSUED;8
Operands;EXCEED;7
Operands;FOCUS;14
Operands;FINISHED;16
Operands;INTANGIBLES;873
Operands;ARISING;40
Operands;NOVEMBER;1
Operands;ACQUISITION;27
Operands;ONESIDED;12
Operands;ENHANCEMENTS;8
Operands;EXPLAINED;4
Operands;PRIVATE;4
Operands;ANTIAVOIDANCE;1
Operands;CONTRIBUTING;14
Operands;PARTICIPANTS;75
Operands;NONDISCRIMINATORY;1
Operands;COMPONENTS;13
Operands;ONLINE;1
Operands;INDIRECTLY;10
Operands;LEGAL;168
Operands;DELIVERY;7
Operands;209;1
Operands;DETRIMENT;3
Operands;VAST;2
Operands;PENALIZE;1
Operands;POOLED;5
Operands;AGREEING;6
Operands;FACE;9
Operands;RECOGNITION;14
Operands;BREACH;3
Operands;ALIGNED;5
Operands;DECISIONS;70
Operands;EASIER;2
Operands;FACT;113
Operands;DELIVERED;4
Operands;HIGHLY;37
Operands;ENABLE;11
Operands;MINORITY;4
Operands;PAY;47
Operands;TAXPAYERS;304
Operands;UNDERSTOOD;6
Operands;CHANGING;4
Operands;REVEALED;1
Operands;EFFECTIVENESS;3
Operands;INVOLVE;54
Operands;545;1
Operands;DISCUSSIONS;35
Operands;LOCALLY;4
Operands;BRANDING;3
Operands;PRESSURE;3
Operands;METHODOLOGY;73
Operands;TASKS;3
Operands;X;69
Operands;PARALLEL;1
Operands;OIL;2
Operands;SIMPLIFY;3
Operands;REGION;4
Operands;SHARES;31
Operands;FREQUENCY;3
Operands;POLICIES;43
Operands;SHARED;20
Operands;CAPTURE;1
Operands;VARIETY;18
Operands;PERSONNEL;35
Operands;MECHANISMS;20
Operands;LARGE;29
Operands;SEEKS;8
Operands;SEARCH;23
Operands;RECOURSE;3
Operands;LEAVES;2
Operands;POSSIBILITY;32
Operands;EXCESSIVELY;1
Operands;OWNERSHIP;51
Operands;STAKEHOLDERS;3
Operands;BRANCH;2
Operands;IMPEDE;1
Operands;EXTERNAL;22
Operands;INPUT;10
Operands;ASSETBASED;2
Operands;INTERVENING;1
Operands;PROVIDED;182
Operands;FINANCIAL;312
Operands;SITUATIONS;114
Operands;UNDUE;2
Operands;INTERESTED;8
Operands;COMPLICATED;4
Operands;PROVIDES;116
Operands;PROVIDER;26
Operands;REVENUES;23
Operands;COMMERCIAL;157
Operands;WRITING;11
Operands;ARRANGEMENTS;213
Operands;103;7
Operands;COLLECTED;9
Operands;253;3
Operands;250;4
Operands;DUPLICATION;9
Operands;NEGLIGENCE;4
Operands;ABILITY;27
Operands;UNIFORMITY;6
Operands;ACCRUAL;4
Operands;CLAIMED;7
Operands;ARRIVE;9
Operands;EXTREMELY;4
Operands;EXERCISE;29
Operands;ENTITLED;61
Operands;SIMPLICITY;7
Operands;PROFITABILITY;24
Operands;ENCOURAGE;9
Operands;168;1
Operands;169;1
Operands;165;1
Operands;166;1
Operands;167;2
Operands;160;2
Operands;REMAINING;12
Operands;162;1
Operands;163;1
Operands;MAJOR;13
Operands;RESPONDING;3
Operands;VERIFIED;1
Operands;APPEAR;5
Operands;PERSPECTIVE;22
Operands;EVENT;27
Operands;DEVISE;1
Operands;GREECE;1
Operands;INCENTIVES;4
Operands;REALITY;3
Operands;APPLICATIONS;4
Operands;LOW;98
Operands;800;5
Operands;EXEMPLIFY;1
Operands;CREATE;35
Operands;INFORM;7
Operands;PAYMENTS;84
Operands;ASSESSMENT;64
Operands;CARRIED;42
Operands;INAPPROPRIATE;18
Operands;RESIDENT;67
Operands;VI;61
Operands;EFFECT;129
Operands;MEANINGFUL;3
Operands;CRISIS;1
Operands;ASYMMETRY;2
Operands;INTRODUCED;3
Operands;EARNS;9
Operands;INEFFICIENT;1
Operands;DETAIL;17
Operands;ACCESS;65
Operands;SIGNIFICANCE;13
Operands;TRUST;1
Operands;INCURRING;4
Operands;PRESERVE;5
Operands;SUPPORTING;23
Operands;FAMILIAR;2
Operands;MOVE;2
Operands;REVIEWED;12
Operands;COMMODITIES;7
Operands;TESTED;79
Operands;STEPS;25
Operands;PROPER;11
Operands;VEHICLES;1
Operands;CAPABILITIES;18
Operands;SPECIFIC;185
Operands;RELIABILITY;83
Operands;DEMONSTRATING;8
Operands;SECTIONS;29
Operands;PROVISIONS;108
Operands;APPROPRIATELY;40
Operands;PROVIDE;277
Operands;OVERVIEW;8
Operands;REQUEST;56
Operands;FEATURE;4
Operands;PENALTY;28
Operands;EXPLORED;1
Operands;COSTBASED;10
Operands;BALANCE;24
Operands;CHALLENGING;5
Operands;59;13
Operands;58;11
Operands;VIEWS;3
Operands;55;10
Operands;54;9
Operands;57;17
Operands;51;7
Operands;53;9
Operands;52;10
Operands;CARRYING;14
Operands;AUTHORITIES;207
Operands;EXPLORATION;6
Operands;SUPPORT;46
Operands;PAID;82
Operands;202;2
Operands;ONGOING;67
Operands;PRINCIPLE;254
Operands;HEADCOUNT;1
Operands;INTERVENTION;4
Operands;CANADA;1
Operands;MARKETING;165
Operands;SUGGESTS;9
Operands;REGULATION;1
Operands;PRODUCTION;48
Operands;MNE;471
Operands;INFORMATION;592
Operands;ADVERSE;2
Operands;TECHNOLOGICAL;9
Operands;PLAYING;3
Operands;ILLUSTRATIVE;6
Operands;SIZE;29
Operands;DECISIONMAKING;23
Operands;PROJECTIONS;57
Operands;INCORPORATED;15
Operands;SENSE;7
Operands;CHAINS;2
Operands;SERVICE;193
Operands;PROBLEMS;46
Operands;OPPORTUNITIES;27
Operands;PREPARED;37
Operands;BANKING;5
Operands;RATES;34
Operands;ALLEVIATE;5
Operands;AVOIDANCE;11
Operands;CAUSES;6
Operands;INDUSTRIES;15
Operands;CONTRACTS;59
Operands;HARBOUR;116
Operands;GERMANY;1
Operands;PRIMARILY;10
Operands;ADMINISTRATIONS;314
Operands;OVERLOOKED;4
Operands;CORE;8
Operands;LOSSMAKING;12
Operands;RIGHT;62
Operands;PROBLEM;19
Operands;220;2
Operands;FAR;16
Operands;GOODWILL;39
Operands;WAYS;15
Operands;SOLUTION;11
Operands;SUBMIT;7
Operands;SAFETY;2
Operands;151;4
Operands;150;7
Operands;153;3
Operands;152;2
Operands;155;5
Operands;154;2
Operands;157;2
Operands;156;1
Operands;159;2
Operands;158;2
Operands;JUNE;12
Operands;NUMBER;63
Operands;CASEBYCASE;5
Operands;LOGIC;1
Operands;MARKETS;44
Operands;REGIMES;7
Operands;JUSTIFICATION;4
Operands;OFTEN;103
Operands;SUBSEQUENT;24
Operands;REASONABLY;57
Operands;PREMIUMS;1
Operands;REASONABLE;52
Operands;DIVERGENT;2
Operands;TRADED;14
Operands;CYCLE;4
Operands;SHOW;14
Operands;SUGGEST;15
Operands;COMMITMENTS;1
Operands;VALUE;392
Operands;SUBSTANTIVE;4
Operands;TRADITIONAL;25
Operands;POTENTIAL;146
Operands;CORRELATION;3
Operands;EXPENSES;95
Operands;SIGNIFICANTLY;32
Operands;98;5
Operands;FAVOUR;4
Operands;ULTIMATE;29
Operands;CALCULATIONS;8
Operands;DEVELOP;31
Operands;SIMPLE;16
Operands;TEXT;2
Operands;BORROWING;5
Operands;OBTAIN;35
Operands;FACTORING;5
Operands;APPRECIATION;3
Operands;ACCOUNTS;32
Operands;FOCUSING;6
Operands;PRECEDENT;2
Operands;DEFER;1
Operands;INVOLVED;90
Operands;ASSURING;3
Operands;REBUTTABLE;1
Operands;ACCURACY;11
Operands;AUDIT;65
Operands;AFTERTAX;1
Operands;EXTENDED;10
Operands;AFFECTED;57
Operands;FIT;2
Operands;MEASURES;49
Operands;COMPARABILITY;291
Operands;VERSION;5
Operands;BUSINESSES;22
Operands;DAMAGES;2
Operands;REALISE;4
Operands;PATENTS;77
Operands;LEASE;2
Operands;PROCESS;186
Operands;CONVENIENT;2
Operands;REVIEW;82
Operands;SELLERS;3
Operands;JUDICIAL;8
Operands;CLAIMS;6
Operands;ESTABLISHED;64
Operands;EVOLUTION;1
Operands;LARGELY;7
Operands;ADVICE;9
Operands;ACCRUED;17
Operands;UNRELATED;20
Operands;RELIES;5
Operands;CHEMICAL;2
Operands;SMALLER;7
Operands;CONFIDENTIALITY;36
Operands;CIVIL;10
Operands;COMPANY;972
Operands;MODEST;2
Operands;MODIFIED;8
Operands;EXPLOITATION;103
Operands;RELIEF;18
Operands;OWNS;11
Operands;DECLINE;8
Operands;COMMODITY;21
Operands;PORTFOLIOS;1
Operands;EMPLOYEES;54
Operands;CONTRIBUTE;35
Operands;AFRICA;7
Operands;INDIVIDUAL;54
Operands;RESULT;134
Operands;GENERATE;16
Operands;REGARDED;20
Operands;ACQUIRE;9
Operands;ENTERPRISES;582
Operands;SIDES;2
Operands;REAL;5
Operands;DISASTER;3
Operands;TRANSACTIONAL;165
Operands;HOLDS;2
Operands;MEMBERSHIP;11
Operands;COST;224
Operands;CONTROLLING;13
Operands;PERFORMANCE;68
Operands;REWARDED;4
Operands;LIMITATIONS;17
Operands;DEFINITION;39
Operands;COMPENSATION;153
Operands;COMPETITIVE;29
Operands;LINKED;9
Operands;BODIES;1
Operands;PRESENCE;10
Operands;ADVANCES;2
Operands;ACCOMMODATING;2
Operands;DOMESTIC;135
Operands;OUTCOMES;65
Operands;ADVANCED;1
Operands;SHAREHOLDERS;8
Operands;ADMINISTRATIVE;83
Operands;EXERCISED;10
Operands;CHOOSE;13
Operands;PUT;17
Operands;IMMEDIATELY;17
Operands;FULLEST;1
Operands;REMUNERATION;68
Operands;IMPORTANCE;27
Operands;MATERIAL;70
Operands;PLANNING;14
Operands;230;3
Operands;DEALING;13
Operands;POLAND;1
Operands;FLOWS;44
Operands;PERFORMS;70
Operands;AMOUNTING;2
Operands;COMMENSURATE;4
Operands;SEGMENT;1
Operands;146;1
Operands;147;2
Operands;144;1
Operands;145;2
Operands;142;2
Operands;143;2
Operands;140;1
Operands;141;1
Operands;REST;15
Operands;149;2
Operands;DIGITAL;3
Operands;PRICES;150
Operands;ALREADY;19
Operands;PUBLICLY;34
Operands;COMPREHENSIVE;8
Operands;COMPLEXITY;24
Operands;HEALTH;2
Operands;EXCHANGES;25
Operands;INCIDENTAL;7
Operands;ATTEMPT;14
Operands;SPENT;2
Operands;DIFFICULTY;15
Operands;APPROACHES;39
Operands;ROUTINE;6
Operands;ENTERED;31
Operands;JUSTIFY;10
Operands;WORLDWIDE;9
Operands;CUSTOMERS;54
Operands;OFFER;6
Operands;SOCALLED;4
Operands;PROPOSED;36
Operands;AMOUNTS;16
Operands;TURNED;1
Operands;AVOID;35
Operands;BASE;54
Operands;MECHANISM;15
Operands;MONITORING;40
Operands;INVESTOR;11
Operands;MATCHING;1
Operands;PROFITABLE;6
Operands;RETAINED;12
Operands;EMERGENCY;2
Operands;TWICE;3
Operands;WISH;18
Operands;REGULAR;12
Operands;TRANSPARENCY;10
Operands;CONSIDERS;8
Operands;UPWARDS;1
Operands;DECIDING;3
Operands;CONSTANT;2
Operands;COUNTRY;377
Operands;SOMETIMES;44
Operands;SAFEGUARDS;22
Operands;AFFECT;94
Operands;PROTOCOL;1
Operands;FINAL;15
Operands;RELATIVELY;30
Operands;REFLECT;90
Operands;STUDIES;1
Operands;HINDSIGHT;8
Operands;TRANSPARENT;5
Operands;FUNCTION;53
Operands;END;19
Operands;MONITOR;14
Operands;G;13
Operands;DOCUMENTATION;163
Operands;PARTICIPATING;46
Operands;DEGREES;2
Operands;EXAMPLES;75
Operands;FULLRISK;1
Operands;TECHNOLOGIES;8
Operands;CONTROVERSY;2
Operands;THEORETICAL;7
Operands;LEAD;34
Operands;COMPONENT;3
Operands;AGREEMENT;493
Operands;STRICT;2
Operands;INTERRELATED;7
Operands;INACCURACY;1
Operands;INTEGRITY;3
Operands;1000;1
Operands;DISCLOSE;3
Operands;625;1
Operands;REGIONAL;11
Operands;ADMINISTRABLE;2
Operands;LIFETIME;2
Operands;WORKINGS;1
Operands;POSSESSES;4
Operands;FINANCE;3
Operands;EARNINGS;6
Operands;PERMISSIBLE;5
Operands;CONSOLIDATED;41
Operands;WORLD;12
Operands;PRESENT;55
Operands;HIGHER;48
Operands;RAISED;10
Operands;CLARIFICATION;1
Operands;ACKNOWLEDGEMENT;2
Operands;AFFECTS;6
Operands;ACCURATE;47
Operands;BUILDINGS;2
Operands;LOOKING;2
Operands;FINALISED;4
Operands;MANIPULATION;2
Operands;IDIOSYNCRATIC;1
Operands;CARE;30
Operands;11;28
Operands;10;69
Operands;13;33
Operands;12;37
Operands;15;38
Operands;14;50
Operands;17;31
Operands;19;14
Operands;18;18
Operands;REVISED;17
Operands;INTERMEDIATE;7
Operands;CHINA;1
Operands;RULING;3
Operands;DETERMINATIONS;13
Operands;EUROPE;2
Operands;189;6
Operands;BASIS;239
Operands;SHIFT;7
Operands;BARGAIN;2
Operands;BASIC;10
Operands;LABORATORY;1
Operands;ANTIABUSE;5
Operands;SUMMARISE;1
Operands;THREEYEAR;6
Operands;LOSSES;46
Operands;QUESTION;90
Operands;NOTED;37
Operands;ORIGINAL;17
Operands;201;1
Operands;200;6
Operands;203;1
Operands;THIRDPARTY;7
Operands;205;1
Operands;204;1
Operands;207;1
Operands;COPE;3
Operands;SUCCESSFUL;20
Operands;208;1
Operands;ARGUMENT;3
Operands;COVERAGE;3
Operands;RECOMMEND;4
Operands;EXTENSIVE;7
Operands;FIXED;37
Operands;CONCEPT;25
Operands;VICE;2
Operands;SUBSIDIARIES;19
Operands;PREFERABLE;2
Operands;RISKS;504
Operands;REVIEWS;11
Operands;OBSTACLE;1
Operands;EXTENT;105
Operands;AVAILABILITY;23
Operands;CONSTRAINTS;4
Operands;STARTS;5
Operands;PENALTIES;52
Operands;REMAIN;34
Operands;IMPORTANT;194
Operands;NORMALLY;18
Operands;ACTIVITIES;275
Operands;RISK;663
Operands;LEVEL;136
Operands;RISE;35
Operands;CARRY;21
Operands;ENTER;34
Operands;EXCHANGING;3
Operands;OPERATE;27
Operands;CHALLENGES;6
Operands;ACTUAL;165
Operands;STRATEGIC;11
Operands;CULTURE;1
Operands;PROPERLY;23
Operands;AGENTS;2
Operands;HELP;18
Operands;NOTES;5
Operands;PURSUANT;43
Operands;TRANSFERRED;131
Operands;EXISTING;52
Operands;HELD;7
Operands;COMPLEX;38
Operands;DESIGN;12
Operands;BOARD;5
Operands;COORDINATED;2
Operands;PROCEDURES;125
Operands;COMPOSITION;1
Operands;PARTICIPATION;11
Operands;PAYABLE;19
Operands;COMMONLY;14
Operands;RECORDS;12
Operands;3;116
Operands;INTRAGROUP;106
Operands;SUBSECTION;8
Operands;PARTICIPATE;14
Operands;ARRANGING;1
Operands;BLOCKBUSTER;1
Operands;COSTPLUS;1
Operands;AVAILABLE;195
Operands;EXAMINATIONS;42
Operands;PRESENTED;18
Operands;CONTRIBUTED;12
Operands;SLOVENIA;1
Operands;OFFERING;3
Operands;IRELAND;1
Operands;PUBLISHED;10
Operands;INTERESTS;30
Operands;UNITED;7
Operands;INDEFINITELY;3
Operands;S;337
Operands;DISINCENTIVES;2
Operands;LIABLE;1
Operands;PARTNER;11
Operands;NOMINALLY;1
Operands;ISRAEL;1
Operands;ASSOCIATED;650
Operands;HARD;8
Operands;60;31
Operands;61;6
Operands;62;12
Operands;63;8
Operands;64;10
Operands;65;12
Operands;66;10
Operands;67;6
Operands;68;7
Operands;69;8
Operands;DISTINGUISHED;4
Operands;RECENT;4
Operands;STANDALONE;3
Operands;CASH;85
Operands;PROFILES;8
Operands;BETTER;20
Operands;506;1
Operands;500;5
Operands;CONSIDERATIONS;25
Operands;FAIR;6
Operands;MERELY;14
Operands;FIELD;3
Operands;ABSENCE;36
Operands;WAY;56
Operands;FAIL;11
Operands;FOCUSES;6
Operands;NORWAY;1
Operands;OWNED;32
Operands;IGNORE;4
Operands;PERSONS;6
Operands;FOCUSED;6
Operands;ENHANCEMENT;57
Operands;STATISTICAL;15
Operands;DEPRECIATION;7
Operands;OWNER;72
Operands;EXAMINATION;100
Operands;TYPE;45
Operands;OVERCOME;1
Operands;ACQUIRED;34
Operands;STORAGE;5
Operands;REALISTIC;11
Operands;PARTICULAR;307
Operands;ACQUIRES;5
Operands;CONTROL;178
Operands;INFORMED;19
Operands;INTRODUCE;4
Operands;SUBSTANTIAL;45
Operands;REPUBLIC;2
Operands;ARISE;90
Operands;POLICY;18
Operands;CONFLICT;5
Operands;SOFTWARE;30
Operands;LEADING;13
Operands;ACCEPTABLE;40
Operands;DISPOSE;2
Operands;CAPITAL;72
Operands;VARIABLE;6
Operands;USERS;5
Operands;HIGH;47
Operands;RETROACTIVE;2
Operands;SECRETARIAT;19
Operands;FACILITATING;3
Operands;WITHDRAW;2
Operands;CRITERIA;40
Operands;212;1
Operands;210;1
Operands;211;1
Operands;LEGISLATION;39
Operands;EXPRESSED;16
Operands;DISCOUNT;29
Operands;REGULATORY;19
Operands;IGNORING;1
Operands;ALTER;2
Operands;198;1
Operands;CONSOLIDATION;3
Operands;RELIANCE;5
Operands;ROYALTY;29
Operands;4;101
Operands;HISTORICALLY;3
Operands;SHOWN;8
Operands;REMUNERATED;18
Operands;DIVERGENCES;2
Operands;DISTRIBUTE;7
Operands;ILLUSTRATION;27
Operands;OBVIOUS;3
Operands;DESIGNED;21
Operands;EROSION;24
Operands;DESIGNS;9
Operands;ILLUSTRATES;18
Operands;AUDITORS;1
Operands;ILLUSTRATED;18
Operands;CREDIT;40
Operands;COMPENSATE;12
Operands;SHAREHOLDER;12
Operands;REINSURANCE;1
Operands;DECISION;44
Operands;DERIVATIVES;2
Operands;OUTLINED;10
Operands;PRACTICE;86
Operands;FAVOURABLY;1
Operands;FIND;22
Operands;BUILDS;1
Operands;SELLER;8
Operands;PRESUMABLY;1
Operands;MEDIUM;4
Operands;SHEET;9
Operands;JUST;8
Operands;EXAMINED;20
Operands;ARRANGEMENT;165
Operands;ACCOUNTED;8
Operands;PLACE;78
Operands;OFFSET;1
Operands;TAXPAYER;383
Operands;REVENUE;33
Operands;INSTRUMENTS;4
Operands;ENGAGEMENT;7
Operands;EFFECTIVELY;18
Operands;CAUTION;8
Operands;EMPLOYS;5
Operands;RECOVER;2
Operands;ISSUED;4
Operands;ROUTE;1
Operands;STABLE;5
Operands;PROVEN;1
Operands;PERMANENT;55
Operands;DISTORTIONS;5
Operands;ISSUES;184
Operands;PURCHASER;6
Operands;PURCHASES;15
Operands;EXCEPTIONAL;11
Operands;COMMUNITY;16
Operands;UNABLE;11
Operands;PURCHASED;14
Operands;CONTRIBUTIONS;210
Operands;OUTWEIGH;3
Operands;NONRECURRING;4
Operands;750;7
Operands;COUNTRIES;277
Operands;ISOLATION;7
Operands;ASSIST;20
Operands;COSTS;389
Operands;TERRITORY;8
Operands;BOOKED;1
Operands;VALUING;12
Operands;REALISES;1
Operands;EXERCISING;15
Operands;INTENSITY;1
Operands;LATVIA;1
Operands;RISKINESS;3
Operands;BROADER;14
Operands;ECONOMICALLY;116
Operands;REALISED;12
Operands;SECTOR;7
Operands;USE;354
Operands;USD;35
Operands;EFFICIENT;20
Operands;POLITICAL;5
Operands;BENEFIT;94
Operands;ASPECT;13
Operands;ARGUE;4
Operands;SEEK;33
Operands;UNCLEAR;2
Operands;COMPETITOR;1
Operands;COMPLETED;6
Operands;SUPPLIED;11
Operands;5;138
Operands;SUPPLIER;33
Operands;UNDERTAKEN;82
Operands;FACILITATE;18
Operands;START;9
Operands;REMEDY;3
Operands;SIMPLIFYING;2
Operands;IMPOSSIBLE;6
Operands;PROFITS;221
Operands;LONGER;18
Operands;PRICE;419
Operands;SYSTEM;49
Operands;BRING;3
Operands;SUMMARISED;1
Operands;RECEIVES;9
Operands;USEFUL;88
Operands;VOLATILE;3
Operands;GAIN;9
Operands;CUSTOMER;19
Operands;DISTRIBUTES;3
Operands;TWOSIDED;2
Operands;BONDS;1
Operands;EXPANDING;2
Operands;TAX;1292
Operands;ANTICIPATED;98
Operands;ACTION;92
Operands;EQUITABLE;6
Operands;BODY;23
Operands;FIGURE;4
Operands;FORMULATION;2
Operands;DESIGNATED;3
Operands;OCCURRED;10
Operands;REGULARLY;6
Operands;EMPHASISE;1
Operands;TANGIBLE;52
Operands;FORESEEN;6
Operands;ACCOMMODATE;3
Operands;CHARGE;50
Operands;SIMPLY;13
Operands;VIEW;34
Operands;USED;354
Operands;199;1
Operands;ENHANCED;7
Operands;CAMPAIGN;3
Operands;195;1
Operands;194;2
Operands;197;1
Operands;191;1
Operands;190;3
Operands;193;2
Operands;SOPHISTICATION;2
Operands;CURRENCY;25
Operands;USES;33
Operands;REORGANISATION;1
Operands;ELECTRONICS;1
Operands;MARKET;262
Operands;ANNUALLY;11
Operands;UNRELIEVED;1
Operands;UNCHANGED;1
Operands;CONTRACT;121
Operands;VARIES;1
Operands;CENTRALISE;9
Operands;POSITION;23
Operands;INDUSTRIAL;2
Operands;THREAT;3
Operands;CAPABLE;18
Operands;GENERATION;8
Operands;LOAN;13
Operands;AGREE;57
Operands;IDENTITY;10
Operands;SAID;7
Operands;ESTONIA;1
Operands;DISCOUNTS;7
Operands;DELIVER;5
Operands;AVOIDS;4
Operands;CROSSBORDER;16
Operands;HISTORIC;5
Operands;MERITS;3
Operands;RECOMMENDATION;25
Operands;ISOLATING;1
Operands;CAPACITY;73
Operands;IMPROVES;1
Operands;COMMITTEE;38
Operands;6;94
Operands;KNOWN;23
Operands;RECOGNIZES;1
Operands;LEFT;5
Operands;DETERMINING;163
Operands;REWARDS;1
Operands;ACHIEVE;34
Operands;ADVANTAGE;26
Operands;CAMPAIGNS;2
Operands;CONFIRMATION;20
Operands;CONTROLLED;345
Operands;SCRUTINY;7
Operands;STEP;87
Operands;ACQUISITIONS;3
Operands;UNDERSTAND;13
Operands;DATE;63
Operands;DATA;188
Operands;CORRECT;14
Operands;SIXTH;1
Operands;ASIA;7
Operands;AMOUNT;96
Operands;RESPONSIBILITY;15
Operands;SPAIN;1
Operands;SEGMENTATION;4
Operands;INTERACTION;5
Operands;CREATING;14
Operands;STUDY;2
Operands;APPLICANT;1
Operands;INTERDEPENDENT;1
Operands;PERIOD;106
Operands;INTENTION;14
Operands;SOLVE;2
Operands;CORRECTLY;3
Operands;LOWRISK;1
Operands;PRODUCT;194
Operands;MANUFACTURERS;14
Operands;INSURANCE;14
Operands;PRODUCE;28
Operands;PERIODS;14
Operands;FILING;33
Operands;UNCONTROLLED;197
Operands;EXPLOITED;10
Operands;PORTUGAL;1
Operands;TRADEMARK;53
Operands;ENTITY;221
Operands;TECHNOLOGICALLY;1
Operands;PRACTICES;62
Operands;ARGUED;3
Operands;LINE;21
Operands;24;22
Operands;25;69
Operands;26;21
Operands;20;42
Operands;21;12
Operands;22;26
Operands;23;28
Operands;29;12
Operands;LONG;26
Operands;PRIORITY;2
Operands;TOTAL;81
Operands;OPPORTUNITY;62
Operands;BROAD;11
Operands;ISOLATE;2
Operands;COLLECTION;22
Operands;IMPROVEMENTS;5
Operands;ADVERTISING;19
Operands;MANUFACTURES;13
Operands;CONDUCTING;43
Operands;CLASSIFIED;2
Operands;IMPLICATIONS;5
Operands;REGULATIONS;15
Operands;SIGNIFICANT;157
Operands;INDUSTRY;44
Operands;GENERATING;6
Operands;PRINCIPLES;132
Operands;LOCATED;4
Operands;UNLIKELY;19
Operands;175;3
Operands;DISCOVERY;2
Operands;LIABILITIES;12
Operands;REPORTING;161
Operands;172;2
Operands;BROUGHT;3
Operands;7;56
Operands;R&D;86
Operands;CONSIDERATION;76
Operands;LICENSOR;6
Operands;THIRD;74
Operands;POSE;3
Operands;PROPOSALS;6
Operands;LEGALLY;17
Operands;REWARD;12
Operands;ASPECTS;45
Operands;OUTSTANDING;1
Operands;ACTING;10
Operands;SERVICING;1
Operands;INSURERS;1
Operands;EARNING;8
Operands;CONTINUOUS;1
Operands;SMALL;25
Operands;FREQUENTLY;11
Operands;FORMER;4
Operands;CATEGORIES;28
Operands;TECHNIQUES;40
Operands;EASILY;3
Operands;REASONS;59
Operands;MEDIAN;1
Operands;LOCATIONS;5
Operands;AIMS;4
Operands;182;1
Operands;183;1
Operands;GOVERNMENTAL;2
Operands;181;1
Operands;187;2
Operands;184;1
Operands;185;1
Operands;188;1
Operands;CAREFUL;12
Operands;ASIAN;5
Operands;CENTRAL;18
Operands;APPORTIONMENT;44
Operands;SUCCESS;11
Operands;JURISDICTIONS;117
Operands;PROJECTED;30
Operands;MANNER;83
Operands;DEMONSTRATE;27
Operands;BEARING;23
Operands;IMPLEMENTED;10
Operands;EXTENDING;2
Operands;EXAMINE;27
Operands;INCORPORATION;2
Operands;RECOGNISE;10
Operands;TRANSFER;1052
Operands;DISTRIBUTION;100
Operands;READILY;12
Operands;DATES;3
Operands;CREATION;33
Operands;UNDESIRABLE;5
Operands;PACKAGES;2
Operands;GROUNDS;8
Operands;IMPACT;37
Operands;RISKADJUSTED;4
Operands;INSTRUMENT;4
Operands;EARLIER;13
Operands;ADMINISTRATION;261
Operands;UNDERSTANDING;103
Operands;QUESTIONS;21
Operands;TRANSFERS;53
Operands;VERY;26
Operands;BEAR;43
Operands;77;7
Operands;76;6
Operands;75;13
Operands;INTANGIBLE;322
Operands;73;6
Operands;INCONSISTENT;13
Operands;71;8
Operands;70;13
Operands;78;8
Operands;LOWVALUE;4
Operands;QUALIFIES;1
Operands;SIMPLIFICATION;6
Operands;ENGAGED;20
Operands;UTILISED;21
Operands;QUALIFIED;9
Operands;ROLE;26
Operands;DISTRIBUTOR;100
Operands;ENGAGES;2
Operands;DISCLOSED;10
Operands;COLLECTING;1
Operands;ASSET;68
Operands;TNMM;4
Operands;MATERIALLY;28
Operands;HOUSEHOLDS;3
Operands;LICENSE;5
Operands;DISCUSSION;77
Operands;MILLION;35
Operands;BINDING;15
Operands;EXTRACTION;1
Operands;WITHDRAWAL;7
Operands;EMPLOYEE;8
Operands;PORTFOLIO;11
Operands;METHOD;452
Operands;CREATED;19
Operands;PHYSICALLY;2
Operands;RELIED;3
Operands;OPERATES;25
Operands;COMPILE;1
Operands;PRACTICABLE;6
Operands;GUIDING;3
Operands;OPERATED;8
Operands;KNOWHOW;50
Operands;EXPERIENCE;41
Operands;JOINT;13
Operands;INCOME;173
Operands;BUYER;2
Operands;ALIGNMENT;1
Operands;FINANCING;28
Operands;GROUP;668
Operands;BRINGS;1
Operands;INTERLINKED;1
Operands;MANAGE;11
Operands;KOREA;1
Operands;RECONCILE;3
Operands;MARKUP;50
Operands;COORDINATION;15
Operands;FRAMEWORK;44
Operands;DIFFICULTIES;44
Operands;GREATEST;1
Operands;CONSISTENT;145
Operands;GOVERNMENTS;9
Operands;RISKTAKING;1
Operands;FUNDING;71
Operands;KEY;64
Operands;PROMPTLY;9
Operands;PRIOR;41
Operands;SCRUTINISED;1
Operands;MINOR;3
Operands;CONCENTRATED;2
Operands;ICELAND;1
Operands;ATTRIBUTED;23
Operands;EXPLORE;2
Operands;PURPOSE;46
Operands;FIVE;33
Operands;ANALYSING;26
Operands;CHECKS;3
Operands;WARRANTY;12
Operands;RESIDENCE;55
Operands;SUBJECTED;2
Operands;GLOBAL;90
Operands;BENEFICIARY;1
Operands;PRESSURES;5
Operands;ELIMINATE;27
Operands;PURCHASE;51
Operands;SUBSIDIARY;42
Operands;ELECTRONIC;12
Operands;CHARACTERISTICS;107
Operands;COMMENCE;4
Operands;DISTRIBUTING;3
Operands;VALUABLE;66
Operands;OBSERVED;13
Operands;FAIRNESS;2
Operands;EXAMPLE;478
Operands;VOLATILITY;4
Operands;EARN;14
Operands;INTERCOMPANY;7
Operands;MANUAL;2
Operands;RESULTS;93
Operands;STRATEGY;40
Operands;INTERNAL;42
Operands;INNOVATION;2
Operands;PROBABLY;3
Operands;CONTRAST;12
Operands;TURNOVER;11
Operands;DELINEATE;11
Operands;RELIEVE;8
Operands;FINDINGS;3
Operands;NONOPERATING;2
Operands;SIMPLIFIED;38
Operands;SITUATION;47
Operands;ACCOUNTABILITY;1
Operands;TERM;112
Operands;OWN;81
Operands;OBLIGATIONS;21
Operands;CORPORATE;9
Operands;MEASURING;3
Operands;RESORT;1
Operands;INTEREST;110
Operands;9;111
Operands;RETAIN;25
Operands;COUNTERPARTIES;1
Operands;RETAIL;5
Operands;SAFE;196
Operands;OCCASIONS;2
Operands;CONDUCT;84
Operands;LIKELIHOOD;19
Operands;FISCAL;98
Operands;PLANT;10
Operands;PLANS;7
Operands;SCENARIO;10
Operands;POINTED;1
Operands;ATTENTION;21
Operands;CONSULTATION;7
Operands;OPERATING;108
Operands;IMPROVING;1
Operands;COMMENTARY;23
Operands;CONSUMERS;2
Operands;REACH;25
Operands;REGISTERED;11
Operands;OPPOSED;5
Operands;INTERNATIONAL;57
Operands;ORDER;153
Operands;TERMS;210
Operands;GAINS;6
Operands;OFFICERS;1
Operands;TURN;9
Operands;SWEDEN;1
Operands;NOTING;2
Operands;VALUATION;128
Operands;TYPES;58
Operands;GROWTH;12
Operands;YEAR;256
Operands;WIDE;19
Operands;COLLECT;3
Operands;AUTHORITY;193
Operands;FUTURE;102
Operands;AMORTISE;1
Operands;MAIN;18
Operands;REPATRIATION;12
Operands;MARGINAL;9
Operands;DIVERSIFYING;1
Operands;CONDUCTED;25
Operands;VARIATIONS;7
Operands;PERFORMED;192
Operands;TECHNICALLY;1
Operands;PARENT;82
Operands;300;7
Operands;CONVENTIONAL;2
Operands;AFFILIATES;17
Operands;SUBJECTIVE;3
Operands;MODIFICATION;3
Operands;COMPETITORS;19
Operands;FOLLOW;26
Operands;GUIDE;12
Operands;BUYERS;3
Operands;FLUCTUATIONS;1
Operands;DEVELOPED;91
Operands;ADJUSTMENTS;230
Operands;74;9
Operands;DISCUSSING;1
Operands;REPUTATIONAL;8
Operands;72;6
Operands;CONFIRMED;1
Operands;SUBSTANCE;12
Operands;PREPARE;13
Operands;INTERACTIONS;6
Operands;TECHNICAL;22
Operands;SUFFICE;4
Operands;ACT;6
Operands;SERVICES;473
Operands;NEW;86
Operands;ENABLES;2
Operands;OPEN;20
Operands;PHARMACEUTICAL;10
Operands;PROLIFERATION;1
Operands;EASE;1
Operands;SALE;51
Operands;ESTABLISHMENTS;18
Operands;EASY;1
Operands;QUALITATIVE;2
Operands;UNDERPAYMENT;1
Operands;EXCLUSIVELY;13
Operands;CHOICE;17
Operands;DOWNSIDE;18
Operands;STATEMENT;23
Operands;TYPICAL;19
Operands;DEVELOPS;7
Operands;MET;27
Operands;BOOK;9
Operands;SUBSTANTIALLY;18
Operands;SHORTTERM;6
Operands;EVIDENCE;66
Operands;SWITZERLAND;1
Operands;RESULTING;45
Operands;INCURRED;46
Operands;FASTER;1
Operands;ACKNOWLEDGE;3
Operands;WELL;92
Operands;DISREGARDED;6
Operands;GROUPWIDE;3
Operands;POINTS;13
Operands;OPERATION;34
Operands;SUFFICIENT;42
Operands;FINLAND;1
Operands;STANDARDS;31
Operands;SPLIT;117
Operands;TIMING;30
Operands;DIVIDEND;15
Operands;INVESTMENTS;14
Operands;ESSENTIAL;34
Operands;DEVELOPMENT;303
Operands;LANGUAGE;10
Operands;NOTE;11
Operands;RATIONALE;3
Operands;2008;6
Operands;2009;2
Operands;MAINTAINING;10
Operands;SIMPLER;1
Operands;SANCTIONS;5
Operands;PERFORM;87
Operands;STAKE;2
Operands;FINALISATION;2
Operands;DUAL;1
Operands;FALL;16
Operands;RESEARCH;129
Operands;VIEWED;7
Operands;ENFORCEMENT;12
Operands;ADDRESSED;15
Operands;CRITICAL;43
Operands;RELEVANT;406
Operands;CONVENTION;132
Operands;ULTIMATELY;22
Operands;ECONOMIC;124
Operands;RELEVANCE;16
Operands;PREMIUM;16
Operands;EXPLANATION;12
Operands;STRUCTURED;9
Operands;ADEQUACY;2
Operands;RECOGNISED;44
Operands;DISCRETION;10
Operands;148;1
Operands;LAW;88
Operands;STRUCTURES;9
Operands;REALIZE;5
Operands;AREAS;46
Operands;NETHERLANDS;1
Operands;FOREIGN;77
Operands;DEFINED;38
Operands;ORIGINALLY;7
Operands;EXPLICIT;6
Operands;MATERIALITY;13
Operands;FEASIBLE;3
Operands;APPROPRIATE;406
Operands;PRODUCTS;170
Operands;LOCATION;61
Operands;STARTING;13
Operands;REIMBURSEMENT;6
Operands;ESSENTIALLY;1
Operands;NECESSARILY;36
Operands;ROLLBACK;1
Operands;AGREED;78
Operands;RESPONSIBLE;10
Operands;ACCURATELY;66
Operands;PARAGRAPH;320
Operands;INTENT;10
Operands;TECHNOLOGY;13
Operands;INVESTMENT;70
Operands;COMPLETION;10
Operands;CBC;80
Operands;39;8
Operands;38;10
Operands;33;14
Operands;32;10
Operands;31;15
Operands;30;25
Operands;37;9
Operands;36;11
Operands;35;11
Operands;34;9
Operands;GROSS;75
Operands;ONES;5
Operands;FEATURES;45
Operands;DESIRABLE;8
Operands;APPLICATION;216
Operands;LEVELS;55
Operands;IDENTIFY;81
Operands;CLARIFYING;3
Operands;POINT;31
Operands;SALARIES;1
Operands;WORDS;6
Operands;CONSULT;16
Operands;EXPECTED;178
Operands;UNIQUELY;1
Operands;MODIFICATIONS;4
Operands;HEDGING;2
Operands;WEIGHT;7
Operands;SUFFICIENTLY;20
Operands;ALIGN;1
Operands;REGARD;78
Operands;FULFILMENT;1
Operands;8;50
Operands;DECENTRALISED;1
Operands;EMPLOYED;6
Operands;OBJECTIVE;38
Operands;CALENDAR;12
Operands;EURO;2
Operands;LOSS;49
Operands;CONFIDENCE;2
Operands;RIGHTS;247
Operands;MARK;20
Operands;SECURITIES;11
Operands;CONSISTENTLY;25
Operands;REGARDS;8
Operands;UPDATES;10
Operands;COORDINATE;2
Operands;ACCUMULATED;5
Operands;CENTRALISED;12
Operands;OPERATIONS;76
Operands;PUBLICATION;13
Operands;LINES;12
Operands;HOLDING;13
Operands;TRYING;1
Operands;BREAKDOWN;2
Operands;CHOSEN;15
Operands;DIVERSIFICATION;2
Operands;BECOME;21
Operands;MARGINS;51
Operands;STATUTE;1
Operands;NECESSARY;188
Operands;REMAINS;9
Operands;GUIDELINES;224
Operands;REALLOCATES;1
Operands;MULTILATERAL;58
Operands;LIQUIDITY;3
Operands;SHAREHOLDING;1
Operands;GENERATES;2
Operands;2127;1
Operands;ESTABLISHING;28
Operands;GENERATED;13
Operands;WIDESPREAD;2
Operands;CYCLES;5
Operands;BACKUP;3
Operands;ACQUIRING;6
Operands;REFUND;2
Operands;TRANSACTION;620
Operands;TAXING;10
Operands;CERTAINTY;38
Operands;ECONOMIES;8
Operands;133;5
Operands;132;5
Operands;VALID;16
Operands;137;2
Operands;136;1
Operands;135;3
Operands;134;2
Operands;USUALLY;30
Operands;139;2
Operands;138;2
Operands;ADEQUATELY;15
Operands;OPTION;29
Operands;PORTIONS;3
Operands;FORESEEABLE;15
Operands;ORGANISATIONS;3
Operands;DISCREPANCY;3
Operands;GOALS;4
Operands;ANSWER;5
Operands;INSUFFICIENT;6
Operands;2017;7
Operands;2016;12
Operands;2010;11
Operands;FOUNDATION;2
Operands;EXEMPTION;9
Operands;COMPANIES;42
Operands;SEGMENTED;4
Operands;RETURNS;71
Operands;BURDEN;71
Operands;ROBUST;5
Operands;BEPS;37
Operands;ILLUSTRATE;28
Operands;REMOTE;1
Operands;ARBITRARINESS;2
Operands;LONGTERM;19
Operands;ORDINARILY;18
Operands;VARIATION;3
Operands;EXIST;46
Operands;EFFECTS;21
Operands;ENTERPRISE;469
Operands;SERVED;1
Operands;180;1
Operands;SCALE;14
Operands;BUSINESS;486
Operands;PRODUCES;10
Operands;PRODUCED;14
Operands;89;5
Operands;COMMENTS;6
Operands;CONTEXT;84
Operands;83;6
Operands;80;18
Operands;86;5
Operands;87;5
Operands;84;8
Operands;85;16
Operands;WEBSITE;3
Operands;MANAGED;6
Operands;DEFERRED;3
Operands;BECOMES;10
Operands;FLOW;33
Operands;EFFICIENCIES;5
Operands;VERIFICATION;6
Operands;EXCISE;2
Operands;RANGE;87
Operands;EXPECT;16
Operands;QUARTERLY;2
Operands;WITHHOLDING;17
Operands;ARRIVED;4
Operands;REGIONS;1
Operands;BENCHMARKING;1
Operands;CHARACTERISATION;7
Operands;TAXATION;133
Operands;PRACTICAL;51
Operands;IMPROBABLE;1
Operands;POTENTIALLY;43
Operands;DECIDE;21
Operands;STRONG;5
Operands;ESTABLISHMENT;38
Operands;PHYSICAL;11
Operands;DIRECTED;8
Operands;DIAGRAM;1
Operands;MANAGEMENT;99
Operands;SPLITS;2
Operands;WORK;64
Operands;SERVERS;1
Operands;SPREAD;2
Operands;MASS;2
Operands;650;1
Operands;SUSTAINED;1
Operands;BEGINNING;23
Operands;AFFAIRS;35
Operands;PROTECT;11
Operands;CHANGED;4
Operands;DUE;39
Operands;UNDERLYING;28
Operands;ADAPT;10
Operands;LIBOR;2
Operands;TERMINATION;75
Operands;EXPENSE;32
Operands;EXPEDITIOUSLY;1
Operands;SELLING;21
Operands;TARGET;4
Operands;DISPOSAL;8
Operands;MATTER;26
Operands;PARTIES;406
Operands;REFINED;3
Operands;ADVISORY;2
Operands;PROCESSES;30
Operands;STATEMENTS;44
Operands;NETWORK;6
Operands;RECOGNISING;11
Operands;DRAW;7
Operands;STATES;34
Operands;REALIZED;1
Operands;MANAGING;13
Operands;RELIABLE;148
Operands;ENTITIES;85
Operands;MITIGATED;7
Operands;RELIABLY;14
Operands;AGGREGATE;21
Operands;TWOSTEP;3
Operands;EXTERNALLY;6
Operands;QUOTED;15
Operands;JURISDICTION;220
Operands;QUALIFICATION;3
Operands;LICENSOR/TRANSFEROR;2
Operands;FORWARD;7
Operands;POOL;18
Operands;GEOGRAPHIC;19
Operands;CONSIDERED;121
Operands;RENEGOTIATION;34
Operands;REQUESTS;26
Operands;INDICATOR;57
Operands;ACHIEVED;12
Operands;LACK;14
Operands;LICENSEE;10
Operands;LICENSED;8
Operands;ACHIEVES;1
Operands;LIKELY;79
Operands;SCOPE;42
Operands;LICENSES;2
Operands;BEST;29
Operands;ACTIVITY;155
Operands;RETAINING;3
Operands;WORDING;3
Operands;NATURAL;6
Operands;HISTORICAL;7
Operands;SECTORS;7
Operands;FACILITY;3
Operands;120;15
Operands;123;3
Operands;125;4
Operands;126;5
Operands;127;3
Operands;128;3
Operands;DEBT;17
Operands;INDEPENDENT;369
Operands;ACTIONS;22
Operands;SYNERGY;4
Operands;ITEM;13
Operands;130;7
Operands;YIELDS;1
Operands;EXEMPTIONS;4
Operands;ENSURES;5
Operands;LIGHT;21
Operands;INITIAL;30
Operands;MODIFY;5
Operands;DIRECT;24
Operands;LEAVE;3
Operands;RATE;78
Operands;LISTING;7
Operands;FORMULA;19
Operands;THEORY;2
Operands;PAYING;4
Operands;ERRORS;3
Operands;RECOVERING;1
Operands;INTRODUCTION;22
Operands;LIABILITY;20
Operands;APPROACH;148
Operands;FACED;4
Operands;INCURS;9
Operands;ITEMS;34
Operands;REASON;36
Operands;DISPUTES;32
Operands;UNIT;56
Operands;DISPUTE;7
Operands;CATEGORY;27
Operands;REFINEMENT;2
Operands;OBTAINING;25
Operands;PURCHASING;36
Operands;DIVERSE;1
Operands;PREMISE;1
Operands;COMPETING;5
Operands;EXTREME;7
Operands;TITLE;14
Operands;PERHAPS;13
Operands;SOLVENCY;1
Operands;POOLING;2
Operands;606;1
Operands;DISTINCTION;3
Operands;CUMBERSOME;1
Operands;GOVERNANCE;2
Operands;QUANTUM;5
Operands;NAMES;15
Operands;EXCHANGE;174
Operands;SUCCESSFULLY;7
Operands;DISTRIBUTED;4
Operands;FREE;7
Operands;STANDARD;55
Operands;STATE;147
Operands;INVENTORY;59
Operands;PROVIDING;91
Operands;PERCENTAGE;20
Operands;COMPLETELY;3
Operands;LEADS;7
Operands;OECD;199
Operands;BURDENSOME;7
Operands;MEMBERS;161
Operands;STRATEGIES;24
Operands;ROYALTIES;13
Operands;SUGGESTED;10
Operands;PRESUMPTION;4
Operands;WEIGHTED;10
Operands;DIRECTLY;47
Operands;AGENCIES;2
Operands;ASSERTED;7
Operands;TYPICALLY;23
Operands;DIFFICULT;91
Operands;SUPPLEMENTARY;3
Operands;BENEFITS;200
Operands;CALCULATION;17
Operands;QUALIFY;11
Operands;COUNCIL;36
Operands;PERFECT;2
Operands;WHOLESALE;3
Operands;AMORTISATION;6
Operands;EARNED;22
Operands;DIVIDENDS;3
Operands;YEARS;149
Operands;RULES;95
Operands;CONTINUED;7
Operands;INTERMEDIARY;4
Operands;CONCLUSION;21
Operands;RESOLVED;14
Operands;DEAL;19
Operands;TOOL;5
Operands;CONVENIENCE;4
Operands;CONSISTENCY;23
Operands;HEADCOUNTS;1
Operands;INTRODUCING;3
Operands;STRENGTH;5
Operands;MANUFACTURED;22
Operands;SUPPORTED;11
Operands;TRADEOFF;4
Operands;RESPONSIBILITIES;10
Operands;HUMAN;6
Operands;FACTS;205
Operands;STOCK;5
Operands;EASIEST;2
Operands;PROVE;16
Operands;CLEAR;20
Operands;ENGAGING;11
Operands;OVERRIDE;4
Operands;PARTS;10
Operands;POOLS;2
Operands;PARTY;357
Operands;RECEIVING;11
Operands;TRANSFEROR;24
Operands;RESOURCES;50
Operands;LIMITED;85
Operands;EXPERIENCED;8
Operands;UNAFFILIATED;1
Operands;SENSITIVE;18
Operands;LATE;4
Operands;MATTERS;49
Operands;LENGTH;721
Operands;EXPERIENCES;7
Operands;SUPERVISORY;9
Operands;CONCENTRATION;2
Operands;SOUND;13
Operands;ADVANCE;55
Operands;CHALLENGE;1
Operands;DISCUSSED;91
Operands;ACCEPT;26
Operands;ADMINISTER;6
Operands;252;1
Operands;117;3
Operands;110;10
Operands;113;5
Operands;REPORT;197
Operands;CROSSREFERENCE;2
Operands;DISCUSSES;13
Operands;CONSIDERABLE;14
Operands;251;1
Operands;CENTER;1
Operands;BROADLY;10
Operands;SETTLEMENTS;3
Operands;MEASURE;29
Operands;MANUFACTURING;147
Operands;INTEGRATED;21
Operands;STAGE;34
Operands;FRAUD;6
Operands;DISTRIBUTORS;23
Operands;FUNCTIONAL;132
Operands;SUBPARAGRAPHS;3
Operands;SOURCES;27
Operands;INCLUDE;147
Operands;DISADVANTAGES;9
Operands;US;1
Operands;OCCUR;33
Operands;REPUTATION;6
Operands;LISTED;8
Operands;ACCOUNT;239
Operands;HELPFUL;17
Operands;DEFAULT;3
Operands;PURPOSES;281
Operands;REPORTS;74
Operands;BROKEN;2
Operands;ILLUSTRATIONS;11
Operands;EVASION;2
Operands;RESALE;79
Operands;CONCERNS;47
Operands;CLOSE;8
Operands;SCHEME;1
Operands;AGAIN;6
Operands;FEE;28
Operands;RECENTLY;2
Operands;RECEIVE;30
Operands;ADVANTAGES;15
Operands;DESIGNING;8
Operands;REALLOCATION;9
Operands;TRANSITION;5
Operands;ABLE;54
Operands;ANALYSIS;461
Operands;FAILURE;30
Operands;INCUR;17
Operands;BELGIUM;1
Operands;USING;74
Operands;DISCLOSURE;17
Operands;SWAPS;1
Operands;LICENSEE/TRANSFEREE;4
Operands;GROUPS;45
Operands;CHANGE;48
Operands;EXCESSIVE;7
Operands;48;9
Operands;49;9
Operands;46;9
Operands;47;13
Operands;44;10
Operands;45;14
Operands;42;9
Operands;43;17
Operands;40;20
Operands;41;7
Operands;ELECTS;4
Operands;EQUITY;21
Operands;RESOLUTION;47
Operands;ANNEXES;6
Operands;STRICTEST;3
Operands;CHILE;1
Operands;RULINGS;7
Operands;PLAN;23
Operands;MIXED;1
Operands;LOCAL;140
Operands;RESELL;2
Operands;SELL;19
Operands;DESCRIPTION;50
Operands;MNES;35
Operands;PERIODIC;11
Operands;ADMINISTERED;4
Operands;HIGHEST;3
Operands;PRINCIPAL;29
