Operators;PAR;2
Operators;SEEMS;1
Operators;RESIDUAL;22
Operators;COMPARING;1
Operators;ALTHOUGH;2
Operators;SUBTRACT;1
Operators;DIFFER;1
Operators;DETERMINES;4
Operators;ADDITIONAL;2
Operators;HOWEVER;4
Operators;DETERMINED;3
Operators;DETERMINE;4
Operators;ASSUMING;1
Operators;ADDITION;2
Operators;CASES;7
Operators;REFER;2
Operators;INVOLVES;2
Operators;CIRCUMSTANCES;7
Operators;SECONDLY;1
Operators;COMPARABLE;15
Operators;COMPLEMENT;1
Operators;RELATIVE;14
Operators;SETTING;1
Operators;X;3
Operators;UNIQUE;1
Operators;SIMILAR;7
Operators;REDUCED;1
Operators;FIRST;5
Operators;BECAUSE;4
Operators;ESPECIALLY;1
Operators;MAY;15
Operators;DOUBLE;1
Operators;AFTER;3
Operators;CORRESPONDS;1
Operators;INSTANCE;1
Operators;ONLY;1
Operators;INCLUDING;2
Operators;SPECIFIED;1
Operators;RESPECT;2
Operators;OR;21
Operators;COMPARABLES;4
Operators;DIFFERENCES;1
Operators;RETURN;10
Operators;RATIOS;1
Operators;RELATE;1
Operators;REQUIRE;1
Operators;DEDUCTING;1
Operators;DIVIDE;1
Operators;INCLUSION;1
Operators;SELECTING;1
Operators;REQUIRED;1
Operators;BUT;1
Operators;COMPARES;1
Operators;COMBINED;8
Operators;SUBSEQUENTLY;3
Operators;APPLIED;6
Operators;IMPOSED;1
Operators;CALCULATE;2
Operators;FOR;36
Operators;PERCENTAGES;1
Operators;RESPECTIVELY;2
Operators;EG;2
Operators;ATTRIBUTABLE;5
Operators;PRESUMED;1
Operators;AND;67
Operators;INFRA;1
Operators;DETERMINATION;1
Operators;FACTOR;1
Operators;NOT;20
Operators;REFERRED;1
Operators;THEN;4
Operators;EVALUATED;1
Operators;WHILE;1
Operators;RECOGNIZED;1
Operators;NET;3
Operators;CASE;2
Operators;MITIGATE;1
Operators;SET;2
Operators;CALCULATED;1
Operators;PERFORMING;3
Operators;IDENTIFIED;1
Operators;RULE;8
Operators;DEPENDS;1
Operators;APPLY;3
Operators;STILL;1
Operators;DIFFERENT;1
Operators;FACTORS;1
Operators;DIVIDED;6
Operators;SINCE;2
Operators;THUS;1
Operators;SECOND;4
Operators;CANNOT;2
Operators;RAISES;1
Operators;REQUIREMENTS;1
Operators;DIFFERENCE;1
Operators;ALLOCATED;3
Operators;EVEN;3
Operators;ACCORDANCE;2
Operators;SPECIFICALLY;1
Operators;ASSUMPTION;2
Operators;SO;3
Operators;DESPITE;1
Operators;RELATIONSHIP;1
Operators;IDENTIFYING;1
Operators;DEPEND;1
Operators;MEANS;1
Operators;SELECTED;1
Operators;ALSO;3
Operators;DEPENDING;1
Operators;ALLOCATE;8
Operators;AGGREGATE;1
Operators;FURTHER;1
Operators;SUITABLE;3
Operators;REDUCES;1
Operators;DIVISION;2
Operators;REGARDLESS;1
Operators;ASSUMED;2
Operators;INCLUDES;1
Operators;HOW;3
Operators;AS;18
Operators;REFLECTING;1
Operators;THEREFORE;2
Operators;ESTIMATE;1
Operators;IE;3
Operators;IF;8
Operators;RESEMBLE;1
Operators;APPLYING;1
Operators;CALCULATING;1
Operators;DEPENDENCE;1
Operators;SAME;1
Operators;TEST;1
Operands;LIFE;2
Operands;USEFUL;2
Operands;PERFORM;1
Operands;AGE;1
Operands;MODIFICATIONS;1
Operands;EFFICIENCY;1
Operands;ALTERS;1
Operands;ENGAGE;1
Operands;OUTBOUND;1
Operands;TWOSIDED;1
Operands;INBOUND;1
Operands;INVOLVED;2
Operands;TAX;8
Operands;REMAINING;1
Operands;PROTECTIVE;2
Operands;FIGURE;2
Operands;TRANSACTIONS;23
Operands;R&D;1
Operands;COMPARABILITY;2
Operands;VERSION;2
Operands;PATENTS;1
Operands;MANUFACTURE;3
Operands;TANGIBLE;1
Operands;ASSETS;6
Operands;INDUSTRY;1
Operands;VALUES;1
Operands;PROPERTY;17
Operands;REALIZE;1
Operands;CONCERN;1
Operands;USED;15
Operands;CAMPAIGN;1
Operands;CAPITALIZED;2
Operands;FOREIGN;2
Operands;USES;3
Operands;INNOVATIVE;1
Operands;MARKET;14
Operands;DEFINED;2
Operands;COMPANY;22
Operands;APPROPRIATE;5
Operands;PRODUCTS;5
Operands;COMMON;1
Operands;OWNS;1
Operands;MILITARY;1
Operands;STARTING;1
Operands;COMMODITY;3
Operands;CONSISTENT;1
Operands;CONTRIBUTE;2
Operands;ANALYZES;1
Operands;PARAGRAPH;1
Operands;FIVE;1
Operands;RESULT;3
Operands;ANALYZED;2
Operands;IMPERFECT;1
Operands;INTERAMERICAN;1
Operands;ENTERPRISES;25
Operands;AVOIDS;1
Operands;SELLS;3
Operands;SIDES;4
Operands;GROSS;1
Operands;TRANSACTIONAL;1
Operands;APPLICATION;8
Operands;COST;3
Operands;IDENTIFY;1
Operands;TRADEMARKS;1
Operands;METHODS;10
Operands;POINT;1
Operands;REMAIN;1
Operands;INVOLVING;2
Operands;WORDS;1
Operands;EXPECTED;2
Operands;UNIQUELY;1
Operands;WEIGHT;1
Operands;DETERMINING;2
Operands;DOMESTIC;2
Operands;EXPENSES;9
Operands;ARGENTINA;1
Operands;DISADVANTAGE;1
Operands;TAXPAYER;2
Operands;ABUSEDEEMING;2
Operands;DISADVANTAGES;4
Operands;UPDATES;1
Operands;OPERATIONS;1
Operands;CONFIRMATION;1
Operands;CONTROLLED;17
Operands;STEP;15
Operands;RELEVANT;4
Operands;FIRSTLY;1
Operands;DATA;7
Operands;CORRECT;1
Operands;SIXTH;12
Operands;NATURE;1
Operands;ASIA;3
Operands;AMOUNT;3
Operands;NECESSARY;3
Operands;FORM;1
Operands;KEYS;1
Operands;BREAKS;1
Operands;GUIDELINES;1
Operands;INTERDEPENDENT;1
Operands;PRICES;5
Operands;PRODUCT;4
Operands;PUBLICLY;1
Operands;MANUFACTURERS;1
Operands;SALES;3
Operands;ANTIABUSE;2
Operands;ECONOMIC;1
Operands;CONTRIBUTION;9
Operands;FUNCTIONS;8
Operands;TRANSACTION;14
Operands;TAXING;3
Operands;CERTAINTY;1
Operands;ECONOMIES;1
Operands;ALLOCATION;8
Operands;DIFFICULTY;1
Operands;APPROACHES;1
Operands;PRACTICES;3
Operands;ROUTINE;2
Operands;USUALLY;1
Operands;WORLDWIDE;2
Operands;CUSTOMERS;1
Operands;20;1
Operands;SEPA;2
Operands;NAMES;3
Operands;CONDITIONS;1
Operands;TAXATION;1
Operands;SYNERGIES;1
Operands;COMPANIES;4
Operands;COLLECTION;1
Operands;DIRECTOR;1
Operands;RETURNS;3
Operands;IMPROVEMENTS;1
Operands;PROPERTIES;2
Operands;MANUFACTURES;3
Operands;EXPENDITURES;4
Operands;DESCRIBES;2
Operands;EXIST;1
Operands;PRICING;10
Operands;SIGNIFICANT;1
Operands;ENTERPRISE;8
Operands;MARGIN;1
Operands;BRAND;3
Operands;SCALE;1
Operands;BASED;15
Operands;BUSINESS;6
Operands;COUNTRY;5
Operands;TACKLE;1
Operands;FINAL;1
Operands;SYNERGY;1
Operands;DEVELOPING;2
Operands;PROFIT;43
Operands;MEASUREMENT;2
Operands;STUDY;1
Operands;SPECIAL;1
Operands;FUNCTION;3
Operands;END;1
Operands;POSSIBLE;4
Operands;EXAMPLES;1
Operands;LEGALLY;1
Operands;MANAGEABLE;1
Operands;THEORETICAL;2
Operands;TIMELY;1
Operands;STELON;12
Operands;HIGHINTENSITY;1
Operands;INTERRELATED;2
Operands;TIME;2
Operands;INACCURACY;1
Operands;VIEW;1
Operands;BENCHMARKING;1
Operands;DESCRIBED;1
Operands;SECTION;5
Operands;WEAKNESSES;2
Operands;PRACTICAL;5
Operands;PRESSING;1
Operands;POTENTIALLY;2
Operands;WORKINGS;1
Operands;FREQUENTLY;1
Operands;STRENGTHS;2
Operands;FORMER;1
Operands;DIRECTED;1
Operands;REASONS;1
Operands;WORK;1
Operands;AIMS;1
Operands;TRADE;1
Operands;180;2
Operands;ASIAN;3
Operands;IMPLEMENTED;1
Operands;BEGINNING;1
Operands;JURISDICTIONS;1
Operands;DUE;3
Operands;ADAPT;1
Operands;10;2
Operands;CONVENTION;1
Operands;TRADING;1
Operands;KEY;1
Operands;PARTIES;2
Operands;DISTRIBUTION;1
Operands;SUBSTANCE;1
Operands;NETWORK;2
Operands;BASIS;5
Operands;INTANGIBLES;4
Operands;BASIC;8
Operands;ARISING;1
Operands;ONESIDED;1
Operands;RELIABLE;4
Operands;UNDERSTANDING;1
Operands;PARTICIPANTS;1
Operands;COMPONENTS;6
Operands;AGGREGATE;1
Operands;TRANSFERS;1
Operands;TWOSTEP;2
Operands;200;3
Operands;QUOTED;2
Operands;INTANGIBLE;19
Operands;DETRIMENT;1
Operands;HIGHLY;3
Operands;WIDESPREAD;1
Operands;CONSIDERED;2
Operands;ENGAGED;1
Operands;LACK;1
Operands;EXTENT;1
Operands;TNMM;3
Operands;LICENSE;1
Operands;STARTS;1
Operands;MILLION;8
Operands;COMPENSATION;3
Operands;EMPLOYED;1
Operands;WORDING;1
Operands;NORMALLY;1
Operands;METHOD;47
Operands;ACTIVITIES;3
Operands;WEAKNESS;1
Operands;ENTER;5
Operands;X;3
Operands;INDEPENDENT;8
Operands;ACTUAL;3
Operands;KNOWHOW;1
Operands;ACTIONS;2
Operands;REFLECT;4
Operands;JOINT;2
Operands;GROUP;1
Operands;DIRECT;2
Operands;RATE;2
Operands;COMPLEX;2
Operands;DESIGN;1
Operands;WELLDEVELOPED;1
Operands;LISTING;1
Operands;TIES;3
Operands;SEEKS;1
Operands;SEARCH;1
Operands;INTRODUCTION;1
Operands;COMMONLY;1
Operands;3;1
Operands;APPROACH;10
Operands;AVAILABLE;3
Operands;INCURS;1
Operands;ORIGINATED;1
Operands;RELY;1
Operands;EXTERNAL;6
Operands;UNIT;2
Operands;INTERESTS;1
Operands;FINANCIAL;2
Operands;OBTAINING;1
Operands;COMPLICATED;2
Operands;ASSOCIATED;25
Operands;TITLE;2
Operands;HARD;1
Operands;ELIMINATE;1
Operands;ELECTRONIC;4
Operands;RECENT;1
Operands;CHARACTERISTICS;1
Operands;500;1
Operands;SOCALLED;3
Operands;FAIR;1
Operands;SUCCESSFULLY;1
Operands;VALUABLE;10
Operands;STANDARD;1
Operands;OBSERVED;2
Operands;WAY;1
Operands;DISTRIBUTES;1
Operands;EXAMPLE;4
Operands;MAJOR;1
Operands;NAME;2
Operands;INTERCOMPANY;3
Operands;ABUSIVE;1
Operands;MANUAL;1
Operands;OWNED;2
Operands;OECD;2
Operands;RESULTING;2
Operands;PARTICULAR;2
Operands;TYPICALLY;5
Operands;DIFFICULT;4
Operands;TERM;1
Operands;OWN;4
Operands;BENEFITS;2
Operands;ADAPTS;1
Operands;SEEK;1
Operands;9;1
Operands;CONFLICT;1
Operands;INPUTS;1
Operands;DEFENCE;2
Operands;VI;1
Operands;EFFECT;1
Operands;CONDUCT;1
Operands;AMORTIZATION;1
Operands;SAMPLE;1
Operands;EARNED;2
Operands;TRANSFER;12
Operands;YEARS;1
Operands;ACCESS;1
Operands;OPERATING;6
Operands;SUPPORTING;1
Operands;DEAL;1
Operands;LEGISLATION;1
Operands;COMMODITIES;3
Operands;TESTED;3
Operands;STEPS;2
Operands;PROPER;1
Operands;ORDER;1
Operands;SPECIFIC;2
Operands;4;1
Operands;FACTS;2
Operands;VALUATION;1
Operands;HISTORICALLY;1
Operands;GLOBAL;1
Operands;REASONABLE;1
Operands;PROVE;1
Operands;PROVIDE;3
Operands;SAFE;2
Operands;FEATURE;1
Operands;ENGAGING;1
Operands;YEAR;3
Operands;PARTY;1
Operands;RESOURCES;1
Operands;LIMITED;1
Operands;DESIGNS;1
Operands;ILLUSTRATES;1
Operands;51;1
Operands;AUTHORITY;3
Operands;52;1
Operands;LATE;1
Operands;LENGTH;11
Operands;EXPERIENCES;1
Operands;AUTHORITIES;3
Operands;SUPPORT;1
Operands;PRACTICE;5
Operands;DISCUSSED;1
Operands;DEVELOPS;1
Operands;PRINCIPLE;3
Operands;DISCUSSES;2
Operands;FIND;2
Operands;CENTER;1
Operands;BROADLY;1
Operands;MARKETING;5
Operands;RESEARCH;4
Operands;PERFORMED;5
Operands;BENCHMARKS;1
Operands;MEASURE;3
Operands;MANUFACTURING;3
Operands;INTEGRATED;1
Operands;STAGE;1
Operands;INFORMATION;2
Operands;300;1
Operands;ADDRESS;2
Operands;FUNCTIONAL;1
Operands;AFFILIATES;2
Operands;PLACE;2
Operands;TECHNOLOGICAL;1
Operands;INCLUDE;3
Operands;DISTRICT;1
Operands;REVENUE;1
Operands;DEVELOPED;2
Operands;CONSIDERS;1
Operands;UN;1
Operands;EMPLOYS;1
Operands;ACCOUNT;1
Operands;REFERENCED;2
Operands;DEFAULT;1
Operands;PROBLEMS;1
Operands;PURPOSES;2
Operands;VENTURE;2
Operands;SERVICES;2
Operands;CONSTANT;1
Operands;STUDIES;1
Operands;ISSUES;2
Operands;INDUSTRIES;1
Operands;EASE;1
Operands;HARBOUR;2
Operands;RESALE;2
Operands;UNABLE;1
Operands;ADMINISTRATIONS;2
Operands;CONTRIBUTIONS;6
Operands;COUNTRIES;11
Operands;UNCONTROLLED;2
Operands;TAXABLE;1
Operands;COSTS;2
Operands;RISKS;1
Operands;PROBLEM;1
Operands;TYPICAL;1
Operands;ABLE;4
Operands;SOLUTION;1
Operands;ANALYSIS;16
Operands;USING;5
Operands;EXTREME;1
Operands;USE;4
Operands;BENEFIT;1
Operands;EXAMINATION;1
Operands;DIRECTLY;2
Operands;MARKETS;1
Operands;INCURRED;1
Operands;UNCLEAR;1
Operands;OFTEN;5
Operands;RULES;2
Operands;WELL;1
Operands;CONTROVERSIAL;1
Operands;OPERATION;1
Operands;SUFFICIENT;2
Operands;PREROYALTY;2
Operands;VALUE;17
Operands;TRADITIONAL;4
Operands;POTENTIAL;1
Operands;SPLIT;31
Operands;IMPOSSIBLE;2
Operands;PROFITS;22
Operands;DEVELOPMENT;3
Operands;DESCRIPTION;1
Operands;PRICE;10
Operands;BRING;1
Operands;RATIONALE;1
Operands;2009;5
