Operators;EQUALLY;1
Operators;RATIO;1
Operators;INTENDED;7
Operators;THOUGH;6
Operators;CHANGES;2
Operators;SEEMS;1
Operators;ADOPTED;20
Operators;COMPARABLE;6
Operators;COMPARING;1
Operators;TREAT;1
Operators;ALTHOUGH;13
Operators;ELIMINATED;2
Operators;CONFIRMS;1
Operators;WHEREBY;2
Operators;DIFFER;3
Operators;DENIAL;3
Operators;DETERMINES;1
Operators;ADDITIONAL;5
Operators;LIMITS;23
Operators;IMPLEMENTATION;10
Operators;ASSUMPTION;1
Operators;REDUCING;3
Operators;SEPARATE;1
Operators;DERIVED;1
Operators;HOWEVER;24
Operators;DETERMINED;5
Operators;WHOLE;1
Operators;DETERMINE;6
Operators;ALLOWED;5
Operators;THRESHOLD;2
Operators;CASES;75
Operators;REFER;1
Operators;CONSEQUENTLY;4
Operators;SUM;1
Operators;INVOLVES;4
Operators;CIRCUMSTANCES;21
Operators;ADJUSTED;2
Operators;ASSESSING;1
Operators;EXEMPTION;3
Operators;SIMILARLY;4
Operators;BEFORE;6
Operators;INDEED;3
Operators;REVERSED;1
Operators;ADOPT;4
Operators;REQUEST;17
Operators;LEAST;4
Operators;ASSESS;1
Operators;COMPRISES;1
Operators;ACCORDINGLY;8
Operators;ENSURING;4
Operators;SHIFTING;3
Operators;DIFFERENTLY;1
Operators;CONSTITUTE;1
Operators;MEET;7
Operators;ASSESSED;2
Operators;ESPECIALLY;4
Operators;SIMILAR;18
Operators;FIRST;18
Operators;DENIED;1
Operators;BECAUSE;32
Operators;TREATS;1
Operators;COMBINATION;1
Operators;ETC;1
Operators;MAY;239
Operators;DOUBLE;79
Operators;DIFFERENCES;5
Operators;ALLOWS;4
Operators;REFLECTED;2
Operators;ACTUALLY;2
Operators;ADDITION;18
Operators;ONLY;22
Operators;INCLUDING;7
Operators;EITHER;13
Operators;SPECIFIED;5
Operators;ELIMINATION;3
Operators;RESPECT;17
Operators;ALTERNATIVE;7
Operators;LIMITING;1
Operators;OR;194
Operators;PARTIALLY;1
Operators;COMPARABLES;3
Operators;CONSIDERING;4
Operators;ENSURES;2
Operators;IMPOSE;6
Operators;RETURN;4
Operators;ADDITIONALLY;2
Operators;KEPT;1
Operators;RELATE;1
Operators;REQUIRE;12
Operators;RECOMMENDATION;6
Operators;KEEPING;1
Operators;CONFIRM;1
Operators;RESTRICT;1
Operators;DECREASE;1
Operators;ALLOWING;5
Operators;CONSTITUTES;1
Operators;EXCESS;7
Operators;EXCEEDS;1
Operators;IMPOSED;12
Operators;ACCEPTED;6
Operators;EXCEED;1
Operators;PREVENT;10
Operators;DENY;1
Operators;ADDED;2
Operators;EQUAL;1
Operators;INCLUSION;2
Operators;ASSUME;1
Operators;SELECTING;1
Operators;STRICTLY;1
Operators;REQUIRED;10
Operators;ALTERNATIVELY;1
Operators;DIFFERING;1
Operators;BUT;15
Operators;MINIMUM;29
Operators;NOTWITHSTANDING;3
Operators;ENSURE;23
Operators;INCREASING;1
Operators;REQUIRES;6
Operators;APPEARS;1
Operators;APPLIED;15
Operators;LIMITATIONS;1
Operators;AND/OR;5
Operators;UNLESS;3
Operators;FOR;261
Operators;INSTANCE;3
Operators;FULLY;3
Operators;EG;17
Operators;EXEMPT;1
Operators;RESPECTIVE;1
Operators;CONTAINED;1
Operators;APPLIES;3
Operators;INSTEAD;3
Operators;ALLOCATING;1
Operators;ATTRIBUTABLE;3
Operators;TREATED;5
Operators;AND;465
Operators;CONFORM;3
Operators;BRIEFLY;1
Operators;SELECTION;2
Operators;SHALL;6
Operators;NEVERTHELESS;1
Operators;POSITIVE;1
Operators;FINALLY;1
Operators;REMOVE;1
Operators;INTRA;1
Operators;APPROXIMATION;2
Operators;COMPUTATIONS;1
Operators;CONNECTION;5
Operators;ASSUMPTIONS;13
Operators;DETERMINATION;9
Operators;AIMED;1
Operators;EVALUATING;4
Operators;MINIMISE;5
Operators;NOT;169
Operators;NOR;3
Operators;SUBJECT;11
Operators;THEN;8
Operators;GREATER;11
Operators;RAISE;8
Operators;MINIMISING;2
Operators;EVALUATE;3
Operators;FURTHERMORE;1
Operators;IDENTIFICATION;2
Operators;DEEMED;3
Operators;EVALUATED;3
Operators;CORRESPOND;1
Operators;INCLUDED;2
Operators;WHILE;11
Operators;TREATMENT;9
Operators;COVERED;9
Operators;NET;1
Operators;IMPLEMENT;3
Operators;OTHERWISE;8
Operators;CASE;54
Operators;PRESCRIBED;3
Operators;MITIGATE;3
Operators;SET;14
Operators;MANDATORY;9
Operators;SUBMIT;4
Operators;INCLUSIVE;5
Operators;RATHER;4
Operators;CONVERSELY;1
Operators;CALCULATED;2
Operators;LIMITATION;1
Operators;EXCLUDE;1
Operators;IDENTIFIED;2
Operators;RULE;1
Operators;INCREASE;6
Operators;INDICATE;2
Operators;DEPENDS;2
Operators;SHIFTS;1
Operators;CONTRARY;1
Operators;SETS;3
Operators;DIFFERS;1
Operators;APPLY;17
Operators;STILL;7
Operators;SOLELY;1
Operators;WHY;2
Operators;SATISFY;3
Operators;DIFFERENT;18
Operators;ENTAIL;1
Operators;FACTORS;1
Operators;ABSOLUTE;1
Operators;AVERAGE;3
Operators;SINCE;11
Operators;THUS;13
Operators;EXCEEDING;2
Operators;SECOND;14
Operators;CANNOT;7
Operators;RAISES;3
Operators;ALTOGETHER;1
Operators;NEED;17
Operators;MOREOVER;6
Operators;DIFFERENCE;4
Operators;WAS;24
Operators;ALLOCATED;2
Operators;COMPLY;4
Operators;OUTCOME;1
Operators;EVEN;17
Operators;RESTRICTIONS;1
Operators;CORRESPONDING;50
Operators;LIKE;2
Operators;ACCORDANCE;12
Operators;DEFINE;1
Operators;PRESCRIBE;1
Operators;SPECIFICALLY;4
Operators;SEPARATELY;2
Operators;INITIALLY;1
Operators;PRESCRIBING;1
Operators;SO;21
Operators;DEMONSTRATED;1
Operators;DESPITE;1
Operators;AFTER;6
Operators;REFLECTS;2
Operators;LOWER;4
Operators;PARTICULARLY;8
Operators;ESTABLISHES;1
Operators;RELATIONSHIP;2
Operators;DEPENDING;5
Operators;FULL;2
Operators;NEEDS;2
Operators;EQUALITY;1
Operators;CONSEQUENCE;3
Operators;IMPLEMENTING;5
Operators;SINGLE;1
Operators;WILLING;3
Operators;TOO;6
Operators;RECOMMENDATIONS;2
Operators;COVER;2
Operators;PREVIOUSLY;2
Operators;SEEM;3
Operators;INDICATORS;1
Operators;SUITABLE;1
Operators;MINIMAL;1
Operators;SHIFTED;3
Operators;WERE;15
Operators;RATIOS;1
Operators;DEPEND;6
Operators;THEREBY;5
Operators;MEANS;10
Operators;REQUIRING;3
Operators;INDICATIONS;1
Operators;SELECTED;3
Operators;REQUIREMENTS;11
Operators;TOGETHER;1
Operators;CLOSER;2
Operators;REDUCES;1
Operators;ALSO;63
Operators;PREVIOUS;1
Operators;ALIKE;1
Operators;ELIMINATING;2
Operators;PERMIT;4
Operators;AGGREGATE;1
Operators;FURTHER;7
Operators;ADOPTING;6
Operators;ESTIMATED;1
Operators;ESTABLISH;11
Operators;CONCERNING;3
Operators;MEAN;3
Operators;NEEDED;2
Operators;REGARDING;13
Operators;REGARDLESS;3
Operators;EXCLUDED;1
Operators;NONETHELESS;1
Operators;ASSUMED;1
Operators;WHEREAS;3
Operators;ACCORDING;4
Operators;INCLUDES;8
Operators;LIKEWISE;1
Operators;HOW;8
Operators;AS;160
Operators;RELATION;1
Operators;THEREFORE;12
Operators;ALLOW;9
Operators;RECOMMEND;2
Operators;SUBJECTING;1
Operators;OBLIGATED;1
Operators;ESTIMATE;2
Operators;REQUIREMENT;2
Operators;IE;4
Operators;REPRESENTED;1
Operators;IF;63
Operators;ENTIRE;1
Operators;CONTAINS;4
Operators;APPLYING;7
Operators;ATTRIBUTION;1
Operators;ANNEX;3
Operators;ALWAYS;3
Operators;OVERALL;4
Operators;NEGATIVE;4
Operators;SAME;15
Operators;DISTINCT;2
Operators;INCREASES;2
Operators;SETTING;4
Operators;ADOPTION;3
Operators;BESIDES;1
Operators;REQUESTS;8
Operators;REFERRED;3
Operators;PERMITTED;8
Operands;LENGTHY;5
Operands;DEVELOP;3
Operands;FUNDAMENTALLY;2
Operands;SANCTIONS;2
Operands;SIMPLE;2
Operands;POSITIONS;1
Operands;LEVELS;7
Operands;BORROWING;1
Operands;OBTAIN;5
Operands;ENVIRONMENT;4
Operands;SIMPLY;2
Operands;GAIN;1
Operands;DEMAND;2
Operands;USEFUL;8
Operands;OCCURRENCE;2
Operands;ENGAGE;5
Operands;INVOLVED;26
Operands;TAX;417
Operands;REMAINING;1
Operands;PERFORM;1
Operands;ADDRESSED;4
Operands;CRITICAL;14
Operands;ACTION;43
Operands;EQUITABLE;5
Operands;EVALUATION;5
Operands;REBUTTABLE;1
Operands;VERIFICATION;2
Operands;AUDIT;13
Operands;RELEVANT;28
Operands;AFFECTED;6
Operands;FIGURE;1
Operands;TRANSACTIONS;79
Operands;MEASURES;6
Operands;PERIOD;14
Operands;TAXES;8
Operands;COMPARABILITY;1
Operands;CURRENT;1
Operands;ECONOMIC;14
Operands;BUSINESSES;2
Operands;REALISE;1
Operands;RELEVANCE;1
Operands;TAXED;3
Operands;MAP;3
Operands;ENTERED;6
Operands;TANGIBLE;1
Operands;ADVANTAGE;2
Operands;PROCESS;31
Operands;GUIDANCE;29
Operands;VIEW;9
Operands;PRIMARY;31
Operands;ADEQUACY;1
Operands;ACCOMMODATE;2
Operands;PERSON;5
Operands;CHARGE;2
Operands;RECOGNISED;6
Operands;DISCRETION;1
Operands;RECOGNISE;2
Operands;ACCOUNTS;5
Operands;LAW;26
Operands;CONCERN;8
Operands;ESTABLISHED;5
Operands;USED;18
Operands;LARGELY;3
Operands;FALL;4
Operands;EFFECTS;3
Operands;CURRENCY;2
Operands;FIGURES;1
Operands;INNOVATIVE;1
Operands;MARKET;2
Operands;MONITOR;3
Operands;LEADS;2
Operands;SMALLER;6
Operands;THIRD;2
Operands;PERSONS;2
Operands;CIVIL;9
Operands;COMPANY;4
Operands;COMPLIANCE;47
Operands;EXPLICIT;2
Operands;AVAILABILITY;2
Operands;BEHAVIOUR;8
Operands;OUTSTANDING;1
Operands;APPROPRIATE;31
Operands;ARRIVED;1
Operands;COMMON;7
Operands;UNDERTAKE;3
Operands;POSITION;2
Operands;PROPOSAL;3
Operands;STARTING;1
Operands;CLEARLY;4
Operands;ADDRESSING;3
Operands;NECESSARILY;3
Operands;OUTWEIGH;3
Operands;CAPABLE;1
Operands;PARIS;1
Operands;PROPOSALS;1
Operands;CONSISTENT;16
Operands;CONTRIBUTE;1
Operands;ULTIMATELY;1
Operands;178;1
Operands;PUT;1
Operands;INDIVIDUAL;5
Operands;INTENT;6
Operands;SYSTEMS;3
Operands;HEAVY;1
Operands;ACTIVE;1
Operands;ACCOUNTING;1
Operands;INVESTMENT;4
Operands;105;1
Operands;39;1
Operands;38;1
Operands;PRODUCTS;1
Operands;33;1
Operands;32;1
Operands;REGARDED;3
Operands;30;1
Operands;37;1
Operands;36;1
Operands;35;1
Operands;ENTERPRISES;37
Operands;SIDES;1
Operands;AVOIDS;2
Operands;CROSSBORDER;3
Operands;CREATED;1
Operands;DISCUSSION;5
Operands;REAL;2
Operands;GROSS;2
Operands;ONES;1
Operands;MODIFICATION;1
Operands;TRANSACTIONAL;1
Operands;176;1
Operands;APPLICATION;27
Operands;OBSTACLE;1
Operands;MERITS;3
Operands;RECOMMENDATION;6
Operands;CAREFUL;1
Operands;RISKS;4
Operands;LIMITATIONS;1
Operands;DEFINITION;3
Operands;CAPACITY;2
Operands;EXCESSIVELY;1
Operands;POINT;4
Operands;175;1
Operands;COMPETITIVE;1
Operands;MEMBER;36
Operands;INVOLVING;8
Operands;COMMITTEE;4
Operands;6;8
Operands;TAXABLE;14
Operands;HARBOUR;97
Operands;LEFT;1
Operands;CONCLUSIONS;5
Operands;DETERMINING;11
Operands;REGARD;8
Operands;DOMESTIC;50
Operands;ELEMENT;25
Operands;98;1
Operands;OBJECTIVE;7
Operands;90;1
Operands;HARSHER;1
Operands;ACHIEVE;2
Operands;DISADVANTAGE;2
Operands;150;1
Operands;LOSS;2
Operands;SHAREHOLDERS;1
Operands;SCOPE;9
Operands;RIGHTS;4
Operands;JUDICIAL;4
Operands;DISADVANTAGES;2
Operands;EARLY;11
Operands;CONSISTENTLY;4
Operands;REGARDS;1
Operands;CHOOSE;1
Operands;WIDELY;3
Operands;COORDINATE;1
Operands;SELLING;1
Operands;OPERATIONS;3
Operands;CONFIRMATION;1
Operands;CONTROLLED;30
Operands;PUBLICATION;2
Operands;IMPORTANCE;1
Operands;MATERIAL;1
Operands;LINES;1
Operands;UNFAIR;1
Operands;SCRUTINY;3
Operands;PEER;1
Operands;EXTENDED;2
Operands;DATE;4
Operands;INCENTIVES;1
Operands;DATA;14
Operands;CORRECT;7
Operands;REPORTS;2
Operands;FIT;1
Operands;PARAMETERS;7
Operands;CHOSEN;1
Operands;DEALING;2
Operands;SECURITIES;1
Operands;NATURE;10
Operands;FLOWS;1
Operands;PERIODICALLY;1
Operands;AMOUNT;18
Operands;133;1
Operands;REACHED;7
Operands;LOANS;2
Operands;INTERACTION;1
Operands;NECESSARY;14
Operands;CREATING;2
Operands;FORM;13
Operands;CARRYING;2
Operands;STUDY;1
Operands;GUIDELINES;18
Operands;PARTS;1
Operands;OCCURRED;1
Operands;INTENTION;2
Operands;EXAMINED;2
Operands;CORRECTLY;1
Operands;PRICES;21
Operands;FOUND;6
Operands;HAND;5
Operands;ALREADY;4
Operands;ELECT;3
Operands;PUBLICLY;1
Operands;SALES;1
Operands;ESTABLISHING;3
Operands;INSTANCES;1
Operands;COMPLEXITY;7
Operands;PRODUCE;3
Operands;PERIODS;3
Operands;EXCHANGES;6
Operands;CONTRIBUTION;2
Operands;GEOGRAPHIC;1
Operands;FILING;3
Operands;REFUND;2
Operands;UNCONTROLLED;4
Operands;TRANSACTION;20
Operands;ATTEMPT;2
Operands;UNILATERAL;24
Operands;TAXING;2
Operands;BELIEVE;2
Operands;CERTAINTY;14
Operands;ENTER;5
Operands;SPENT;1
Operands;ENTITY;1
Operands;ALLOCATION;9
Operands;128;1
Operands;APPROACHES;6
Operands;PRACTICES;28
Operands;LIMIT;24
Operands;136;1
Operands;135;1
Operands;ROUTINE;1
Operands;USUALLY;4
Operands;JUSTIFIED;3
Operands;SUFFER;1
Operands;TRUE;2
Operands;KNOWN;2
Operands;AVAILABLE;16
Operands;25;41
Operands;26;6
Operands;20;1
Operands;21;2
Operands;22;2
Operands;23;5
Operands;UNCERTAINTY;1
Operands;29;2
Operands;LONG;4
Operands;130;1
Operands;TECHNICAL;1
Operands;NAMES;1
Operands;INSUFFICIENT;1
Operands;PERCENTAGE;4
Operands;2016;1
Operands;CONDITIONS;28
Operands;TAXATION;71
Operands;EXEMPTION;3
Operands;COUNCIL;2
Operands;PROPOSED;6
Operands;INDEPENDENT;3
Operands;AMOUNTS;1
Operands;BROAD;2
Operands;AVOID;17
Operands;COMPANIES;4
Operands;COLLECTION;11
Operands;PUBLIC;4
Operands;HIGH;5
Operands;POLICY;2
Operands;RETURNS;4
Operands;BASE;7
Operands;MECHANISM;4
Operands;BURDEN;39
Operands;BECOME;3
Operands;ISSUE;15
Operands;MATCHING;1
Operands;CLAIM;1
Operands;CONDUCTING;5
Operands;METHODS;2
Operands;ARBITRARINESS;1
Operands;CRITERIA;4
Operands;WISH;3
Operands;OBJECTIVES;5
Operands;CLASSIFIED;1
Operands;IMPLICATIONS;4
Operands;ORDINARILY;3
Operands;INTERPRETED;2
Operands;REGULATIONS;1
Operands;CLARIFY;3
Operands;REGULAR;3
Operands;EXIST;7
Operands;PRICING;196
Operands;SIGNIFICANT;12
Operands;ADDRESS;4
Operands;PROGRESS;4
Operands;CONSIDERS;4
Operands;DECIDING;1
Operands;SCALE;1
Operands;BASED;19
Operands;179;1
Operands;BUSINESS;9
Operands;EXPLANATION;2
Operands;COUNTRY;71
Operands;CONCERNED;7
Operands;SOMETIMES;1
Operands;REDUCE;10
Operands;PRINCIPLES;2
Operands;SAFEGUARDS;3
Operands;177;2
Operands;89;1
Operands;ACTIONS;2
Operands;CONTEXT;10
Operands;AFFECT;5
Operands;EXAMINES;1
Operands;INDIRECT;1
Operands;86;1
Operands;FINAL;2
Operands;RELATIVELY;2
Operands;OBTAINED;6
Operands;BEGIN;2
Operands;BURDENS;5
Operands;LONGER;3
Operands;DEVELOPING;3
Operands;PROFIT;11
Operands;ACCURACY;2
Operands;REPORTING;8
Operands;FLOW;3
Operands;AUDITED;1
Operands;CAUSES;1
Operands;7;6
Operands;CONSIDERATION;5
Operands;SPECIAL;4
Operands;ARTICULATED;1
Operands;END;2
Operands;137;1
Operands;G;2
Operands;DOCUMENTATION;14
Operands;MAINLY;2
Operands;POSSIBLE;35
Operands;PARTICIPATING;4
Operands;POSSIBLY;3
Operands;RANGE;4
Operands;DETAILS;2
Operands;CONTROVERSY;1
Operands;LEGALLY;4
Operands;APPROPRIATENESS;4
Operands;TIMELY;9
Operands;CONCENTRATED;1
Operands;WITHHOLDING;7
Operands;ASPECTS;10
Operands;LEAD;6
Operands;EXCEPTIONAL;1
Operands;AGREEMENT;180
Operands;STRICT;2
Operands;CONTINUE;3
Operands;TIME;65
Operands;CONFLICTS;1
Operands;AREAS;7
Operands;EARNING;1
Operands;BEARING;1
Operands;DESCRIBED;8
Operands;WORKING;3
Operands;CHARACTERISATION;1
Operands;SECTION;15
Operands;PRACTICAL;5
Operands;MULTILATERAL;20
Operands;DESCRIBES;2
Operands;POTENTIALLY;8
Operands;TREATMENT;9
Operands;DECIDE;2
Operands;APPROPRIATELY;1
Operands;SMALL;6
Operands;FREQUENTLY;5
Operands;JULY;2
Operands;STRONG;1
Operands;ESTABLISHMENT;2
Operands;FORMER;2
Operands;171;1
Operands;170;1
Operands;DIRECTED;4
Operands;EASILY;1
Operands;AREA;5
Operands;REASONS;2
Operands;LIKELIHOOD;1
Operands;WORK;10
Operands;TRADE;6
Operands;CONCERNS;22
Operands;INDUSTRY;8
Operands;PERMISSIBLE;1
Operands;IMPLEMENTED;3
Operands;PRESENT;13
Operands;HIGHER;5
Operands;AFFAIRS;6
Operands;RAISED;6
Operands;DIVIDENDS;1
Operands;CENTRAL;1
Operands;SUCCESS;1
Operands;PURSUANT;11
Operands;ACCURATE;1
Operands;JURISDICTIONS;26
Operands;DUE;5
Operands;REPORTED;5
Operands;UNDERLYING;3
Operands;DIFFICULTY;1
Operands;MANNER;8
Operands;LIBOR;2
Operands;PRINCIPALLY;1
Operands;DEMONSTRATE;3
Operands;FOREIGN;10
Operands;CARE;9
Operands;11;5
Operands;10;9
Operands;13;4
Operands;12;6
Operands;15;4
Operands;14;30
Operands;17;4
Operands;HELD;1
Operands;19;2
Operands;18;2
Operands;REVISED;2
Operands;NORMALLY;1
Operands;BREAK;1
Operands;MATTER;6
Operands;EXAMINE;3
Operands;TRADING;4
Operands;RULING;2
Operands;DETERMINATIONS;1
Operands;PARTIES;9
Operands;DESIGN;1
Operands;ADEQUATE;4
Operands;CONSULT;4
Operands;READILY;3
Operands;EUROPE;1
Operands;PROCESSES;2
Operands;STATEMENTS;3
Operands;NEGLIGENCE;4
Operands;DEGREE;5
Operands;BASIS;25
Operands;SHIFT;4
Operands;CREATION;1
Operands;EXCEED;1
Operands;STATES;22
Operands;UNDESIRABLE;1
Operands;BASIC;2
Operands;103;1
Operands;ANTIABUSE;2
Operands;ARISING;7
Operands;GROUNDS;1
Operands;IMPACT;4
Operands;CONFIDENTIALITY;2
Operands;THREEYEAR;4
Operands;RELIABLE;1
Operands;EXPLAINED;1
Operands;ADMINISTRATION;85
Operands;PRIVATE;4
Operands;UNDERSTANDING;6
Operands;MITIGATED;2
Operands;PARTICIPATION;4
Operands;QUESTIONS;4
Operands;AFFECTS;1
Operands;AGGREGATE;1
Operands;TRANSFERS;1
Operands;SPLIT;3
Operands;DESCRIPTION;1
Operands;ORIGINAL;4
Operands;200;1
Operands;VERY;5
Operands;JURISDICTION;30
Operands;ARGUMENT;3
Operands;LEGAL;10
Operands;77;1
Operands;76;1
Operands;75;1
Operands;73;1
Operands;INCONSISTENT;7
Operands;71;1
Operands;RECOMMEND;2
Operands;EXTENSIVE;1
Operands;FIXED;5
Operands;POOL;1
Operands;78;1
Operands;UNDERPAYMENT;1
Operands;RIGHT;10
Operands;CONSIDERED;13
Operands;SIMPLIFICATION;3
Operands;ENGAGED;2
Operands;FACE;1
Operands;DEFINED;5
Operands;ROLE;4
Operands;PARTNERS;6
Operands;REQUESTS;8
Operands;DECISIONS;5
Operands;ORIGINALLY;2
Operands;FACT;9
Operands;DISCLOSED;1
Operands;COLLECTING;1
Operands;HIGHLY;2
Operands;ENABLE;4
Operands;MINORITY;1
Operands;ACHIEVED;1
Operands;PAY;5
Operands;LACK;5
Operands;ABSENCE;5
Operands;FUNCTIONS;3
Operands;TAXPAYERS;154
Operands;LIKELY;9
Operands;EXTENT;5
Operands;WIDE;1
Operands;ACCRUED;3
Operands;CHANGING;1
Operands;53;1
Operands;BEST;11
Operands;EXPENSE;1
Operands;FRAMEWORK;7
Operands;PENALTIES;31
Operands;BINDING;11
Operands;VALID;2
Operands;INVOLVE;12
Operands;REMAIN;5
Operands;IMPORTANT;5
Operands;WITHDRAWAL;1
Operands;DISCUSSIONS;12
Operands;8;5
Operands;ADMINISTRATIVE;31
Operands;METHOD;12
Operands;68;1
Operands;RELIEF;17
Operands;ACTIVITIES;5
Operands;REVIEW;3
Operands;RISK;17
Operands;INCURRED;1
Operands;LEVEL;8
Operands;RISE;3
Operands;UNLIKELY;2
Operands;OPERATES;1
Operands;120;1
Operands;METHODOLOGY;18
Operands;123;1
Operands;125;1
Operands;GUIDING;2
Operands;127;1
Operands;EXCHANGING;2
Operands;DEBT;1
Operands;TARGET;3
Operands;CHALLENGES;1
Operands;ACTUAL;11
Operands;132;1
Operands;CORPORATE;1
Operands;ELIGIBLE;9
Operands;EXPERIENCE;9
Operands;REFLECT;3
Operands;JOINT;1
Operands;PROPERLY;2
Operands;POLICIES;2
Operands;INCOME;31
Operands;SHARED;2
Operands;COMMODITY;1
Operands;ENSURES;2
Operands;GROUP;18
Operands;HELP;6
Operands;CONCEPT;4
Operands;COST;4
Operands;LIGHT;2
Operands;NOTES;4
Operands;INITIAL;2
Operands;MECHANISMS;5
Operands;TRANSFERRED;3
Operands;SOLUTION;1
Operands;LARGE;5
Operands;ARGUED;1
Operands;RATE;9
Operands;COMPLEX;19
Operands;OPTION;3
Operands;SUBMIT;4
Operands;AFFILIATES;1
Operands;OFFERING;3
Operands;FORMULA;2
Operands;PROCEDURES;35
Operands;NOTED;10
Operands;SEEKS;1
Operands;PAYING;1
Operands;SEARCH;1
Operands;138;1
Operands;RECONCILE;1
Operands;FAILURE;5
Operands;INTRODUCTION;3
Operands;MARKUP;2
Operands;POSSIBILITY;15
Operands;ALTER;1
Operands;LIABILITY;14
Operands;RECORDS;2
Operands;3;11
Operands;DIFFICULTIES;16
Operands;HISTORICAL;2
Operands;PARTICIPATE;4
Operands;CARRY;3
Operands;JUSTIFY;1
Operands;APPROACH;21
Operands;AGREED;9
Operands;GOVERNMENTS;3
Operands;24;3
Operands;EXAMINATIONS;36
Operands;KEY;2
Operands;PRESENTED;8
Operands;MNES;3
Operands;RELY;3
Operands;ACCURATELY;1
Operands;PRIOR;2
Operands;REASON;1
Operands;DISPUTES;19
Operands;IMPEDE;1
Operands;ADAPT;1
Operands;PUBLISHED;7
Operands;CONSISTENCY;2
Operands;INPUT;1
Operands;DISPUTE;5
Operands;INTERESTS;4
Operands;PROVIDED;21
Operands;COMMUNITY;1
Operands;FINANCIAL;2
Operands;VERSION;1
Operands;SITUATIONS;6
Operands;OBTAINING;4
Operands;ATTRIBUTED;2
Operands;DISINCENTIVES;2
Operands;SUPPLEMENTARY;1
Operands;PARAGRAPH;59
Operands;COMPLICATED;1
Operands;PURPOSE;7
Operands;PROVIDES;15
Operands;COMPETING;1
Operands;PARTNER;7
Operands;IMPROVE;2
Operands;RESULT;27
Operands;RESOLVED;6
Operands;ASSOCIATED;57
Operands;SHORTTERM;1
Operands;PERHAPS;3
Operands;GLOBAL;4
Operands;COMMERCIAL;1
Operands;153;1
Operands;60;1
Operands;61;1
Operands;62;3
Operands;ARRANGEMENTS;21
Operands;ELIMINATE;7
Operands;66;1
Operands;67;1
Operands;COLLECTED;3
Operands;SUBSIDIARY;5
Operands;251;1
Operands;SECTORS;1
Operands;RECENT;1
Operands;CUMBERSOME;1
Operands;RESORT;1
Operands;ABILITY;3
Operands;UNIFORMITY;5
Operands;TRADEOFF;3
Operands;CHARACTERISTICS;1
Operands;156;1
Operands;ACCRUAL;3
Operands;CASH;3
Operands;PROFILES;6
Operands;AGREE;9
Operands;BETTER;7
Operands;159;1
Operands;RECOGNISING;2
Operands;ARRIVE;1
Operands;CATEGORY;7
Operands;FAIR;5
Operands;EXCHANGE;16
Operands;MERELY;1
Operands;PROFITABILITY;1
Operands;FREE;2
Operands;STANDARD;26
Operands;STATE;17
Operands;168;1
Operands;169;1
Operands;WAY;9
Operands;FAIRNESS;1
Operands;FAIL;1
Operands;165;1
Operands;166;1
Operands;PROVIDING;16
Operands;160;1
Operands;EXAMPLE;32
Operands;162;1
Operands;163;1
Operands;BRANCH;1
Operands;MAJOR;3
Operands;FOCUSES;1
Operands;INTERCOMPANY;1
Operands;OPPORTUNITY;7
Operands;MANUAL;2
Operands;RESULTS;12
Operands;IGNORE;1
Operands;OECD;62
Operands;BURDENSOME;1
Operands;INTERNAL;2
Operands;FOCUSED;1
Operands;PERSPECTIVE;2
Operands;MEMBERS;1
Operands;NETWORK;1
Operands;RESULTING;7
Operands;TYPE;3
Operands;EVENT;3
Operands;CONTRAST;2
Operands;TURNOVER;1
Operands;SUGGESTED;6
Operands;PRESUMPTION;2
Operands;ACQUIRE;1
Operands;OUTCOMES;1
Operands;ACQUIRED;1
Operands;VARY;3
Operands;SIMPLIFIED;3
Operands;LOW;4
Operands;PARTICULAR;26
Operands;SITUATION;2
Operands;TYPICALLY;4
Operands;DIFFICULT;16
Operands;TERM;2
Operands;OWN;16
Operands;BENEFITS;10
Operands;OBLIGATIONS;6
Operands;MARKETS;4
Operands;CREATE;3
Operands;INFORMED;5
Operands;INFORM;3
Operands;INTERESTED;5
Operands;PAYMENTS;4
Operands;INTEREST;32
Operands;ARISE;17
Operands;9;16
Operands;ASSESSMENT;6
Operands;CONFLICT;2
Operands;172;1
Operands;CARRIED;1
Operands;ACHIEVES;1
Operands;INAPPROPRIATE;4
Operands;PERFORMANCE;1
Operands;ACCEPTABLE;6
Operands;EFFECT;3
Operands;CAPITAL;1
Operands;COORDINATION;1
Operands;FASTER;1
Operands;FISCAL;6
Operands;SAMPLE;2
Operands;REVENUES;4
Operands;TRANSFER;182
Operands;ATTENTION;3
Operands;FOCUS;3
Operands;YEARS;14
Operands;ACCESS;18
Operands;INSTRUMENT;1
Operands;CONSULTATION;5
Operands;OPERATING;1
Operands;SUBSEQUENT;4
Operands;COMMENTARY;16
Operands;MODIFY;3
Operands;COMPLETED;2
Operands;CONCLUSION;4
Operands;PRESERVE;1
Operands;DETAILED;5
Operands;EARLIER;3
Operands;DEAL;2
Operands;ACT;1
Operands;REACH;19
Operands;LEGISLATION;5
Operands;EXPRESSED;6
Operands;REVIEWED;1
Operands;SIMPLIFY;1
Operands;STEPS;3
Operands;OPPOSED;1
Operands;PARTY;5
Operands;PROPER;3
Operands;ORDER;15
Operands;173;1
Operands;RECEIVING;3
Operands;TERMS;9
Operands;GAINS;1
Operands;BEPS;14
Operands;SPECIFIC;21
Operands;TURN;1
Operands;RELIABILITY;8
Operands;4;2
Operands;DEMONSTRATING;2
Operands;FACTS;28
Operands;31;1
Operands;SECTIONS;2
Operands;HISTORICALLY;1
Operands;TYPES;6
Operands;SHOWN;1
Operands;HARD;1
Operands;PROVISIONS;28
Operands;PROVE;1
Operands;PROVIDE;37
Operands;139;1
Operands;CLEAR;5
Operands;SAFE;147
Operands;REQUEST;17
Operands;PENALTY;19
Operands;PLANNING;6
Operands;SUPPORTING;2
Operands;DESIGNED;9
Operands;YEAR;16
Operands;INTERNATIONAL;12
Operands;CONDUCTED;2
Operands;BALANCE;6
Operands;EROSION;4
Operands;RESOURCES;19
Operands;CHALLENGING;1
Operands;161;1
Operands;LIMITED;9
Operands;EXPERIENCED;3
Operands;59;1
Operands;58;1
Operands;SENSITIVE;1
Operands;55;1
Operands;RESOLUTION;25
Operands;57;1
Operands;51;1
Operands;MEASURE;2
Operands;AUTHORITY;27
Operands;52;1
Operands;LATE;2
Operands;CREDIT;6
Operands;LENGTH;70
Operands;63;1
Operands;AUTHORITIES;61
Operands;IDENTIFY;3
Operands;MAIN;1
Operands;DECISION;9
Operands;65;1
Operands;ADVANCE;18
Operands;REPATRIATION;12
Operands;ATTACHED;1
Operands;SUPPORT;1
Operands;PRACTICE;19
Operands;DISCUSSED;11
Operands;FAVOURABLY;1
Operands;ACCEPT;8
Operands;AUDITORS;1
Operands;ADMINISTER;2
Operands;252;1
Operands;117;1
Operands;PRINCIPLE;39
Operands;113;1
Operands;69;3
Operands;REPORT;13
Operands;DISCUSSES;4
Operands;FIND;3
Operands;DIVERGENT;2
Operands;DUPLICATION;1
Operands;LANGUAGE;2
Operands;MATTERS;6
Operands;SETTLEMENTS;3
Operands;VOLATILE;1
Operands;SUGGESTS;1
Operands;COMMENCE;1
Operands;FUTURE;6
Operands;PERFORMED;4
Operands;CONVENTION;40
Operands;MNE;17
Operands;STAGE;8
Operands;INFORMATION;60
Operands;FRAUD;5
Operands;TRANSPARENCY;1
Operands;PARENT;7
Operands;ENTERPRISE;21
Operands;ENCOURAGE;2
Operands;FUNCTIONAL;1
Operands;RULINGS;4
Operands;ARRANGEMENT;16
Operands;ADVERSE;1
Operands;COMPETITORS;1
Operands;ACCOUNTED;1
Operands;PLACE;6
Operands;BEAR;1
Operands;RELIEVE;1
Operands;FOLLOW;4
Operands;167;1
Operands;INCLUDE;19
Operands;GUIDE;2
Operands;SIZE;4
Operands;TAXPAYER;120
Operands;REVENUE;6
Operands;DEVELOPED;3
Operands;ADJUSTMENTS;56
Operands;OCCUR;5
Operands;EFFECTIVELY;2
Operands;CONTROLLING;1
Operands;INCORPORATED;1
Operands;SENSE;1
Operands;72;1
Operands;ACCOUNT;20
Operands;HELPFUL;1
Operands;SERVICE;1
Operands;DEFAULT;1
Operands;ROUTE;1
Operands;70;1
Operands;PROBLEMS;21
Operands;PURPOSES;13
Operands;OPPORTUNITIES;6
Operands;PREPARED;8
Operands;TWICE;2
Operands;PERMANENT;3
Operands;RATES;2
Operands;ALLEVIATE;4
Operands;DISTORTIONS;3
Operands;NEW;2
Operands;AVOIDANCE;6
Operands;OPEN;3
Operands;ISSUES;63
Operands;INDUSTRIES;1
Operands;PROTECT;1
Operands;EVASION;1
Operands;CALCULATION;1
Operands;EASE;1
Operands;ESTABLISHMENTS;2
Operands;UNABLE;7
Operands;PRIMARILY;2
Operands;CORPORATION;1
Operands;LOAN;6
Operands;CLOSE;3
Operands;ADMINISTRATIONS;102
Operands;CONTRIBUTIONS;3
Operands;CHALLENGE;1
Operands;AGAIN;1
Operands;DRAW;1
Operands;COUNTRIES;120
Operands;RECEIVE;1
Operands;ASSIST;4
Operands;COVERAGE;1
Operands;EXCLUSIVELY;1
Operands;CHOICE;2
Operands;ADVANTAGES;1
Operands;EXPECTED;6
Operands;COSTS;3
Operands;PAID;6
Operands;STATEMENT;1
Operands;PROBLEM;4
Operands;TERRITORY;1
Operands;SIGNIFICANTLY;6
Operands;BOOKED;1
Operands;FAR;6
Operands;WAYS;2
Operands;ABLE;12
Operands;LOSSES;1
Operands;ANALYSIS;4
Operands;MET;5
Operands;OWNERSHIP;1
Operands;BROADER;1
Operands;SUBSTANTIALLY;1
Operands;USING;3
Operands;ECONOMICALLY;1
Operands;110;1
Operands;151;1
Operands;DISCLOSURE;4
Operands;USE;40
Operands;152;1
Operands;155;1
Operands;157;1
Operands;SIMPLICITY;4
Operands;EFFICIENT;2
Operands;158;1
Operands;QUESTION;5
Operands;NUMBER;11
Operands;EVIDENCE;3
Operands;BENEFIT;7
Operands;ANNUAL;2
Operands;EXAMINATION;59
Operands;DIRECTLY;9
Operands;83;1
Operands;ARGUE;1
Operands;SEEK;9
Operands;80;1
Operands;CHANGE;3
Operands;REGIMES;4
Operands;JUSTIFICATION;1
Operands;EXCESSIVE;3
Operands;OFTEN;19
Operands;RULES;37
Operands;PAYABLE;4
Operands;REASONABLY;1
Operands;PRESENCE;1
Operands;WELL;8
Operands;87;1
Operands;SUCCESSFUL;1
Operands;5;17
Operands;REASONABLE;9
Operands;EQUITY;5
Operands;OVERRIDE;3
Operands;UNDERTAKEN;7
Operands;OPERATION;2
Operands;85;1
Operands;FACILITATE;9
Operands;CYCLE;1
Operands;SHOW;3
Operands;SUGGEST;1
Operands;SUFFICIENT;2
Operands;LIABILITIES;1
Operands;VALUE;1
Operands;SUBSTANTIVE;1
Operands;TRADITIONAL;4
Operands;REMEDY;1
Operands;POTENTIAL;14
Operands;SIMPLIFYING;1
Operands;PLAN;7
Operands;TIMING;2
Operands;DIVIDEND;15
Operands;EXPENSES;1
Operands;ESSENTIAL;3
Operands;PROFITS;23
Operands;DEVELOPMENT;3
Operands;BROADLY;1
Operands;PRICE;25
Operands;CONVENTIONAL;2
Operands;SYSTEM;18
Operands;PLATFORM;1
Operands;ADMINISTERED;1
Operands;2008;3
Operands;SIMPLER;1
Operands;126;1
Operands;MAINTAINING;1
Operands;PRINCIPAL;1
